{
    "10": {
        "precision": 0.37894736842105264,
        "recall": 0.4444444444444444,
        "f1-score": 0.4090909090909091,
        "support": 81.0
    },
    "11": {
        "precision": 0.0,
        "recall": 0.0,
        "f1-score": 0.0,
        "support": 81.0
    },
    "12": {
        "precision": 0.6868686868686869,
        "recall": 0.8395061728395061,
        "f1-score": 0.7555555555555555,
        "support": 81.0
    },
    "13": {
        "precision": 0.14285714285714285,
        "recall": 0.024691358024691357,
        "f1-score": 0.042105263157894736,
        "support": 81.0
    },
    "14": {
        "precision": 0.058823529411764705,
        "recall": 0.037037037037037035,
        "f1-score": 0.045454545454545456,
        "support": 81.0
    },
    "15": {
        "precision": 0.10576923076923077,
        "recall": 0.13580246913580246,
        "f1-score": 0.11891891891891893,
        "support": 81.0
    },
    "16": {
        "precision": 0.4021164021164021,
        "recall": 0.9382716049382716,
        "f1-score": 0.562962962962963,
        "support": 81.0
    },
    "17": {
        "precision": 0.5945945945945946,
        "recall": 0.5432098765432098,
        "f1-score": 0.567741935483871,
        "support": 81.0
    },
    "18": {
        "precision": 0.8214285714285714,
        "recall": 0.2839506172839506,
        "f1-score": 0.42201834862385323,
        "support": 81.0
    },
    "micro avg": {
        "precision": 0.40214067278287463,
        "recall": 0.3607681755829904,
        "f1-score": 0.38033261026753434,
        "support": 729.0
    },
    "macro avg": {
        "precision": 0.35460061405193843,
        "recall": 0.36076817558299035,
        "f1-score": 0.32487204880539017,
        "support": 729.0
    },
    "weighted avg": {
        "precision": 0.3546006140519385,
        "recall": 0.3607681755829904,
        "f1-score": 0.3248720488053901,
        "support": 729.0
    },
    "accuracy": 0.3607681755829904
}