{
    "1": {
        "precision": 1.0,
        "recall": 0.9753086419753086,
        "f1-score": 0.9875,
        "support": 81.0
    },
    "2": {
        "precision": 0.975,
        "recall": 0.9629629629629629,
        "f1-score": 0.968944099378882,
        "support": 81.0
    },
    "3": {
        "precision": 0.9871794871794872,
        "recall": 0.9506172839506173,
        "f1-score": 0.9685534591194969,
        "support": 81.0
    },
    "4": {
        "precision": 0.9166666666666666,
        "recall": 0.8148148148148148,
        "f1-score": 0.8627450980392157,
        "support": 81.0
    },
    "5": {
        "precision": 0.8192771084337349,
        "recall": 0.8395061728395061,
        "f1-score": 0.8292682926829268,
        "support": 81.0
    },
    "6": {
        "precision": 0.8026315789473685,
        "recall": 0.7530864197530864,
        "f1-score": 0.7770700636942676,
        "support": 81.0
    },
    "7": {
        "precision": 0.7466666666666667,
        "recall": 0.691358024691358,
        "f1-score": 0.717948717948718,
        "support": 81.0
    },
    "8": {
        "precision": 0.6956521739130435,
        "recall": 0.5925925925925926,
        "f1-score": 0.64,
        "support": 81.0
    },
    "9": {
        "precision": 0.5555555555555556,
        "recall": 0.43209876543209874,
        "f1-score": 0.4861111111111111,
        "support": 81.0
    },
    "micro avg": {
        "precision": 0.8414814814814815,
        "recall": 0.7791495198902606,
        "f1-score": 0.8091168091168092,
        "support": 729.0
    },
    "macro avg": {
        "precision": 0.8331810263736137,
        "recall": 0.7791495198902606,
        "f1-score": 0.804237871330513,
        "support": 729.0
    },
    "weighted avg": {
        "precision": 0.8331810263736137,
        "recall": 0.7791495198902606,
        "f1-score": 0.8042378713305132,
        "support": 729.0
    },
    "accuracy": 0.7791495198902606
}