{
    "10": {
        "precision": 0.13218390804597702,
        "recall": 0.2839506172839506,
        "f1-score": 0.1803921568627451,
        "support": 81.0
    },
    "11": {
        "precision": 0.0,
        "recall": 0.0,
        "f1-score": 0.0,
        "support": 81.0
    },
    "12": {
        "precision": 0.17687074829931973,
        "recall": 0.32098765432098764,
        "f1-score": 0.22807017543859648,
        "support": 81.0
    },
    "13": {
        "precision": 0.14285714285714285,
        "recall": 0.012345679012345678,
        "f1-score": 0.022727272727272728,
        "support": 81.0
    },
    "14": {
        "precision": 0.0,
        "recall": 0.0,
        "f1-score": 0.0,
        "support": 81.0
    },
    "15": {
        "precision": 0.22968197879858657,
        "recall": 0.8024691358024691,
        "f1-score": 0.35714285714285715,
        "support": 81.0
    },
    "16": {
        "precision": 0.0,
        "recall": 0.0,
        "f1-score": 0.0,
        "support": 81.0
    },
    "17": {
        "precision": 0.0,
        "recall": 0.0,
        "f1-score": 0.0,
        "support": 81.0
    },
    "18": {
        "precision": 0.0,
        "recall": 0.0,
        "f1-score": 0.0,
        "support": 81.0
    },
    "micro avg": {
        "precision": 0.18821603927986907,
        "recall": 0.15775034293552812,
        "f1-score": 0.17164179104477612,
        "support": 729.0
    },
    "macro avg": {
        "precision": 0.07573264200011402,
        "recall": 0.15775034293552814,
        "f1-score": 0.08759249579683015,
        "support": 729.0
    },
    "weighted avg": {
        "precision": 0.07573264200011401,
        "recall": 0.15775034293552812,
        "f1-score": 0.08759249579683016,
        "support": 729.0
    },
    "accuracy": 0.15775034293552812
}