{
    "10": {
        "precision": 0.9876543209876543,
        "recall": 0.9876543209876543,
        "f1-score": 0.9876543209876543,
        "support": 81.0
    },
    "11": {
        "precision": 1.0,
        "recall": 0.9753086419753086,
        "f1-score": 0.9875,
        "support": 81.0
    },
    "12": {
        "precision": 0.9876543209876543,
        "recall": 0.9876543209876543,
        "f1-score": 0.9876543209876543,
        "support": 81.0
    },
    "13": {
        "precision": 0.9876543209876543,
        "recall": 0.9876543209876543,
        "f1-score": 0.9876543209876543,
        "support": 81.0
    },
    "14": {
        "precision": 0.9875,
        "recall": 0.9753086419753086,
        "f1-score": 0.9813664596273292,
        "support": 81.0
    },
    "15": {
        "precision": 0.9871794871794872,
        "recall": 0.9506172839506173,
        "f1-score": 0.9685534591194969,
        "support": 81.0
    },
    "16": {
        "precision": 0.9506172839506173,
        "recall": 0.9506172839506173,
        "f1-score": 0.9506172839506173,
        "support": 81.0
    },
    "17": {
        "precision": 0.9390243902439024,
        "recall": 0.9506172839506173,
        "f1-score": 0.9447852760736196,
        "support": 81.0
    },
    "18": {
        "precision": 0.9615384615384616,
        "recall": 0.9259259259259259,
        "f1-score": 0.9433962264150944,
        "support": 81.0
    },
    "micro avg": {
        "precision": 0.9764216366158114,
        "recall": 0.9657064471879286,
        "f1-score": 0.9710344827586207,
        "support": 729.0
    },
    "macro avg": {
        "precision": 0.9765358428750479,
        "recall": 0.9657064471879286,
        "f1-score": 0.9710201853499023,
        "support": 729.0
    },
    "weighted avg": {
        "precision": 0.9765358428750479,
        "recall": 0.9657064471879286,
        "f1-score": 0.9710201853499024,
        "support": 729.0
    },
    "accuracy": 0.9657064471879286
}