{
    "1": {
        "precision": 0.9906028368794326,
        "recall": 0.9996421542315262,
        "f1-score": 0.9951019681182652,
        "support": 5589.0
    },
    "2": {
        "precision": 0.8555056527799287,
        "recall": 0.9883700125246019,
        "f1-score": 0.9171509214677072,
        "support": 5589.0
    },
    "3": {
        "precision": 0.821957385337667,
        "recall": 0.814456969046341,
        "f1-score": 0.8181899883167071,
        "support": 5589.0
    },
    "4": {
        "precision": 0.711064862989941,
        "recall": 0.733583825371265,
        "f1-score": 0.722148833113166,
        "support": 5589.0
    },
    "5": {
        "precision": 0.471044285210854,
        "recall": 0.7174807657899446,
        "f1-score": 0.5687136576372146,
        "support": 5589.0
    },
    "6": {
        "precision": 0.3405629903091832,
        "recall": 0.3961352657004831,
        "f1-score": 0.36625310173697273,
        "support": 5589.0
    },
    "7": {
        "precision": 0.3666156202143951,
        "recall": 0.214170692431562,
        "f1-score": 0.2703862660944206,
        "support": 5589.0
    },
    "8": {
        "precision": 0.4695977549111319,
        "recall": 0.17963857577384149,
        "f1-score": 0.259867995341012,
        "support": 5589.0
    },
    "9": {
        "precision": 0.0,
        "recall": 0.0,
        "f1-score": 0.0,
        "support": 5589.0
    },
    "micro avg": {
        "precision": 0.6432825943084051,
        "recall": 0.5603864734299517,
        "f1-score": 0.5989800254993625,
        "support": 50301.0
    },
    "macro avg": {
        "precision": 0.5585501542925038,
        "recall": 0.5603864734299517,
        "f1-score": 0.5464236368694961,
        "support": 50301.0
    },
    "weighted avg": {
        "precision": 0.5585501542925037,
        "recall": 0.5603864734299517,
        "f1-score": 0.5464236368694961,
        "support": 50301.0
    },
    "accuracy": 0.5603864734299517
}