{
    "1": {
        "precision": 1.0,
        "recall": 1.0,
        "f1-score": 1.0,
        "support": 81.0
    },
    "2": {
        "precision": 1.0,
        "recall": 1.0,
        "f1-score": 1.0,
        "support": 81.0
    },
    "3": {
        "precision": 1.0,
        "recall": 1.0,
        "f1-score": 1.0,
        "support": 81.0
    },
    "4": {
        "precision": 1.0,
        "recall": 1.0,
        "f1-score": 1.0,
        "support": 81.0
    },
    "5": {
        "precision": 0.8804347826086957,
        "recall": 1.0,
        "f1-score": 0.9364161849710982,
        "support": 81.0
    },
    "6": {
        "precision": 0.7974683544303798,
        "recall": 0.7777777777777778,
        "f1-score": 0.7875,
        "support": 81.0
    },
    "7": {
        "precision": 0.7228915662650602,
        "recall": 0.7407407407407407,
        "f1-score": 0.7317073170731707,
        "support": 81.0
    },
    "8": {
        "precision": 0.6853932584269663,
        "recall": 0.7530864197530864,
        "f1-score": 0.7176470588235294,
        "support": 81.0
    },
    "9": {
        "precision": 0.9354838709677419,
        "recall": 0.7160493827160493,
        "f1-score": 0.8111888111888111,
        "support": 81.0
    },
    "accuracy": 0.887517146776406,
    "macro avg": {
        "precision": 0.8912968702998714,
        "recall": 0.8875171467764059,
        "f1-score": 0.8871621524507343,
        "support": 729.0
    },
    "weighted avg": {
        "precision": 0.8912968702998715,
        "recall": 0.887517146776406,
        "f1-score": 0.8871621524507345,
        "support": 729.0
    }
}