{
    "10": {
        "precision": 0.22549019607843138,
        "recall": 0.2839506172839506,
        "f1-score": 0.25136612021857924,
        "support": 81.0
    },
    "11": {
        "precision": 0.25,
        "recall": 0.012345679012345678,
        "f1-score": 0.023529411764705882,
        "support": 81.0
    },
    "12": {
        "precision": 0.7888888888888889,
        "recall": 0.8765432098765432,
        "f1-score": 0.8304093567251462,
        "support": 81.0
    },
    "13": {
        "precision": 0.8627450980392157,
        "recall": 0.5432098765432098,
        "f1-score": 0.6666666666666666,
        "support": 81.0
    },
    "14": {
        "precision": 0.4878048780487805,
        "recall": 0.24691358024691357,
        "f1-score": 0.32786885245901637,
        "support": 81.0
    },
    "15": {
        "precision": 0.528169014084507,
        "recall": 0.9259259259259259,
        "f1-score": 0.672645739910314,
        "support": 81.0
    },
    "16": {
        "precision": 0.0,
        "recall": 0.0,
        "f1-score": 0.0,
        "support": 81.0
    },
    "17": {
        "precision": 0.05,
        "recall": 0.012345679012345678,
        "f1-score": 0.019801980198019802,
        "support": 81.0
    },
    "18": {
        "precision": 0.0,
        "recall": 0.0,
        "f1-score": 0.0,
        "support": 81.0
    },
    "micro avg": {
        "precision": 0.5176211453744494,
        "recall": 0.3223593964334705,
        "f1-score": 0.3972950126796281,
        "support": 729.0
    },
    "macro avg": {
        "precision": 0.3547886750155359,
        "recall": 0.3223593964334705,
        "f1-score": 0.3102542364380498,
        "support": 729.0
    },
    "weighted avg": {
        "precision": 0.35478867501553596,
        "recall": 0.3223593964334705,
        "f1-score": 0.31025423643804984,
        "support": 729.0
    },
    "accuracy": 0.3223593964334705
}