{
    "1": {
        "precision": 1.0,
        "recall": 1.0,
        "f1-score": 1.0,
        "support": 81.0
    },
    "2": {
        "precision": 1.0,
        "recall": 1.0,
        "f1-score": 1.0,
        "support": 81.0
    },
    "3": {
        "precision": 0.9759036144578314,
        "recall": 1.0,
        "f1-score": 0.9878048780487805,
        "support": 81.0
    },
    "4": {
        "precision": 0.8977272727272727,
        "recall": 0.9753086419753086,
        "f1-score": 0.9349112426035503,
        "support": 81.0
    },
    "5": {
        "precision": 0.7659574468085106,
        "recall": 0.8888888888888888,
        "f1-score": 0.8228571428571428,
        "support": 81.0
    },
    "6": {
        "precision": 0.7605633802816901,
        "recall": 0.6666666666666666,
        "f1-score": 0.7105263157894737,
        "support": 81.0
    },
    "7": {
        "precision": 0.6629213483146067,
        "recall": 0.7283950617283951,
        "f1-score": 0.6941176470588235,
        "support": 81.0
    },
    "8": {
        "precision": 0.6091954022988506,
        "recall": 0.654320987654321,
        "f1-score": 0.6309523809523809,
        "support": 81.0
    },
    "9": {
        "precision": 0.8125,
        "recall": 0.32098765432098764,
        "f1-score": 0.46017699115044247,
        "support": 81.0
    },
    "micro avg": {
        "precision": 0.830028328611898,
        "recall": 0.803840877914952,
        "f1-score": 0.8167247386759582,
        "support": 729.0
    },
    "macro avg": {
        "precision": 0.8316409405431958,
        "recall": 0.803840877914952,
        "f1-score": 0.8045940664956215,
        "support": 729.0
    },
    "weighted avg": {
        "precision": 0.8316409405431957,
        "recall": 0.803840877914952,
        "f1-score": 0.8045940664956215,
        "support": 729.0
    },
    "accuracy": 0.803840877914952
}