{
    "1": {
        "precision": 1.0,
        "recall": 1.0,
        "f1-score": 1.0,
        "support": 81.0
    },
    "2": {
        "precision": 1.0,
        "recall": 1.0,
        "f1-score": 1.0,
        "support": 81.0
    },
    "3": {
        "precision": 1.0,
        "recall": 1.0,
        "f1-score": 1.0,
        "support": 81.0
    },
    "4": {
        "precision": 0.9759036144578314,
        "recall": 1.0,
        "f1-score": 0.9878048780487805,
        "support": 81.0
    },
    "5": {
        "precision": 0.8351648351648352,
        "recall": 0.9382716049382716,
        "f1-score": 0.8837209302325582,
        "support": 81.0
    },
    "6": {
        "precision": 0.691358024691358,
        "recall": 0.691358024691358,
        "f1-score": 0.691358024691358,
        "support": 81.0
    },
    "7": {
        "precision": 0.5666666666666667,
        "recall": 0.6296296296296297,
        "f1-score": 0.5964912280701754,
        "support": 81.0
    },
    "8": {
        "precision": 0.5882352941176471,
        "recall": 0.6172839506172839,
        "f1-score": 0.6024096385542169,
        "support": 81.0
    },
    "9": {
        "precision": 0.9464285714285714,
        "recall": 0.654320987654321,
        "f1-score": 0.7737226277372263,
        "support": 81.0
    },
    "accuracy": 0.8367626886145405,
    "macro avg": {
        "precision": 0.844861889614101,
        "recall": 0.8367626886145404,
        "f1-score": 0.8372785919260349,
        "support": 729.0
    },
    "weighted avg": {
        "precision": 0.8448618896141011,
        "recall": 0.8367626886145405,
        "f1-score": 0.8372785919260349,
        "support": 729.0
    }
}