{
    "10": {
        "precision": 0.17314685314685316,
        "recall": 0.3184156378600823,
        "f1-score": 0.22431599927523102,
        "support": 1944.0
    },
    "11": {
        "precision": 0.0,
        "recall": 0.0,
        "f1-score": 0.0,
        "support": 1944.0
    },
    "12": {
        "precision": 0.2675574891236793,
        "recall": 0.44290123456790126,
        "f1-score": 0.33359163115071677,
        "support": 1944.0
    },
    "13": {
        "precision": 0.2084507042253521,
        "recall": 0.03806584362139918,
        "f1-score": 0.06437581557198782,
        "support": 1944.0
    },
    "14": {
        "precision": 0.4129032258064516,
        "recall": 0.06584362139917696,
        "f1-score": 0.11357586512866016,
        "support": 1944.0
    },
    "15": {
        "precision": 0.2669629123226799,
        "recall": 0.8034979423868313,
        "f1-score": 0.40076972418216805,
        "support": 1944.0
    },
    "16": {
        "precision": 1.0,
        "recall": 0.00051440329218107,
        "f1-score": 0.0010282776349614395,
        "support": 1944.0
    },
    "17": {
        "precision": 0.4476987447698745,
        "recall": 0.055041152263374485,
        "f1-score": 0.09803023362345396,
        "support": 1944.0
    },
    "18": {
        "precision": 0.2619047619047619,
        "recall": 0.00565843621399177,
        "f1-score": 0.011077542799597181,
        "support": 1944.0
    },
    "micro avg": {
        "precision": 0.2474431609153116,
        "recall": 0.1922153635116598,
        "f1-score": 0.21636053655869011,
        "support": 17496.0
    },
    "macro avg": {
        "precision": 0.3376249656999614,
        "recall": 0.1922153635116598,
        "f1-score": 0.13852945437408626,
        "support": 17496.0
    },
    "weighted avg": {
        "precision": 0.3376249656999613,
        "recall": 0.1922153635116598,
        "f1-score": 0.13852945437408626,
        "support": 17496.0
    },
    "accuracy": 0.1922153635116598
}