{
    "1": {
        "precision": 1.0,
        "recall": 1.0,
        "f1-score": 1.0,
        "support": 81.0
    },
    "2": {
        "precision": 0.6666666666666666,
        "recall": 1.0,
        "f1-score": 0.8,
        "support": 162.0
    },
    "3": {
        "precision": 0.4117647058823529,
        "recall": 0.6625514403292181,
        "f1-score": 0.5078864353312302,
        "support": 243.0
    },
    "4": {
        "precision": 0.2141119221411192,
        "recall": 0.2716049382716049,
        "f1-score": 0.23945578231292516,
        "support": 324.0
    },
    "5": {
        "precision": 0.14721723518850988,
        "recall": 0.20246913580246914,
        "f1-score": 0.1704781704781705,
        "support": 405.0
    },
    "6": {
        "precision": 0.03711340206185567,
        "recall": 0.037037037037037035,
        "f1-score": 0.037075180226570546,
        "support": 486.0
    },
    "7": {
        "precision": 0.13531799729364005,
        "recall": 0.1763668430335097,
        "f1-score": 0.15313935681470137,
        "support": 567.0
    },
    "8": {
        "precision": 0.012211668928086838,
        "recall": 0.013888888888888888,
        "f1-score": 0.012996389891696752,
        "support": 648.0
    },
    "9": {
        "precision": 1.0,
        "recall": 0.0013717421124828531,
        "f1-score": 0.0027397260273972603,
        "support": 729.0
    },
    "accuracy": 0.1925925925925926,
    "macro avg": {
        "precision": 0.4027115109069146,
        "recall": 0.3739211139416901,
        "f1-score": 0.324863449009188,
        "support": 3645.0
    },
    "weighted avg": {
        "precision": 0.3428613568964162,
        "recall": 0.1925925925925926,
        "f1-score": 0.16348730044619394,
        "support": 3645.0
    }
}