{
    "1": {
        "precision": 1.0,
        "recall": 1.0,
        "f1-score": 1.0,
        "support": 81.0
    },
    "2": {
        "precision": 0.6388888888888888,
        "recall": 0.9938271604938271,
        "f1-score": 0.7777777777777778,
        "support": 162.0
    },
    "3": {
        "precision": 0.4048913043478261,
        "recall": 0.6131687242798354,
        "f1-score": 0.4877250409165303,
        "support": 243.0
    },
    "4": {
        "precision": 0.2347417840375587,
        "recall": 0.30864197530864196,
        "f1-score": 0.26666666666666666,
        "support": 324.0
    },
    "5": {
        "precision": 0.13957597173144876,
        "recall": 0.19506172839506172,
        "f1-score": 0.1627188465499485,
        "support": 405.0
    },
    "6": {
        "precision": 0.013861386138613862,
        "recall": 0.01440329218106996,
        "f1-score": 0.014127144298688193,
        "support": 486.0
    },
    "7": {
        "precision": 0.09636871508379888,
        "recall": 0.12169312169312169,
        "f1-score": 0.10756040530007795,
        "support": 567.0
    },
    "8": {
        "precision": 0.0027359781121751026,
        "recall": 0.0030864197530864196,
        "f1-score": 0.0029006526468455403,
        "support": 648.0
    },
    "9": {
        "precision": 0.0,
        "recall": 0.0,
        "f1-score": 0.0,
        "support": 729.0
    },
    "accuracy": 0.17777777777777778,
    "macro avg": {
        "precision": 0.2812293364822567,
        "recall": 0.361098046900516,
        "f1-score": 0.3132751704618372,
        "support": 3645.0
    },
    "weighted avg": {
        "precision": 0.13130968517654246,
        "recall": 0.17777777777777778,
        "f1-score": 0.15021961115086654,
        "support": 3645.0
    }
}