{
    "1": {
        "precision": 1.0,
        "recall": 1.0,
        "f1-score": 1.0,
        "support": 81.0
    },
    "2": {
        "precision": 1.0,
        "recall": 1.0,
        "f1-score": 1.0,
        "support": 81.0
    },
    "3": {
        "precision": 0.9878048780487805,
        "recall": 1.0,
        "f1-score": 0.9938650306748467,
        "support": 81.0
    },
    "4": {
        "precision": 0.6611570247933884,
        "recall": 0.9876543209876543,
        "f1-score": 0.7920792079207921,
        "support": 81.0
    },
    "5": {
        "precision": 0.425531914893617,
        "recall": 0.49382716049382713,
        "f1-score": 0.45714285714285713,
        "support": 81.0
    },
    "6": {
        "precision": 0.3258426966292135,
        "recall": 0.35802469135802467,
        "f1-score": 0.3411764705882353,
        "support": 81.0
    },
    "7": {
        "precision": 0.2638888888888889,
        "recall": 0.2345679012345679,
        "f1-score": 0.24836601307189543,
        "support": 81.0
    },
    "8": {
        "precision": 0.2608695652173913,
        "recall": 0.2962962962962963,
        "f1-score": 0.2774566473988439,
        "support": 81.0
    },
    "9": {
        "precision": 0.875,
        "recall": 0.1728395061728395,
        "f1-score": 0.28865979381443296,
        "support": 81.0
    },
    "micro avg": {
        "precision": 0.6167582417582418,
        "recall": 0.6159122085048011,
        "f1-score": 0.6163349347975292,
        "support": 729.0
    },
    "macro avg": {
        "precision": 0.6444549964968088,
        "recall": 0.6159122085048011,
        "f1-score": 0.5998606689568782,
        "support": 729.0
    },
    "weighted avg": {
        "precision": 0.6444549964968088,
        "recall": 0.6159122085048011,
        "f1-score": 0.5998606689568782,
        "support": 729.0
    },
    "accuracy": 0.6159122085048011
}