{
    "10": {
        "precision": 0.21052631578947367,
        "recall": 0.4444444444444444,
        "f1-score": 0.2857142857142857,
        "support": 81.0
    },
    "11": {
        "precision": 0.0,
        "recall": 0.0,
        "f1-score": 0.0,
        "support": 81.0
    },
    "12": {
        "precision": 0.2426470588235294,
        "recall": 0.4074074074074074,
        "f1-score": 0.30414746543778803,
        "support": 81.0
    },
    "13": {
        "precision": 0.15384615384615385,
        "recall": 0.024691358024691357,
        "f1-score": 0.0425531914893617,
        "support": 81.0
    },
    "14": {
        "precision": 0.34615384615384615,
        "recall": 0.1111111111111111,
        "f1-score": 0.16822429906542055,
        "support": 81.0
    },
    "15": {
        "precision": 0.24789915966386555,
        "recall": 0.7283950617283951,
        "f1-score": 0.36990595611285265,
        "support": 81.0
    },
    "16": {
        "precision": 0.0,
        "recall": 0.0,
        "f1-score": 0.0,
        "support": 81.0
    },
    "17": {
        "precision": 0.0,
        "recall": 0.0,
        "f1-score": 0.0,
        "support": 81.0
    },
    "18": {
        "precision": 0.0,
        "recall": 0.0,
        "f1-score": 0.0,
        "support": 81.0
    },
    "micro avg": {
        "precision": 0.23440134907251264,
        "recall": 0.1906721536351166,
        "f1-score": 0.2102874432677761,
        "support": 729.0
    },
    "macro avg": {
        "precision": 0.13345250380854096,
        "recall": 0.19067215363511658,
        "f1-score": 0.13006057753552316,
        "support": 729.0
    },
    "weighted avg": {
        "precision": 0.13345250380854096,
        "recall": 0.1906721536351166,
        "f1-score": 0.13006057753552316,
        "support": 729.0
    },
    "accuracy": 0.1906721536351166
}