{
    "1": {
        "precision": 0.9994635193133047,
        "recall": 1.0,
        "f1-score": 0.9997316876844647,
        "support": 5589.0
    },
    "2": {
        "precision": 0.979484481851657,
        "recall": 0.9994632313472893,
        "f1-score": 0.9893730074388948,
        "support": 5589.0
    },
    "3": {
        "precision": 0.9566357754852247,
        "recall": 0.9788870996600465,
        "f1-score": 0.9676335337813937,
        "support": 5589.0
    },
    "4": {
        "precision": 0.9692870201096893,
        "recall": 0.9486491322240115,
        "f1-score": 0.9588570395153269,
        "support": 5589.0
    },
    "5": {
        "precision": 0.9531305903398927,
        "recall": 0.9533011272141707,
        "f1-score": 0.9532158511494767,
        "support": 5589.0
    },
    "6": {
        "precision": 0.9082976903336185,
        "recall": 0.9499015924136697,
        "f1-score": 0.9286338988980234,
        "support": 5589.0
    },
    "7": {
        "precision": 0.922735674676525,
        "recall": 0.8931830381105743,
        "f1-score": 0.9077188835348668,
        "support": 5589.0
    },
    "8": {
        "precision": 0.9135548917102315,
        "recall": 0.8754696725711218,
        "f1-score": 0.8941068981269986,
        "support": 5589.0
    },
    "9": {
        "precision": 0.9405270655270656,
        "recall": 0.9450706745392736,
        "f1-score": 0.942793395805444,
        "support": 5589.0
    },
    "accuracy": 0.9493250631200175,
    "macro avg": {
        "precision": 0.9492351899274678,
        "recall": 0.9493250631200174,
        "f1-score": 0.9491182439927655,
        "support": 50301.0
    },
    "weighted avg": {
        "precision": 0.9492351899274677,
        "recall": 0.9493250631200175,
        "f1-score": 0.9491182439927655,
        "support": 50301.0
    }
}