{
    "10": {
        "precision": 0.9294117647058824,
        "recall": 0.9753086419753086,
        "f1-score": 0.9518072289156626,
        "support": 81.0
    },
    "11": {
        "precision": 0.961038961038961,
        "recall": 0.9135802469135802,
        "f1-score": 0.9367088607594937,
        "support": 81.0
    },
    "12": {
        "precision": 0.8210526315789474,
        "recall": 0.9629629629629629,
        "f1-score": 0.8863636363636364,
        "support": 81.0
    },
    "13": {
        "precision": 0.6346153846153846,
        "recall": 0.8148148148148148,
        "f1-score": 0.7135135135135136,
        "support": 81.0
    },
    "14": {
        "precision": 0.573170731707317,
        "recall": 0.5802469135802469,
        "f1-score": 0.5766871165644172,
        "support": 81.0
    },
    "15": {
        "precision": 0.75,
        "recall": 0.6296296296296297,
        "f1-score": 0.6845637583892618,
        "support": 81.0
    },
    "16": {
        "precision": 0.7866666666666666,
        "recall": 0.7283950617283951,
        "f1-score": 0.7564102564102564,
        "support": 81.0
    },
    "17": {
        "precision": 0.8484848484848485,
        "recall": 0.691358024691358,
        "f1-score": 0.7619047619047619,
        "support": 81.0
    },
    "18": {
        "precision": 0.8823529411764706,
        "recall": 0.5555555555555556,
        "f1-score": 0.6818181818181818,
        "support": 81.0
    },
    "micro avg": {
        "precision": 0.7894736842105263,
        "recall": 0.7613168724279835,
        "f1-score": 0.7751396648044693,
        "support": 729.0
    },
    "macro avg": {
        "precision": 0.7985326588860531,
        "recall": 0.7613168724279835,
        "f1-score": 0.7721974794043539,
        "support": 729.0
    },
    "weighted avg": {
        "precision": 0.7985326588860532,
        "recall": 0.7613168724279835,
        "f1-score": 0.7721974794043539,
        "support": 729.0
    },
    "accuracy": 0.7613168724279835
}