{
    "1": {
        "precision": 0.9998209489704566,
        "recall": 0.9991053855788156,
        "f1-score": 0.9994630391981385,
        "support": 5589.0
    },
    "2": {
        "precision": 0.9109656301145663,
        "recall": 0.9958847736625515,
        "f1-score": 0.9515343191725788,
        "support": 5589.0
    },
    "3": {
        "precision": 0.8586324786324786,
        "recall": 0.8987296475219181,
        "f1-score": 0.8782236209458869,
        "support": 5589.0
    },
    "4": {
        "precision": 0.8033610533610533,
        "recall": 0.829665414206477,
        "f1-score": 0.8163013819206055,
        "support": 5589.0
    },
    "5": {
        "precision": 0.7645907473309609,
        "recall": 0.7688316335659331,
        "f1-score": 0.7667053260772594,
        "support": 5589.0
    },
    "6": {
        "precision": 0.7382442338637583,
        "recall": 0.7387725890141349,
        "f1-score": 0.738508316937936,
        "support": 5589.0
    },
    "7": {
        "precision": 0.6817943794728574,
        "recall": 0.6988727858293076,
        "f1-score": 0.6902279554691642,
        "support": 5589.0
    },
    "8": {
        "precision": 0.6719883889695211,
        "recall": 0.662730363213455,
        "f1-score": 0.6673272678137104,
        "support": 5589.0
    },
    "9": {
        "precision": 0.8698287220026351,
        "recall": 0.5906244408659868,
        "f1-score": 0.703537936913896,
        "support": 5589.0
    },
    "micro avg": {
        "precision": 0.8099705443247387,
        "recall": 0.7981352259398421,
        "f1-score": 0.8040093324121081,
        "support": 50301.0
    },
    "macro avg": {
        "precision": 0.8110251758575876,
        "recall": 0.7981352259398421,
        "f1-score": 0.8013143516054639,
        "support": 50301.0
    },
    "weighted avg": {
        "precision": 0.8110251758575875,
        "recall": 0.7981352259398421,
        "f1-score": 0.8013143516054638,
        "support": 50301.0
    },
    "accuracy": 0.7981352259398421
}