{
    "10": {
        "precision": 0.625,
        "recall": 0.7407407407407407,
        "f1-score": 0.6779661016949152,
        "support": 81.0
    },
    "11": {
        "precision": 0.0,
        "recall": 0.0,
        "f1-score": 0.0,
        "support": 81.0
    },
    "12": {
        "precision": 0.25120772946859904,
        "recall": 0.6419753086419753,
        "f1-score": 0.3611111111111111,
        "support": 81.0
    },
    "13": {
        "precision": 0.39759036144578314,
        "recall": 0.4074074074074074,
        "f1-score": 0.4024390243902439,
        "support": 81.0
    },
    "14": {
        "precision": 0.0,
        "recall": 0.0,
        "f1-score": 0.0,
        "support": 81.0
    },
    "15": {
        "precision": 0.25396825396825395,
        "recall": 0.19753086419753085,
        "f1-score": 0.2222222222222222,
        "support": 81.0
    },
    "16": {
        "precision": 0.26666666666666666,
        "recall": 0.09876543209876543,
        "f1-score": 0.14414414414414414,
        "support": 81.0
    },
    "17": {
        "precision": 0.25,
        "recall": 0.037037037037037035,
        "f1-score": 0.06451612903225806,
        "support": 81.0
    },
    "18": {
        "precision": 0.0,
        "recall": 0.0,
        "f1-score": 0.0,
        "support": 81.0
    },
    "micro avg": {
        "precision": 0.35030549898167007,
        "recall": 0.23593964334705075,
        "f1-score": 0.2819672131147541,
        "support": 729.0
    },
    "macro avg": {
        "precision": 0.22715922350547807,
        "recall": 0.23593964334705075,
        "f1-score": 0.20804430362165494,
        "support": 729.0
    },
    "weighted avg": {
        "precision": 0.22715922350547807,
        "recall": 0.23593964334705075,
        "f1-score": 0.20804430362165496,
        "support": 729.0
    },
    "accuracy": 0.23593964334705075
}