{
    "10": {
        "precision": 0.37185929648241206,
        "recall": 0.9135802469135802,
        "f1-score": 0.5285714285714286,
        "support": 81.0
    },
    "11": {
        "precision": 0.07216494845360824,
        "recall": 0.1728395061728395,
        "f1-score": 0.10181818181818182,
        "support": 81.0
    },
    "12": {
        "precision": 0.15517241379310345,
        "recall": 0.1111111111111111,
        "f1-score": 0.12949640287769784,
        "support": 81.0
    },
    "13": {
        "precision": 0.09022556390977443,
        "recall": 0.14814814814814814,
        "f1-score": 0.11214953271028037,
        "support": 81.0
    },
    "14": {
        "precision": 0.0,
        "recall": 0.0,
        "f1-score": 0.0,
        "support": 81.0
    },
    "15": {
        "precision": 0.07407407407407407,
        "recall": 0.024691358024691357,
        "f1-score": 0.037037037037037035,
        "support": 81.0
    },
    "16": {
        "precision": 0.06,
        "recall": 0.037037037037037035,
        "f1-score": 0.04580152671755725,
        "support": 81.0
    },
    "17": {
        "precision": 0.0,
        "recall": 0.0,
        "f1-score": 0.0,
        "support": 81.0
    },
    "18": {
        "precision": 0.8888888888888888,
        "recall": 0.09876543209876543,
        "f1-score": 0.17777777777777778,
        "support": 81.0
    },
    "micro avg": {
        "precision": 0.16897506925207756,
        "recall": 0.1673525377229081,
        "f1-score": 0.16815988973121984,
        "support": 729.0
    },
    "macro avg": {
        "precision": 0.190265020622429,
        "recall": 0.1673525377229081,
        "f1-score": 0.12585020972332897,
        "support": 729.0
    },
    "weighted avg": {
        "precision": 0.19026502062242903,
        "recall": 0.1673525377229081,
        "f1-score": 0.125850209723329,
        "support": 729.0
    },
    "accuracy": 0.1673525377229081
}