{
    "10": {
        "precision": 0.45925925925925926,
        "recall": 0.7654320987654321,
        "f1-score": 0.5740740740740741,
        "support": 81.0
    },
    "11": {
        "precision": 0.0,
        "recall": 0.0,
        "f1-score": 0.0,
        "support": 81.0
    },
    "12": {
        "precision": 0.3888888888888889,
        "recall": 0.345679012345679,
        "f1-score": 0.3660130718954248,
        "support": 81.0
    },
    "13": {
        "precision": 0.421875,
        "recall": 0.6666666666666666,
        "f1-score": 0.5167464114832536,
        "support": 81.0
    },
    "14": {
        "precision": 0.0,
        "recall": 0.0,
        "f1-score": 0.0,
        "support": 81.0
    },
    "15": {
        "precision": 0.33519553072625696,
        "recall": 0.7407407407407407,
        "f1-score": 0.46153846153846156,
        "support": 81.0
    },
    "16": {
        "precision": 1.0,
        "recall": 0.012345679012345678,
        "f1-score": 0.024390243902439025,
        "support": 81.0
    },
    "17": {
        "precision": 0.3508771929824561,
        "recall": 0.24691358024691357,
        "f1-score": 0.2898550724637681,
        "support": 81.0
    },
    "18": {
        "precision": 0.0,
        "recall": 0.0,
        "f1-score": 0.0,
        "support": 81.0
    },
    "micro avg": {
        "precision": 0.39198606271777003,
        "recall": 0.30864197530864196,
        "f1-score": 0.34535686876438987,
        "support": 729.0
    },
    "macro avg": {
        "precision": 0.3284550968729846,
        "recall": 0.30864197530864196,
        "f1-score": 0.24806859281749125,
        "support": 729.0
    },
    "weighted avg": {
        "precision": 0.3284550968729846,
        "recall": 0.30864197530864196,
        "f1-score": 0.24806859281749125,
        "support": 729.0
    },
    "accuracy": 0.30864197530864196
}