{
    "1": {
        "precision": 1.0,
        "recall": 1.0,
        "f1-score": 1.0,
        "support": 81.0
    },
    "2": {
        "precision": 1.0,
        "recall": 1.0,
        "f1-score": 1.0,
        "support": 81.0
    },
    "3": {
        "precision": 1.0,
        "recall": 0.9876543209876543,
        "f1-score": 0.9937888198757764,
        "support": 81.0
    },
    "4": {
        "precision": 0.9418604651162791,
        "recall": 1.0,
        "f1-score": 0.9700598802395209,
        "support": 81.0
    },
    "5": {
        "precision": 0.8333333333333334,
        "recall": 0.9259259259259259,
        "f1-score": 0.8771929824561403,
        "support": 81.0
    },
    "6": {
        "precision": 0.6976744186046512,
        "recall": 0.7407407407407407,
        "f1-score": 0.718562874251497,
        "support": 81.0
    },
    "7": {
        "precision": 0.5952380952380952,
        "recall": 0.6172839506172839,
        "f1-score": 0.6060606060606061,
        "support": 81.0
    },
    "8": {
        "precision": 0.5806451612903226,
        "recall": 0.6666666666666666,
        "f1-score": 0.6206896551724138,
        "support": 81.0
    },
    "9": {
        "precision": 0.9583333333333334,
        "recall": 0.5679012345679012,
        "f1-score": 0.7131782945736435,
        "support": 81.0
    },
    "accuracy": 0.8340192043895748,
    "macro avg": {
        "precision": 0.8452316452128905,
        "recall": 0.8340192043895747,
        "f1-score": 0.8332814569588443,
        "support": 729.0
    },
    "weighted avg": {
        "precision": 0.8452316452128905,
        "recall": 0.8340192043895748,
        "f1-score": 0.8332814569588444,
        "support": 729.0
    }
}