{
    "10": {
        "precision": 0.8333333333333334,
        "recall": 0.37037037037037035,
        "f1-score": 0.5128205128205128,
        "support": 81.0
    },
    "11": {
        "precision": 0.6071428571428571,
        "recall": 0.20987654320987653,
        "f1-score": 0.3119266055045872,
        "support": 81.0
    },
    "12": {
        "precision": 0.43859649122807015,
        "recall": 0.6172839506172839,
        "f1-score": 0.5128205128205128,
        "support": 81.0
    },
    "13": {
        "precision": 0.5833333333333334,
        "recall": 0.6049382716049383,
        "f1-score": 0.593939393939394,
        "support": 81.0
    },
    "14": {
        "precision": 0.0,
        "recall": 0.0,
        "f1-score": 0.0,
        "support": 81.0
    },
    "15": {
        "precision": 0.35051546391752575,
        "recall": 0.8395061728395061,
        "f1-score": 0.49454545454545457,
        "support": 81.0
    },
    "16": {
        "precision": 0.0,
        "recall": 0.0,
        "f1-score": 0.0,
        "support": 81.0
    },
    "17": {
        "precision": 0.26666666666666666,
        "recall": 0.24691358024691357,
        "f1-score": 0.2564102564102564,
        "support": 81.0
    },
    "18": {
        "precision": 0.0,
        "recall": 0.0,
        "f1-score": 0.0,
        "support": 81.0
    },
    "micro avg": {
        "precision": 0.4406779661016949,
        "recall": 0.32098765432098764,
        "f1-score": 0.37142857142857144,
        "support": 729.0
    },
    "macro avg": {
        "precision": 0.3421764606246429,
        "recall": 0.32098765432098764,
        "f1-score": 0.2980514151156353,
        "support": 729.0
    },
    "weighted avg": {
        "precision": 0.3421764606246429,
        "recall": 0.32098765432098764,
        "f1-score": 0.2980514151156353,
        "support": 729.0
    },
    "accuracy": 0.32098765432098764
}