{
    "1": {
        "precision": 1.0,
        "recall": 1.0,
        "f1-score": 1.0,
        "support": 81.0
    },
    "2": {
        "precision": 1.0,
        "recall": 1.0,
        "f1-score": 1.0,
        "support": 81.0
    },
    "3": {
        "precision": 0.9759036144578314,
        "recall": 1.0,
        "f1-score": 0.9878048780487805,
        "support": 81.0
    },
    "4": {
        "precision": 0.9404761904761905,
        "recall": 0.9753086419753086,
        "f1-score": 0.9575757575757575,
        "support": 81.0
    },
    "5": {
        "precision": 0.8,
        "recall": 0.9382716049382716,
        "f1-score": 0.8636363636363636,
        "support": 81.0
    },
    "6": {
        "precision": 0.7654320987654321,
        "recall": 0.7654320987654321,
        "f1-score": 0.7654320987654321,
        "support": 81.0
    },
    "7": {
        "precision": 0.6739130434782609,
        "recall": 0.7654320987654321,
        "f1-score": 0.7167630057803468,
        "support": 81.0
    },
    "8": {
        "precision": 0.6375,
        "recall": 0.6296296296296297,
        "f1-score": 0.6335403726708074,
        "support": 81.0
    },
    "9": {
        "precision": 1.0,
        "recall": 0.6419753086419753,
        "f1-score": 0.7819548872180451,
        "support": 81.0
    },
    "accuracy": 0.8573388203017832,
    "macro avg": {
        "precision": 0.865913883019746,
        "recall": 0.8573388203017833,
        "f1-score": 0.8563008181883927,
        "support": 729.0
    },
    "weighted avg": {
        "precision": 0.8659138830197461,
        "recall": 0.8573388203017832,
        "f1-score": 0.8563008181883925,
        "support": 729.0
    }
}