{
    "1": {
        "precision": 1.0,
        "recall": 0.9259259259259259,
        "f1-score": 0.9615384615384616,
        "support": 81.0
    },
    "2": {
        "precision": 0.9259259259259259,
        "recall": 0.9259259259259259,
        "f1-score": 0.9259259259259259,
        "support": 81.0
    },
    "3": {
        "precision": 0.9736842105263158,
        "recall": 0.9135802469135802,
        "f1-score": 0.9426751592356688,
        "support": 81.0
    },
    "4": {
        "precision": 0.8987341772151899,
        "recall": 0.8765432098765432,
        "f1-score": 0.8875,
        "support": 81.0
    },
    "5": {
        "precision": 0.8918918918918919,
        "recall": 0.8148148148148148,
        "f1-score": 0.8516129032258064,
        "support": 81.0
    },
    "6": {
        "precision": 0.8026315789473685,
        "recall": 0.7530864197530864,
        "f1-score": 0.7770700636942676,
        "support": 81.0
    },
    "7": {
        "precision": 0.7236842105263158,
        "recall": 0.6790123456790124,
        "f1-score": 0.7006369426751592,
        "support": 81.0
    },
    "8": {
        "precision": 0.6451612903225806,
        "recall": 0.49382716049382713,
        "f1-score": 0.5594405594405595,
        "support": 81.0
    },
    "9": {
        "precision": 0.5901639344262295,
        "recall": 0.4444444444444444,
        "f1-score": 0.5070422535211268,
        "support": 81.0
    },
    "micro avg": {
        "precision": 0.8378787878787879,
        "recall": 0.7585733882030178,
        "f1-score": 0.7962562994960403,
        "support": 729.0
    },
    "macro avg": {
        "precision": 0.8279863577535352,
        "recall": 0.7585733882030179,
        "f1-score": 0.7903824743618862,
        "support": 729.0
    },
    "weighted avg": {
        "precision": 0.8279863577535354,
        "recall": 0.7585733882030178,
        "f1-score": 0.790382474361886,
        "support": 729.0
    },
    "accuracy": 0.7585733882030178
}