{
    "1": {
        "precision": 1.0,
        "recall": 0.9259259259259259,
        "f1-score": 0.9615384615384616,
        "support": 81.0
    },
    "2": {
        "precision": 0.9294117647058824,
        "recall": 0.9753086419753086,
        "f1-score": 0.9518072289156626,
        "support": 81.0
    },
    "3": {
        "precision": 1.0,
        "recall": 0.9629629629629629,
        "f1-score": 0.9811320754716981,
        "support": 81.0
    },
    "4": {
        "precision": 0.9367088607594937,
        "recall": 0.9135802469135802,
        "f1-score": 0.925,
        "support": 81.0
    },
    "5": {
        "precision": 0.9036144578313253,
        "recall": 0.9259259259259259,
        "f1-score": 0.9146341463414634,
        "support": 81.0
    },
    "6": {
        "precision": 0.9452054794520548,
        "recall": 0.8518518518518519,
        "f1-score": 0.8961038961038961,
        "support": 81.0
    },
    "7": {
        "precision": 0.84,
        "recall": 0.7777777777777778,
        "f1-score": 0.8076923076923077,
        "support": 81.0
    },
    "8": {
        "precision": 0.7241379310344828,
        "recall": 0.5185185185185185,
        "f1-score": 0.60431654676259,
        "support": 81.0
    },
    "9": {
        "precision": 0.6290322580645161,
        "recall": 0.48148148148148145,
        "f1-score": 0.5454545454545454,
        "support": 81.0
    },
    "micro avg": {
        "precision": 0.8892215568862275,
        "recall": 0.8148148148148148,
        "f1-score": 0.8503937007874016,
        "support": 729.0
    },
    "macro avg": {
        "precision": 0.8786789724275282,
        "recall": 0.8148148148148148,
        "f1-score": 0.843075467586736,
        "support": 729.0
    },
    "weighted avg": {
        "precision": 0.8786789724275283,
        "recall": 0.8148148148148148,
        "f1-score": 0.8430754675867361,
        "support": 729.0
    },
    "accuracy": 0.8148148148148148
}