{
    "10": {
        "precision": 0.6862745098039216,
        "recall": 0.43209876543209874,
        "f1-score": 0.5303030303030303,
        "support": 81.0
    },
    "11": {
        "precision": 0.6829268292682927,
        "recall": 0.345679012345679,
        "f1-score": 0.45901639344262296,
        "support": 81.0
    },
    "12": {
        "precision": 0.3163265306122449,
        "recall": 0.38271604938271603,
        "f1-score": 0.3463687150837989,
        "support": 81.0
    },
    "13": {
        "precision": 0.45,
        "recall": 0.7777777777777778,
        "f1-score": 0.5701357466063348,
        "support": 81.0
    },
    "14": {
        "precision": 0.6458333333333334,
        "recall": 0.38271604938271603,
        "f1-score": 0.4806201550387597,
        "support": 81.0
    },
    "15": {
        "precision": 0.6,
        "recall": 0.48148148148148145,
        "f1-score": 0.5342465753424658,
        "support": 81.0
    },
    "16": {
        "precision": 0.38235294117647056,
        "recall": 0.16049382716049382,
        "f1-score": 0.22608695652173913,
        "support": 81.0
    },
    "17": {
        "precision": 0.3816793893129771,
        "recall": 0.6172839506172839,
        "f1-score": 0.4716981132075472,
        "support": 81.0
    },
    "18": {
        "precision": 0.6219512195121951,
        "recall": 0.6296296296296297,
        "f1-score": 0.6257668711656442,
        "support": 81.0
    },
    "micro avg": {
        "precision": 0.49420289855072463,
        "recall": 0.46776406035665297,
        "f1-score": 0.4806201550387597,
        "support": 729.0
    },
    "macro avg": {
        "precision": 0.5297049725577151,
        "recall": 0.46776406035665297,
        "f1-score": 0.47158250630132703,
        "support": 729.0
    },
    "weighted avg": {
        "precision": 0.529704972557715,
        "recall": 0.46776406035665297,
        "f1-score": 0.47158250630132703,
        "support": 729.0
    },
    "accuracy": 0.46776406035665297
}