{
    "1": {
        "precision": 1.0,
        "recall": 1.0,
        "f1-score": 1.0,
        "support": 81.0
    },
    "2": {
        "precision": 0.9759036144578314,
        "recall": 1.0,
        "f1-score": 0.9878048780487805,
        "support": 81.0
    },
    "3": {
        "precision": 0.95,
        "recall": 0.9382716049382716,
        "f1-score": 0.9440993788819876,
        "support": 81.0
    },
    "4": {
        "precision": 0.5384615384615384,
        "recall": 0.9506172839506173,
        "f1-score": 0.6875,
        "support": 81.0
    },
    "5": {
        "precision": 0.22727272727272727,
        "recall": 0.24691358024691357,
        "f1-score": 0.23668639053254437,
        "support": 81.0
    },
    "6": {
        "precision": 0.1388888888888889,
        "recall": 0.18518518518518517,
        "f1-score": 0.15873015873015872,
        "support": 81.0
    },
    "7": {
        "precision": 0.023809523809523808,
        "recall": 0.024691358024691357,
        "f1-score": 0.024242424242424242,
        "support": 81.0
    },
    "8": {
        "precision": 0.0847457627118644,
        "recall": 0.06172839506172839,
        "f1-score": 0.07142857142857142,
        "support": 81.0
    },
    "9": {
        "precision": 1.0,
        "recall": 0.037037037037037035,
        "f1-score": 0.07142857142857142,
        "support": 81.0
    },
    "accuracy": 0.49382716049382713,
    "macro avg": {
        "precision": 0.5487868950669305,
        "recall": 0.4938271604938272,
        "f1-score": 0.464657819254782,
        "support": 729.0
    },
    "weighted avg": {
        "precision": 0.5487868950669305,
        "recall": 0.49382716049382713,
        "f1-score": 0.464657819254782,
        "support": 729.0
    }
}