{
    "10": {
        "precision": 0.6276595744680851,
        "recall": 0.7283950617283951,
        "f1-score": 0.6742857142857143,
        "support": 81.0
    },
    "11": {
        "precision": 0.0,
        "recall": 0.0,
        "f1-score": 0.0,
        "support": 81.0
    },
    "12": {
        "precision": 0.3780487804878049,
        "recall": 0.38271604938271603,
        "f1-score": 0.3803680981595092,
        "support": 81.0
    },
    "13": {
        "precision": 0.34375,
        "recall": 0.13580246913580246,
        "f1-score": 0.19469026548672566,
        "support": 81.0
    },
    "14": {
        "precision": 0.0,
        "recall": 0.0,
        "f1-score": 0.0,
        "support": 81.0
    },
    "15": {
        "precision": 0.171875,
        "recall": 0.5432098765432098,
        "f1-score": 0.26112759643916916,
        "support": 81.0
    },
    "16": {
        "precision": 0.2571428571428571,
        "recall": 0.1111111111111111,
        "f1-score": 0.15517241379310345,
        "support": 81.0
    },
    "17": {
        "precision": 0.3,
        "recall": 0.5555555555555556,
        "f1-score": 0.38961038961038963,
        "support": 81.0
    },
    "18": {
        "precision": 0.3333333333333333,
        "recall": 0.16049382716049382,
        "f1-score": 0.21666666666666667,
        "support": 81.0
    },
    "micro avg": {
        "precision": 0.3076923076923077,
        "recall": 0.2908093278463649,
        "f1-score": 0.29901269393511987,
        "support": 729.0
    },
    "macro avg": {
        "precision": 0.26797883838134223,
        "recall": 0.2908093278463649,
        "f1-score": 0.2524356827156976,
        "support": 729.0
    },
    "weighted avg": {
        "precision": 0.2679788383813423,
        "recall": 0.2908093278463649,
        "f1-score": 0.25243568271569755,
        "support": 729.0
    },
    "accuracy": 0.2908093278463649
}