{
    "10": {
        "precision": 0.05084745762711865,
        "recall": 0.037037037037037035,
        "f1-score": 0.04285714285714286,
        "support": 81.0
    },
    "11": {
        "precision": 0.08602150537634409,
        "recall": 0.09876543209876543,
        "f1-score": 0.09195402298850575,
        "support": 81.0
    },
    "12": {
        "precision": 0.0989010989010989,
        "recall": 0.1111111111111111,
        "f1-score": 0.10465116279069768,
        "support": 81.0
    },
    "13": {
        "precision": 0.08064516129032258,
        "recall": 0.06172839506172839,
        "f1-score": 0.06993006993006994,
        "support": 81.0
    },
    "14": {
        "precision": 0.09090909090909091,
        "recall": 0.16049382716049382,
        "f1-score": 0.11607142857142858,
        "support": 81.0
    },
    "15": {
        "precision": 0.013793103448275862,
        "recall": 0.024691358024691357,
        "f1-score": 0.017699115044247787,
        "support": 81.0
    },
    "16": {
        "precision": 0.0,
        "recall": 0.0,
        "f1-score": 0.0,
        "support": 81.0
    },
    "17": {
        "precision": 0.0,
        "recall": 0.0,
        "f1-score": 0.0,
        "support": 81.0
    },
    "18": {
        "precision": 0.0,
        "recall": 0.0,
        "f1-score": 0.0,
        "support": 81.0
    },
    "micro avg": {
        "precision": 0.06688963210702341,
        "recall": 0.05486968449931413,
        "f1-score": 0.06028636021100226,
        "support": 729.0
    },
    "macro avg": {
        "precision": 0.04679082417247234,
        "recall": 0.05486968449931413,
        "f1-score": 0.0492403269091214,
        "support": 729.0
    },
    "weighted avg": {
        "precision": 0.04679082417247234,
        "recall": 0.05486968449931413,
        "f1-score": 0.0492403269091214,
        "support": 729.0
    },
    "accuracy": 0.05486968449931413
}