{
    "1": {
        "precision": 1.0,
        "recall": 1.0,
        "f1-score": 1.0,
        "support": 1944.0
    },
    "2": {
        "precision": 1.0,
        "recall": 1.0,
        "f1-score": 1.0,
        "support": 1944.0
    },
    "3": {
        "precision": 1.0,
        "recall": 1.0,
        "f1-score": 1.0,
        "support": 1944.0
    },
    "4": {
        "precision": 0.998972250770812,
        "recall": 1.0,
        "f1-score": 0.9994858611825193,
        "support": 1944.0
    },
    "5": {
        "precision": 1.0,
        "recall": 0.9984567901234568,
        "f1-score": 0.9992277992277993,
        "support": 1944.0
    },
    "6": {
        "precision": 0.9984591679506933,
        "recall": 1.0,
        "f1-score": 0.9992289899768697,
        "support": 1944.0
    },
    "7": {
        "precision": 0.997431946584489,
        "recall": 0.9989711934156379,
        "f1-score": 0.9982009766126959,
        "support": 1944.0
    },
    "8": {
        "precision": 0.9994845360824742,
        "recall": 0.9974279835390947,
        "f1-score": 0.9984552008238929,
        "support": 1944.0
    },
    "9": {
        "precision": 1.0,
        "recall": 0.9994855967078189,
        "f1-score": 0.9997427321842037,
        "support": 1944.0
    },
    "accuracy": 0.9993712848651121,
    "macro avg": {
        "precision": 0.9993719890431633,
        "recall": 0.9993712848651121,
        "f1-score": 0.9993712844453311,
        "support": 17496.0
    },
    "weighted avg": {
        "precision": 0.9993719890431632,
        "recall": 0.9993712848651121,
        "f1-score": 0.9993712844453312,
        "support": 17496.0
    }
}