{
    "10": {
        "precision": 0.9148936170212766,
        "recall": 0.5308641975308642,
        "f1-score": 0.671875,
        "support": 81.0
    },
    "11": {
        "precision": 0.9811320754716981,
        "recall": 0.6419753086419753,
        "f1-score": 0.7761194029850746,
        "support": 81.0
    },
    "12": {
        "precision": 0.7111111111111111,
        "recall": 0.7901234567901234,
        "f1-score": 0.7485380116959064,
        "support": 81.0
    },
    "13": {
        "precision": 0.6949152542372882,
        "recall": 0.5061728395061729,
        "f1-score": 0.5857142857142857,
        "support": 81.0
    },
    "14": {
        "precision": 0.0,
        "recall": 0.0,
        "f1-score": 0.0,
        "support": 81.0
    },
    "15": {
        "precision": 0.06896551724137931,
        "recall": 0.09876543209876543,
        "f1-score": 0.08121827411167512,
        "support": 81.0
    },
    "16": {
        "precision": 0.14130434782608695,
        "recall": 0.16049382716049382,
        "f1-score": 0.15028901734104047,
        "support": 81.0
    },
    "17": {
        "precision": 0.0,
        "recall": 0.0,
        "f1-score": 0.0,
        "support": 81.0
    },
    "18": {
        "precision": 0.0,
        "recall": 0.0,
        "f1-score": 0.0,
        "support": 81.0
    },
    "micro avg": {
        "precision": 0.45661157024793386,
        "recall": 0.30315500685871055,
        "f1-score": 0.36438582028029676,
        "support": 729.0
    },
    "macro avg": {
        "precision": 0.3902579914343156,
        "recall": 0.30315500685871055,
        "f1-score": 0.3348615546497758,
        "support": 729.0
    },
    "weighted avg": {
        "precision": 0.3902579914343155,
        "recall": 0.30315500685871055,
        "f1-score": 0.3348615546497758,
        "support": 729.0
    },
    "accuracy": 0.30315500685871055
}