{
    "10": {
        "precision": 0.07272727272727272,
        "recall": 0.09876543209876543,
        "f1-score": 0.08376963350785341,
        "support": 81.0
    },
    "11": {
        "precision": 0.0,
        "recall": 0.0,
        "f1-score": 0.0,
        "support": 81.0
    },
    "12": {
        "precision": 0.5957446808510638,
        "recall": 0.691358024691358,
        "f1-score": 0.64,
        "support": 81.0
    },
    "13": {
        "precision": 0.4215686274509804,
        "recall": 0.5308641975308642,
        "f1-score": 0.46994535519125685,
        "support": 81.0
    },
    "14": {
        "precision": 0.3958333333333333,
        "recall": 0.2345679012345679,
        "f1-score": 0.29457364341085274,
        "support": 81.0
    },
    "15": {
        "precision": 0.5925925925925926,
        "recall": 0.5925925925925926,
        "f1-score": 0.5925925925925926,
        "support": 81.0
    },
    "16": {
        "precision": 0.8205128205128205,
        "recall": 0.3950617283950617,
        "f1-score": 0.5333333333333333,
        "support": 81.0
    },
    "17": {
        "precision": 0.0,
        "recall": 0.0,
        "f1-score": 0.0,
        "support": 81.0
    },
    "18": {
        "precision": 0.0,
        "recall": 0.0,
        "f1-score": 0.0,
        "support": 81.0
    },
    "micro avg": {
        "precision": 0.4345991561181435,
        "recall": 0.2825788751714678,
        "f1-score": 0.342477140482128,
        "support": 729.0
    },
    "macro avg": {
        "precision": 0.3221088141631181,
        "recall": 0.28257887517146774,
        "f1-score": 0.2904682842262099,
        "support": 729.0
    },
    "weighted avg": {
        "precision": 0.32210881416311815,
        "recall": 0.2825788751714678,
        "f1-score": 0.29046828422620985,
        "support": 729.0
    },
    "accuracy": 0.2825788751714678
}