{
    "10": {
        "precision": 0.4444444444444444,
        "recall": 0.691358024691358,
        "f1-score": 0.5410628019323671,
        "support": 81.0
    },
    "11": {
        "precision": 0.4583333333333333,
        "recall": 0.13580246913580246,
        "f1-score": 0.20952380952380953,
        "support": 81.0
    },
    "12": {
        "precision": 0.8947368421052632,
        "recall": 0.8395061728395061,
        "f1-score": 0.8662420382165605,
        "support": 81.0
    },
    "13": {
        "precision": 0.9838709677419355,
        "recall": 0.7530864197530864,
        "f1-score": 0.8531468531468531,
        "support": 81.0
    },
    "14": {
        "precision": 0.8395061728395061,
        "recall": 0.8395061728395061,
        "f1-score": 0.8395061728395061,
        "support": 81.0
    },
    "15": {
        "precision": 0.8,
        "recall": 0.6419753086419753,
        "f1-score": 0.7123287671232876,
        "support": 81.0
    },
    "16": {
        "precision": 0.42857142857142855,
        "recall": 0.25925925925925924,
        "f1-score": 0.3230769230769231,
        "support": 81.0
    },
    "17": {
        "precision": 0.06818181818181818,
        "recall": 0.037037037037037035,
        "f1-score": 0.048,
        "support": 81.0
    },
    "18": {
        "precision": 0.0,
        "recall": 0.0,
        "f1-score": 0.0,
        "support": 81.0
    },
    "micro avg": {
        "precision": 0.6093189964157706,
        "recall": 0.4663923182441701,
        "f1-score": 0.5283605283605284,
        "support": 729.0
    },
    "macro avg": {
        "precision": 0.5464050008019699,
        "recall": 0.4663923182441701,
        "f1-score": 0.4880985962065897,
        "support": 729.0
    },
    "weighted avg": {
        "precision": 0.5464050008019699,
        "recall": 0.4663923182441701,
        "f1-score": 0.4880985962065897,
        "support": 729.0
    },
    "accuracy": 0.4663923182441701
}