{
    "10": {
        "precision": 0.266304347826087,
        "recall": 0.6049382716049383,
        "f1-score": 0.36981132075471695,
        "support": 81.0
    },
    "11": {
        "precision": 0.0,
        "recall": 0.0,
        "f1-score": 0.0,
        "support": 81.0
    },
    "12": {
        "precision": 0.24358974358974358,
        "recall": 0.2345679012345679,
        "f1-score": 0.2389937106918239,
        "support": 81.0
    },
    "13": {
        "precision": 0.2,
        "recall": 0.09876543209876543,
        "f1-score": 0.1322314049586777,
        "support": 81.0
    },
    "14": {
        "precision": 0.0,
        "recall": 0.0,
        "f1-score": 0.0,
        "support": 81.0
    },
    "15": {
        "precision": 0.1955128205128205,
        "recall": 0.7530864197530864,
        "f1-score": 0.3104325699745547,
        "support": 81.0
    },
    "16": {
        "precision": 0.125,
        "recall": 0.024691358024691357,
        "f1-score": 0.041237113402061855,
        "support": 81.0
    },
    "17": {
        "precision": 0.29545454545454547,
        "recall": 0.16049382716049382,
        "f1-score": 0.208,
        "support": 81.0
    },
    "18": {
        "precision": 0.5882352941176471,
        "recall": 0.12345679012345678,
        "f1-score": 0.20408163265306123,
        "support": 81.0
    },
    "micro avg": {
        "precision": 0.23444283646888567,
        "recall": 0.2222222222222222,
        "f1-score": 0.22816901408450704,
        "support": 729.0
    },
    "macro avg": {
        "precision": 0.21267741683342706,
        "recall": 0.2222222222222222,
        "f1-score": 0.16719863915943292,
        "support": 729.0
    },
    "weighted avg": {
        "precision": 0.21267741683342709,
        "recall": 0.2222222222222222,
        "f1-score": 0.16719863915943292,
        "support": 729.0
    },
    "accuracy": 0.2222222222222222
}