{
    "1": {
        "precision": 1.0,
        "recall": 1.0,
        "f1-score": 1.0,
        "support": 81.0
    },
    "2": {
        "precision": 1.0,
        "recall": 1.0,
        "f1-score": 1.0,
        "support": 81.0
    },
    "3": {
        "precision": 1.0,
        "recall": 1.0,
        "f1-score": 1.0,
        "support": 81.0
    },
    "4": {
        "precision": 1.0,
        "recall": 1.0,
        "f1-score": 1.0,
        "support": 81.0
    },
    "5": {
        "precision": 0.9759036144578314,
        "recall": 1.0,
        "f1-score": 0.9878048780487805,
        "support": 81.0
    },
    "6": {
        "precision": 0.9404761904761905,
        "recall": 0.9753086419753086,
        "f1-score": 0.9575757575757575,
        "support": 81.0
    },
    "7": {
        "precision": 0.8941176470588236,
        "recall": 0.9382716049382716,
        "f1-score": 0.9156626506024096,
        "support": 81.0
    },
    "8": {
        "precision": 0.935064935064935,
        "recall": 0.8888888888888888,
        "f1-score": 0.9113924050632911,
        "support": 81.0
    },
    "9": {
        "precision": 1.0,
        "recall": 0.9382716049382716,
        "f1-score": 0.9681528662420382,
        "support": 81.0
    },
    "accuracy": 0.9711934156378601,
    "macro avg": {
        "precision": 0.9717291541175312,
        "recall": 0.9711934156378601,
        "f1-score": 0.9711765063924752,
        "support": 729.0
    },
    "weighted avg": {
        "precision": 0.9717291541175311,
        "recall": 0.9711934156378601,
        "f1-score": 0.9711765063924752,
        "support": 729.0
    }
}