{
    "1": {
        "precision": 1.0,
        "recall": 0.966183574879227,
        "f1-score": 0.9828009828009828,
        "support": 5589.0
    },
    "2": {
        "precision": 0.9659888429008457,
        "recall": 0.9604580425836464,
        "f1-score": 0.9632155033195765,
        "support": 5589.0
    },
    "3": {
        "precision": 0.9648506151142355,
        "recall": 0.8840579710144928,
        "f1-score": 0.9226890756302522,
        "support": 5589.0
    },
    "4": {
        "precision": 0.8717651602935497,
        "recall": 0.8076578994453391,
        "f1-score": 0.8384879725085911,
        "support": 5589.0
    },
    "5": {
        "precision": 0.8086225026288117,
        "recall": 0.8255501878690285,
        "f1-score": 0.8169986719787516,
        "support": 5589.0
    },
    "6": {
        "precision": 0.8026127415891195,
        "recall": 0.8024691358024691,
        "f1-score": 0.8025409322716293,
        "support": 5589.0
    },
    "7": {
        "precision": 0.6448663853727145,
        "recall": 0.3281445696904634,
        "f1-score": 0.43495790347444563,
        "support": 5589.0
    },
    "8": {
        "precision": 0.4543803269526338,
        "recall": 0.581857219538379,
        "f1-score": 0.5102777341911188,
        "support": 5589.0
    },
    "9": {
        "precision": 0.5982389502762431,
        "recall": 0.6199677938808373,
        "f1-score": 0.6089095861523592,
        "support": 5589.0
    },
    "micro avg": {
        "precision": 0.7834226258196636,
        "recall": 0.7529273771893203,
        "f1-score": 0.7678723490531608,
        "support": 50301.0
    },
    "macro avg": {
        "precision": 0.7901472805697949,
        "recall": 0.7529273771893203,
        "f1-score": 0.764542040258634,
        "support": 50301.0
    },
    "weighted avg": {
        "precision": 0.790147280569795,
        "recall": 0.7529273771893203,
        "f1-score": 0.7645420402586341,
        "support": 50301.0
    },
    "accuracy": 0.7529273771893203
}