{
    "10": {
        "precision": 0.36496350364963503,
        "recall": 0.6172839506172839,
        "f1-score": 0.45871559633027525,
        "support": 81.0
    },
    "11": {
        "precision": 0.0,
        "recall": 0.0,
        "f1-score": 0.0,
        "support": 81.0
    },
    "12": {
        "precision": 0.3333333333333333,
        "recall": 0.43209876543209874,
        "f1-score": 0.3763440860215054,
        "support": 81.0
    },
    "13": {
        "precision": 0.19047619047619047,
        "recall": 0.04938271604938271,
        "f1-score": 0.0784313725490196,
        "support": 81.0
    },
    "14": {
        "precision": 0.0,
        "recall": 0.0,
        "f1-score": 0.0,
        "support": 81.0
    },
    "15": {
        "precision": 0.21374045801526717,
        "recall": 0.691358024691358,
        "f1-score": 0.32653061224489793,
        "support": 81.0
    },
    "16": {
        "precision": 0.3582089552238806,
        "recall": 0.2962962962962963,
        "f1-score": 0.32432432432432434,
        "support": 81.0
    },
    "17": {
        "precision": 0.32608695652173914,
        "recall": 0.18518518518518517,
        "f1-score": 0.23622047244094488,
        "support": 81.0
    },
    "18": {
        "precision": 0.5,
        "recall": 0.3950617283950617,
        "f1-score": 0.4413793103448276,
        "support": 81.0
    },
    "micro avg": {
        "precision": 0.3076923076923077,
        "recall": 0.2962962962962963,
        "f1-score": 0.3018867924528302,
        "support": 729.0
    },
    "macro avg": {
        "precision": 0.2540899330244495,
        "recall": 0.2962962962962963,
        "f1-score": 0.24910508602842166,
        "support": 729.0
    },
    "weighted avg": {
        "precision": 0.2540899330244495,
        "recall": 0.2962962962962963,
        "f1-score": 0.24910508602842169,
        "support": 729.0
    },
    "accuracy": 0.2962962962962963
}