{
    "10": {
        "precision": 0.2413793103448276,
        "recall": 0.6049382716049383,
        "f1-score": 0.34507042253521125,
        "support": 81.0
    },
    "11": {
        "precision": 0.0,
        "recall": 0.0,
        "f1-score": 0.0,
        "support": 81.0
    },
    "12": {
        "precision": 0.24324324324324326,
        "recall": 0.3333333333333333,
        "f1-score": 0.28125,
        "support": 81.0
    },
    "13": {
        "precision": 0.08823529411764706,
        "recall": 0.037037037037037035,
        "f1-score": 0.05217391304347826,
        "support": 81.0
    },
    "14": {
        "precision": 0.0,
        "recall": 0.0,
        "f1-score": 0.0,
        "support": 81.0
    },
    "15": {
        "precision": 0.17363344051446947,
        "recall": 0.6666666666666666,
        "f1-score": 0.2755102040816326,
        "support": 81.0
    },
    "16": {
        "precision": 0.0,
        "recall": 0.0,
        "f1-score": 0.0,
        "support": 81.0
    },
    "17": {
        "precision": 0.0,
        "recall": 0.0,
        "f1-score": 0.0,
        "support": 81.0
    },
    "18": {
        "precision": 0.5,
        "recall": 0.037037037037037035,
        "f1-score": 0.06896551724137931,
        "support": 81.0
    },
    "micro avg": {
        "precision": 0.19738751814223512,
        "recall": 0.18655692729766804,
        "f1-score": 0.1918194640338505,
        "support": 729.0
    },
    "macro avg": {
        "precision": 0.13849903202446529,
        "recall": 0.18655692729766804,
        "f1-score": 0.11366333965574459,
        "support": 729.0
    },
    "weighted avg": {
        "precision": 0.13849903202446526,
        "recall": 0.18655692729766804,
        "f1-score": 0.11366333965574461,
        "support": 729.0
    },
    "accuracy": 0.18655692729766804
}