{
    "1": {
        "precision": 1.0,
        "recall": 0.9382716049382716,
        "f1-score": 0.9681528662420382,
        "support": 81.0
    },
    "2": {
        "precision": 0.9404761904761905,
        "recall": 0.9753086419753086,
        "f1-score": 0.9575757575757575,
        "support": 81.0
    },
    "3": {
        "precision": 0.9875,
        "recall": 0.9753086419753086,
        "f1-score": 0.9813664596273292,
        "support": 81.0
    },
    "4": {
        "precision": 0.9634146341463414,
        "recall": 0.9753086419753086,
        "f1-score": 0.9693251533742331,
        "support": 81.0
    },
    "5": {
        "precision": 0.9302325581395349,
        "recall": 0.9876543209876543,
        "f1-score": 0.9580838323353293,
        "support": 81.0
    },
    "6": {
        "precision": 0.927710843373494,
        "recall": 0.9506172839506173,
        "f1-score": 0.9390243902439024,
        "support": 81.0
    },
    "7": {
        "precision": 0.9852941176470589,
        "recall": 0.8271604938271605,
        "f1-score": 0.8993288590604027,
        "support": 81.0
    },
    "8": {
        "precision": 0.7912087912087912,
        "recall": 0.8888888888888888,
        "f1-score": 0.8372093023255814,
        "support": 81.0
    },
    "9": {
        "precision": 0.8974358974358975,
        "recall": 0.8641975308641975,
        "f1-score": 0.8805031446540881,
        "support": 81.0
    },
    "micro avg": {
        "precision": 0.9326923076923077,
        "recall": 0.9314128943758574,
        "f1-score": 0.9320521619766644,
        "support": 729.0
    },
    "macro avg": {
        "precision": 0.9359192258252566,
        "recall": 0.9314128943758574,
        "f1-score": 0.9322855294931848,
        "support": 729.0
    },
    "weighted avg": {
        "precision": 0.9359192258252567,
        "recall": 0.9314128943758574,
        "f1-score": 0.9322855294931846,
        "support": 729.0
    },
    "accuracy": 0.9314128943758574
}