{
    "1": {
        "precision": 1.0,
        "recall": 0.7901234567901234,
        "f1-score": 0.8827586206896552,
        "support": 81.0
    },
    "2": {
        "precision": 0.7951807228915663,
        "recall": 0.8148148148148148,
        "f1-score": 0.8048780487804879,
        "support": 81.0
    },
    "3": {
        "precision": 0.8767123287671232,
        "recall": 0.7901234567901234,
        "f1-score": 0.8311688311688312,
        "support": 81.0
    },
    "4": {
        "precision": 0.7654320987654321,
        "recall": 0.7654320987654321,
        "f1-score": 0.7654320987654321,
        "support": 81.0
    },
    "5": {
        "precision": 0.8021978021978022,
        "recall": 0.9012345679012346,
        "f1-score": 0.8488372093023255,
        "support": 81.0
    },
    "6": {
        "precision": 0.8351648351648352,
        "recall": 0.9382716049382716,
        "f1-score": 0.8837209302325582,
        "support": 81.0
    },
    "7": {
        "precision": 0.9117647058823529,
        "recall": 0.7654320987654321,
        "f1-score": 0.8322147651006712,
        "support": 81.0
    },
    "8": {
        "precision": 0.7019230769230769,
        "recall": 0.9012345679012346,
        "f1-score": 0.7891891891891892,
        "support": 81.0
    },
    "9": {
        "precision": 0.918918918918919,
        "recall": 0.8395061728395061,
        "f1-score": 0.8774193548387097,
        "support": 81.0
    },
    "accuracy": 0.8340192043895748,
    "macro avg": {
        "precision": 0.8452549432790121,
        "recall": 0.8340192043895747,
        "f1-score": 0.8350687831186511,
        "support": 729.0
    },
    "weighted avg": {
        "precision": 0.8452549432790118,
        "recall": 0.8340192043895748,
        "f1-score": 0.8350687831186511,
        "support": 729.0
    }
}