{
    "1": {
        "precision": 1.0,
        "recall": 0.9996421542315262,
        "f1-score": 0.9998210450966356,
        "support": 5589.0
    },
    "2": {
        "precision": 0.9837789661319073,
        "recall": 0.9874753981034174,
        "f1-score": 0.9856237164032503,
        "support": 5589.0
    },
    "3": {
        "precision": 0.94287193648602,
        "recall": 0.9774557165861514,
        "f1-score": 0.9598524114908197,
        "support": 5589.0
    },
    "4": {
        "precision": 0.9149157839902761,
        "recall": 0.942744677044194,
        "f1-score": 0.9286217835741981,
        "support": 5589.0
    },
    "5": {
        "precision": 0.7712278558338423,
        "recall": 0.9035605653963142,
        "f1-score": 0.8321661036499959,
        "support": 5589.0
    },
    "6": {
        "precision": 0.6121028744326777,
        "recall": 0.7239219896224727,
        "f1-score": 0.6633330600868924,
        "support": 5589.0
    },
    "7": {
        "precision": 0.5823365231259968,
        "recall": 0.522633744855967,
        "f1-score": 0.5508722300801508,
        "support": 5589.0
    },
    "8": {
        "precision": 0.5761939482318629,
        "recall": 0.5655752370728216,
        "f1-score": 0.5708352144469526,
        "support": 5589.0
    },
    "9": {
        "precision": 0.8775510204081632,
        "recall": 0.546251565575237,
        "f1-score": 0.6733568592853992,
        "support": 5589.0
    },
    "micro avg": {
        "precision": 0.8031630219086372,
        "recall": 0.7965845609431224,
        "f1-score": 0.7998602654955584,
        "support": 50301.0
    },
    "macro avg": {
        "precision": 0.8067754342934164,
        "recall": 0.7965845609431225,
        "f1-score": 0.7960536026793661,
        "support": 50301.0
    },
    "weighted avg": {
        "precision": 0.8067754342934164,
        "recall": 0.7965845609431224,
        "f1-score": 0.796053602679366,
        "support": 50301.0
    },
    "accuracy": 0.7965845609431224
}