{
    "1": {
        "precision": 1.0,
        "recall": 0.8765432098765432,
        "f1-score": 0.9342105263157895,
        "support": 81.0
    },
    "2": {
        "precision": 0.8780487804878049,
        "recall": 0.8888888888888888,
        "f1-score": 0.8834355828220859,
        "support": 81.0
    },
    "3": {
        "precision": 0.96,
        "recall": 0.8888888888888888,
        "f1-score": 0.9230769230769231,
        "support": 81.0
    },
    "4": {
        "precision": 0.881578947368421,
        "recall": 0.8271604938271605,
        "f1-score": 0.8535031847133758,
        "support": 81.0
    },
    "5": {
        "precision": 0.8227848101265823,
        "recall": 0.8024691358024691,
        "f1-score": 0.8125,
        "support": 81.0
    },
    "6": {
        "precision": 0.7564102564102564,
        "recall": 0.7283950617283951,
        "f1-score": 0.7421383647798742,
        "support": 81.0
    },
    "7": {
        "precision": 0.6708860759493671,
        "recall": 0.654320987654321,
        "f1-score": 0.6625,
        "support": 81.0
    },
    "8": {
        "precision": 0.6764705882352942,
        "recall": 0.5679012345679012,
        "f1-score": 0.6174496644295302,
        "support": 81.0
    },
    "9": {
        "precision": 0.6129032258064516,
        "recall": 0.4691358024691358,
        "f1-score": 0.5314685314685315,
        "support": 81.0
    },
    "micro avg": {
        "precision": 0.8104477611940298,
        "recall": 0.7448559670781894,
        "f1-score": 0.7762687634024303,
        "support": 729.0
    },
    "macro avg": {
        "precision": 0.8065647427093531,
        "recall": 0.7448559670781894,
        "f1-score": 0.7733647530673456,
        "support": 729.0
    },
    "weighted avg": {
        "precision": 0.8065647427093531,
        "recall": 0.7448559670781894,
        "f1-score": 0.7733647530673455,
        "support": 729.0
    },
    "accuracy": 0.7448559670781894
}