{
    "1": {
        "precision": 1.0,
        "recall": 1.0,
        "f1-score": 1.0,
        "support": 81.0
    },
    "2": {
        "precision": 1.0,
        "recall": 1.0,
        "f1-score": 1.0,
        "support": 81.0
    },
    "3": {
        "precision": 0.8953488372093024,
        "recall": 0.9506172839506173,
        "f1-score": 0.9221556886227545,
        "support": 81.0
    },
    "4": {
        "precision": 0.8,
        "recall": 0.6419753086419753,
        "f1-score": 0.7123287671232876,
        "support": 81.0
    },
    "5": {
        "precision": 0.4294478527607362,
        "recall": 0.8641975308641975,
        "f1-score": 0.5737704918032787,
        "support": 81.0
    },
    "6": {
        "precision": 0.48936170212765956,
        "recall": 0.2839506172839506,
        "f1-score": 0.359375,
        "support": 81.0
    },
    "7": {
        "precision": 0.4222222222222222,
        "recall": 0.4691358024691358,
        "f1-score": 0.4444444444444444,
        "support": 81.0
    },
    "8": {
        "precision": 0.4166666666666667,
        "recall": 0.49382716049382713,
        "f1-score": 0.4519774011299435,
        "support": 81.0
    },
    "9": {
        "precision": 1.0,
        "recall": 0.16049382716049382,
        "f1-score": 0.2765957446808511,
        "support": 81.0
    },
    "micro avg": {
        "precision": 0.6578947368421053,
        "recall": 0.6515775034293553,
        "f1-score": 0.6547208821502413,
        "support": 729.0
    },
    "macro avg": {
        "precision": 0.7170052534429541,
        "recall": 0.6515775034293553,
        "f1-score": 0.6378497264227287,
        "support": 729.0
    },
    "weighted avg": {
        "precision": 0.7170052534429541,
        "recall": 0.6515775034293553,
        "f1-score": 0.637849726422729,
        "support": 729.0
    },
    "accuracy": 0.6515775034293553
}