{
    "1": {
        "precision": 1.0,
        "recall": 1.0,
        "f1-score": 1.0,
        "support": 81.0
    },
    "2": {
        "precision": 1.0,
        "recall": 1.0,
        "f1-score": 1.0,
        "support": 81.0
    },
    "3": {
        "precision": 0.9876543209876543,
        "recall": 0.9876543209876543,
        "f1-score": 0.9876543209876543,
        "support": 81.0
    },
    "4": {
        "precision": 0.6153846153846154,
        "recall": 0.9876543209876543,
        "f1-score": 0.7582938388625592,
        "support": 81.0
    },
    "5": {
        "precision": 0.35555555555555557,
        "recall": 0.3950617283950617,
        "f1-score": 0.3742690058479532,
        "support": 81.0
    },
    "6": {
        "precision": 0.2604166666666667,
        "recall": 0.30864197530864196,
        "f1-score": 0.2824858757062147,
        "support": 81.0
    },
    "7": {
        "precision": 0.1276595744680851,
        "recall": 0.14814814814814814,
        "f1-score": 0.13714285714285715,
        "support": 81.0
    },
    "8": {
        "precision": 0.1388888888888889,
        "recall": 0.12345679012345678,
        "f1-score": 0.13071895424836602,
        "support": 81.0
    },
    "9": {
        "precision": 1.0,
        "recall": 0.04938271604938271,
        "f1-score": 0.09411764705882353,
        "support": 81.0
    },
    "accuracy": 0.5555555555555556,
    "macro avg": {
        "precision": 0.6095066246612739,
        "recall": 0.5555555555555556,
        "f1-score": 0.529409166650492,
        "support": 729.0
    },
    "weighted avg": {
        "precision": 0.6095066246612739,
        "recall": 0.5555555555555556,
        "f1-score": 0.529409166650492,
        "support": 729.0
    }
}