{
    "1": {
        "precision": 1.0,
        "recall": 1.0,
        "f1-score": 1.0,
        "support": 81.0
    },
    "2": {
        "precision": 1.0,
        "recall": 1.0,
        "f1-score": 1.0,
        "support": 81.0
    },
    "3": {
        "precision": 0.9204545454545454,
        "recall": 1.0,
        "f1-score": 0.9585798816568047,
        "support": 81.0
    },
    "4": {
        "precision": 0.7956989247311828,
        "recall": 0.9135802469135802,
        "f1-score": 0.8505747126436781,
        "support": 81.0
    },
    "5": {
        "precision": 0.6057692307692307,
        "recall": 0.7777777777777778,
        "f1-score": 0.6810810810810811,
        "support": 81.0
    },
    "6": {
        "precision": 0.5714285714285714,
        "recall": 0.5432098765432098,
        "f1-score": 0.5569620253164557,
        "support": 81.0
    },
    "7": {
        "precision": 0.46,
        "recall": 0.5679012345679012,
        "f1-score": 0.5082872928176796,
        "support": 81.0
    },
    "8": {
        "precision": 0.41333333333333333,
        "recall": 0.38271604938271603,
        "f1-score": 0.3974358974358974,
        "support": 81.0
    },
    "9": {
        "precision": 0.88,
        "recall": 0.2716049382716049,
        "f1-score": 0.41509433962264153,
        "support": 81.0
    },
    "micro avg": {
        "precision": 0.7223756906077348,
        "recall": 0.7174211248285323,
        "f1-score": 0.7198898830006882,
        "support": 729.0
    },
    "macro avg": {
        "precision": 0.738520511746318,
        "recall": 0.7174211248285323,
        "f1-score": 0.707557247841582,
        "support": 729.0
    },
    "weighted avg": {
        "precision": 0.7385205117463182,
        "recall": 0.7174211248285323,
        "f1-score": 0.707557247841582,
        "support": 729.0
    },
    "accuracy": 0.7174211248285323
}