{
    "1": {
        "precision": 0.98324810439076,
        "recall": 0.9976740025049203,
        "f1-score": 0.9904085257548846,
        "support": 5589.0
    },
    "2": {
        "precision": 0.830024434941967,
        "recall": 0.9724458758275183,
        "f1-score": 0.8956084699678668,
        "support": 5589.0
    },
    "3": {
        "precision": 0.7077156334231806,
        "recall": 0.7516550366791913,
        "f1-score": 0.7290238611713666,
        "support": 5589.0
    },
    "4": {
        "precision": 0.5544662309368191,
        "recall": 0.546430488459474,
        "f1-score": 0.550419032170857,
        "support": 5589.0
    },
    "5": {
        "precision": 0.3336473050758765,
        "recall": 0.5704061549472178,
        "f1-score": 0.42102482831484417,
        "support": 5589.0
    },
    "6": {
        "precision": 0.20555757796383933,
        "recall": 0.30309536589729824,
        "f1-score": 0.24497469269703542,
        "support": 5589.0
    },
    "7": {
        "precision": 0.1678476527900797,
        "recall": 0.13562354625156559,
        "f1-score": 0.1500247402276101,
        "support": 5589.0
    },
    "8": {
        "precision": 0.3302090843547224,
        "recall": 0.1638933619609948,
        "f1-score": 0.21906014588066483,
        "support": 5589.0
    },
    "9": {
        "precision": 0.6778523489932886,
        "recall": 0.018071211307926285,
        "f1-score": 0.03520390379923318,
        "support": 5589.0
    },
    "micro avg": {
        "precision": 0.5096936480019633,
        "recall": 0.49547722709290076,
        "f1-score": 0.5024849040816943,
        "support": 50301.0
    },
    "macro avg": {
        "precision": 0.5322853747633925,
        "recall": 0.4954772270929008,
        "f1-score": 0.4706386888871514,
        "support": 50301.0
    },
    "weighted avg": {
        "precision": 0.5322853747633925,
        "recall": 0.49547722709290076,
        "f1-score": 0.4706386888871513,
        "support": 50301.0
    },
    "accuracy": 0.49547722709290076
}