{
    "1": {
        "precision": 1.0,
        "recall": 1.0,
        "f1-score": 1.0,
        "support": 81.0
    },
    "2": {
        "precision": 1.0,
        "recall": 1.0,
        "f1-score": 1.0,
        "support": 81.0
    },
    "3": {
        "precision": 1.0,
        "recall": 1.0,
        "f1-score": 1.0,
        "support": 81.0
    },
    "4": {
        "precision": 0.9759036144578314,
        "recall": 1.0,
        "f1-score": 0.9878048780487805,
        "support": 81.0
    },
    "5": {
        "precision": 0.8863636363636364,
        "recall": 0.9629629629629629,
        "f1-score": 0.9230769230769231,
        "support": 81.0
    },
    "6": {
        "precision": 0.8375,
        "recall": 0.8271604938271605,
        "f1-score": 0.8322981366459627,
        "support": 81.0
    },
    "7": {
        "precision": 0.8,
        "recall": 0.691358024691358,
        "f1-score": 0.7417218543046358,
        "support": 81.0
    },
    "8": {
        "precision": 0.6973684210526315,
        "recall": 0.654320987654321,
        "f1-score": 0.6751592356687898,
        "support": 81.0
    },
    "9": {
        "precision": 0.7543859649122807,
        "recall": 0.5308641975308642,
        "f1-score": 0.6231884057971014,
        "support": 81.0
    },
    "micro avg": {
        "precision": 0.890961262553802,
        "recall": 0.8518518518518519,
        "f1-score": 0.8709677419354839,
        "support": 729.0
    },
    "macro avg": {
        "precision": 0.8835024040873756,
        "recall": 0.8518518518518517,
        "f1-score": 0.8648054926157993,
        "support": 729.0
    },
    "weighted avg": {
        "precision": 0.8835024040873756,
        "recall": 0.8518518518518519,
        "f1-score": 0.8648054926157992,
        "support": 729.0
    },
    "accuracy": 0.8518518518518519
}