{
    "10": {
        "precision": 0.07575757575757576,
        "recall": 0.12345679012345678,
        "f1-score": 0.09389671361502347,
        "support": 81.0
    },
    "11": {
        "precision": 0.0,
        "recall": 0.0,
        "f1-score": 0.0,
        "support": 81.0
    },
    "12": {
        "precision": 0.22137404580152673,
        "recall": 0.35802469135802467,
        "f1-score": 0.27358490566037735,
        "support": 81.0
    },
    "13": {
        "precision": 0.125,
        "recall": 0.024691358024691357,
        "f1-score": 0.041237113402061855,
        "support": 81.0
    },
    "14": {
        "precision": 0.4117647058823529,
        "recall": 0.08641975308641975,
        "f1-score": 0.14285714285714285,
        "support": 81.0
    },
    "15": {
        "precision": 0.2773109243697479,
        "recall": 0.8148148148148148,
        "f1-score": 0.41379310344827586,
        "support": 81.0
    },
    "16": {
        "precision": 0.0,
        "recall": 0.0,
        "f1-score": 0.0,
        "support": 81.0
    },
    "17": {
        "precision": 0.5909090909090909,
        "recall": 0.16049382716049382,
        "f1-score": 0.2524271844660194,
        "support": 81.0
    },
    "18": {
        "precision": 1.0,
        "recall": 0.012345679012345678,
        "f1-score": 0.024390243902439025,
        "support": 81.0
    },
    "micro avg": {
        "precision": 0.22980251346499103,
        "recall": 0.1755829903978052,
        "f1-score": 0.19906687402799378,
        "support": 729.0
    },
    "macro avg": {
        "precision": 0.3002351491911438,
        "recall": 0.17558299039780523,
        "f1-score": 0.13802071192792667,
        "support": 729.0
    },
    "weighted avg": {
        "precision": 0.3002351491911438,
        "recall": 0.1755829903978052,
        "f1-score": 0.13802071192792664,
        "support": 729.0
    },
    "accuracy": 0.1755829903978052
}