{
    "1": {
        "precision": 0.3333333333333333,
        "recall": 1.0,
        "f1-score": 0.5,
        "support": 81.0
    },
    "2": {
        "precision": 0.0,
        "recall": 0.0,
        "f1-score": 0.0,
        "support": 162.0
    },
    "3": {
        "precision": 0.012578616352201259,
        "recall": 0.01646090534979424,
        "f1-score": 0.0142602495543672,
        "support": 243.0
    },
    "4": {
        "precision": 0.0273972602739726,
        "recall": 0.030864197530864196,
        "f1-score": 0.02902757619738752,
        "support": 324.0
    },
    "5": {
        "precision": 0.10606060606060606,
        "recall": 0.12098765432098765,
        "f1-score": 0.11303344867358708,
        "support": 405.0
    },
    "6": {
        "precision": 0.11556982343499198,
        "recall": 0.14814814814814814,
        "f1-score": 0.12984670874661858,
        "support": 486.0
    },
    "7": {
        "precision": 0.0258751902587519,
        "recall": 0.029982363315696647,
        "f1-score": 0.027777777777777776,
        "support": 567.0
    },
    "8": {
        "precision": 0.012195121951219513,
        "recall": 0.013888888888888888,
        "f1-score": 0.012987012987012988,
        "support": 648.0
    },
    "9": {
        "precision": 0.0,
        "recall": 0.0,
        "f1-score": 0.0,
        "support": 729.0
    },
    "accuracy": 0.06639231824417009,
    "macro avg": {
        "precision": 0.07033443907389741,
        "recall": 0.1511480175060422,
        "f1-score": 0.09188141932630568,
        "support": 3645.0
    },
    "weighted avg": {
        "precision": 0.04406816670710731,
        "recall": 0.06639231824417009,
        "f1-score": 0.05114397994757438,
        "support": 3645.0
    }
}