{
    "1": {
        "precision": 0.9998211091234347,
        "recall": 1.0,
        "f1-score": 0.9999105465605153,
        "support": 5589.0
    },
    "2": {
        "precision": 0.9920113616190307,
        "recall": 0.9998210771157631,
        "f1-score": 0.9959009089288897,
        "support": 5589.0
    },
    "3": {
        "precision": 0.994092373791622,
        "recall": 0.9935587761674718,
        "f1-score": 0.9938255033557047,
        "support": 5589.0
    },
    "4": {
        "precision": 0.9953421712647796,
        "recall": 0.9940955448201825,
        "f1-score": 0.9947184674603885,
        "support": 5589.0
    },
    "5": {
        "precision": 0.9928622412562456,
        "recall": 0.9955269278940777,
        "f1-score": 0.9941927990708479,
        "support": 5589.0
    },
    "6": {
        "precision": 0.9921231650554959,
        "recall": 0.991590624440866,
        "f1-score": 0.9918568232662193,
        "support": 5589.0
    },
    "7": {
        "precision": 0.9907010014306151,
        "recall": 0.9912327786723922,
        "f1-score": 0.9909668187103121,
        "support": 5589.0
    },
    "8": {
        "precision": 0.9804340092493774,
        "recall": 0.9862229379137591,
        "f1-score": 0.9833199536169833,
        "support": 5589.0
    },
    "9": {
        "precision": 0.9961825122704963,
        "recall": 0.9804974056181786,
        "f1-score": 0.9882777276825969,
        "support": 5589.0
    },
    "micro avg": {
        "precision": 0.9926037855893113,
        "recall": 0.9925051191825213,
        "f1-score": 0.9925544499338946,
        "support": 50301.0
    },
    "macro avg": {
        "precision": 0.9926188827845662,
        "recall": 0.9925051191825212,
        "f1-score": 0.9925521720724954,
        "support": 50301.0
    },
    "weighted avg": {
        "precision": 0.9926188827845664,
        "recall": 0.9925051191825213,
        "f1-score": 0.9925521720724955,
        "support": 50301.0
    },
    "accuracy": 0.9925051191825213
}