{
    "10": {
        "precision": 0.38461538461538464,
        "recall": 0.6172839506172839,
        "f1-score": 0.47393364928909953,
        "support": 81.0
    },
    "11": {
        "precision": 0.07894736842105263,
        "recall": 0.037037037037037035,
        "f1-score": 0.05042016806722689,
        "support": 81.0
    },
    "12": {
        "precision": 0.7213114754098361,
        "recall": 0.5432098765432098,
        "f1-score": 0.6197183098591549,
        "support": 81.0
    },
    "13": {
        "precision": 0.9264705882352942,
        "recall": 0.7777777777777778,
        "f1-score": 0.8456375838926175,
        "support": 81.0
    },
    "14": {
        "precision": 0.9240506329113924,
        "recall": 0.9012345679012346,
        "f1-score": 0.9125,
        "support": 81.0
    },
    "15": {
        "precision": 0.8974358974358975,
        "recall": 0.8641975308641975,
        "f1-score": 0.8805031446540881,
        "support": 81.0
    },
    "16": {
        "precision": 0.8536585365853658,
        "recall": 0.43209876543209874,
        "f1-score": 0.5737704918032787,
        "support": 81.0
    },
    "17": {
        "precision": 0.20833333333333334,
        "recall": 0.12345679012345678,
        "f1-score": 0.15503875968992248,
        "support": 81.0
    },
    "18": {
        "precision": 0.05,
        "recall": 0.012345679012345678,
        "f1-score": 0.019801980198019802,
        "support": 81.0
    },
    "micro avg": {
        "precision": 0.6198934280639432,
        "recall": 0.4787379972565158,
        "f1-score": 0.5402476780185759,
        "support": 729.0
    },
    "macro avg": {
        "precision": 0.5605359129941729,
        "recall": 0.4787379972565157,
        "f1-score": 0.5034804541614898,
        "support": 729.0
    },
    "weighted avg": {
        "precision": 0.560535912994173,
        "recall": 0.4787379972565158,
        "f1-score": 0.5034804541614897,
        "support": 729.0
    },
    "accuracy": 0.4787379972565158
}