{
    "10": {
        "precision": 0.0625,
        "recall": 0.07407407407407407,
        "f1-score": 0.06779661016949153,
        "support": 81.0
    },
    "11": {
        "precision": 0.0,
        "recall": 0.0,
        "f1-score": 0.0,
        "support": 81.0
    },
    "12": {
        "precision": 0.5961538461538461,
        "recall": 0.7654320987654321,
        "f1-score": 0.6702702702702703,
        "support": 81.0
    },
    "13": {
        "precision": 0.6440677966101694,
        "recall": 0.4691358024691358,
        "f1-score": 0.5428571428571428,
        "support": 81.0
    },
    "14": {
        "precision": 0.875,
        "recall": 0.1728395061728395,
        "f1-score": 0.28865979381443296,
        "support": 81.0
    },
    "15": {
        "precision": 0.4817073170731707,
        "recall": 0.9753086419753086,
        "f1-score": 0.6448979591836734,
        "support": 81.0
    },
    "16": {
        "precision": 0.0,
        "recall": 0.0,
        "f1-score": 0.0,
        "support": 81.0
    },
    "17": {
        "precision": 0.19047619047619047,
        "recall": 0.04938271604938271,
        "f1-score": 0.0784313725490196,
        "support": 81.0
    },
    "18": {
        "precision": 0.0,
        "recall": 0.0,
        "f1-score": 0.0,
        "support": 81.0
    },
    "micro avg": {
        "precision": 0.4319148936170213,
        "recall": 0.2784636488340192,
        "f1-score": 0.3386155129274395,
        "support": 729.0
    },
    "macro avg": {
        "precision": 0.3166561278125974,
        "recall": 0.2784636488340192,
        "f1-score": 0.25476812764933676,
        "support": 729.0
    },
    "weighted avg": {
        "precision": 0.31665612781259744,
        "recall": 0.2784636488340192,
        "f1-score": 0.25476812764933676,
        "support": 729.0
    },
    "accuracy": 0.2784636488340192
}