{
    "10": {
        "precision": 0.02654867256637168,
        "recall": 0.037037037037037035,
        "f1-score": 0.030927835051546393,
        "support": 81.0
    },
    "11": {
        "precision": 0.0,
        "recall": 0.0,
        "f1-score": 0.0,
        "support": 81.0
    },
    "12": {
        "precision": 0.7941176470588235,
        "recall": 0.3333333333333333,
        "f1-score": 0.46956521739130436,
        "support": 81.0
    },
    "13": {
        "precision": 0.6666666666666666,
        "recall": 0.2222222222222222,
        "f1-score": 0.3333333333333333,
        "support": 81.0
    },
    "14": {
        "precision": 0.21875,
        "recall": 0.1728395061728395,
        "f1-score": 0.19310344827586207,
        "support": 81.0
    },
    "15": {
        "precision": 0.21348314606741572,
        "recall": 0.2345679012345679,
        "f1-score": 0.2235294117647059,
        "support": 81.0
    },
    "16": {
        "precision": 0.3191489361702128,
        "recall": 0.37037037037037035,
        "f1-score": 0.34285714285714286,
        "support": 81.0
    },
    "17": {
        "precision": 0.0,
        "recall": 0.0,
        "f1-score": 0.0,
        "support": 81.0
    },
    "18": {
        "precision": 0.21710526315789475,
        "recall": 0.4074074074074074,
        "f1-score": 0.2832618025751073,
        "support": 81.0
    },
    "micro avg": {
        "precision": 0.2491349480968858,
        "recall": 0.19753086419753085,
        "f1-score": 0.22035195103289976,
        "support": 729.0
    },
    "macro avg": {
        "precision": 0.2728689257430428,
        "recall": 0.19753086419753085,
        "f1-score": 0.2085086879165558,
        "support": 729.0
    },
    "weighted avg": {
        "precision": 0.2728689257430428,
        "recall": 0.19753086419753085,
        "f1-score": 0.20850868791655577,
        "support": 729.0
    },
    "accuracy": 0.19753086419753085
}