{
    "1": {
        "precision": 1.0,
        "recall": 1.0,
        "f1-score": 1.0,
        "support": 81.0
    },
    "2": {
        "precision": 1.0,
        "recall": 1.0,
        "f1-score": 1.0,
        "support": 81.0
    },
    "3": {
        "precision": 0.9529411764705882,
        "recall": 1.0,
        "f1-score": 0.9759036144578314,
        "support": 81.0
    },
    "4": {
        "precision": 0.926829268292683,
        "recall": 0.9382716049382716,
        "f1-score": 0.9325153374233128,
        "support": 81.0
    },
    "5": {
        "precision": 0.7978723404255319,
        "recall": 0.9259259259259259,
        "f1-score": 0.8571428571428571,
        "support": 81.0
    },
    "6": {
        "precision": 0.8142857142857143,
        "recall": 0.7037037037037037,
        "f1-score": 0.7549668874172185,
        "support": 81.0
    },
    "7": {
        "precision": 0.7159090909090909,
        "recall": 0.7777777777777778,
        "f1-score": 0.7455621301775148,
        "support": 81.0
    },
    "8": {
        "precision": 0.6627906976744186,
        "recall": 0.7037037037037037,
        "f1-score": 0.6826347305389222,
        "support": 81.0
    },
    "9": {
        "precision": 0.8148148148148148,
        "recall": 0.2716049382716049,
        "f1-score": 0.4074074074074074,
        "support": 81.0
    },
    "micro avg": {
        "precision": 0.8544668587896254,
        "recall": 0.813443072702332,
        "f1-score": 0.8334504567814477,
        "support": 729.0
    },
    "macro avg": {
        "precision": 0.8539381225414269,
        "recall": 0.8134430727023321,
        "f1-score": 0.8173481071738959,
        "support": 729.0
    },
    "weighted avg": {
        "precision": 0.8539381225414268,
        "recall": 0.813443072702332,
        "f1-score": 0.817348107173896,
        "support": 729.0
    },
    "accuracy": 0.813443072702332
}