{
    "1": {
        "precision": 1.0,
        "recall": 1.0,
        "f1-score": 1.0,
        "support": 81.0
    },
    "2": {
        "precision": 1.0,
        "recall": 1.0,
        "f1-score": 1.0,
        "support": 81.0
    },
    "3": {
        "precision": 1.0,
        "recall": 1.0,
        "f1-score": 1.0,
        "support": 81.0
    },
    "4": {
        "precision": 1.0,
        "recall": 1.0,
        "f1-score": 1.0,
        "support": 81.0
    },
    "5": {
        "precision": 1.0,
        "recall": 0.9876543209876543,
        "f1-score": 0.9937888198757764,
        "support": 81.0
    },
    "6": {
        "precision": 0.9878048780487805,
        "recall": 1.0,
        "f1-score": 0.9938650306748467,
        "support": 81.0
    },
    "7": {
        "precision": 1.0,
        "recall": 1.0,
        "f1-score": 1.0,
        "support": 81.0
    },
    "8": {
        "precision": 0.9753086419753086,
        "recall": 0.9753086419753086,
        "f1-score": 0.9753086419753086,
        "support": 81.0
    },
    "9": {
        "precision": 0.9753086419753086,
        "recall": 0.9753086419753086,
        "f1-score": 0.9753086419753086,
        "support": 81.0
    },
    "accuracy": 0.9931412894375857,
    "macro avg": {
        "precision": 0.9931580179999331,
        "recall": 0.9931412894375858,
        "f1-score": 0.9931412371668045,
        "support": 729.0
    },
    "weighted avg": {
        "precision": 0.9931580179999331,
        "recall": 0.9931412894375857,
        "f1-score": 0.9931412371668045,
        "support": 729.0
    }
}