{
    "1": {
        "precision": 1.0,
        "recall": 0.9998210771157631,
        "f1-score": 0.9999105305538158,
        "support": 5589.0
    },
    "2": {
        "precision": 0.9976794002142092,
        "recall": 1.0,
        "f1-score": 0.9988383522473416,
        "support": 5589.0
    },
    "3": {
        "precision": 0.9948269711023903,
        "recall": 0.9978529253891573,
        "f1-score": 0.9963376507369361,
        "support": 5589.0
    },
    "4": {
        "precision": 0.9978459881529348,
        "recall": 0.9946323134728932,
        "f1-score": 0.9962365591397849,
        "support": 5589.0
    },
    "5": {
        "precision": 0.9932300017815785,
        "recall": 0.9974950796206835,
        "f1-score": 0.9953579717907517,
        "support": 5589.0
    },
    "6": {
        "precision": 0.9619989588755856,
        "recall": 0.9919484702093397,
        "f1-score": 0.9767441860465116,
        "support": 5589.0
    },
    "7": {
        "precision": 0.9461986240959604,
        "recall": 0.9597423510466989,
        "f1-score": 0.9529223663172854,
        "support": 5589.0
    },
    "8": {
        "precision": 0.9447523690327194,
        "recall": 0.9454285203077474,
        "f1-score": 0.9450903237345735,
        "support": 5589.0
    },
    "9": {
        "precision": 0.9984894259818731,
        "recall": 0.9461442118446949,
        "f1-score": 0.9716123105190629,
        "support": 5589.0
    },
    "accuracy": 0.9814516610007753,
    "macro avg": {
        "precision": 0.9816690821374725,
        "recall": 0.9814516610007753,
        "f1-score": 0.9814500278984516,
        "support": 50301.0
    },
    "weighted avg": {
        "precision": 0.9816690821374723,
        "recall": 0.9814516610007753,
        "f1-score": 0.9814500278984515,
        "support": 50301.0
    }
}