{
    "10": {
        "precision": 1.0,
        "recall": 0.024691358024691357,
        "f1-score": 0.04819277108433735,
        "support": 81.0
    },
    "11": {
        "precision": 0.0,
        "recall": 0.0,
        "f1-score": 0.0,
        "support": 81.0
    },
    "12": {
        "precision": 0.0,
        "recall": 0.0,
        "f1-score": 0.0,
        "support": 81.0
    },
    "13": {
        "precision": 0.045454545454545456,
        "recall": 0.012345679012345678,
        "f1-score": 0.019417475728155338,
        "support": 81.0
    },
    "14": {
        "precision": 0.0,
        "recall": 0.0,
        "f1-score": 0.0,
        "support": 81.0
    },
    "15": {
        "precision": 0.0,
        "recall": 0.0,
        "f1-score": 0.0,
        "support": 81.0
    },
    "16": {
        "precision": 0.0,
        "recall": 0.0,
        "f1-score": 0.0,
        "support": 81.0
    },
    "17": {
        "precision": 0.0,
        "recall": 0.0,
        "f1-score": 0.0,
        "support": 81.0
    },
    "18": {
        "precision": 0.0,
        "recall": 0.0,
        "f1-score": 0.0,
        "support": 81.0
    },
    "micro avg": {
        "precision": 0.06,
        "recall": 0.00411522633744856,
        "f1-score": 0.007702182284980745,
        "support": 729.0
    },
    "macro avg": {
        "precision": 0.11616161616161616,
        "recall": 0.004115226337448559,
        "f1-score": 0.0075122496458325215,
        "support": 729.0
    },
    "weighted avg": {
        "precision": 0.11616161616161617,
        "recall": 0.00411522633744856,
        "f1-score": 0.007512249645832521,
        "support": 729.0
    },
    "accuracy": 0.00411522633744856
}