{
    "10": {
        "precision": 0.49166666666666664,
        "recall": 0.7283950617283951,
        "f1-score": 0.5870646766169154,
        "support": 81.0
    },
    "11": {
        "precision": 0.0,
        "recall": 0.0,
        "f1-score": 0.0,
        "support": 81.0
    },
    "12": {
        "precision": 0.7560975609756098,
        "recall": 0.7654320987654321,
        "f1-score": 0.7607361963190185,
        "support": 81.0
    },
    "13": {
        "precision": 0.7285714285714285,
        "recall": 0.6296296296296297,
        "f1-score": 0.6754966887417219,
        "support": 81.0
    },
    "14": {
        "precision": 0.3333333333333333,
        "recall": 0.1728395061728395,
        "f1-score": 0.22764227642276422,
        "support": 81.0
    },
    "15": {
        "precision": 0.2717391304347826,
        "recall": 0.30864197530864196,
        "f1-score": 0.28901734104046245,
        "support": 81.0
    },
    "16": {
        "precision": 0.16,
        "recall": 0.09876543209876543,
        "f1-score": 0.12213740458015267,
        "support": 81.0
    },
    "17": {
        "precision": 0.0,
        "recall": 0.0,
        "f1-score": 0.0,
        "support": 81.0
    },
    "18": {
        "precision": 0.0,
        "recall": 0.0,
        "f1-score": 0.0,
        "support": 81.0
    },
    "micro avg": {
        "precision": 0.477124183006536,
        "recall": 0.3004115226337449,
        "f1-score": 0.3686868686868687,
        "support": 729.0
    },
    "macro avg": {
        "precision": 0.3046009022202023,
        "recall": 0.3004115226337449,
        "f1-score": 0.295788287080115,
        "support": 729.0
    },
    "weighted avg": {
        "precision": 0.3046009022202023,
        "recall": 0.3004115226337449,
        "f1-score": 0.295788287080115,
        "support": 729.0
    },
    "accuracy": 0.3004115226337449
}