{
    "1": {
        "precision": 1.0,
        "recall": 0.9690463410270174,
        "f1-score": 0.9842798727850977,
        "support": 5589.0
    },
    "2": {
        "precision": 0.9575122039414211,
        "recall": 0.9475755949185901,
        "f1-score": 0.9525179856115108,
        "support": 5589.0
    },
    "3": {
        "precision": 0.9177718832891246,
        "recall": 0.9286097691894794,
        "f1-score": 0.9231590181430096,
        "support": 5589.0
    },
    "4": {
        "precision": 0.8746807734403502,
        "recall": 0.8579352299159062,
        "f1-score": 0.8662270797579261,
        "support": 5589.0
    },
    "5": {
        "precision": 0.7554276315789473,
        "recall": 0.8217928073000537,
        "f1-score": 0.7872139857742737,
        "support": 5589.0
    },
    "6": {
        "precision": 0.6897549353301565,
        "recall": 0.725174449812131,
        "f1-score": 0.7070213693850851,
        "support": 5589.0
    },
    "7": {
        "precision": 0.6968301273367651,
        "recall": 0.46018965825729113,
        "f1-score": 0.5543103448275862,
        "support": 5589.0
    },
    "8": {
        "precision": 0.5474489795918367,
        "recall": 0.5759527643585615,
        "f1-score": 0.5613392623594036,
        "support": 5589.0
    },
    "9": {
        "precision": 0.641160347190498,
        "recall": 0.5022365360529611,
        "f1-score": 0.5632587538878299,
        "support": 5589.0
    },
    "micro avg": {
        "precision": 0.7906186834482902,
        "recall": 0.7542792389813324,
        "f1-score": 0.7720215688269407,
        "support": 50301.0
    },
    "macro avg": {
        "precision": 0.7867318757443443,
        "recall": 0.7542792389813324,
        "f1-score": 0.7665919636146358,
        "support": 50301.0
    },
    "weighted avg": {
        "precision": 0.7867318757443444,
        "recall": 0.7542792389813324,
        "f1-score": 0.7665919636146357,
        "support": 50301.0
    },
    "accuracy": 0.7542792389813324
}