{
    "1": {
        "precision": 0.9759036144578314,
        "recall": 1.0,
        "f1-score": 0.9878048780487805,
        "support": 81.0
    },
    "2": {
        "precision": 0.48338368580060426,
        "recall": 0.9876543209876543,
        "f1-score": 0.6490872210953347,
        "support": 162.0
    },
    "3": {
        "precision": 0.18181818181818182,
        "recall": 0.2962962962962963,
        "f1-score": 0.22535211267605634,
        "support": 243.0
    },
    "4": {
        "precision": 0.0,
        "recall": 0.0,
        "f1-score": 0.0,
        "support": 324.0
    },
    "5": {
        "precision": 0.0,
        "recall": 0.0,
        "f1-score": 0.0,
        "support": 405.0
    },
    "6": {
        "precision": 0.0,
        "recall": 0.0,
        "f1-score": 0.0,
        "support": 486.0
    },
    "7": {
        "precision": 0.0,
        "recall": 0.0,
        "f1-score": 0.0,
        "support": 567.0
    },
    "8": {
        "precision": 0.0,
        "recall": 0.0,
        "f1-score": 0.0,
        "support": 648.0
    },
    "9": {
        "precision": 0.0,
        "recall": 0.0,
        "f1-score": 0.0,
        "support": 729.0
    },
    "accuracy": 0.08587105624142662,
    "macro avg": {
        "precision": 0.1823450535640686,
        "recall": 0.25377229080932784,
        "f1-score": 0.2069160235355746,
        "support": 3645.0
    },
    "weighted avg": {
        "precision": 0.055291678478079684,
        "recall": 0.08587105624142662,
        "f1-score": 0.06582301462816931,
        "support": 3645.0
    }
}