{
    "10": {
        "precision": 0.40641711229946526,
        "recall": 0.9382716049382716,
        "f1-score": 0.5671641791044776,
        "support": 81.0
    },
    "11": {
        "precision": 0.12385321100917432,
        "recall": 0.3333333333333333,
        "f1-score": 0.1806020066889632,
        "support": 81.0
    },
    "12": {
        "precision": 0.19298245614035087,
        "recall": 0.13580246913580246,
        "f1-score": 0.15942028985507245,
        "support": 81.0
    },
    "13": {
        "precision": 0.10483870967741936,
        "recall": 0.16049382716049382,
        "f1-score": 0.12682926829268293,
        "support": 81.0
    },
    "14": {
        "precision": 0.0,
        "recall": 0.0,
        "f1-score": 0.0,
        "support": 81.0
    },
    "15": {
        "precision": 0.08695652173913043,
        "recall": 0.024691358024691357,
        "f1-score": 0.038461538461538464,
        "support": 81.0
    },
    "16": {
        "precision": 0.04,
        "recall": 0.024691358024691357,
        "f1-score": 0.030534351145038167,
        "support": 81.0
    },
    "17": {
        "precision": 0.5,
        "recall": 0.012345679012345678,
        "f1-score": 0.024096385542168676,
        "support": 81.0
    },
    "18": {
        "precision": 1.0,
        "recall": 0.1111111111111111,
        "f1-score": 0.2,
        "support": 81.0
    },
    "micro avg": {
        "precision": 0.19475138121546962,
        "recall": 0.1934156378600823,
        "f1-score": 0.19408121128699243,
        "support": 729.0
    },
    "macro avg": {
        "precision": 0.27278311231839336,
        "recall": 0.1934156378600823,
        "f1-score": 0.14745644656554904,
        "support": 729.0
    },
    "weighted avg": {
        "precision": 0.27278311231839336,
        "recall": 0.1934156378600823,
        "f1-score": 0.14745644656554907,
        "support": 729.0
    },
    "accuracy": 0.1934156378600823
}