{
    "1": {
        "precision": 0.9759036144578314,
        "recall": 1.0,
        "f1-score": 0.9878048780487805,
        "support": 81.0
    },
    "2": {
        "precision": 0.9518072289156626,
        "recall": 0.9753086419753086,
        "f1-score": 0.9634146341463414,
        "support": 81.0
    },
    "3": {
        "precision": 0.8210526315789474,
        "recall": 0.9629629629629629,
        "f1-score": 0.8863636363636364,
        "support": 81.0
    },
    "4": {
        "precision": 0.4620253164556962,
        "recall": 0.9012345679012346,
        "f1-score": 0.6108786610878661,
        "support": 81.0
    },
    "5": {
        "precision": 0.5042735042735043,
        "recall": 0.7283950617283951,
        "f1-score": 0.5959595959595959,
        "support": 81.0
    },
    "6": {
        "precision": 0.4166666666666667,
        "recall": 0.37037037037037035,
        "f1-score": 0.39215686274509803,
        "support": 81.0
    },
    "7": {
        "precision": 0.4473684210526316,
        "recall": 0.20987654320987653,
        "f1-score": 0.2857142857142857,
        "support": 81.0
    },
    "8": {
        "precision": 0.5588235294117647,
        "recall": 0.2345679012345679,
        "f1-score": 0.33043478260869563,
        "support": 81.0
    },
    "9": {
        "precision": 0.6842105263157895,
        "recall": 0.16049382716049382,
        "f1-score": 0.26,
        "support": 81.0
    },
    "micro avg": {
        "precision": 0.642346208869814,
        "recall": 0.6159122085048011,
        "f1-score": 0.6288515406162465,
        "support": 729.0
    },
    "macro avg": {
        "precision": 0.6469034932364993,
        "recall": 0.6159122085048011,
        "f1-score": 0.5903030374082555,
        "support": 729.0
    },
    "weighted avg": {
        "precision": 0.6469034932364994,
        "recall": 0.6159122085048011,
        "f1-score": 0.5903030374082555,
        "support": 729.0
    },
    "accuracy": 0.6159122085048011
}