{
    "10": {
        "precision": 0.06140350877192982,
        "recall": 0.08641975308641975,
        "f1-score": 0.07179487179487179,
        "support": 81.0
    },
    "11": {
        "precision": 0.0,
        "recall": 0.0,
        "f1-score": 0.0,
        "support": 81.0
    },
    "12": {
        "precision": 0.5242718446601942,
        "recall": 0.6666666666666666,
        "f1-score": 0.5869565217391305,
        "support": 81.0
    },
    "13": {
        "precision": 0.6739130434782609,
        "recall": 0.38271604938271603,
        "f1-score": 0.4881889763779528,
        "support": 81.0
    },
    "14": {
        "precision": 0.5546218487394958,
        "recall": 0.8148148148148148,
        "f1-score": 0.66,
        "support": 81.0
    },
    "15": {
        "precision": 0.6304347826086957,
        "recall": 0.35802469135802467,
        "f1-score": 0.4566929133858268,
        "support": 81.0
    },
    "16": {
        "precision": 0.6666666666666666,
        "recall": 0.04938271604938271,
        "f1-score": 0.09195402298850575,
        "support": 81.0
    },
    "17": {
        "precision": 0.0,
        "recall": 0.0,
        "f1-score": 0.0,
        "support": 81.0
    },
    "18": {
        "precision": 0.0,
        "recall": 0.0,
        "f1-score": 0.0,
        "support": 81.0
    },
    "micro avg": {
        "precision": 0.4400921658986175,
        "recall": 0.262002743484225,
        "f1-score": 0.3284608770421324,
        "support": 729.0
    },
    "macro avg": {
        "precision": 0.3457012994361381,
        "recall": 0.2620027434842249,
        "f1-score": 0.26173192292069863,
        "support": 729.0
    },
    "weighted avg": {
        "precision": 0.3457012994361381,
        "recall": 0.262002743484225,
        "f1-score": 0.26173192292069863,
        "support": 729.0
    },
    "accuracy": 0.262002743484225
}