{
    "1": {
        "precision": 1.0,
        "recall": 0.9987475398103417,
        "f1-score": 0.9993733774953003,
        "support": 5589.0
    },
    "2": {
        "precision": 0.9987421383647799,
        "recall": 0.9944533905886563,
        "f1-score": 0.9965931504393043,
        "support": 5589.0
    },
    "3": {
        "precision": 0.9919484702093397,
        "recall": 0.9919484702093397,
        "f1-score": 0.9919484702093397,
        "support": 5589.0
    },
    "4": {
        "precision": 0.9828227377368515,
        "recall": 0.9930220075147611,
        "f1-score": 0.9878960484158064,
        "support": 5589.0
    },
    "5": {
        "precision": 0.9769176136363636,
        "recall": 0.9844337090713903,
        "f1-score": 0.9806612601372426,
        "support": 5589.0
    },
    "6": {
        "precision": 0.9524142757172848,
        "recall": 0.9740561817856503,
        "f1-score": 0.9631136665192392,
        "support": 5589.0
    },
    "7": {
        "precision": 0.9454222222222223,
        "recall": 0.9515118983718017,
        "f1-score": 0.9484572855359372,
        "support": 5589.0
    },
    "8": {
        "precision": 0.9175401816911251,
        "recall": 0.9397029880121668,
        "f1-score": 0.9284893485370812,
        "support": 5589.0
    },
    "9": {
        "precision": 0.9865926067803102,
        "recall": 0.9216317767042405,
        "f1-score": 0.9530064754856614,
        "support": 5589.0
    },
    "accuracy": 0.9721675513409276,
    "macro avg": {
        "precision": 0.9724889162620306,
        "recall": 0.9721675513409276,
        "f1-score": 0.9721710091972126,
        "support": 50301.0
    },
    "weighted avg": {
        "precision": 0.9724889162620308,
        "recall": 0.9721675513409276,
        "f1-score": 0.9721710091972124,
        "support": 50301.0
    }
}