{
    "1": {
        "precision": 1.0,
        "recall": 1.0,
        "f1-score": 1.0,
        "support": 81.0
    },
    "2": {
        "precision": 0.9759036144578314,
        "recall": 1.0,
        "f1-score": 0.9878048780487805,
        "support": 81.0
    },
    "3": {
        "precision": 0.8061224489795918,
        "recall": 0.9753086419753086,
        "f1-score": 0.88268156424581,
        "support": 81.0
    },
    "4": {
        "precision": 0.3894736842105263,
        "recall": 0.9135802469135802,
        "f1-score": 0.5461254612546126,
        "support": 81.0
    },
    "5": {
        "precision": 0.5978260869565217,
        "recall": 0.6790123456790124,
        "f1-score": 0.6358381502890174,
        "support": 81.0
    },
    "6": {
        "precision": 0.5070422535211268,
        "recall": 0.4444444444444444,
        "f1-score": 0.47368421052631576,
        "support": 81.0
    },
    "7": {
        "precision": 0.6129032258064516,
        "recall": 0.2345679012345679,
        "f1-score": 0.3392857142857143,
        "support": 81.0
    },
    "8": {
        "precision": 0.627906976744186,
        "recall": 0.3333333333333333,
        "f1-score": 0.43548387096774194,
        "support": 81.0
    },
    "9": {
        "precision": 0.6666666666666666,
        "recall": 0.14814814814814814,
        "f1-score": 0.24242424242424243,
        "support": 81.0
    },
    "micro avg": {
        "precision": 0.6562942008486563,
        "recall": 0.6364883401920439,
        "f1-score": 0.6462395543175488,
        "support": 729.0
    },
    "macro avg": {
        "precision": 0.6870938841492115,
        "recall": 0.6364883401920438,
        "f1-score": 0.6159253435602482,
        "support": 729.0
    },
    "weighted avg": {
        "precision": 0.6870938841492115,
        "recall": 0.6364883401920439,
        "f1-score": 0.6159253435602483,
        "support": 729.0
    },
    "accuracy": 0.6364883401920439
}