{
    "1": {
        "precision": 1.0,
        "recall": 0.9012345679012346,
        "f1-score": 0.948051948051948,
        "support": 81.0
    },
    "2": {
        "precision": 0.9024390243902439,
        "recall": 0.9135802469135802,
        "f1-score": 0.9079754601226994,
        "support": 81.0
    },
    "3": {
        "precision": 0.9473684210526315,
        "recall": 0.8888888888888888,
        "f1-score": 0.9171974522292994,
        "support": 81.0
    },
    "4": {
        "precision": 0.8607594936708861,
        "recall": 0.8395061728395061,
        "f1-score": 0.85,
        "support": 81.0
    },
    "5": {
        "precision": 0.8857142857142857,
        "recall": 0.7654320987654321,
        "f1-score": 0.8211920529801324,
        "support": 81.0
    },
    "6": {
        "precision": 0.7733333333333333,
        "recall": 0.7160493827160493,
        "f1-score": 0.7435897435897436,
        "support": 81.0
    },
    "7": {
        "precision": 0.7230769230769231,
        "recall": 0.5802469135802469,
        "f1-score": 0.6438356164383562,
        "support": 81.0
    },
    "8": {
        "precision": 0.5211267605633803,
        "recall": 0.4567901234567901,
        "f1-score": 0.4868421052631579,
        "support": 81.0
    },
    "9": {
        "precision": 0.5,
        "recall": 0.3333333333333333,
        "f1-score": 0.4,
        "support": 81.0
    },
    "micro avg": {
        "precision": 0.8031007751937984,
        "recall": 0.710562414266118,
        "f1-score": 0.7540029112081513,
        "support": 729.0
    },
    "macro avg": {
        "precision": 0.7904242490890759,
        "recall": 0.7105624142661179,
        "f1-score": 0.7465204865194819,
        "support": 729.0
    },
    "weighted avg": {
        "precision": 0.790424249089076,
        "recall": 0.710562414266118,
        "f1-score": 0.7465204865194819,
        "support": 729.0
    },
    "accuracy": 0.710562414266118
}