{
    "1": {
        "precision": 1.0,
        "recall": 0.9996421542315262,
        "f1-score": 0.9998210450966356,
        "support": 5589.0
    },
    "2": {
        "precision": 0.9825093699803676,
        "recall": 0.984970477724101,
        "f1-score": 0.9837383845604003,
        "support": 5589.0
    },
    "3": {
        "precision": 0.9349621472814866,
        "recall": 0.9722669529432815,
        "f1-score": 0.9532497149372862,
        "support": 5589.0
    },
    "4": {
        "precision": 0.8926862611073137,
        "recall": 0.9346931472535337,
        "f1-score": 0.913206887509833,
        "support": 5589.0
    },
    "5": {
        "precision": 0.7366157496663206,
        "recall": 0.888709966004652,
        "f1-score": 0.8055465455724943,
        "support": 5589.0
    },
    "6": {
        "precision": 0.5687028546073066,
        "recall": 0.6879584898908571,
        "f1-score": 0.622672064777328,
        "support": 5589.0
    },
    "7": {
        "precision": 0.5341071064956221,
        "recall": 0.4693147253533727,
        "f1-score": 0.49961904761904763,
        "support": 5589.0
    },
    "8": {
        "precision": 0.5482561358184167,
        "recall": 0.5315798890678117,
        "f1-score": 0.5397892441860465,
        "support": 5589.0
    },
    "9": {
        "precision": 0.8849890316515199,
        "recall": 0.5052782250849883,
        "f1-score": 0.6432801822323463,
        "support": 5589.0
    },
    "micro avg": {
        "precision": 0.7814912087251148,
        "recall": 0.7749348919504583,
        "f1-score": 0.778199241365542,
        "support": 50301.0
    },
    "macro avg": {
        "precision": 0.7869809618453727,
        "recall": 0.7749348919504583,
        "f1-score": 0.7734359018323798,
        "support": 50301.0
    },
    "weighted avg": {
        "precision": 0.7869809618453726,
        "recall": 0.7749348919504583,
        "f1-score": 0.7734359018323798,
        "support": 50301.0
    },
    "accuracy": 0.7749348919504583
}