{
    "10": {
        "precision": 0.40476190476190477,
        "recall": 0.6296296296296297,
        "f1-score": 0.4927536231884058,
        "support": 81.0
    },
    "11": {
        "precision": 0.21428571428571427,
        "recall": 0.07407407407407407,
        "f1-score": 0.11009174311926606,
        "support": 81.0
    },
    "12": {
        "precision": 0.8939393939393939,
        "recall": 0.7283950617283951,
        "f1-score": 0.8027210884353742,
        "support": 81.0
    },
    "13": {
        "precision": 1.0,
        "recall": 0.8518518518518519,
        "f1-score": 0.92,
        "support": 81.0
    },
    "14": {
        "precision": 0.922077922077922,
        "recall": 0.8765432098765432,
        "f1-score": 0.8987341772151899,
        "support": 81.0
    },
    "15": {
        "precision": 0.8591549295774648,
        "recall": 0.7530864197530864,
        "f1-score": 0.8026315789473685,
        "support": 81.0
    },
    "16": {
        "precision": 0.4722222222222222,
        "recall": 0.20987654320987653,
        "f1-score": 0.2905982905982906,
        "support": 81.0
    },
    "17": {
        "precision": 0.0,
        "recall": 0.0,
        "f1-score": 0.0,
        "support": 81.0
    },
    "18": {
        "precision": 0.0,
        "recall": 0.0,
        "f1-score": 0.0,
        "support": 81.0
    },
    "micro avg": {
        "precision": 0.5974955277280859,
        "recall": 0.45816186556927296,
        "f1-score": 0.5186335403726708,
        "support": 729.0
    },
    "macro avg": {
        "precision": 0.5296046763182913,
        "recall": 0.458161865569273,
        "f1-score": 0.47972561127821056,
        "support": 729.0
    },
    "weighted avg": {
        "precision": 0.5296046763182913,
        "recall": 0.45816186556927296,
        "f1-score": 0.47972561127821056,
        "support": 729.0
    },
    "accuracy": 0.45816186556927296
}