{
    "10": {
        "precision": 0.48507462686567165,
        "recall": 0.8024691358024691,
        "f1-score": 0.6046511627906976,
        "support": 81.0
    },
    "11": {
        "precision": 0.0,
        "recall": 0.0,
        "f1-score": 0.0,
        "support": 81.0
    },
    "12": {
        "precision": 0.35294117647058826,
        "recall": 0.2222222222222222,
        "f1-score": 0.2727272727272727,
        "support": 81.0
    },
    "13": {
        "precision": 0.3858267716535433,
        "recall": 0.6049382716049383,
        "f1-score": 0.47115384615384615,
        "support": 81.0
    },
    "14": {
        "precision": 0.16666666666666666,
        "recall": 0.012345679012345678,
        "f1-score": 0.022988505747126436,
        "support": 81.0
    },
    "15": {
        "precision": 0.323943661971831,
        "recall": 0.5679012345679012,
        "f1-score": 0.4125560538116592,
        "support": 81.0
    },
    "16": {
        "precision": 0.25,
        "recall": 0.012345679012345678,
        "f1-score": 0.023529411764705882,
        "support": 81.0
    },
    "17": {
        "precision": 0.29411764705882354,
        "recall": 0.18518518518518517,
        "f1-score": 0.22727272727272727,
        "support": 81.0
    },
    "18": {
        "precision": 1.0,
        "recall": 0.012345679012345678,
        "f1-score": 0.024390243902439025,
        "support": 81.0
    },
    "micro avg": {
        "precision": 0.3798449612403101,
        "recall": 0.26886145404663925,
        "f1-score": 0.314859437751004,
        "support": 729.0
    },
    "macro avg": {
        "precision": 0.3620633945207916,
        "recall": 0.26886145404663925,
        "f1-score": 0.22880769157449718,
        "support": 729.0
    },
    "weighted avg": {
        "precision": 0.36206339452079156,
        "recall": 0.26886145404663925,
        "f1-score": 0.22880769157449712,
        "support": 729.0
    },
    "accuracy": 0.26886145404663925
}