{
    "10": {
        "precision": 0.5904761904761905,
        "recall": 0.7654320987654321,
        "f1-score": 0.6666666666666666,
        "support": 81.0
    },
    "11": {
        "precision": 0.0,
        "recall": 0.0,
        "f1-score": 0.0,
        "support": 81.0
    },
    "12": {
        "precision": 0.3522012578616352,
        "recall": 0.691358024691358,
        "f1-score": 0.4666666666666667,
        "support": 81.0
    },
    "13": {
        "precision": 0.40625,
        "recall": 0.48148148148148145,
        "f1-score": 0.4406779661016949,
        "support": 81.0
    },
    "14": {
        "precision": 0.0,
        "recall": 0.0,
        "f1-score": 0.0,
        "support": 81.0
    },
    "15": {
        "precision": 0.3253968253968254,
        "recall": 0.5061728395061729,
        "f1-score": 0.3961352657004831,
        "support": 81.0
    },
    "16": {
        "precision": 0.2631578947368421,
        "recall": 0.06172839506172839,
        "f1-score": 0.1,
        "support": 81.0
    },
    "17": {
        "precision": 0.42857142857142855,
        "recall": 0.07407407407407407,
        "f1-score": 0.12631578947368421,
        "support": 81.0
    },
    "18": {
        "precision": 0.0,
        "recall": 0.0,
        "f1-score": 0.0,
        "support": 81.0
    },
    "micro avg": {
        "precision": 0.40192307692307694,
        "recall": 0.28669410150891633,
        "f1-score": 0.33466773418734985,
        "support": 729.0
    },
    "macro avg": {
        "precision": 0.2628948441158802,
        "recall": 0.28669410150891633,
        "f1-score": 0.24405137273435507,
        "support": 729.0
    },
    "weighted avg": {
        "precision": 0.2628948441158802,
        "recall": 0.28669410150891633,
        "f1-score": 0.24405137273435504,
        "support": 729.0
    },
    "accuracy": 0.28669410150891633
}