{
    "10": {
        "precision": 0.056179775280898875,
        "recall": 0.06172839506172839,
        "f1-score": 0.058823529411764705,
        "support": 81.0
    },
    "11": {
        "precision": 0.3333333333333333,
        "recall": 0.012345679012345678,
        "f1-score": 0.023809523809523808,
        "support": 81.0
    },
    "12": {
        "precision": 0.98,
        "recall": 0.6049382716049383,
        "f1-score": 0.7480916030534351,
        "support": 81.0
    },
    "13": {
        "precision": 0.5365853658536586,
        "recall": 0.2716049382716049,
        "f1-score": 0.36065573770491804,
        "support": 81.0
    },
    "14": {
        "precision": 0.020833333333333332,
        "recall": 0.012345679012345678,
        "f1-score": 0.015503875968992248,
        "support": 81.0
    },
    "15": {
        "precision": 0.015151515151515152,
        "recall": 0.012345679012345678,
        "f1-score": 0.013605442176870748,
        "support": 81.0
    },
    "16": {
        "precision": 0.03296703296703297,
        "recall": 0.037037037037037035,
        "f1-score": 0.03488372093023256,
        "support": 81.0
    },
    "17": {
        "precision": 0.0,
        "recall": 0.0,
        "f1-score": 0.0,
        "support": 81.0
    },
    "18": {
        "precision": 0.056962025316455694,
        "recall": 0.1111111111111111,
        "f1-score": 0.07531380753138076,
        "support": 81.0
    },
    "micro avg": {
        "precision": 0.1663619744058501,
        "recall": 0.12482853223593965,
        "f1-score": 0.1426332288401254,
        "support": 729.0
    },
    "macro avg": {
        "precision": 0.225779153470692,
        "recall": 0.12482853223593965,
        "f1-score": 0.1478541378430131,
        "support": 729.0
    },
    "weighted avg": {
        "precision": 0.22577915347069197,
        "recall": 0.12482853223593965,
        "f1-score": 0.1478541378430131,
        "support": 729.0
    },
    "accuracy": 0.12482853223593965
}