{
    "1": {
        "precision": 1.0,
        "recall": 1.0,
        "f1-score": 1.0,
        "support": 81.0
    },
    "2": {
        "precision": 0.9759036144578314,
        "recall": 1.0,
        "f1-score": 0.9878048780487805,
        "support": 81.0
    },
    "3": {
        "precision": 0.7596153846153846,
        "recall": 0.9753086419753086,
        "f1-score": 0.8540540540540541,
        "support": 81.0
    },
    "4": {
        "precision": 0.4966887417218543,
        "recall": 0.9259259259259259,
        "f1-score": 0.646551724137931,
        "support": 81.0
    },
    "5": {
        "precision": 0.4803921568627451,
        "recall": 0.6049382716049383,
        "f1-score": 0.5355191256830601,
        "support": 81.0
    },
    "6": {
        "precision": 0.44,
        "recall": 0.4074074074074074,
        "f1-score": 0.4230769230769231,
        "support": 81.0
    },
    "7": {
        "precision": 0.43243243243243246,
        "recall": 0.19753086419753085,
        "f1-score": 0.2711864406779661,
        "support": 81.0
    },
    "8": {
        "precision": 0.5128205128205128,
        "recall": 0.24691358024691357,
        "f1-score": 0.3333333333333333,
        "support": 81.0
    },
    "9": {
        "precision": 0.5714285714285714,
        "recall": 0.19753086419753085,
        "f1-score": 0.29357798165137616,
        "support": 81.0
    },
    "micro avg": {
        "precision": 0.6428571428571429,
        "recall": 0.6172839506172839,
        "f1-score": 0.6298110566829951,
        "support": 729.0
    },
    "macro avg": {
        "precision": 0.6299201571488147,
        "recall": 0.6172839506172839,
        "f1-score": 0.5939004956292694,
        "support": 729.0
    },
    "weighted avg": {
        "precision": 0.6299201571488148,
        "recall": 0.6172839506172839,
        "f1-score": 0.5939004956292694,
        "support": 729.0
    },
    "accuracy": 0.6172839506172839
}