{
    "10": {
        "precision": 1.0,
        "recall": 0.35802469135802467,
        "f1-score": 0.5272727272727272,
        "support": 81.0
    },
    "11": {
        "precision": 0.0,
        "recall": 0.0,
        "f1-score": 0.0,
        "support": 81.0
    },
    "12": {
        "precision": 0.0,
        "recall": 0.0,
        "f1-score": 0.0,
        "support": 81.0
    },
    "13": {
        "precision": 0.0,
        "recall": 0.0,
        "f1-score": 0.0,
        "support": 81.0
    },
    "14": {
        "precision": 0.0,
        "recall": 0.0,
        "f1-score": 0.0,
        "support": 81.0
    },
    "15": {
        "precision": 0.0,
        "recall": 0.0,
        "f1-score": 0.0,
        "support": 81.0
    },
    "16": {
        "precision": 0.0,
        "recall": 0.0,
        "f1-score": 0.0,
        "support": 81.0
    },
    "17": {
        "precision": 0.0,
        "recall": 0.0,
        "f1-score": 0.0,
        "support": 81.0
    },
    "18": {
        "precision": 0.0,
        "recall": 0.0,
        "f1-score": 0.0,
        "support": 81.0
    },
    "micro avg": {
        "precision": 0.9354838709677419,
        "recall": 0.039780521262002745,
        "f1-score": 0.07631578947368421,
        "support": 729.0
    },
    "macro avg": {
        "precision": 0.1111111111111111,
        "recall": 0.03978052126200274,
        "f1-score": 0.05858585858585858,
        "support": 729.0
    },
    "weighted avg": {
        "precision": 0.1111111111111111,
        "recall": 0.039780521262002745,
        "f1-score": 0.05858585858585858,
        "support": 729.0
    },
    "accuracy": 0.039780521262002745
}