{
    "10": {
        "precision": 0.48348745046235136,
        "recall": 0.7530864197530864,
        "f1-score": 0.588897827835881,
        "support": 1944.0
    },
    "11": {
        "precision": 0.0,
        "recall": 0.0,
        "f1-score": 0.0,
        "support": 1944.0
    },
    "12": {
        "precision": 0.3149522799575822,
        "recall": 0.3055555555555556,
        "f1-score": 0.31018276762402086,
        "support": 1944.0
    },
    "13": {
        "precision": 0.32839931153184165,
        "recall": 0.49074074074074076,
        "f1-score": 0.39348319241080637,
        "support": 1944.0
    },
    "14": {
        "precision": 0.19047619047619047,
        "recall": 0.00411522633744856,
        "f1-score": 0.008056394763343404,
        "support": 1944.0
    },
    "15": {
        "precision": 0.2500825900231252,
        "recall": 0.38940329218106995,
        "f1-score": 0.3045664856165761,
        "support": 1944.0
    },
    "16": {
        "precision": 0.22602739726027396,
        "recall": 0.05092592592592592,
        "f1-score": 0.08312342569269521,
        "support": 1944.0
    },
    "17": {
        "precision": 0.2450199203187251,
        "recall": 0.06327160493827161,
        "f1-score": 0.10057236304170074,
        "support": 1944.0
    },
    "18": {
        "precision": 0.34210526315789475,
        "recall": 0.006687242798353909,
        "f1-score": 0.013118062563067608,
        "support": 1944.0
    },
    "micro avg": {
        "precision": 0.33810888252148996,
        "recall": 0.2293095564700503,
        "f1-score": 0.2732783870308562,
        "support": 17496.0
    },
    "macro avg": {
        "precision": 0.26450560035422055,
        "recall": 0.2293095564700503,
        "f1-score": 0.20022227994978792,
        "support": 17496.0
    },
    "weighted avg": {
        "precision": 0.2645056003542205,
        "recall": 0.2293095564700503,
        "f1-score": 0.20022227994978795,
        "support": 17496.0
    },
    "accuracy": 0.2293095564700503
}