{
    "10": {
        "precision": 1.0,
        "recall": 0.8395061728395061,
        "f1-score": 0.912751677852349,
        "support": 81.0
    },
    "11": {
        "precision": 0.9245283018867925,
        "recall": 0.6049382716049383,
        "f1-score": 0.7313432835820896,
        "support": 81.0
    },
    "12": {
        "precision": 0.6049382716049383,
        "recall": 0.6049382716049383,
        "f1-score": 0.6049382716049383,
        "support": 81.0
    },
    "13": {
        "precision": 0.3191489361702128,
        "recall": 0.18518518518518517,
        "f1-score": 0.234375,
        "support": 81.0
    },
    "14": {
        "precision": 0.0,
        "recall": 0.0,
        "f1-score": 0.0,
        "support": 81.0
    },
    "15": {
        "precision": 0.0,
        "recall": 0.0,
        "f1-score": 0.0,
        "support": 81.0
    },
    "16": {
        "precision": 0.008928571428571428,
        "recall": 0.012345679012345678,
        "f1-score": 0.010362694300518135,
        "support": 81.0
    },
    "17": {
        "precision": 0.0,
        "recall": 0.0,
        "f1-score": 0.0,
        "support": 81.0
    },
    "18": {
        "precision": 0.0,
        "recall": 0.0,
        "f1-score": 0.0,
        "support": 81.0
    },
    "micro avg": {
        "precision": 0.3888888888888889,
        "recall": 0.2496570644718793,
        "f1-score": 0.30409356725146197,
        "support": 729.0
    },
    "macro avg": {
        "precision": 0.3175048978989461,
        "recall": 0.2496570644718793,
        "f1-score": 0.2770856585933217,
        "support": 729.0
    },
    "weighted avg": {
        "precision": 0.3175048978989461,
        "recall": 0.2496570644718793,
        "f1-score": 0.2770856585933217,
        "support": 729.0
    },
    "accuracy": 0.2496570644718793
}