{
    "10": {
        "precision": 0.48148148148148145,
        "recall": 0.48148148148148145,
        "f1-score": 0.48148148148148145,
        "support": 81.0
    },
    "11": {
        "precision": 0.45901639344262296,
        "recall": 0.345679012345679,
        "f1-score": 0.39436619718309857,
        "support": 81.0
    },
    "12": {
        "precision": 0.6071428571428571,
        "recall": 0.41975308641975306,
        "f1-score": 0.49635036496350365,
        "support": 81.0
    },
    "13": {
        "precision": 0.5343511450381679,
        "recall": 0.8641975308641975,
        "f1-score": 0.660377358490566,
        "support": 81.0
    },
    "14": {
        "precision": 0.7058823529411765,
        "recall": 0.4444444444444444,
        "f1-score": 0.5454545454545454,
        "support": 81.0
    },
    "15": {
        "precision": 0.6307692307692307,
        "recall": 0.5061728395061729,
        "f1-score": 0.5616438356164384,
        "support": 81.0
    },
    "16": {
        "precision": 0.3333333333333333,
        "recall": 0.06172839506172839,
        "f1-score": 0.10416666666666667,
        "support": 81.0
    },
    "17": {
        "precision": 0.42948717948717946,
        "recall": 0.8271604938271605,
        "f1-score": 0.5654008438818565,
        "support": 81.0
    },
    "18": {
        "precision": 0.8142857142857143,
        "recall": 0.7037037037037037,
        "f1-score": 0.7549668874172185,
        "support": 81.0
    },
    "micro avg": {
        "precision": 0.5495626822157434,
        "recall": 0.5171467764060357,
        "f1-score": 0.5328621908127208,
        "support": 729.0
    },
    "macro avg": {
        "precision": 0.5550832986579737,
        "recall": 0.5171467764060357,
        "f1-score": 0.5071342423505972,
        "support": 729.0
    },
    "weighted avg": {
        "precision": 0.5550832986579738,
        "recall": 0.5171467764060357,
        "f1-score": 0.5071342423505973,
        "support": 729.0
    },
    "accuracy": 0.5171467764060357
}