{
    "1": {
        "precision": 1.0,
        "recall": 1.0,
        "f1-score": 1.0,
        "support": 81.0
    },
    "2": {
        "precision": 0.9878048780487805,
        "recall": 1.0,
        "f1-score": 0.9938650306748467,
        "support": 81.0
    },
    "3": {
        "precision": 0.6929824561403509,
        "recall": 0.9753086419753086,
        "f1-score": 0.8102564102564103,
        "support": 81.0
    },
    "4": {
        "precision": 0.45454545454545453,
        "recall": 0.8641975308641975,
        "f1-score": 0.5957446808510638,
        "support": 81.0
    },
    "5": {
        "precision": 0.5888888888888889,
        "recall": 0.654320987654321,
        "f1-score": 0.6198830409356725,
        "support": 81.0
    },
    "6": {
        "precision": 0.5,
        "recall": 0.4567901234567901,
        "f1-score": 0.4774193548387097,
        "support": 81.0
    },
    "7": {
        "precision": 0.5882352941176471,
        "recall": 0.24691358024691357,
        "f1-score": 0.34782608695652173,
        "support": 81.0
    },
    "8": {
        "precision": 0.52,
        "recall": 0.32098765432098764,
        "f1-score": 0.3969465648854962,
        "support": 81.0
    },
    "9": {
        "precision": 0.48484848484848486,
        "recall": 0.19753086419753085,
        "f1-score": 0.2807017543859649,
        "support": 81.0
    },
    "micro avg": {
        "precision": 0.6502808988764045,
        "recall": 0.635116598079561,
        "f1-score": 0.6426092990978487,
        "support": 729.0
    },
    "macro avg": {
        "precision": 0.6463672729544007,
        "recall": 0.6351165980795611,
        "f1-score": 0.6136269915316317,
        "support": 729.0
    },
    "weighted avg": {
        "precision": 0.6463672729544008,
        "recall": 0.635116598079561,
        "f1-score": 0.6136269915316318,
        "support": 729.0
    },
    "accuracy": 0.635116598079561
}