{
    "1": {
        "precision": 0.9759036144578314,
        "recall": 1.0,
        "f1-score": 0.9878048780487805,
        "support": 81.0
    },
    "2": {
        "precision": 0.47337278106508873,
        "recall": 0.9876543209876543,
        "f1-score": 0.64,
        "support": 162.0
    },
    "3": {
        "precision": 0.16709511568123395,
        "recall": 0.2674897119341564,
        "f1-score": 0.20569620253164558,
        "support": 243.0
    },
    "4": {
        "precision": 0.0,
        "recall": 0.0,
        "f1-score": 0.0,
        "support": 324.0
    },
    "5": {
        "precision": 0.0,
        "recall": 0.0,
        "f1-score": 0.0,
        "support": 405.0
    },
    "6": {
        "precision": 0.0,
        "recall": 0.0,
        "f1-score": 0.0,
        "support": 486.0
    },
    "7": {
        "precision": 0.0,
        "recall": 0.0,
        "f1-score": 0.0,
        "support": 567.0
    },
    "8": {
        "precision": 0.0,
        "recall": 0.0,
        "f1-score": 0.0,
        "support": 648.0
    },
    "9": {
        "precision": 0.0,
        "recall": 0.0,
        "f1-score": 0.0,
        "support": 729.0
    },
    "accuracy": 0.08395061728395062,
    "macro avg": {
        "precision": 0.17959683457823933,
        "recall": 0.2505715592135345,
        "f1-score": 0.20372234228671401,
        "support": 3645.0
    },
    "weighted avg": {
        "precision": 0.053865211636260235,
        "recall": 0.08395061728395062,
        "f1-score": 0.06410874412541594,
        "support": 3645.0
    }
}