{
    "1": {
        "precision": 1.0,
        "recall": 1.0,
        "f1-score": 1.0,
        "support": 81.0
    },
    "2": {
        "precision": 0.9878048780487805,
        "recall": 1.0,
        "f1-score": 0.9938650306748467,
        "support": 81.0
    },
    "3": {
        "precision": 0.8586956521739131,
        "recall": 0.9753086419753086,
        "f1-score": 0.9132947976878613,
        "support": 81.0
    },
    "4": {
        "precision": 0.46107784431137727,
        "recall": 0.9506172839506173,
        "f1-score": 0.6209677419354839,
        "support": 81.0
    },
    "5": {
        "precision": 0.6153846153846154,
        "recall": 0.7901234567901234,
        "f1-score": 0.6918918918918919,
        "support": 81.0
    },
    "6": {
        "precision": 0.5068493150684932,
        "recall": 0.4567901234567901,
        "f1-score": 0.4805194805194805,
        "support": 81.0
    },
    "7": {
        "precision": 0.5217391304347826,
        "recall": 0.2962962962962963,
        "f1-score": 0.3779527559055118,
        "support": 81.0
    },
    "8": {
        "precision": 0.46808510638297873,
        "recall": 0.2716049382716049,
        "f1-score": 0.34375,
        "support": 81.0
    },
    "9": {
        "precision": 0.5,
        "recall": 0.12345679012345678,
        "f1-score": 0.19801980198019803,
        "support": 81.0
    },
    "micro avg": {
        "precision": 0.6671348314606742,
        "recall": 0.6515775034293553,
        "f1-score": 0.659264399722415,
        "support": 729.0
    },
    "macro avg": {
        "precision": 0.6577373935338824,
        "recall": 0.6515775034293552,
        "f1-score": 0.6244735000661417,
        "support": 729.0
    },
    "weighted avg": {
        "precision": 0.6577373935338823,
        "recall": 0.6515775034293553,
        "f1-score": 0.6244735000661417,
        "support": 729.0
    },
    "accuracy": 0.6515775034293553
}