{
    "1": {
        "precision": 1.0,
        "recall": 1.0,
        "f1-score": 1.0,
        "support": 81.0
    },
    "2": {
        "precision": 0.9418604651162791,
        "recall": 1.0,
        "f1-score": 0.9700598802395209,
        "support": 81.0
    },
    "3": {
        "precision": 0.7181818181818181,
        "recall": 0.9753086419753086,
        "f1-score": 0.8272251308900523,
        "support": 81.0
    },
    "4": {
        "precision": 0.3776595744680851,
        "recall": 0.8765432098765432,
        "f1-score": 0.5278810408921933,
        "support": 81.0
    },
    "5": {
        "precision": 0.5742574257425742,
        "recall": 0.7160493827160493,
        "f1-score": 0.6373626373626373,
        "support": 81.0
    },
    "6": {
        "precision": 0.5423728813559322,
        "recall": 0.3950617283950617,
        "f1-score": 0.45714285714285713,
        "support": 81.0
    },
    "7": {
        "precision": 0.5862068965517241,
        "recall": 0.20987654320987653,
        "f1-score": 0.3090909090909091,
        "support": 81.0
    },
    "8": {
        "precision": 0.5526315789473685,
        "recall": 0.25925925925925924,
        "f1-score": 0.35294117647058826,
        "support": 81.0
    },
    "9": {
        "precision": 0.5909090909090909,
        "recall": 0.16049382716049382,
        "f1-score": 0.2524271844660194,
        "support": 81.0
    },
    "micro avg": {
        "precision": 0.634453781512605,
        "recall": 0.6213991769547325,
        "f1-score": 0.6278586278586279,
        "support": 729.0
    },
    "macro avg": {
        "precision": 0.6537866368080969,
        "recall": 0.6213991769547325,
        "f1-score": 0.5926812018394197,
        "support": 729.0
    },
    "weighted avg": {
        "precision": 0.653786636808097,
        "recall": 0.6213991769547325,
        "f1-score": 0.5926812018394197,
        "support": 729.0
    },
    "accuracy": 0.6213991769547325
}