{
    "10": {
        "precision": 0.5783132530120482,
        "recall": 0.5925925925925926,
        "f1-score": 0.5853658536585366,
        "support": 81.0
    },
    "11": {
        "precision": 0.6415094339622641,
        "recall": 0.41975308641975306,
        "f1-score": 0.5074626865671642,
        "support": 81.0
    },
    "12": {
        "precision": 0.8235294117647058,
        "recall": 0.345679012345679,
        "f1-score": 0.48695652173913045,
        "support": 81.0
    },
    "13": {
        "precision": 0.5625,
        "recall": 0.4444444444444444,
        "f1-score": 0.496551724137931,
        "support": 81.0
    },
    "14": {
        "precision": 0.5961538461538461,
        "recall": 0.38271604938271603,
        "f1-score": 0.46616541353383456,
        "support": 81.0
    },
    "15": {
        "precision": 0.55,
        "recall": 0.2716049382716049,
        "f1-score": 0.36363636363636365,
        "support": 81.0
    },
    "16": {
        "precision": 0.5294117647058824,
        "recall": 0.1111111111111111,
        "f1-score": 0.1836734693877551,
        "support": 81.0
    },
    "17": {
        "precision": 0.4368932038834951,
        "recall": 0.5555555555555556,
        "f1-score": 0.4891304347826087,
        "support": 81.0
    },
    "18": {
        "precision": 0.7857142857142857,
        "recall": 0.4074074074074074,
        "f1-score": 0.5365853658536586,
        "support": 81.0
    },
    "micro avg": {
        "precision": 0.5860655737704918,
        "recall": 0.39231824417009603,
        "f1-score": 0.47000821692686934,
        "support": 729.0
    },
    "macro avg": {
        "precision": 0.6115583554662808,
        "recall": 0.39231824417009603,
        "f1-score": 0.4572808703663314,
        "support": 729.0
    },
    "weighted avg": {
        "precision": 0.6115583554662809,
        "recall": 0.39231824417009603,
        "f1-score": 0.45728087036633136,
        "support": 729.0
    },
    "accuracy": 0.39231824417009603
}