{
    "1": {
        "precision": 1.0,
        "recall": 1.0,
        "f1-score": 1.0,
        "support": 81.0
    },
    "2": {
        "precision": 0.7361111111111112,
        "recall": 0.9814814814814815,
        "f1-score": 0.8412698412698413,
        "support": 162.0
    },
    "3": {
        "precision": 0.5113636363636364,
        "recall": 0.7407407407407407,
        "f1-score": 0.6050420168067226,
        "support": 243.0
    },
    "4": {
        "precision": 0.32723112128146453,
        "recall": 0.44135802469135804,
        "f1-score": 0.37582128777923784,
        "support": 324.0
    },
    "5": {
        "precision": 0.19337979094076654,
        "recall": 0.2740740740740741,
        "f1-score": 0.22676200204290092,
        "support": 405.0
    },
    "6": {
        "precision": 0.07495069033530571,
        "recall": 0.07818930041152264,
        "f1-score": 0.07653575025176233,
        "support": 486.0
    },
    "7": {
        "precision": 0.13306451612903225,
        "recall": 0.1746031746031746,
        "f1-score": 0.15102974828375287,
        "support": 567.0
    },
    "8": {
        "precision": 0.006811989100817439,
        "recall": 0.007716049382716049,
        "f1-score": 0.00723589001447178,
        "support": 648.0
    },
    "9": {
        "precision": 0.0,
        "recall": 0.0,
        "f1-score": 0.0,
        "support": 729.0
    },
    "accuracy": 0.22386831275720165,
    "macro avg": {
        "precision": 0.33143476169579267,
        "recall": 0.41090698282056304,
        "f1-score": 0.36485517071652107,
        "support": 3645.0
    },
    "weighted avg": {
        "precision": 0.17150640530809827,
        "recall": 0.22386831275720165,
        "f1-score": 0.19353490564230943,
        "support": 3645.0
    }
}