{
    "10": {
        "precision": 0.3619047619047619,
        "recall": 0.4691358024691358,
        "f1-score": 0.40860215053763443,
        "support": 81.0
    },
    "11": {
        "precision": 0.7777777777777778,
        "recall": 0.08641975308641975,
        "f1-score": 0.15555555555555556,
        "support": 81.0
    },
    "12": {
        "precision": 0.5,
        "recall": 0.04938271604938271,
        "f1-score": 0.0898876404494382,
        "support": 81.0
    },
    "13": {
        "precision": 0.0,
        "recall": 0.0,
        "f1-score": 0.0,
        "support": 81.0
    },
    "14": {
        "precision": 0.0,
        "recall": 0.0,
        "f1-score": 0.0,
        "support": 81.0
    },
    "15": {
        "precision": 0.0,
        "recall": 0.0,
        "f1-score": 0.0,
        "support": 81.0
    },
    "16": {
        "precision": 0.008928571428571428,
        "recall": 0.012345679012345678,
        "f1-score": 0.010362694300518135,
        "support": 81.0
    },
    "17": {
        "precision": 0.0,
        "recall": 0.0,
        "f1-score": 0.0,
        "support": 81.0
    },
    "18": {
        "precision": 0.0,
        "recall": 0.0,
        "f1-score": 0.0,
        "support": 81.0
    },
    "micro avg": {
        "precision": 0.0998003992015968,
        "recall": 0.06858710562414266,
        "f1-score": 0.08130081300813008,
        "support": 729.0
    },
    "macro avg": {
        "precision": 0.18317901234567902,
        "recall": 0.06858710562414266,
        "f1-score": 0.07382311564923848,
        "support": 729.0
    },
    "weighted avg": {
        "precision": 0.18317901234567902,
        "recall": 0.06858710562414266,
        "f1-score": 0.07382311564923849,
        "support": 729.0
    },
    "accuracy": 0.06858710562414266
}