{
    "1": {
        "precision": 0.9310344827586207,
        "recall": 1.0,
        "f1-score": 0.9642857142857143,
        "support": 81.0
    },
    "2": {
        "precision": 0.5931558935361216,
        "recall": 0.9629629629629629,
        "f1-score": 0.7341176470588235,
        "support": 162.0
    },
    "3": {
        "precision": 0.3251231527093596,
        "recall": 0.5432098765432098,
        "f1-score": 0.4067796610169492,
        "support": 243.0
    },
    "4": {
        "precision": 0.1111111111111111,
        "recall": 0.1419753086419753,
        "f1-score": 0.12466124661246612,
        "support": 324.0
    },
    "5": {
        "precision": 0.07279693486590039,
        "recall": 0.09382716049382717,
        "f1-score": 0.08198489751887811,
        "support": 405.0
    },
    "6": {
        "precision": 0.015151515151515152,
        "recall": 0.01646090534979424,
        "f1-score": 0.015779092702169626,
        "support": 486.0
    },
    "7": {
        "precision": 0.06906474820143885,
        "recall": 0.08465608465608465,
        "f1-score": 0.07606973058637084,
        "support": 567.0
    },
    "8": {
        "precision": 0.0013698630136986301,
        "recall": 0.0015432098765432098,
        "f1-score": 0.001451378809869376,
        "support": 648.0
    },
    "9": {
        "precision": 0.0,
        "recall": 0.0,
        "f1-score": 0.0,
        "support": 729.0
    },
    "accuracy": 0.13991769547325103,
    "macro avg": {
        "precision": 0.23542307792752956,
        "recall": 0.31607061205826636,
        "f1-score": 0.2672365965101379,
        "support": 3645.0
    },
    "weighted avg": {
        "precision": 0.09969924620359201,
        "recall": 0.13991769547325103,
        "f1-score": 0.11556007036211183,
        "support": 3645.0
    }
}