{
    "1": {
        "precision": 1.0,
        "recall": 1.0,
        "f1-score": 1.0,
        "support": 81.0
    },
    "2": {
        "precision": 0.963855421686747,
        "recall": 0.9876543209876543,
        "f1-score": 0.975609756097561,
        "support": 81.0
    },
    "3": {
        "precision": 0.5747126436781609,
        "recall": 0.6172839506172839,
        "f1-score": 0.5952380952380952,
        "support": 81.0
    },
    "4": {
        "precision": 0.24064171122994651,
        "recall": 0.5555555555555556,
        "f1-score": 0.3358208955223881,
        "support": 81.0
    },
    "5": {
        "precision": 0.047619047619047616,
        "recall": 0.024691358024691357,
        "f1-score": 0.032520325203252036,
        "support": 81.0
    },
    "6": {
        "precision": 0.3275862068965517,
        "recall": 0.2345679012345679,
        "f1-score": 0.2733812949640288,
        "support": 81.0
    },
    "7": {
        "precision": 0.0,
        "recall": 0.0,
        "f1-score": 0.0,
        "support": 81.0
    },
    "8": {
        "precision": 0.35294117647058826,
        "recall": 0.07407407407407407,
        "f1-score": 0.12244897959183673,
        "support": 81.0
    },
    "9": {
        "precision": 0.21739130434782608,
        "recall": 0.06172839506172839,
        "f1-score": 0.09615384615384616,
        "support": 81.0
    },
    "micro avg": {
        "precision": 0.4931506849315068,
        "recall": 0.3950617283950617,
        "f1-score": 0.43869002284843867,
        "support": 729.0
    },
    "macro avg": {
        "precision": 0.4138608346587631,
        "recall": 0.3950617283950617,
        "f1-score": 0.3812414658634454,
        "support": 729.0
    },
    "weighted avg": {
        "precision": 0.41386083465876317,
        "recall": 0.3950617283950617,
        "f1-score": 0.38124146586344526,
        "support": 729.0
    },
    "accuracy": 0.3950617283950617
}