{
    "1": {
        "precision": 1.0,
        "recall": 1.0,
        "f1-score": 1.0,
        "support": 1944.0
    },
    "2": {
        "precision": 1.0,
        "recall": 1.0,
        "f1-score": 1.0,
        "support": 1944.0
    },
    "3": {
        "precision": 0.9989711934156379,
        "recall": 0.9989711934156379,
        "f1-score": 0.9989711934156379,
        "support": 1944.0
    },
    "4": {
        "precision": 0.9846625766871165,
        "recall": 0.9907407407407407,
        "f1-score": 0.9876923076923076,
        "support": 1944.0
    },
    "5": {
        "precision": 0.8642201834862385,
        "recall": 0.9691358024691358,
        "f1-score": 0.9136760426770126,
        "support": 1944.0
    },
    "6": {
        "precision": 0.7800851970181044,
        "recall": 0.7536008230452675,
        "f1-score": 0.7666143380429095,
        "support": 1944.0
    },
    "7": {
        "precision": 0.6661904761904762,
        "recall": 0.7196502057613169,
        "f1-score": 0.69188921859545,
        "support": 1944.0
    },
    "8": {
        "precision": 0.6621490803484995,
        "recall": 0.7037037037037037,
        "f1-score": 0.6822942643391521,
        "support": 1944.0
    },
    "9": {
        "precision": 0.933243425488874,
        "recall": 0.7119341563786008,
        "f1-score": 0.8077035307849431,
        "support": 1944.0
    },
    "micro avg": {
        "precision": 0.8720205773078022,
        "recall": 0.871970736168267,
        "f1-score": 0.8719956560258352,
        "support": 17496.0
    },
    "macro avg": {
        "precision": 0.8766135702927718,
        "recall": 0.871970736168267,
        "f1-score": 0.8720934328386014,
        "support": 17496.0
    },
    "weighted avg": {
        "precision": 0.8766135702927719,
        "recall": 0.871970736168267,
        "f1-score": 0.8720934328386014,
        "support": 17496.0
    },
    "accuracy": 0.871970736168267
}