{
    "10": {
        "precision": 0.09,
        "recall": 0.1111111111111111,
        "f1-score": 0.09944751381215469,
        "support": 81.0
    },
    "11": {
        "precision": 0.14285714285714285,
        "recall": 0.012345679012345678,
        "f1-score": 0.022727272727272728,
        "support": 81.0
    },
    "12": {
        "precision": 0.6153846153846154,
        "recall": 0.7901234567901234,
        "f1-score": 0.6918918918918919,
        "support": 81.0
    },
    "13": {
        "precision": 0.7017543859649122,
        "recall": 0.49382716049382713,
        "f1-score": 0.5797101449275363,
        "support": 81.0
    },
    "14": {
        "precision": 0.8918918918918919,
        "recall": 0.4074074074074074,
        "f1-score": 0.559322033898305,
        "support": 81.0
    },
    "15": {
        "precision": 0.484472049689441,
        "recall": 0.9629629629629629,
        "f1-score": 0.6446280991735537,
        "support": 81.0
    },
    "16": {
        "precision": 0.0,
        "recall": 0.0,
        "f1-score": 0.0,
        "support": 81.0
    },
    "17": {
        "precision": 0.1875,
        "recall": 0.037037037037037035,
        "f1-score": 0.061855670103092786,
        "support": 81.0
    },
    "18": {
        "precision": 0.0,
        "recall": 0.0,
        "f1-score": 0.0,
        "support": 81.0
    },
    "micro avg": {
        "precision": 0.4730290456431535,
        "recall": 0.31275720164609055,
        "f1-score": 0.37654830718414534,
        "support": 729.0
    },
    "macro avg": {
        "precision": 0.3459844539764448,
        "recall": 0.31275720164609055,
        "f1-score": 0.29550918072597854,
        "support": 729.0
    },
    "weighted avg": {
        "precision": 0.34598445397644484,
        "recall": 0.31275720164609055,
        "f1-score": 0.29550918072597854,
        "support": 729.0
    },
    "accuracy": 0.31275720164609055
}