{
    "10": {
        "precision": 0.14012738853503184,
        "recall": 0.2716049382716049,
        "f1-score": 0.18487394957983194,
        "support": 81.0
    },
    "11": {
        "precision": 0.0,
        "recall": 0.0,
        "f1-score": 0.0,
        "support": 81.0
    },
    "12": {
        "precision": 0.21359223300970873,
        "recall": 0.2716049382716049,
        "f1-score": 0.2391304347826087,
        "support": 81.0
    },
    "13": {
        "precision": 0.2777777777777778,
        "recall": 0.12345679012345678,
        "f1-score": 0.17094017094017094,
        "support": 81.0
    },
    "14": {
        "precision": 0.125,
        "recall": 0.012345679012345678,
        "f1-score": 0.02247191011235955,
        "support": 81.0
    },
    "15": {
        "precision": 0.28125,
        "recall": 0.7777777777777778,
        "f1-score": 0.4131147540983607,
        "support": 81.0
    },
    "16": {
        "precision": 0.0,
        "recall": 0.0,
        "f1-score": 0.0,
        "support": 81.0
    },
    "17": {
        "precision": 0.3076923076923077,
        "recall": 0.04938271604938271,
        "f1-score": 0.0851063829787234,
        "support": 81.0
    },
    "18": {
        "precision": 0.5,
        "recall": 0.012345679012345678,
        "f1-score": 0.024096385542168676,
        "support": 81.0
    },
    "micro avg": {
        "precision": 0.2265193370165746,
        "recall": 0.16872427983539096,
        "f1-score": 0.19339622641509435,
        "support": 729.0
    },
    "macro avg": {
        "precision": 0.20504885633498068,
        "recall": 0.16872427983539096,
        "f1-score": 0.12663710978158046,
        "support": 729.0
    },
    "weighted avg": {
        "precision": 0.20504885633498068,
        "recall": 0.16872427983539096,
        "f1-score": 0.12663710978158044,
        "support": 729.0
    },
    "accuracy": 0.16872427983539096
}