{
    "10": {
        "precision": 0.3821138211382114,
        "recall": 0.5802469135802469,
        "f1-score": 0.46078431372549017,
        "support": 81.0
    },
    "11": {
        "precision": 0.11904761904761904,
        "recall": 0.06172839506172839,
        "f1-score": 0.08130081300813008,
        "support": 81.0
    },
    "12": {
        "precision": 0.7857142857142857,
        "recall": 0.5432098765432098,
        "f1-score": 0.6423357664233577,
        "support": 81.0
    },
    "13": {
        "precision": 1.0,
        "recall": 0.8024691358024691,
        "f1-score": 0.8904109589041096,
        "support": 81.0
    },
    "14": {
        "precision": 0.9333333333333333,
        "recall": 0.8641975308641975,
        "f1-score": 0.8974358974358975,
        "support": 81.0
    },
    "15": {
        "precision": 0.8552631578947368,
        "recall": 0.8024691358024691,
        "f1-score": 0.8280254777070064,
        "support": 81.0
    },
    "16": {
        "precision": 0.5454545454545454,
        "recall": 0.2222222222222222,
        "f1-score": 0.3157894736842105,
        "support": 81.0
    },
    "17": {
        "precision": 0.037037037037037035,
        "recall": 0.024691358024691357,
        "f1-score": 0.02962962962962963,
        "support": 81.0
    },
    "18": {
        "precision": 0.0,
        "recall": 0.0,
        "f1-score": 0.0,
        "support": 81.0
    },
    "micro avg": {
        "precision": 0.5642857142857143,
        "recall": 0.4334705075445816,
        "f1-score": 0.4903025601241272,
        "support": 729.0
    },
    "macro avg": {
        "precision": 0.5175515332910855,
        "recall": 0.43347050754458155,
        "f1-score": 0.46063470339087015,
        "support": 729.0
    },
    "weighted avg": {
        "precision": 0.5175515332910854,
        "recall": 0.4334705075445816,
        "f1-score": 0.46063470339087015,
        "support": 729.0
    },
    "accuracy": 0.4334705075445816
}