{
    "1": {
        "precision": 1.0,
        "recall": 0.9135802469135802,
        "f1-score": 0.9548387096774194,
        "support": 81.0
    },
    "2": {
        "precision": 0.9195402298850575,
        "recall": 0.9876543209876543,
        "f1-score": 0.9523809523809523,
        "support": 81.0
    },
    "3": {
        "precision": 1.0,
        "recall": 0.9753086419753086,
        "f1-score": 0.9875,
        "support": 81.0
    },
    "4": {
        "precision": 0.961038961038961,
        "recall": 0.9135802469135802,
        "f1-score": 0.9367088607594937,
        "support": 81.0
    },
    "5": {
        "precision": 0.9080459770114943,
        "recall": 0.9753086419753086,
        "f1-score": 0.9404761904761905,
        "support": 81.0
    },
    "6": {
        "precision": 0.8777777777777778,
        "recall": 0.9753086419753086,
        "f1-score": 0.9239766081871345,
        "support": 81.0
    },
    "7": {
        "precision": 1.0,
        "recall": 0.7654320987654321,
        "f1-score": 0.8671328671328671,
        "support": 81.0
    },
    "8": {
        "precision": 0.7789473684210526,
        "recall": 0.9135802469135802,
        "f1-score": 0.8409090909090909,
        "support": 81.0
    },
    "9": {
        "precision": 0.9066666666666666,
        "recall": 0.8395061728395061,
        "f1-score": 0.8717948717948718,
        "support": 81.0
    },
    "micro avg": {
        "precision": 0.9214876033057852,
        "recall": 0.9176954732510288,
        "f1-score": 0.9195876288659793,
        "support": 729.0
    },
    "macro avg": {
        "precision": 0.9280018867556679,
        "recall": 0.9176954732510288,
        "f1-score": 0.9195242390353356,
        "support": 729.0
    },
    "weighted avg": {
        "precision": 0.9280018867556679,
        "recall": 0.9176954732510288,
        "f1-score": 0.9195242390353356,
        "support": 729.0
    },
    "accuracy": 0.9176954732510288
}