{
    "1": {
        "precision": 1.0,
        "recall": 1.0,
        "f1-score": 1.0,
        "support": 81.0
    },
    "2": {
        "precision": 1.0,
        "recall": 1.0,
        "f1-score": 1.0,
        "support": 81.0
    },
    "3": {
        "precision": 0.9642857142857143,
        "recall": 1.0,
        "f1-score": 0.9818181818181818,
        "support": 81.0
    },
    "4": {
        "precision": 0.896551724137931,
        "recall": 0.9629629629629629,
        "f1-score": 0.9285714285714286,
        "support": 81.0
    },
    "5": {
        "precision": 0.782608695652174,
        "recall": 0.8888888888888888,
        "f1-score": 0.8323699421965318,
        "support": 81.0
    },
    "6": {
        "precision": 0.7866666666666666,
        "recall": 0.7283950617283951,
        "f1-score": 0.7564102564102564,
        "support": 81.0
    },
    "7": {
        "precision": 0.6888888888888889,
        "recall": 0.7654320987654321,
        "f1-score": 0.7251461988304093,
        "support": 81.0
    },
    "8": {
        "precision": 0.6404494382022472,
        "recall": 0.7037037037037037,
        "f1-score": 0.6705882352941176,
        "support": 81.0
    },
    "9": {
        "precision": 0.967741935483871,
        "recall": 0.37037037037037035,
        "f1-score": 0.5357142857142857,
        "support": 81.0
    },
    "micro avg": {
        "precision": 0.8464788732394366,
        "recall": 0.8244170096021948,
        "f1-score": 0.8353022932592078,
        "support": 729.0
    },
    "macro avg": {
        "precision": 0.858577007035277,
        "recall": 0.8244170096021948,
        "f1-score": 0.8256242809816902,
        "support": 729.0
    },
    "weighted avg": {
        "precision": 0.8585770070352771,
        "recall": 0.8244170096021948,
        "f1-score": 0.8256242809816902,
        "support": 729.0
    },
    "accuracy": 0.8244170096021948
}