{
    "1": {
        "precision": 1.0,
        "recall": 1.0,
        "f1-score": 1.0,
        "support": 81.0
    },
    "2": {
        "precision": 1.0,
        "recall": 1.0,
        "f1-score": 1.0,
        "support": 81.0
    },
    "3": {
        "precision": 0.9634146341463414,
        "recall": 0.9753086419753086,
        "f1-score": 0.9693251533742331,
        "support": 81.0
    },
    "4": {
        "precision": 0.6842105263157895,
        "recall": 0.9629629629629629,
        "f1-score": 0.8,
        "support": 81.0
    },
    "5": {
        "precision": 0.4519230769230769,
        "recall": 0.5802469135802469,
        "f1-score": 0.5081081081081081,
        "support": 81.0
    },
    "6": {
        "precision": 0.24509803921568626,
        "recall": 0.30864197530864196,
        "f1-score": 0.273224043715847,
        "support": 81.0
    },
    "7": {
        "precision": 0.1511627906976744,
        "recall": 0.16049382716049382,
        "f1-score": 0.15568862275449102,
        "support": 81.0
    },
    "8": {
        "precision": 0.1780821917808219,
        "recall": 0.16049382716049382,
        "f1-score": 0.16883116883116883,
        "support": 81.0
    },
    "9": {
        "precision": 1.0,
        "recall": 0.06172839506172839,
        "f1-score": 0.11627906976744186,
        "support": 81.0
    },
    "micro avg": {
        "precision": 0.5796703296703297,
        "recall": 0.578875171467764,
        "f1-score": 0.5792724776938916,
        "support": 729.0
    },
    "macro avg": {
        "precision": 0.6304323621199323,
        "recall": 0.578875171467764,
        "f1-score": 0.5546062407279212,
        "support": 729.0
    },
    "weighted avg": {
        "precision": 0.6304323621199323,
        "recall": 0.578875171467764,
        "f1-score": 0.5546062407279211,
        "support": 729.0
    },
    "accuracy": 0.578875171467764
}