{
    "10": {
        "precision": 0.4411764705882353,
        "recall": 0.9259259259259259,
        "f1-score": 0.5976095617529881,
        "support": 81.0
    },
    "11": {
        "precision": 0.13917525773195877,
        "recall": 0.3333333333333333,
        "f1-score": 0.19636363636363635,
        "support": 81.0
    },
    "12": {
        "precision": 0.22388059701492538,
        "recall": 0.18518518518518517,
        "f1-score": 0.20270270270270271,
        "support": 81.0
    },
    "13": {
        "precision": 0.10897435897435898,
        "recall": 0.20987654320987653,
        "f1-score": 0.14345991561181434,
        "support": 81.0
    },
    "14": {
        "precision": 0.0,
        "recall": 0.0,
        "f1-score": 0.0,
        "support": 81.0
    },
    "15": {
        "precision": 0.09523809523809523,
        "recall": 0.024691358024691357,
        "f1-score": 0.0392156862745098,
        "support": 81.0
    },
    "16": {
        "precision": 0.05357142857142857,
        "recall": 0.037037037037037035,
        "f1-score": 0.043795620437956206,
        "support": 81.0
    },
    "17": {
        "precision": 0.3333333333333333,
        "recall": 0.012345679012345678,
        "f1-score": 0.023809523809523808,
        "support": 81.0
    },
    "18": {
        "precision": 1.0,
        "recall": 0.1111111111111111,
        "f1-score": 0.2,
        "support": 81.0
    },
    "micro avg": {
        "precision": 0.20637119113573407,
        "recall": 0.20438957475994513,
        "f1-score": 0.20537560303239144,
        "support": 729.0
    },
    "macro avg": {
        "precision": 0.26614994905025946,
        "recall": 0.20438957475994515,
        "f1-score": 0.16077296077257014,
        "support": 729.0
    },
    "weighted avg": {
        "precision": 0.2661499490502595,
        "recall": 0.20438957475994513,
        "f1-score": 0.16077296077257017,
        "support": 729.0
    },
    "accuracy": 0.20438957475994513
}