{
    "10": {
        "precision": 0.352112676056338,
        "recall": 0.30864197530864196,
        "f1-score": 0.32894736842105265,
        "support": 81.0
    },
    "11": {
        "precision": 0.35294117647058826,
        "recall": 0.14814814814814814,
        "f1-score": 0.20869565217391303,
        "support": 81.0
    },
    "12": {
        "precision": 0.4326923076923077,
        "recall": 0.5555555555555556,
        "f1-score": 0.4864864864864865,
        "support": 81.0
    },
    "13": {
        "precision": 0.49572649572649574,
        "recall": 0.7160493827160493,
        "f1-score": 0.5858585858585859,
        "support": 81.0
    },
    "14": {
        "precision": 0.55,
        "recall": 0.4074074074074074,
        "f1-score": 0.46808510638297873,
        "support": 81.0
    },
    "15": {
        "precision": 0.74,
        "recall": 0.4567901234567901,
        "f1-score": 0.5648854961832062,
        "support": 81.0
    },
    "16": {
        "precision": 0.6944444444444444,
        "recall": 0.30864197530864196,
        "f1-score": 0.42735042735042733,
        "support": 81.0
    },
    "17": {
        "precision": 0.4431137724550898,
        "recall": 0.9135802469135802,
        "f1-score": 0.5967741935483871,
        "support": 81.0
    },
    "18": {
        "precision": 0.8947368421052632,
        "recall": 0.41975308641975306,
        "f1-score": 0.5714285714285714,
        "support": 81.0
    },
    "micro avg": {
        "precision": 0.5066469719350074,
        "recall": 0.47050754458161864,
        "f1-score": 0.4879089615931721,
        "support": 729.0
    },
    "macro avg": {
        "precision": 0.5506408572167252,
        "recall": 0.4705075445816187,
        "f1-score": 0.47094576531484544,
        "support": 729.0
    },
    "weighted avg": {
        "precision": 0.5506408572167253,
        "recall": 0.47050754458161864,
        "f1-score": 0.47094576531484544,
        "support": 729.0
    },
    "accuracy": 0.47050754458161864
}