{
    "10": {
        "precision": 0.5263157894736842,
        "recall": 0.6172839506172839,
        "f1-score": 0.5681818181818182,
        "support": 81.0
    },
    "11": {
        "precision": 0.0,
        "recall": 0.0,
        "f1-score": 0.0,
        "support": 81.0
    },
    "12": {
        "precision": 0.4411764705882353,
        "recall": 0.37037037037037035,
        "f1-score": 0.40268456375838924,
        "support": 81.0
    },
    "13": {
        "precision": 0.2,
        "recall": 0.13580246913580246,
        "f1-score": 0.16176470588235295,
        "support": 81.0
    },
    "14": {
        "precision": 0.0,
        "recall": 0.0,
        "f1-score": 0.0,
        "support": 81.0
    },
    "15": {
        "precision": 0.28679245283018867,
        "recall": 0.9382716049382716,
        "f1-score": 0.4393063583815029,
        "support": 81.0
    },
    "16": {
        "precision": 0.5483870967741935,
        "recall": 0.20987654320987653,
        "f1-score": 0.30357142857142855,
        "support": 81.0
    },
    "17": {
        "precision": 0.42758620689655175,
        "recall": 0.7654320987654321,
        "f1-score": 0.5486725663716814,
        "support": 81.0
    },
    "18": {
        "precision": 0.0,
        "recall": 0.0,
        "f1-score": 0.0,
        "support": 81.0
    },
    "micro avg": {
        "precision": 0.35755813953488375,
        "recall": 0.3374485596707819,
        "f1-score": 0.34721242060691604,
        "support": 729.0
    },
    "macro avg": {
        "precision": 0.2700286685069837,
        "recall": 0.3374485596707819,
        "f1-score": 0.269353493460797,
        "support": 729.0
    },
    "weighted avg": {
        "precision": 0.2700286685069837,
        "recall": 0.3374485596707819,
        "f1-score": 0.269353493460797,
        "support": 729.0
    },
    "accuracy": 0.3374485596707819
}