{
    "10": {
        "precision": 0.27184466019417475,
        "recall": 0.345679012345679,
        "f1-score": 0.30434782608695654,
        "support": 81.0
    },
    "11": {
        "precision": 0.0,
        "recall": 0.0,
        "f1-score": 0.0,
        "support": 81.0
    },
    "12": {
        "precision": 0.8658536585365854,
        "recall": 0.8765432098765432,
        "f1-score": 0.8711656441717791,
        "support": 81.0
    },
    "13": {
        "precision": 0.8192771084337349,
        "recall": 0.8395061728395061,
        "f1-score": 0.8292682926829268,
        "support": 81.0
    },
    "14": {
        "precision": 0.7619047619047619,
        "recall": 0.3950617283950617,
        "f1-score": 0.5203252032520326,
        "support": 81.0
    },
    "15": {
        "precision": 0.5333333333333333,
        "recall": 0.5925925925925926,
        "f1-score": 0.5614035087719298,
        "support": 81.0
    },
    "16": {
        "precision": 0.43859649122807015,
        "recall": 0.30864197530864196,
        "f1-score": 0.36231884057971014,
        "support": 81.0
    },
    "17": {
        "precision": 0.5,
        "recall": 0.012345679012345678,
        "f1-score": 0.024096385542168676,
        "support": 81.0
    },
    "18": {
        "precision": 0.0,
        "recall": 0.0,
        "f1-score": 0.0,
        "support": 81.0
    },
    "micro avg": {
        "precision": 0.5947712418300654,
        "recall": 0.37448559670781895,
        "f1-score": 0.4595959595959596,
        "support": 729.0
    },
    "macro avg": {
        "precision": 0.4656455570700733,
        "recall": 0.37448559670781895,
        "f1-score": 0.38588063345416707,
        "support": 729.0
    },
    "weighted avg": {
        "precision": 0.4656455570700733,
        "recall": 0.37448559670781895,
        "f1-score": 0.38588063345416707,
        "support": 729.0
    },
    "accuracy": 0.37448559670781895
}