{
    "10": {
        "precision": 0.9878048780487805,
        "recall": 1.0,
        "f1-score": 0.9938650306748467,
        "support": 81.0
    },
    "11": {
        "precision": 1.0,
        "recall": 0.9876543209876543,
        "f1-score": 0.9937888198757764,
        "support": 81.0
    },
    "12": {
        "precision": 1.0,
        "recall": 1.0,
        "f1-score": 1.0,
        "support": 81.0
    },
    "13": {
        "precision": 1.0,
        "recall": 0.9753086419753086,
        "f1-score": 0.9875,
        "support": 81.0
    },
    "14": {
        "precision": 0.963855421686747,
        "recall": 0.9876543209876543,
        "f1-score": 0.975609756097561,
        "support": 81.0
    },
    "15": {
        "precision": 0.9629629629629629,
        "recall": 0.9629629629629629,
        "f1-score": 0.9629629629629629,
        "support": 81.0
    },
    "16": {
        "precision": 0.95,
        "recall": 0.9382716049382716,
        "f1-score": 0.9440993788819876,
        "support": 81.0
    },
    "17": {
        "precision": 0.95,
        "recall": 0.9382716049382716,
        "f1-score": 0.9440993788819876,
        "support": 81.0
    },
    "18": {
        "precision": 0.95,
        "recall": 0.9382716049382716,
        "f1-score": 0.9440993788819876,
        "support": 81.0
    },
    "micro avg": {
        "precision": 0.9738292011019284,
        "recall": 0.9698216735253772,
        "f1-score": 0.9718213058419244,
        "support": 729.0
    },
    "macro avg": {
        "precision": 0.973847029188721,
        "recall": 0.9698216735253773,
        "f1-score": 0.9717805229174566,
        "support": 729.0
    },
    "weighted avg": {
        "precision": 0.9738470291887212,
        "recall": 0.9698216735253772,
        "f1-score": 0.9717805229174565,
        "support": 729.0
    },
    "accuracy": 0.9698216735253772
}