{
    "10": {
        "precision": 0.10869565217391304,
        "recall": 0.12345679012345678,
        "f1-score": 0.11560693641618497,
        "support": 81.0
    },
    "11": {
        "precision": 0.09523809523809523,
        "recall": 0.024691358024691357,
        "f1-score": 0.0392156862745098,
        "support": 81.0
    },
    "12": {
        "precision": 0.875,
        "recall": 0.43209876543209874,
        "f1-score": 0.5785123966942148,
        "support": 81.0
    },
    "13": {
        "precision": 0.7066666666666667,
        "recall": 0.654320987654321,
        "f1-score": 0.6794871794871795,
        "support": 81.0
    },
    "14": {
        "precision": 0.36,
        "recall": 0.1111111111111111,
        "f1-score": 0.16981132075471697,
        "support": 81.0
    },
    "15": {
        "precision": 0.12307692307692308,
        "recall": 0.09876543209876543,
        "f1-score": 0.1095890410958904,
        "support": 81.0
    },
    "16": {
        "precision": 0.20618556701030927,
        "recall": 0.24691358024691357,
        "f1-score": 0.2247191011235955,
        "support": 81.0
    },
    "17": {
        "precision": 0.0,
        "recall": 0.0,
        "f1-score": 0.0,
        "support": 81.0
    },
    "18": {
        "precision": 0.04878048780487805,
        "recall": 0.07407407407407407,
        "f1-score": 0.058823529411764705,
        "support": 81.0
    },
    "micro avg": {
        "precision": 0.26579925650557623,
        "recall": 0.19615912208504802,
        "f1-score": 0.22573007103393844,
        "support": 729.0
    },
    "macro avg": {
        "precision": 0.28040482133008726,
        "recall": 0.196159122085048,
        "f1-score": 0.21952946569533963,
        "support": 729.0
    },
    "weighted avg": {
        "precision": 0.28040482133008726,
        "recall": 0.19615912208504802,
        "f1-score": 0.2195294656953396,
        "support": 729.0
    },
    "accuracy": 0.19615912208504802
}