{
    "10": {
        "precision": 0.7631578947368421,
        "recall": 0.7160493827160493,
        "f1-score": 0.7388535031847133,
        "support": 81.0
    },
    "11": {
        "precision": 0.782608695652174,
        "recall": 0.4444444444444444,
        "f1-score": 0.5669291338582677,
        "support": 81.0
    },
    "12": {
        "precision": 0.4375,
        "recall": 0.345679012345679,
        "f1-score": 0.38620689655172413,
        "support": 81.0
    },
    "13": {
        "precision": 0.43333333333333335,
        "recall": 0.6419753086419753,
        "f1-score": 0.5174129353233831,
        "support": 81.0
    },
    "14": {
        "precision": 0.5384615384615384,
        "recall": 0.5185185185185185,
        "f1-score": 0.5283018867924528,
        "support": 81.0
    },
    "15": {
        "precision": 0.4186046511627907,
        "recall": 0.2222222222222222,
        "f1-score": 0.2903225806451613,
        "support": 81.0
    },
    "16": {
        "precision": 0.28,
        "recall": 0.1728395061728395,
        "f1-score": 0.21374045801526717,
        "support": 81.0
    },
    "17": {
        "precision": 0.3220338983050847,
        "recall": 0.4691358024691358,
        "f1-score": 0.38190954773869346,
        "support": 81.0
    },
    "18": {
        "precision": 0.49473684210526314,
        "recall": 0.5802469135802469,
        "f1-score": 0.5340909090909091,
        "support": 81.0
    },
    "micro avg": {
        "precision": 0.4826086956521739,
        "recall": 0.4567901234567901,
        "f1-score": 0.4693446088794926,
        "support": 729.0
    },
    "macro avg": {
        "precision": 0.4967152059730029,
        "recall": 0.4567901234567901,
        "f1-score": 0.4619742056889524,
        "support": 729.0
    },
    "weighted avg": {
        "precision": 0.49671520597300295,
        "recall": 0.4567901234567901,
        "f1-score": 0.4619742056889524,
        "support": 729.0
    },
    "accuracy": 0.4567901234567901
}