{
    "1": {
        "precision": 1.0,
        "recall": 1.0,
        "f1-score": 1.0,
        "support": 81.0
    },
    "2": {
        "precision": 1.0,
        "recall": 0.9876543209876543,
        "f1-score": 0.9937888198757764,
        "support": 81.0
    },
    "3": {
        "precision": 0.9726027397260274,
        "recall": 0.8765432098765432,
        "f1-score": 0.922077922077922,
        "support": 81.0
    },
    "4": {
        "precision": 0.8235294117647058,
        "recall": 0.5185185185185185,
        "f1-score": 0.6363636363636364,
        "support": 81.0
    },
    "5": {
        "precision": 0.5638297872340425,
        "recall": 0.654320987654321,
        "f1-score": 0.6057142857142858,
        "support": 81.0
    },
    "6": {
        "precision": 0.5692307692307692,
        "recall": 0.4567901234567901,
        "f1-score": 0.5068493150684932,
        "support": 81.0
    },
    "7": {
        "precision": 0.5121951219512195,
        "recall": 0.5185185185185185,
        "f1-score": 0.5153374233128835,
        "support": 81.0
    },
    "8": {
        "precision": 0.49,
        "recall": 0.6049382716049383,
        "f1-score": 0.5414364640883977,
        "support": 81.0
    },
    "9": {
        "precision": 0.5283018867924528,
        "recall": 0.345679012345679,
        "f1-score": 0.417910447761194,
        "support": 81.0
    },
    "micro avg": {
        "precision": 0.711340206185567,
        "recall": 0.6625514403292181,
        "f1-score": 0.6860795454545454,
        "support": 729.0
    },
    "macro avg": {
        "precision": 0.7177433018554686,
        "recall": 0.6625514403292181,
        "f1-score": 0.6821642571402877,
        "support": 729.0
    },
    "weighted avg": {
        "precision": 0.7177433018554686,
        "recall": 0.6625514403292181,
        "f1-score": 0.6821642571402877,
        "support": 729.0
    },
    "accuracy": 0.6625514403292181
}