{
    "1": {
        "precision": 1.0,
        "recall": 1.0,
        "f1-score": 1.0,
        "support": 81.0
    },
    "2": {
        "precision": 1.0,
        "recall": 1.0,
        "f1-score": 1.0,
        "support": 81.0
    },
    "3": {
        "precision": 1.0,
        "recall": 1.0,
        "f1-score": 1.0,
        "support": 81.0
    },
    "4": {
        "precision": 1.0,
        "recall": 0.9629629629629629,
        "f1-score": 0.9811320754716981,
        "support": 81.0
    },
    "5": {
        "precision": 0.8876404494382022,
        "recall": 0.9753086419753086,
        "f1-score": 0.9294117647058824,
        "support": 81.0
    },
    "6": {
        "precision": 0.9142857142857143,
        "recall": 0.7901234567901234,
        "f1-score": 0.847682119205298,
        "support": 81.0
    },
    "7": {
        "precision": 0.6944444444444444,
        "recall": 0.6172839506172839,
        "f1-score": 0.6535947712418301,
        "support": 81.0
    },
    "8": {
        "precision": 0.6296296296296297,
        "recall": 0.6296296296296297,
        "f1-score": 0.6296296296296297,
        "support": 81.0
    },
    "9": {
        "precision": 0.8026315789473685,
        "recall": 0.7530864197530864,
        "f1-score": 0.7770700636942676,
        "support": 81.0
    },
    "micro avg": {
        "precision": 0.8829337094499294,
        "recall": 0.8587105624142661,
        "f1-score": 0.8706536856745479,
        "support": 729.0
    },
    "macro avg": {
        "precision": 0.8809590907494843,
        "recall": 0.8587105624142661,
        "f1-score": 0.8687244915498451,
        "support": 729.0
    },
    "weighted avg": {
        "precision": 0.8809590907494844,
        "recall": 0.8587105624142661,
        "f1-score": 0.868724491549845,
        "support": 729.0
    },
    "accuracy": 0.8587105624142661
}