{
    "1": {
        "precision": 0.9976457805143064,
        "recall": 0.9856861692610485,
        "f1-score": 0.991629916299163,
        "support": 5589.0
    },
    "2": {
        "precision": 0.9540040315191497,
        "recall": 0.9314725353372696,
        "f1-score": 0.9426036574325548,
        "support": 5589.0
    },
    "3": {
        "precision": 0.8322818086225027,
        "recall": 0.8497047772410091,
        "f1-score": 0.8409030544488711,
        "support": 5589.0
    },
    "4": {
        "precision": 0.7015544041450777,
        "recall": 0.726784755770263,
        "f1-score": 0.7139467440021091,
        "support": 5589.0
    },
    "5": {
        "precision": 0.5172323072875559,
        "recall": 0.7035247808194668,
        "f1-score": 0.5961640512470624,
        "support": 5589.0
    },
    "6": {
        "precision": 0.38399176425170506,
        "recall": 0.5339058865628914,
        "f1-score": 0.4467065868263473,
        "support": 5589.0
    },
    "7": {
        "precision": 0.27502634351949423,
        "recall": 0.32689210950080516,
        "f1-score": 0.2987246566383257,
        "support": 5589.0
    },
    "8": {
        "precision": 0.33854937618946923,
        "recall": 0.28645553766326715,
        "f1-score": 0.3103314595851909,
        "support": 5589.0
    },
    "9": {
        "precision": 0.7731958762886598,
        "recall": 0.06709608158883522,
        "f1-score": 0.12347711557458017,
        "support": 5589.0
    },
    "micro avg": {
        "precision": 0.6084900915400865,
        "recall": 0.6012802926383173,
        "f1-score": 0.6048637081775093,
        "support": 50301.0
    },
    "macro avg": {
        "precision": 0.6414979658153245,
        "recall": 0.6012802926383174,
        "f1-score": 0.5849430268949116,
        "support": 50301.0
    },
    "weighted avg": {
        "precision": 0.6414979658153245,
        "recall": 0.6012802926383173,
        "f1-score": 0.5849430268949117,
        "support": 50301.0
    },
    "accuracy": 0.6012802926383173
}