{
    "1": {
        "precision": 1.0,
        "recall": 1.0,
        "f1-score": 1.0,
        "support": 81.0
    },
    "2": {
        "precision": 1.0,
        "recall": 1.0,
        "f1-score": 1.0,
        "support": 81.0
    },
    "3": {
        "precision": 0.975609756097561,
        "recall": 0.9876543209876543,
        "f1-score": 0.9815950920245399,
        "support": 81.0
    },
    "4": {
        "precision": 0.9824561403508771,
        "recall": 0.691358024691358,
        "f1-score": 0.8115942028985508,
        "support": 81.0
    },
    "5": {
        "precision": 0.6777777777777778,
        "recall": 0.7530864197530864,
        "f1-score": 0.7134502923976608,
        "support": 81.0
    },
    "6": {
        "precision": 0.6063829787234043,
        "recall": 0.7037037037037037,
        "f1-score": 0.6514285714285715,
        "support": 81.0
    },
    "7": {
        "precision": 0.5131578947368421,
        "recall": 0.48148148148148145,
        "f1-score": 0.4968152866242038,
        "support": 81.0
    },
    "8": {
        "precision": 0.4897959183673469,
        "recall": 0.5925925925925926,
        "f1-score": 0.5363128491620112,
        "support": 81.0
    },
    "9": {
        "precision": 0.7254901960784313,
        "recall": 0.4567901234567901,
        "f1-score": 0.5606060606060606,
        "support": 81.0
    },
    "micro avg": {
        "precision": 0.7605633802816901,
        "recall": 0.7407407407407407,
        "f1-score": 0.7505211952744962,
        "support": 729.0
    },
    "macro avg": {
        "precision": 0.7745189624591379,
        "recall": 0.7407407407407408,
        "f1-score": 0.7502002616824,
        "support": 729.0
    },
    "weighted avg": {
        "precision": 0.7745189624591379,
        "recall": 0.7407407407407407,
        "f1-score": 0.7502002616823998,
        "support": 729.0
    },
    "accuracy": 0.7407407407407407
}