{
    "1": {
        "precision": 0.9980653898239504,
        "recall": 0.9230631597781356,
        "f1-score": 0.9591002044989775,
        "support": 5589.0
    },
    "2": {
        "precision": 0.9816836914406482,
        "recall": 0.9973161567364466,
        "f1-score": 0.9894381823022987,
        "support": 5589.0
    },
    "3": {
        "precision": 0.9820738137082601,
        "recall": 0.9998210771157631,
        "f1-score": 0.9908679847504211,
        "support": 5589.0
    },
    "4": {
        "precision": 0.9803508771929824,
        "recall": 0.9998210771157631,
        "f1-score": 0.9899902560014173,
        "support": 5589.0
    },
    "5": {
        "precision": 0.9872769040466514,
        "recall": 0.9996421542315262,
        "f1-score": 0.993421052631579,
        "support": 5589.0
    },
    "6": {
        "precision": 0.9962546816479401,
        "recall": 0.9994632313472893,
        "f1-score": 0.9978563772775991,
        "support": 5589.0
    },
    "7": {
        "precision": 0.9982133285688762,
        "recall": 0.9996421542315262,
        "f1-score": 0.9989272304666548,
        "support": 5589.0
    },
    "8": {
        "precision": 0.9983917083631165,
        "recall": 0.9996421542315262,
        "f1-score": 0.9990165400089406,
        "support": 5589.0
    },
    "9": {
        "precision": 0.9998209489704566,
        "recall": 0.9991053855788156,
        "f1-score": 0.9994630391981385,
        "support": 5589.0
    },
    "micro avg": {
        "precision": 0.9912292913824308,
        "recall": 0.9908351722629769,
        "f1-score": 0.9910321926388419,
        "support": 50301.0
    },
    "macro avg": {
        "precision": 0.9913479270847646,
        "recall": 0.9908351722629768,
        "f1-score": 0.9908978741262252,
        "support": 50301.0
    },
    "weighted avg": {
        "precision": 0.9913479270847646,
        "recall": 0.9908351722629769,
        "f1-score": 0.9908978741262253,
        "support": 50301.0
    },
    "accuracy": 0.9908351722629769
}