{
    "1": {
        "precision": 1.0,
        "recall": 1.0,
        "f1-score": 1.0,
        "support": 81.0
    },
    "2": {
        "precision": 1.0,
        "recall": 1.0,
        "f1-score": 1.0,
        "support": 81.0
    },
    "3": {
        "precision": 0.7473684210526316,
        "recall": 0.8765432098765432,
        "f1-score": 0.8068181818181818,
        "support": 81.0
    },
    "4": {
        "precision": 0.42857142857142855,
        "recall": 0.6296296296296297,
        "f1-score": 0.51,
        "support": 81.0
    },
    "5": {
        "precision": 0.22916666666666666,
        "recall": 0.4074074074074074,
        "f1-score": 0.29333333333333333,
        "support": 81.0
    },
    "6": {
        "precision": 0.2608695652173913,
        "recall": 0.07407407407407407,
        "f1-score": 0.11538461538461539,
        "support": 81.0
    },
    "7": {
        "precision": 0.4,
        "recall": 0.07407407407407407,
        "f1-score": 0.125,
        "support": 81.0
    },
    "8": {
        "precision": 0.275,
        "recall": 0.13580246913580246,
        "f1-score": 0.18181818181818182,
        "support": 81.0
    },
    "9": {
        "precision": 0.4166666666666667,
        "recall": 0.06172839506172839,
        "f1-score": 0.10752688172043011,
        "support": 81.0
    },
    "micro avg": {
        "precision": 0.5655737704918032,
        "recall": 0.4732510288065844,
        "f1-score": 0.515309932785661,
        "support": 729.0
    },
    "macro avg": {
        "precision": 0.5286269720194205,
        "recall": 0.4732510288065844,
        "f1-score": 0.4599867993416381,
        "support": 729.0
    },
    "weighted avg": {
        "precision": 0.5286269720194205,
        "recall": 0.4732510288065844,
        "f1-score": 0.45998679934163794,
        "support": 729.0
    },
    "accuracy": 0.4732510288065844
}