{
    "1": {
        "precision": 1.0,
        "recall": 1.0,
        "f1-score": 1.0,
        "support": 1944.0
    },
    "2": {
        "precision": 0.9918367346938776,
        "recall": 1.0,
        "f1-score": 0.9959016393442623,
        "support": 1944.0
    },
    "3": {
        "precision": 0.9595755432036382,
        "recall": 0.9768518518518519,
        "f1-score": 0.9681366301300025,
        "support": 1944.0
    },
    "4": {
        "precision": 0.5966709346991037,
        "recall": 0.9588477366255144,
        "f1-score": 0.7355958958168903,
        "support": 1944.0
    },
    "5": {
        "precision": 0.3138780804150454,
        "recall": 0.3734567901234568,
        "f1-score": 0.34108527131782945,
        "support": 1944.0
    },
    "6": {
        "precision": 0.18768085985944605,
        "recall": 0.23353909465020575,
        "f1-score": 0.2081136832454733,
        "support": 1944.0
    },
    "7": {
        "precision": 0.08793738489871086,
        "recall": 0.09825102880658436,
        "f1-score": 0.09280855199222546,
        "support": 1944.0
    },
    "8": {
        "precision": 0.1282392026578073,
        "recall": 0.09927983539094651,
        "f1-score": 0.11191649753551754,
        "support": 1944.0
    },
    "9": {
        "precision": 0.9324324324324325,
        "recall": 0.035493827160493825,
        "f1-score": 0.06838453914767097,
        "support": 1944.0
    },
    "micro avg": {
        "precision": 0.5308176100628931,
        "recall": 0.5306355738454503,
        "f1-score": 0.5307265763448237,
        "support": 17496.0
    },
    "macro avg": {
        "precision": 0.5775834636511179,
        "recall": 0.5306355738454503,
        "f1-score": 0.5024380787255414,
        "support": 17496.0
    },
    "weighted avg": {
        "precision": 0.5775834636511179,
        "recall": 0.5306355738454503,
        "f1-score": 0.5024380787255414,
        "support": 17496.0
    },
    "accuracy": 0.5306355738454503
}