{
    "red_squares": {
        "accuracy": 0.49382716049382713
    },
    "green_squares": {
        "accuracy": 0.5020576131687243
    },
    "blue_squares": {
        "accuracy": 0.4458161865569273
    },
    "magenta_squares": {
        "accuracy": 0.47050754458161864
    },
    "yellow_squares": {
        "accuracy": 0.45816186556927296
    },
    "cyan_squares": {
        "accuracy": 0.46502057613168724
    },
    "red_circles": {
        "accuracy": 0.5555555555555556
    },
    "green_circles": {
        "accuracy": 0.5665294924554184
    },
    "blue_circles": {
        "accuracy": 0.5102880658436214
    },
    "magenta_circles": {
        "accuracy": 0.5130315500685871
    },
    "yellow_circles": {
        "accuracy": 0.5130315500685871
    },
    "cyan_circles": {
        "accuracy": 0.5116598079561042
    },
    "red_triangles": {
        "accuracy": 0.6159122085048011
    },
    "green_triangles": {
        "accuracy": 0.6049382716049383
    },
    "blue_triangles": {
        "accuracy": 0.5473251028806584
    },
    "magenta_triangles": {
        "accuracy": 0.5267489711934157
    },
    "yellow_triangles": {
        "accuracy": 0.532235939643347
    },
    "cyan_triangles": {
        "accuracy": 0.5281207133058985
    },
    "red_stars": {
        "accuracy": 0.6666666666666666
    },
    "green_stars": {
        "accuracy": 0.578875171467764
    },
    "blue_stars": {
        "accuracy": 0.5130315500685871
    },
    "magenta_stars": {
        "accuracy": 0.52400548696845
    },
    "yellow_stars": {
        "accuracy": 0.5610425240054869
    },
    "cyan_stars": {
        "accuracy": 0.5308641975308642
    }
}