{
    "1": {
        "precision": 0.9878048780487805,
        "recall": 1.0,
        "f1-score": 0.9938650306748467,
        "support": 81.0
    },
    "2": {
        "precision": 0.9759036144578314,
        "recall": 1.0,
        "f1-score": 0.9878048780487805,
        "support": 81.0
    },
    "3": {
        "precision": 0.7333333333333333,
        "recall": 0.9506172839506173,
        "f1-score": 0.8279569892473119,
        "support": 81.0
    },
    "4": {
        "precision": 0.3867403314917127,
        "recall": 0.8641975308641975,
        "f1-score": 0.5343511450381679,
        "support": 81.0
    },
    "5": {
        "precision": 0.5679012345679012,
        "recall": 0.5679012345679012,
        "f1-score": 0.5679012345679012,
        "support": 81.0
    },
    "6": {
        "precision": 0.547945205479452,
        "recall": 0.49382716049382713,
        "f1-score": 0.5194805194805194,
        "support": 81.0
    },
    "7": {
        "precision": 0.5172413793103449,
        "recall": 0.18518518518518517,
        "f1-score": 0.2727272727272727,
        "support": 81.0
    },
    "8": {
        "precision": 0.46938775510204084,
        "recall": 0.2839506172839506,
        "f1-score": 0.35384615384615387,
        "support": 81.0
    },
    "9": {
        "precision": 0.52,
        "recall": 0.16049382716049382,
        "f1-score": 0.24528301886792453,
        "support": 81.0
    },
    "micro avg": {
        "precision": 0.6299435028248588,
        "recall": 0.6117969821673526,
        "f1-score": 0.6207376478775226,
        "support": 729.0
    },
    "macro avg": {
        "precision": 0.6340286368657106,
        "recall": 0.6117969821673525,
        "f1-score": 0.5892462491665421,
        "support": 729.0
    },
    "weighted avg": {
        "precision": 0.6340286368657108,
        "recall": 0.6117969821673526,
        "f1-score": 0.5892462491665421,
        "support": 729.0
    },
    "accuracy": 0.6117969821673526
}