{
    "1": {
        "precision": 1.0,
        "recall": 1.0,
        "f1-score": 1.0,
        "support": 81.0
    },
    "2": {
        "precision": 0.9529411764705882,
        "recall": 1.0,
        "f1-score": 0.9759036144578314,
        "support": 81.0
    },
    "3": {
        "precision": 0.7959183673469388,
        "recall": 0.9629629629629629,
        "f1-score": 0.8715083798882681,
        "support": 81.0
    },
    "4": {
        "precision": 0.34782608695652173,
        "recall": 0.8888888888888888,
        "f1-score": 0.5,
        "support": 81.0
    },
    "5": {
        "precision": 0.5977011494252874,
        "recall": 0.6419753086419753,
        "f1-score": 0.6190476190476191,
        "support": 81.0
    },
    "6": {
        "precision": 0.45161290322580644,
        "recall": 0.345679012345679,
        "f1-score": 0.3916083916083916,
        "support": 81.0
    },
    "7": {
        "precision": 0.5,
        "recall": 0.16049382716049382,
        "f1-score": 0.24299065420560748,
        "support": 81.0
    },
    "8": {
        "precision": 0.5652173913043478,
        "recall": 0.32098765432098764,
        "f1-score": 0.4094488188976378,
        "support": 81.0
    },
    "9": {
        "precision": 0.7222222222222222,
        "recall": 0.16049382716049382,
        "f1-score": 0.26262626262626265,
        "support": 81.0
    },
    "micro avg": {
        "precision": 0.6253521126760564,
        "recall": 0.6090534979423868,
        "f1-score": 0.6170952050034746,
        "support": 729.0
    },
    "macro avg": {
        "precision": 0.6592710329946347,
        "recall": 0.6090534979423867,
        "f1-score": 0.5859037489701798,
        "support": 729.0
    },
    "weighted avg": {
        "precision": 0.6592710329946347,
        "recall": 0.6090534979423868,
        "f1-score": 0.5859037489701798,
        "support": 729.0
    },
    "accuracy": 0.6090534979423868
}