{
    "10": {
        "precision": 0.6296296296296297,
        "recall": 0.6296296296296297,
        "f1-score": 0.6296296296296297,
        "support": 81.0
    },
    "11": {
        "precision": 0.0,
        "recall": 0.0,
        "f1-score": 0.0,
        "support": 81.0
    },
    "12": {
        "precision": 0.43333333333333335,
        "recall": 0.48148148148148145,
        "f1-score": 0.45614035087719296,
        "support": 81.0
    },
    "13": {
        "precision": 0.0,
        "recall": 0.0,
        "f1-score": 0.0,
        "support": 81.0
    },
    "14": {
        "precision": 0.0,
        "recall": 0.0,
        "f1-score": 0.0,
        "support": 81.0
    },
    "15": {
        "precision": 0.0,
        "recall": 0.0,
        "f1-score": 0.0,
        "support": 81.0
    },
    "16": {
        "precision": 0.3261802575107296,
        "recall": 0.9382716049382716,
        "f1-score": 0.4840764331210191,
        "support": 81.0
    },
    "17": {
        "precision": 0.42857142857142855,
        "recall": 0.037037037037037035,
        "f1-score": 0.06818181818181818,
        "support": 81.0
    },
    "18": {
        "precision": 0.2459016393442623,
        "recall": 0.18518518518518517,
        "f1-score": 0.2112676056338028,
        "support": 81.0
    },
    "micro avg": {
        "precision": 0.2958199356913183,
        "recall": 0.252400548696845,
        "f1-score": 0.27239082161361955,
        "support": 729.0
    },
    "macro avg": {
        "precision": 0.22929069870993146,
        "recall": 0.252400548696845,
        "f1-score": 0.20547731527149585,
        "support": 729.0
    },
    "weighted avg": {
        "precision": 0.2292906987099315,
        "recall": 0.252400548696845,
        "f1-score": 0.20547731527149585,
        "support": 729.0
    },
    "accuracy": 0.252400548696845
}