{
    "1": {
        "precision": 1.0,
        "recall": 1.0,
        "f1-score": 1.0,
        "support": 1944.0
    },
    "2": {
        "precision": 1.0,
        "recall": 1.0,
        "f1-score": 1.0,
        "support": 1944.0
    },
    "3": {
        "precision": 1.0,
        "recall": 1.0,
        "f1-score": 1.0,
        "support": 1944.0
    },
    "4": {
        "precision": 1.0,
        "recall": 1.0,
        "f1-score": 1.0,
        "support": 1944.0
    },
    "5": {
        "precision": 1.0,
        "recall": 1.0,
        "f1-score": 1.0,
        "support": 1944.0
    },
    "6": {
        "precision": 1.0,
        "recall": 1.0,
        "f1-score": 1.0,
        "support": 1944.0
    },
    "7": {
        "precision": 0.998972250770812,
        "recall": 1.0,
        "f1-score": 0.9994858611825193,
        "support": 1944.0
    },
    "8": {
        "precision": 0.9913132345426674,
        "recall": 0.9979423868312757,
        "f1-score": 0.9946167649320687,
        "support": 1944.0
    },
    "9": {
        "precision": 0.9989631933644375,
        "recall": 0.9912551440329218,
        "f1-score": 0.9950942421895171,
        "support": 1944.0
    },
    "accuracy": 0.9987997256515775,
    "macro avg": {
        "precision": 0.9988054087419909,
        "recall": 0.9987997256515775,
        "f1-score": 0.9987996520337893,
        "support": 17496.0
    },
    "weighted avg": {
        "precision": 0.9988054087419908,
        "recall": 0.9987997256515775,
        "f1-score": 0.9987996520337895,
        "support": 17496.0
    }
}