{
    "10": {
        "precision": 0.24761904761904763,
        "recall": 0.32098765432098764,
        "f1-score": 0.27956989247311825,
        "support": 81.0
    },
    "11": {
        "precision": 0.0,
        "recall": 0.0,
        "f1-score": 0.0,
        "support": 81.0
    },
    "12": {
        "precision": 0.8020833333333334,
        "recall": 0.9506172839506173,
        "f1-score": 0.8700564971751412,
        "support": 81.0
    },
    "13": {
        "precision": 0.6804123711340206,
        "recall": 0.8148148148148148,
        "f1-score": 0.7415730337078652,
        "support": 81.0
    },
    "14": {
        "precision": 0.9393939393939394,
        "recall": 0.38271604938271603,
        "f1-score": 0.543859649122807,
        "support": 81.0
    },
    "15": {
        "precision": 0.6062992125984252,
        "recall": 0.9506172839506173,
        "f1-score": 0.7403846153846154,
        "support": 81.0
    },
    "16": {
        "precision": 0.8333333333333334,
        "recall": 0.18518518518518517,
        "f1-score": 0.30303030303030304,
        "support": 81.0
    },
    "17": {
        "precision": 0.0,
        "recall": 0.0,
        "f1-score": 0.0,
        "support": 81.0
    },
    "18": {
        "precision": 0.0,
        "recall": 0.0,
        "f1-score": 0.0,
        "support": 81.0
    },
    "micro avg": {
        "precision": 0.6134453781512605,
        "recall": 0.40054869684499317,
        "f1-score": 0.4846473029045643,
        "support": 729.0
    },
    "macro avg": {
        "precision": 0.45657124860134446,
        "recall": 0.40054869684499317,
        "f1-score": 0.38649711009931664,
        "support": 729.0
    },
    "weighted avg": {
        "precision": 0.4565712486013444,
        "recall": 0.40054869684499317,
        "f1-score": 0.38649711009931664,
        "support": 729.0
    },
    "accuracy": 0.40054869684499317
}