{
    "1": {
        "precision": 1.0,
        "recall": 0.8395061728395061,
        "f1-score": 0.912751677852349,
        "support": 81.0
    },
    "2": {
        "precision": 0.8522727272727273,
        "recall": 0.9259259259259259,
        "f1-score": 0.8875739644970414,
        "support": 81.0
    },
    "3": {
        "precision": 0.974025974025974,
        "recall": 0.9259259259259259,
        "f1-score": 0.9493670886075949,
        "support": 81.0
    },
    "4": {
        "precision": 0.8795180722891566,
        "recall": 0.9012345679012346,
        "f1-score": 0.8902439024390244,
        "support": 81.0
    },
    "5": {
        "precision": 0.9240506329113924,
        "recall": 0.9012345679012346,
        "f1-score": 0.9125,
        "support": 81.0
    },
    "6": {
        "precision": 0.88,
        "recall": 0.8148148148148148,
        "f1-score": 0.8461538461538461,
        "support": 81.0
    },
    "7": {
        "precision": 0.7948717948717948,
        "recall": 0.7654320987654321,
        "f1-score": 0.779874213836478,
        "support": 81.0
    },
    "8": {
        "precision": 0.75,
        "recall": 0.6296296296296297,
        "f1-score": 0.6845637583892618,
        "support": 81.0
    },
    "9": {
        "precision": 0.6935483870967742,
        "recall": 0.5308641975308642,
        "f1-score": 0.6013986013986014,
        "support": 81.0
    },
    "micro avg": {
        "precision": 0.8643067846607669,
        "recall": 0.803840877914952,
        "f1-score": 0.8329779673063256,
        "support": 729.0
    },
    "macro avg": {
        "precision": 0.860920843163091,
        "recall": 0.803840877914952,
        "f1-score": 0.8293807836860219,
        "support": 729.0
    },
    "weighted avg": {
        "precision": 0.8609208431630909,
        "recall": 0.803840877914952,
        "f1-score": 0.829380783686022,
        "support": 729.0
    },
    "accuracy": 0.803840877914952
}