{
    "1": {
        "precision": 0.9988518943742825,
        "recall": 0.8950617283950617,
        "f1-score": 0.9441128594682583,
        "support": 1944.0
    },
    "2": {
        "precision": 0.8993089832181639,
        "recall": 0.9372427983539094,
        "f1-score": 0.9178841309823678,
        "support": 1944.0
    },
    "3": {
        "precision": 0.9800995024875622,
        "recall": 0.9120370370370371,
        "f1-score": 0.9448441247002398,
        "support": 1944.0
    },
    "4": {
        "precision": 0.8862786972770955,
        "recall": 0.8539094650205762,
        "f1-score": 0.8697930311763165,
        "support": 1944.0
    },
    "5": {
        "precision": 0.8585646935568361,
        "recall": 0.8431069958847737,
        "f1-score": 0.8507656371658447,
        "support": 1944.0
    },
    "6": {
        "precision": 0.828819068255688,
        "recall": 0.7870370370370371,
        "f1-score": 0.8073878627968337,
        "support": 1944.0
    },
    "7": {
        "precision": 0.7634529147982063,
        "recall": 0.7006172839506173,
        "f1-score": 0.73068669527897,
        "support": 1944.0
    },
    "8": {
        "precision": 0.6985203452527744,
        "recall": 0.5828189300411523,
        "f1-score": 0.635445877734156,
        "support": 1944.0
    },
    "9": {
        "precision": 0.6096219931271478,
        "recall": 0.45627572016460904,
        "f1-score": 0.5219182112385996,
        "support": 1944.0
    },
    "micro avg": {
        "precision": 0.8431470185484875,
        "recall": 0.7742341106538637,
        "f1-score": 0.8072224539657946,
        "support": 17496.0
    },
    "macro avg": {
        "precision": 0.8359464547053064,
        "recall": 0.7742341106538638,
        "f1-score": 0.8025376033935095,
        "support": 17496.0
    },
    "weighted avg": {
        "precision": 0.8359464547053063,
        "recall": 0.7742341106538637,
        "f1-score": 0.8025376033935097,
        "support": 17496.0
    },
    "accuracy": 0.7742341106538637
}