{
    "1": {
        "precision": 1.0,
        "recall": 0.2962962962962963,
        "f1-score": 0.45714285714285713,
        "support": 81.0
    },
    "2": {
        "precision": 1.0,
        "recall": 1.0,
        "f1-score": 1.0,
        "support": 81.0
    },
    "3": {
        "precision": 1.0,
        "recall": 1.0,
        "f1-score": 1.0,
        "support": 81.0
    },
    "4": {
        "precision": 1.0,
        "recall": 1.0,
        "f1-score": 1.0,
        "support": 81.0
    },
    "5": {
        "precision": 1.0,
        "recall": 1.0,
        "f1-score": 1.0,
        "support": 81.0
    },
    "6": {
        "precision": 1.0,
        "recall": 1.0,
        "f1-score": 1.0,
        "support": 81.0
    },
    "7": {
        "precision": 1.0,
        "recall": 1.0,
        "f1-score": 1.0,
        "support": 81.0
    },
    "8": {
        "precision": 1.0,
        "recall": 1.0,
        "f1-score": 1.0,
        "support": 81.0
    },
    "9": {
        "precision": 1.0,
        "recall": 1.0,
        "f1-score": 1.0,
        "support": 81.0
    },
    "micro avg": {
        "precision": 1.0,
        "recall": 0.9218106995884774,
        "f1-score": 0.9593147751605996,
        "support": 729.0
    },
    "macro avg": {
        "precision": 1.0,
        "recall": 0.9218106995884773,
        "f1-score": 0.9396825396825397,
        "support": 729.0
    },
    "weighted avg": {
        "precision": 1.0,
        "recall": 0.9218106995884774,
        "f1-score": 0.9396825396825398,
        "support": 729.0
    },
    "accuracy": 0.9218106995884774
}