{
    "10": {
        "precision": 0.9411764705882353,
        "recall": 0.5925925925925926,
        "f1-score": 0.7272727272727273,
        "support": 81.0
    },
    "11": {
        "precision": 0.9230769230769231,
        "recall": 0.5925925925925926,
        "f1-score": 0.7218045112781954,
        "support": 81.0
    },
    "12": {
        "precision": 0.6702127659574468,
        "recall": 0.7777777777777778,
        "f1-score": 0.72,
        "support": 81.0
    },
    "13": {
        "precision": 0.6610169491525424,
        "recall": 0.48148148148148145,
        "f1-score": 0.5571428571428572,
        "support": 81.0
    },
    "14": {
        "precision": 0.0,
        "recall": 0.0,
        "f1-score": 0.0,
        "support": 81.0
    },
    "15": {
        "precision": 0.030612244897959183,
        "recall": 0.037037037037037035,
        "f1-score": 0.0335195530726257,
        "support": 81.0
    },
    "16": {
        "precision": 0.11009174311926606,
        "recall": 0.14814814814814814,
        "f1-score": 0.12631578947368421,
        "support": 81.0
    },
    "17": {
        "precision": 0.0,
        "recall": 0.0,
        "f1-score": 0.0,
        "support": 81.0
    },
    "18": {
        "precision": 0.0,
        "recall": 0.0,
        "f1-score": 0.0,
        "support": 81.0
    },
    "micro avg": {
        "precision": 0.4251497005988024,
        "recall": 0.29218106995884774,
        "f1-score": 0.3463414634146341,
        "support": 729.0
    },
    "macro avg": {
        "precision": 0.3706874551991525,
        "recall": 0.29218106995884774,
        "f1-score": 0.32067282647112105,
        "support": 729.0
    },
    "weighted avg": {
        "precision": 0.3706874551991526,
        "recall": 0.29218106995884774,
        "f1-score": 0.3206728264711211,
        "support": 729.0
    },
    "accuracy": 0.29218106995884774
}