{
    "10": {
        "precision": 0.4461538461538462,
        "recall": 0.7160493827160493,
        "f1-score": 0.5497630331753555,
        "support": 81.0
    },
    "11": {
        "precision": 0.24390243902439024,
        "recall": 0.12345679012345678,
        "f1-score": 0.16393442622950818,
        "support": 81.0
    },
    "12": {
        "precision": 0.7205882352941176,
        "recall": 0.6049382716049383,
        "f1-score": 0.6577181208053692,
        "support": 81.0
    },
    "13": {
        "precision": 0.9516129032258065,
        "recall": 0.7283950617283951,
        "f1-score": 0.8251748251748252,
        "support": 81.0
    },
    "14": {
        "precision": 0.8837209302325582,
        "recall": 0.9382716049382716,
        "f1-score": 0.9101796407185628,
        "support": 81.0
    },
    "15": {
        "precision": 0.8658536585365854,
        "recall": 0.8765432098765432,
        "f1-score": 0.8711656441717791,
        "support": 81.0
    },
    "16": {
        "precision": 0.8857142857142857,
        "recall": 0.38271604938271603,
        "f1-score": 0.5344827586206896,
        "support": 81.0
    },
    "17": {
        "precision": 0.20833333333333334,
        "recall": 0.12345679012345678,
        "f1-score": 0.15503875968992248,
        "support": 81.0
    },
    "18": {
        "precision": 0.0,
        "recall": 0.0,
        "f1-score": 0.0,
        "support": 81.0
    },
    "micro avg": {
        "precision": 0.6363636363636364,
        "recall": 0.4993141289437586,
        "f1-score": 0.5595695618754803,
        "support": 729.0
    },
    "macro avg": {
        "precision": 0.5784310701683248,
        "recall": 0.4993141289437586,
        "f1-score": 0.5186063565095568,
        "support": 729.0
    },
    "weighted avg": {
        "precision": 0.5784310701683247,
        "recall": 0.4993141289437586,
        "f1-score": 0.5186063565095569,
        "support": 729.0
    },
    "accuracy": 0.4993141289437586
}