{
    "1": {
        "precision": 1.0,
        "recall": 1.0,
        "f1-score": 1.0,
        "support": 81.0
    },
    "2": {
        "precision": 0.9878048780487805,
        "recall": 1.0,
        "f1-score": 0.9938650306748467,
        "support": 81.0
    },
    "3": {
        "precision": 0.9506172839506173,
        "recall": 0.9506172839506173,
        "f1-score": 0.9506172839506173,
        "support": 81.0
    },
    "4": {
        "precision": 0.8607594936708861,
        "recall": 0.8395061728395061,
        "f1-score": 0.85,
        "support": 81.0
    },
    "5": {
        "precision": 0.7361111111111112,
        "recall": 0.654320987654321,
        "f1-score": 0.6928104575163399,
        "support": 81.0
    },
    "6": {
        "precision": 0.5901639344262295,
        "recall": 0.4444444444444444,
        "f1-score": 0.5070422535211268,
        "support": 81.0
    },
    "7": {
        "precision": 0.4358974358974359,
        "recall": 0.20987654320987653,
        "f1-score": 0.2833333333333333,
        "support": 81.0
    },
    "8": {
        "precision": 0.22058823529411764,
        "recall": 0.18518518518518517,
        "f1-score": 0.20134228187919462,
        "support": 81.0
    },
    "9": {
        "precision": 0.32142857142857145,
        "recall": 0.1111111111111111,
        "f1-score": 0.1651376146788991,
        "support": 81.0
    },
    "micro avg": {
        "precision": 0.739424703891709,
        "recall": 0.5994513031550068,
        "f1-score": 0.6621212121212121,
        "support": 729.0
    },
    "macro avg": {
        "precision": 0.6781523270919722,
        "recall": 0.5994513031550068,
        "f1-score": 0.6271275839504842,
        "support": 729.0
    },
    "weighted avg": {
        "precision": 0.6781523270919722,
        "recall": 0.5994513031550068,
        "f1-score": 0.6271275839504841,
        "support": 729.0
    },
    "accuracy": 0.5994513031550068
}