{
    "1": {
        "precision": 1.0,
        "recall": 1.0,
        "f1-score": 1.0,
        "support": 81.0
    },
    "2": {
        "precision": 1.0,
        "recall": 1.0,
        "f1-score": 1.0,
        "support": 81.0
    },
    "3": {
        "precision": 0.9878048780487805,
        "recall": 1.0,
        "f1-score": 0.9938650306748467,
        "support": 81.0
    },
    "4": {
        "precision": 0.9875,
        "recall": 0.9753086419753086,
        "f1-score": 0.9813664596273292,
        "support": 81.0
    },
    "5": {
        "precision": 0.95,
        "recall": 0.9382716049382716,
        "f1-score": 0.9440993788819876,
        "support": 81.0
    },
    "6": {
        "precision": 0.868421052631579,
        "recall": 0.8148148148148148,
        "f1-score": 0.8407643312101911,
        "support": 81.0
    },
    "7": {
        "precision": 0.7076923076923077,
        "recall": 0.5679012345679012,
        "f1-score": 0.6301369863013698,
        "support": 81.0
    },
    "8": {
        "precision": 0.7164179104477612,
        "recall": 0.5925925925925926,
        "f1-score": 0.6486486486486487,
        "support": 81.0
    },
    "9": {
        "precision": 0.7230769230769231,
        "recall": 0.5802469135802469,
        "f1-score": 0.6438356164383562,
        "support": 81.0
    },
    "micro avg": {
        "precision": 0.8936484490398818,
        "recall": 0.8299039780521262,
        "f1-score": 0.8605974395448079,
        "support": 729.0
    },
    "macro avg": {
        "precision": 0.8823236746552613,
        "recall": 0.8299039780521261,
        "f1-score": 0.8536351613091921,
        "support": 729.0
    },
    "weighted avg": {
        "precision": 0.8823236746552612,
        "recall": 0.8299039780521262,
        "f1-score": 0.8536351613091921,
        "support": 729.0
    },
    "accuracy": 0.8299039780521262
}