{
    "10": {
        "precision": 0.013333333333333334,
        "recall": 0.012345679012345678,
        "f1-score": 0.01282051282051282,
        "support": 81.0
    },
    "11": {
        "precision": 0.02040816326530612,
        "recall": 0.024691358024691357,
        "f1-score": 0.0223463687150838,
        "support": 81.0
    },
    "12": {
        "precision": 0.009345794392523364,
        "recall": 0.012345679012345678,
        "f1-score": 0.010638297872340425,
        "support": 81.0
    },
    "13": {
        "precision": 0.01818181818181818,
        "recall": 0.012345679012345678,
        "f1-score": 0.014705882352941176,
        "support": 81.0
    },
    "14": {
        "precision": 0.03333333333333333,
        "recall": 0.06172839506172839,
        "f1-score": 0.04329004329004329,
        "support": 81.0
    },
    "15": {
        "precision": 0.0,
        "recall": 0.0,
        "f1-score": 0.0,
        "support": 81.0
    },
    "16": {
        "precision": 0.0,
        "recall": 0.0,
        "f1-score": 0.0,
        "support": 81.0
    },
    "17": {
        "precision": 0.0,
        "recall": 0.0,
        "f1-score": 0.0,
        "support": 81.0
    },
    "18": {
        "precision": 0.0,
        "recall": 0.0,
        "f1-score": 0.0,
        "support": 81.0
    },
    "micro avg": {
        "precision": 0.01757469244288225,
        "recall": 0.013717421124828532,
        "f1-score": 0.015408320493066256,
        "support": 729.0
    },
    "macro avg": {
        "precision": 0.010511382500701593,
        "recall": 0.013717421124828532,
        "f1-score": 0.011533456116769057,
        "support": 729.0
    },
    "weighted avg": {
        "precision": 0.010511382500701593,
        "recall": 0.013717421124828532,
        "f1-score": 0.011533456116769059,
        "support": 729.0
    },
    "accuracy": 0.013717421124828532
}