{
    "10": {
        "precision": 0.6276595744680851,
        "recall": 0.7283950617283951,
        "f1-score": 0.6742857142857143,
        "support": 81.0
    },
    "11": {
        "precision": 0.7419354838709677,
        "recall": 0.5679012345679012,
        "f1-score": 0.6433566433566433,
        "support": 81.0
    },
    "12": {
        "precision": 0.4961832061068702,
        "recall": 0.8024691358024691,
        "f1-score": 0.6132075471698113,
        "support": 81.0
    },
    "13": {
        "precision": 0.20689655172413793,
        "recall": 0.2222222222222222,
        "f1-score": 0.21428571428571427,
        "support": 81.0
    },
    "14": {
        "precision": 0.25862068965517243,
        "recall": 0.18518518518518517,
        "f1-score": 0.2158273381294964,
        "support": 81.0
    },
    "15": {
        "precision": 0.391304347826087,
        "recall": 0.4444444444444444,
        "f1-score": 0.4161849710982659,
        "support": 81.0
    },
    "16": {
        "precision": 0.34210526315789475,
        "recall": 0.32098765432098764,
        "f1-score": 0.33121019108280253,
        "support": 81.0
    },
    "17": {
        "precision": 0.37254901960784315,
        "recall": 0.4691358024691358,
        "f1-score": 0.41530054644808745,
        "support": 81.0
    },
    "18": {
        "precision": 0.75,
        "recall": 0.037037037037037035,
        "f1-score": 0.07058823529411765,
        "support": 81.0
    },
    "micro avg": {
        "precision": 0.43342776203966005,
        "recall": 0.41975308641975306,
        "f1-score": 0.4264808362369338,
        "support": 729.0
    },
    "macro avg": {
        "precision": 0.46525045960189537,
        "recall": 0.41975308641975306,
        "f1-score": 0.39936076679451704,
        "support": 729.0
    },
    "weighted avg": {
        "precision": 0.46525045960189537,
        "recall": 0.41975308641975306,
        "f1-score": 0.39936076679451693,
        "support": 729.0
    },
    "accuracy": 0.41975308641975306
}