{
    "1": {
        "precision": 1.0,
        "recall": 1.0,
        "f1-score": 1.0,
        "support": 81.0
    },
    "2": {
        "precision": 1.0,
        "recall": 1.0,
        "f1-score": 1.0,
        "support": 81.0
    },
    "3": {
        "precision": 0.9642857142857143,
        "recall": 1.0,
        "f1-score": 0.9818181818181818,
        "support": 81.0
    },
    "4": {
        "precision": 0.9069767441860465,
        "recall": 0.9629629629629629,
        "f1-score": 0.9341317365269461,
        "support": 81.0
    },
    "5": {
        "precision": 0.7227722772277227,
        "recall": 0.9012345679012346,
        "f1-score": 0.8021978021978022,
        "support": 81.0
    },
    "6": {
        "precision": 0.6883116883116883,
        "recall": 0.654320987654321,
        "f1-score": 0.6708860759493671,
        "support": 81.0
    },
    "7": {
        "precision": 0.6195652173913043,
        "recall": 0.7037037037037037,
        "f1-score": 0.6589595375722543,
        "support": 81.0
    },
    "8": {
        "precision": 0.6052631578947368,
        "recall": 0.5679012345679012,
        "f1-score": 0.5859872611464968,
        "support": 81.0
    },
    "9": {
        "precision": 1.0,
        "recall": 0.6296296296296297,
        "f1-score": 0.7727272727272727,
        "support": 81.0
    },
    "accuracy": 0.8244170096021948,
    "macro avg": {
        "precision": 0.8341305332552459,
        "recall": 0.8244170096021948,
        "f1-score": 0.8229675408820356,
        "support": 729.0
    },
    "weighted avg": {
        "precision": 0.8341305332552458,
        "recall": 0.8244170096021948,
        "f1-score": 0.8229675408820358,
        "support": 729.0
    }
}