{
    "1": {
        "precision": 0.9642857142857143,
        "recall": 1.0,
        "f1-score": 0.9818181818181818,
        "support": 81.0
    },
    "2": {
        "precision": 0.5658362989323843,
        "recall": 0.9814814814814815,
        "f1-score": 0.7178329571106095,
        "support": 162.0
    },
    "3": {
        "precision": 0.2847058823529412,
        "recall": 0.49794238683127573,
        "f1-score": 0.36227544910179643,
        "support": 243.0
    },
    "4": {
        "precision": 0.04914004914004914,
        "recall": 0.06172839506172839,
        "f1-score": 0.05471956224350205,
        "support": 324.0
    },
    "5": {
        "precision": 0.03614457831325301,
        "recall": 0.044444444444444446,
        "f1-score": 0.03986710963455149,
        "support": 405.0
    },
    "6": {
        "precision": 0.010714285714285714,
        "recall": 0.012345679012345678,
        "f1-score": 0.011472275334608031,
        "support": 486.0
    },
    "7": {
        "precision": 0.019726858877086494,
        "recall": 0.02292768959435626,
        "f1-score": 0.021207177814029365,
        "support": 567.0
    },
    "8": {
        "precision": 0.0027359781121751026,
        "recall": 0.0030864197530864196,
        "f1-score": 0.0029006526468455403,
        "support": 648.0
    },
    "9": {
        "precision": 0.0,
        "recall": 0.0,
        "f1-score": 0.0,
        "support": 729.0
    },
    "accuracy": 0.11522633744855967,
    "macro avg": {
        "precision": 0.21480996063643215,
        "recall": 0.29155072179763536,
        "f1-score": 0.24356592952268047,
        "support": 3645.0
    },
    "weighted avg": {
        "precision": 0.07892490219241087,
        "recall": 0.11522633744855967,
        "f1-score": 0.09251140796382609,
        "support": 3645.0
    }
}