{
    "1": {
        "precision": 1.0,
        "recall": 1.0,
        "f1-score": 1.0,
        "support": 81.0
    },
    "2": {
        "precision": 1.0,
        "recall": 1.0,
        "f1-score": 1.0,
        "support": 81.0
    },
    "3": {
        "precision": 0.9634146341463414,
        "recall": 0.9753086419753086,
        "f1-score": 0.9693251533742331,
        "support": 81.0
    },
    "4": {
        "precision": 0.5909090909090909,
        "recall": 0.9629629629629629,
        "f1-score": 0.7323943661971831,
        "support": 81.0
    },
    "5": {
        "precision": 0.2815533980582524,
        "recall": 0.35802469135802467,
        "f1-score": 0.31521739130434784,
        "support": 81.0
    },
    "6": {
        "precision": 0.13829787234042554,
        "recall": 0.16049382716049382,
        "f1-score": 0.14857142857142858,
        "support": 81.0
    },
    "7": {
        "precision": 0.06382978723404255,
        "recall": 0.07407407407407407,
        "f1-score": 0.06857142857142857,
        "support": 81.0
    },
    "8": {
        "precision": 0.09836065573770492,
        "recall": 0.07407407407407407,
        "f1-score": 0.08450704225352113,
        "support": 81.0
    },
    "9": {
        "precision": 1.0,
        "recall": 0.012345679012345678,
        "f1-score": 0.024390243902439025,
        "support": 81.0
    },
    "accuracy": 0.5130315500685871,
    "macro avg": {
        "precision": 0.5707072709362064,
        "recall": 0.5130315500685871,
        "f1-score": 0.48255300601939793,
        "support": 729.0
    },
    "weighted avg": {
        "precision": 0.5707072709362063,
        "recall": 0.5130315500685871,
        "f1-score": 0.482553006019398,
        "support": 729.0
    }
}