{
    "10": {
        "precision": 0.9850746268656716,
        "recall": 0.8148148148148148,
        "f1-score": 0.8918918918918919,
        "support": 81.0
    },
    "11": {
        "precision": 0.9454545454545454,
        "recall": 0.6419753086419753,
        "f1-score": 0.7647058823529411,
        "support": 81.0
    },
    "12": {
        "precision": 0.6666666666666666,
        "recall": 0.691358024691358,
        "f1-score": 0.6787878787878788,
        "support": 81.0
    },
    "13": {
        "precision": 0.5192307692307693,
        "recall": 0.3333333333333333,
        "f1-score": 0.40601503759398494,
        "support": 81.0
    },
    "14": {
        "precision": 0.0,
        "recall": 0.0,
        "f1-score": 0.0,
        "support": 81.0
    },
    "15": {
        "precision": 0.008849557522123894,
        "recall": 0.012345679012345678,
        "f1-score": 0.010309278350515464,
        "support": 81.0
    },
    "16": {
        "precision": 0.010638297872340425,
        "recall": 0.012345679012345678,
        "f1-score": 0.011428571428571429,
        "support": 81.0
    },
    "17": {
        "precision": 0.0,
        "recall": 0.0,
        "f1-score": 0.0,
        "support": 81.0
    },
    "18": {
        "precision": 0.0,
        "recall": 0.0,
        "f1-score": 0.0,
        "support": 81.0
    },
    "micro avg": {
        "precision": 0.42291666666666666,
        "recall": 0.2784636488340192,
        "f1-score": 0.3358147229114971,
        "support": 729.0
    },
    "macro avg": {
        "precision": 0.34843494040134637,
        "recall": 0.27846364883401914,
        "f1-score": 0.30701539337842043,
        "support": 729.0
    },
    "weighted avg": {
        "precision": 0.34843494040134637,
        "recall": 0.2784636488340192,
        "f1-score": 0.30701539337842043,
        "support": 729.0
    },
    "accuracy": 0.2784636488340192
}