{
    "1": {
        "precision": 1.0,
        "recall": 1.0,
        "f1-score": 1.0,
        "support": 81.0
    },
    "2": {
        "precision": 1.0,
        "recall": 1.0,
        "f1-score": 1.0,
        "support": 81.0
    },
    "3": {
        "precision": 1.0,
        "recall": 1.0,
        "f1-score": 1.0,
        "support": 81.0
    },
    "4": {
        "precision": 0.9878048780487805,
        "recall": 1.0,
        "f1-score": 0.9938650306748467,
        "support": 81.0
    },
    "5": {
        "precision": 0.8876404494382022,
        "recall": 0.9753086419753086,
        "f1-score": 0.9294117647058824,
        "support": 81.0
    },
    "6": {
        "precision": 0.8375,
        "recall": 0.8271604938271605,
        "f1-score": 0.8322981366459627,
        "support": 81.0
    },
    "7": {
        "precision": 0.7647058823529411,
        "recall": 0.8024691358024691,
        "f1-score": 0.7831325301204819,
        "support": 81.0
    },
    "8": {
        "precision": 0.7093023255813954,
        "recall": 0.7530864197530864,
        "f1-score": 0.7305389221556886,
        "support": 81.0
    },
    "9": {
        "precision": 0.921875,
        "recall": 0.7283950617283951,
        "f1-score": 0.8137931034482758,
        "support": 81.0
    },
    "accuracy": 0.8984910836762688,
    "macro avg": {
        "precision": 0.9009809483801465,
        "recall": 0.8984910836762688,
        "f1-score": 0.8981154986390154,
        "support": 729.0
    },
    "weighted avg": {
        "precision": 0.9009809483801465,
        "recall": 0.8984910836762688,
        "f1-score": 0.8981154986390153,
        "support": 729.0
    }
}