{
    "10": {
        "precision": 0.023809523809523808,
        "recall": 0.024691358024691357,
        "f1-score": 0.024242424242424242,
        "support": 81.0
    },
    "11": {
        "precision": 0.1875,
        "recall": 0.037037037037037035,
        "f1-score": 0.061855670103092786,
        "support": 81.0
    },
    "12": {
        "precision": 1.0,
        "recall": 0.49382716049382713,
        "f1-score": 0.6611570247933884,
        "support": 81.0
    },
    "13": {
        "precision": 0.6440677966101694,
        "recall": 0.4691358024691358,
        "f1-score": 0.5428571428571428,
        "support": 81.0
    },
    "14": {
        "precision": 0.05555555555555555,
        "recall": 0.024691358024691357,
        "f1-score": 0.03418803418803419,
        "support": 81.0
    },
    "15": {
        "precision": 0.03278688524590164,
        "recall": 0.024691358024691357,
        "f1-score": 0.028169014084507043,
        "support": 81.0
    },
    "16": {
        "precision": 0.03571428571428571,
        "recall": 0.037037037037037035,
        "f1-score": 0.03636363636363636,
        "support": 81.0
    },
    "17": {
        "precision": 0.0,
        "recall": 0.0,
        "f1-score": 0.0,
        "support": 81.0
    },
    "18": {
        "precision": 0.046052631578947366,
        "recall": 0.08641975308641975,
        "f1-score": 0.060085836909871244,
        "support": 81.0
    },
    "micro avg": {
        "precision": 0.18233082706766918,
        "recall": 0.13305898491083676,
        "f1-score": 0.15384615384615385,
        "support": 729.0
    },
    "macro avg": {
        "precision": 0.22505407539048708,
        "recall": 0.13305898491083673,
        "f1-score": 0.1609909759491219,
        "support": 729.0
    },
    "weighted avg": {
        "precision": 0.22505407539048705,
        "recall": 0.13305898491083676,
        "f1-score": 0.16099097594912187,
        "support": 729.0
    },
    "accuracy": 0.13305898491083676
}