{
    "10": {
        "precision": 0.9036144578313253,
        "recall": 0.9259259259259259,
        "f1-score": 0.9146341463414634,
        "support": 81.0
    },
    "11": {
        "precision": 0.9358974358974359,
        "recall": 0.9012345679012346,
        "f1-score": 0.9182389937106918,
        "support": 81.0
    },
    "12": {
        "precision": 0.719626168224299,
        "recall": 0.9506172839506173,
        "f1-score": 0.8191489361702128,
        "support": 81.0
    },
    "13": {
        "precision": 0.5816326530612245,
        "recall": 0.7037037037037037,
        "f1-score": 0.6368715083798883,
        "support": 81.0
    },
    "14": {
        "precision": 0.46236559139784944,
        "recall": 0.5308641975308642,
        "f1-score": 0.4942528735632184,
        "support": 81.0
    },
    "15": {
        "precision": 0.6909090909090909,
        "recall": 0.4691358024691358,
        "f1-score": 0.5588235294117647,
        "support": 81.0
    },
    "16": {
        "precision": 0.6588235294117647,
        "recall": 0.691358024691358,
        "f1-score": 0.6746987951807228,
        "support": 81.0
    },
    "17": {
        "precision": 0.8541666666666666,
        "recall": 0.5061728395061729,
        "f1-score": 0.6356589147286822,
        "support": 81.0
    },
    "18": {
        "precision": 0.7818181818181819,
        "recall": 0.5308641975308642,
        "f1-score": 0.6323529411764706,
        "support": 81.0
    },
    "micro avg": {
        "precision": 0.7165242165242165,
        "recall": 0.6899862825788752,
        "f1-score": 0.7030048916841369,
        "support": 729.0
    },
    "macro avg": {
        "precision": 0.7320948639130931,
        "recall": 0.6899862825788752,
        "f1-score": 0.6982978487403462,
        "support": 729.0
    },
    "weighted avg": {
        "precision": 0.7320948639130932,
        "recall": 0.6899862825788752,
        "f1-score": 0.6982978487403462,
        "support": 729.0
    },
    "accuracy": 0.6899862825788752
}