{
    "1": {
        "precision": 1.0,
        "recall": 0.9994855967078189,
        "f1-score": 0.9997427321842037,
        "support": 1944.0
    },
    "2": {
        "precision": 1.0,
        "recall": 1.0,
        "f1-score": 1.0,
        "support": 1944.0
    },
    "3": {
        "precision": 1.0,
        "recall": 1.0,
        "f1-score": 1.0,
        "support": 1944.0
    },
    "4": {
        "precision": 1.0,
        "recall": 1.0,
        "f1-score": 1.0,
        "support": 1944.0
    },
    "5": {
        "precision": 1.0,
        "recall": 0.98559670781893,
        "f1-score": 0.9927461139896373,
        "support": 1944.0
    },
    "6": {
        "precision": 0.9856777493606138,
        "recall": 0.9912551440329218,
        "f1-score": 0.9884585791228521,
        "support": 1944.0
    },
    "7": {
        "precision": 0.9905397885364496,
        "recall": 0.9156378600823045,
        "f1-score": 0.9516172146484897,
        "support": 1944.0
    },
    "8": {
        "precision": 0.9233698238933841,
        "recall": 0.9979423868312757,
        "f1-score": 0.9592088998763906,
        "support": 1944.0
    },
    "9": {
        "precision": 0.9964120963608406,
        "recall": 1.0,
        "f1-score": 0.9982028241335045,
        "support": 1944.0
    },
    "micro avg": {
        "precision": 0.987825092883681,
        "recall": 0.9877686328303612,
        "f1-score": 0.9877968620502415,
        "support": 17496.0
    },
    "macro avg": {
        "precision": 0.9884443842390321,
        "recall": 0.9877686328303612,
        "f1-score": 0.9877751515505641,
        "support": 17496.0
    },
    "weighted avg": {
        "precision": 0.988444384239032,
        "recall": 0.9877686328303612,
        "f1-score": 0.9877751515505642,
        "support": 17496.0
    },
    "accuracy": 0.9877686328303612
}