{
    "1": {
        "precision": 1.0,
        "recall": 1.0,
        "f1-score": 1.0,
        "support": 81.0
    },
    "2": {
        "precision": 0.9529411764705882,
        "recall": 1.0,
        "f1-score": 0.9759036144578314,
        "support": 81.0
    },
    "3": {
        "precision": 0.6311475409836066,
        "recall": 0.9506172839506173,
        "f1-score": 0.7586206896551724,
        "support": 81.0
    },
    "4": {
        "precision": 0.3602150537634409,
        "recall": 0.8271604938271605,
        "f1-score": 0.50187265917603,
        "support": 81.0
    },
    "5": {
        "precision": 0.575,
        "recall": 0.5679012345679012,
        "f1-score": 0.5714285714285714,
        "support": 81.0
    },
    "6": {
        "precision": 0.453125,
        "recall": 0.35802469135802467,
        "f1-score": 0.4,
        "support": 81.0
    },
    "7": {
        "precision": 0.5625,
        "recall": 0.2222222222222222,
        "f1-score": 0.3185840707964602,
        "support": 81.0
    },
    "8": {
        "precision": 0.6153846153846154,
        "recall": 0.2962962962962963,
        "f1-score": 0.4,
        "support": 81.0
    },
    "9": {
        "precision": 0.5862068965517241,
        "recall": 0.20987654320987653,
        "f1-score": 0.3090909090909091,
        "support": 81.0
    },
    "micro avg": {
        "precision": 0.6128133704735376,
        "recall": 0.6035665294924554,
        "f1-score": 0.608154803040774,
        "support": 729.0
    },
    "macro avg": {
        "precision": 0.6373911425726639,
        "recall": 0.6035665294924554,
        "f1-score": 0.5817222794005527,
        "support": 729.0
    },
    "weighted avg": {
        "precision": 0.6373911425726639,
        "recall": 0.6035665294924554,
        "f1-score": 0.5817222794005528,
        "support": 729.0
    },
    "accuracy": 0.6035665294924554
}