{
    "1": {
        "precision": 1.0,
        "recall": 1.0,
        "f1-score": 1.0,
        "support": 81.0
    },
    "2": {
        "precision": 1.0,
        "recall": 1.0,
        "f1-score": 1.0,
        "support": 81.0
    },
    "3": {
        "precision": 1.0,
        "recall": 0.9876543209876543,
        "f1-score": 0.9937888198757764,
        "support": 81.0
    },
    "4": {
        "precision": 0.9418604651162791,
        "recall": 1.0,
        "f1-score": 0.9700598802395209,
        "support": 81.0
    },
    "5": {
        "precision": 0.8444444444444444,
        "recall": 0.9382716049382716,
        "f1-score": 0.8888888888888888,
        "support": 81.0
    },
    "6": {
        "precision": 0.7126436781609196,
        "recall": 0.7654320987654321,
        "f1-score": 0.7380952380952381,
        "support": 81.0
    },
    "7": {
        "precision": 0.6097560975609756,
        "recall": 0.6172839506172839,
        "f1-score": 0.6134969325153374,
        "support": 81.0
    },
    "8": {
        "precision": 0.574468085106383,
        "recall": 0.6666666666666666,
        "f1-score": 0.6171428571428571,
        "support": 81.0
    },
    "9": {
        "precision": 0.9791666666666666,
        "recall": 0.5802469135802469,
        "f1-score": 0.7286821705426356,
        "support": 81.0
    },
    "accuracy": 0.8395061728395061,
    "macro avg": {
        "precision": 0.851371048561741,
        "recall": 0.8395061728395061,
        "f1-score": 0.838906087477806,
        "support": 729.0
    },
    "weighted avg": {
        "precision": 0.851371048561741,
        "recall": 0.8395061728395061,
        "f1-score": 0.8389060874778062,
        "support": 729.0
    }
}