{
    "10": {
        "precision": 0.21428571428571427,
        "recall": 0.25925925925925924,
        "f1-score": 0.2346368715083799,
        "support": 81.0
    },
    "11": {
        "precision": 0.5,
        "recall": 0.04938271604938271,
        "f1-score": 0.0898876404494382,
        "support": 81.0
    },
    "12": {
        "precision": 0.797752808988764,
        "recall": 0.8765432098765432,
        "f1-score": 0.8352941176470589,
        "support": 81.0
    },
    "13": {
        "precision": 0.9130434782608695,
        "recall": 0.5185185185185185,
        "f1-score": 0.6614173228346457,
        "support": 81.0
    },
    "14": {
        "precision": 0.5789473684210527,
        "recall": 0.4074074074074074,
        "f1-score": 0.4782608695652174,
        "support": 81.0
    },
    "15": {
        "precision": 0.5126050420168067,
        "recall": 0.7530864197530864,
        "f1-score": 0.61,
        "support": 81.0
    },
    "16": {
        "precision": 0.0,
        "recall": 0.0,
        "f1-score": 0.0,
        "support": 81.0
    },
    "17": {
        "precision": 0.0,
        "recall": 0.0,
        "f1-score": 0.0,
        "support": 81.0
    },
    "18": {
        "precision": 0.0,
        "recall": 0.0,
        "f1-score": 0.0,
        "support": 81.0
    },
    "micro avg": {
        "precision": 0.5043478260869565,
        "recall": 0.31824417009602196,
        "f1-score": 0.3902439024390244,
        "support": 729.0
    },
    "macro avg": {
        "precision": 0.39073715688591193,
        "recall": 0.31824417009602196,
        "f1-score": 0.3232774246671933,
        "support": 729.0
    },
    "weighted avg": {
        "precision": 0.39073715688591193,
        "recall": 0.31824417009602196,
        "f1-score": 0.32327742466719334,
        "support": 729.0
    },
    "accuracy": 0.31824417009602196
}