{
    "1": {
        "precision": 0.9759036144578314,
        "recall": 1.0,
        "f1-score": 0.9878048780487805,
        "support": 81.0
    },
    "2": {
        "precision": 1.0,
        "recall": 1.0,
        "f1-score": 1.0,
        "support": 81.0
    },
    "3": {
        "precision": 0.6372549019607843,
        "recall": 0.8024691358024691,
        "f1-score": 0.7103825136612022,
        "support": 81.0
    },
    "4": {
        "precision": 0.35106382978723405,
        "recall": 0.4074074074074074,
        "f1-score": 0.37714285714285717,
        "support": 81.0
    },
    "5": {
        "precision": 0.20909090909090908,
        "recall": 0.2839506172839506,
        "f1-score": 0.24083769633507854,
        "support": 81.0
    },
    "6": {
        "precision": 0.22535211267605634,
        "recall": 0.19753086419753085,
        "f1-score": 0.21052631578947367,
        "support": 81.0
    },
    "7": {
        "precision": 0.5789473684210527,
        "recall": 0.13580246913580246,
        "f1-score": 0.22,
        "support": 81.0
    },
    "8": {
        "precision": 0.3488372093023256,
        "recall": 0.18518518518518517,
        "f1-score": 0.24193548387096775,
        "support": 81.0
    },
    "9": {
        "precision": 0.4473684210526316,
        "recall": 0.20987654320987653,
        "f1-score": 0.2857142857142857,
        "support": 81.0
    },
    "micro avg": {
        "precision": 0.5335413416536662,
        "recall": 0.4691358024691358,
        "f1-score": 0.4992700729927007,
        "support": 729.0
    },
    "macro avg": {
        "precision": 0.5304242629720917,
        "recall": 0.46913580246913583,
        "f1-score": 0.4749271145069607,
        "support": 729.0
    },
    "weighted avg": {
        "precision": 0.5304242629720917,
        "recall": 0.4691358024691358,
        "f1-score": 0.4749271145069606,
        "support": 729.0
    },
    "accuracy": 0.4691358024691358
}