{
    "1": {
        "precision": 1.0,
        "recall": 1.0,
        "f1-score": 1.0,
        "support": 81.0
    },
    "2": {
        "precision": 0.648,
        "recall": 1.0,
        "f1-score": 0.7864077669902912,
        "support": 162.0
    },
    "3": {
        "precision": 0.33695652173913043,
        "recall": 0.6378600823045267,
        "f1-score": 0.44096728307254623,
        "support": 243.0
    },
    "4": {
        "precision": 0.046228710462287104,
        "recall": 0.05864197530864197,
        "f1-score": 0.05170068027210884,
        "support": 324.0
    },
    "5": {
        "precision": 0.02620967741935484,
        "recall": 0.03209876543209877,
        "f1-score": 0.02885682574916759,
        "support": 405.0
    },
    "6": {
        "precision": 0.005291005291005291,
        "recall": 0.006172839506172839,
        "f1-score": 0.005698005698005698,
        "support": 486.0
    },
    "7": {
        "precision": 0.004615384615384616,
        "recall": 0.005291005291005291,
        "f1-score": 0.0049301561216105174,
        "support": 567.0
    },
    "8": {
        "precision": 0.0013698630136986301,
        "recall": 0.0015432098765432098,
        "f1-score": 0.001451378809869376,
        "support": 648.0
    },
    "9": {
        "precision": 0.0,
        "recall": 0.0,
        "f1-score": 0.0,
        "support": 729.0
    },
    "accuracy": 0.11989026063100137,
    "macro avg": {
        "precision": 0.22985235139342905,
        "recall": 0.3046230975243321,
        "f1-score": 0.25777912185706664,
        "support": 3645.0
    },
    "weighted avg": {
        "precision": 0.0821743427183695,
        "recall": 0.11989026063100137,
        "f1-score": 0.09615809756779461,
        "support": 3645.0
    }
}