{
    "1": {
        "precision": 1.0,
        "recall": 1.0,
        "f1-score": 1.0,
        "support": 81.0
    },
    "2": {
        "precision": 0.6625,
        "recall": 0.9814814814814815,
        "f1-score": 0.7910447761194029,
        "support": 162.0
    },
    "3": {
        "precision": 0.4383561643835616,
        "recall": 0.6584362139917695,
        "f1-score": 0.5263157894736842,
        "support": 243.0
    },
    "4": {
        "precision": 0.26763990267639903,
        "recall": 0.3395061728395062,
        "f1-score": 0.29931972789115646,
        "support": 324.0
    },
    "5": {
        "precision": 0.18055555555555555,
        "recall": 0.25679012345679014,
        "f1-score": 0.21202854230377166,
        "support": 405.0
    },
    "6": {
        "precision": 0.050200803212851405,
        "recall": 0.051440329218107,
        "f1-score": 0.0508130081300813,
        "support": 486.0
    },
    "7": {
        "precision": 0.12719891745602166,
        "recall": 0.1657848324514991,
        "f1-score": 0.1439509954058193,
        "support": 567.0
    },
    "8": {
        "precision": 0.00816326530612245,
        "recall": 0.009259259259259259,
        "f1-score": 0.008676789587852495,
        "support": 648.0
    },
    "9": {
        "precision": 0.0,
        "recall": 0.0,
        "f1-score": 0.0,
        "support": 729.0
    },
    "accuracy": 0.20274348422496571,
    "macro avg": {
        "precision": 0.303846067621168,
        "recall": 0.3847442680776014,
        "f1-score": 0.33690551432352983,
        "support": 3645.0
    },
    "weighted avg": {
        "precision": 0.15267353879005108,
        "recall": 0.20274348422496571,
        "f1-score": 0.1733423972681641,
        "support": 3645.0
    }
}