{
    "1": {
        "precision": 1.0,
        "recall": 1.0,
        "f1-score": 1.0,
        "support": 81.0
    },
    "2": {
        "precision": 0.9878048780487805,
        "recall": 1.0,
        "f1-score": 0.9938650306748467,
        "support": 81.0
    },
    "3": {
        "precision": 0.9069767441860465,
        "recall": 0.9629629629629629,
        "f1-score": 0.9341317365269461,
        "support": 81.0
    },
    "4": {
        "precision": 0.5140845070422535,
        "recall": 0.9012345679012346,
        "f1-score": 0.6547085201793722,
        "support": 81.0
    },
    "5": {
        "precision": 0.15151515151515152,
        "recall": 0.18518518518518517,
        "f1-score": 0.16666666666666666,
        "support": 81.0
    },
    "6": {
        "precision": 0.06315789473684211,
        "recall": 0.07407407407407407,
        "f1-score": 0.06818181818181818,
        "support": 81.0
    },
    "7": {
        "precision": 0.030303030303030304,
        "recall": 0.037037037037037035,
        "f1-score": 0.03333333333333333,
        "support": 81.0
    },
    "8": {
        "precision": 0.044444444444444446,
        "recall": 0.024691358024691357,
        "f1-score": 0.031746031746031744,
        "support": 81.0
    },
    "9": {
        "precision": 0.0,
        "recall": 0.0,
        "f1-score": 0.0,
        "support": 81.0
    },
    "accuracy": 0.46502057613168724,
    "macro avg": {
        "precision": 0.4109207389196165,
        "recall": 0.46502057613168724,
        "f1-score": 0.43140368192322387,
        "support": 729.0
    },
    "weighted avg": {
        "precision": 0.41092073891961656,
        "recall": 0.46502057613168724,
        "f1-score": 0.43140368192322387,
        "support": 729.0
    }
}