{
    "1": {
        "precision": 1.0,
        "recall": 1.0,
        "f1-score": 1.0,
        "support": 5589.0
    },
    "2": {
        "precision": 0.9994634233589698,
        "recall": 0.9998210771157631,
        "f1-score": 0.9996422182468694,
        "support": 5589.0
    },
    "3": {
        "precision": 0.999462654486835,
        "recall": 0.998389694041868,
        "f1-score": 0.9989258861439313,
        "support": 5589.0
    },
    "4": {
        "precision": 0.9985543910372244,
        "recall": 0.9887278582930756,
        "f1-score": 0.9936168299919087,
        "support": 5589.0
    },
    "5": {
        "precision": 0.9846153846153847,
        "recall": 0.9733404902487028,
        "f1-score": 0.9789454741767141,
        "support": 5589.0
    },
    "6": {
        "precision": 0.9684350637003233,
        "recall": 0.9112542494185006,
        "f1-score": 0.9389749262536873,
        "support": 5589.0
    },
    "7": {
        "precision": 0.9011725293132329,
        "recall": 0.7700840937555914,
        "f1-score": 0.8304872165943078,
        "support": 5589.0
    },
    "8": {
        "precision": 0.7531939605110337,
        "recall": 0.6961889425657541,
        "f1-score": 0.7235704323570432,
        "support": 5589.0
    },
    "9": {
        "precision": 0.7585618871678272,
        "recall": 0.9550903560565396,
        "f1-score": 0.8455567875811817,
        "support": 5589.0
    },
    "micro avg": {
        "precision": 0.9258689572512985,
        "recall": 0.9214329734995328,
        "f1-score": 0.9236456392423351,
        "support": 50301.0
    },
    "macro avg": {
        "precision": 0.9292732549100923,
        "recall": 0.9214329734995328,
        "f1-score": 0.9233021968161825,
        "support": 50301.0
    },
    "weighted avg": {
        "precision": 0.9292732549100924,
        "recall": 0.9214329734995328,
        "f1-score": 0.9233021968161825,
        "support": 50301.0
    },
    "accuracy": 0.9214329734995328
}