{
    "10": {
        "precision": 0.19480519480519481,
        "recall": 0.37037037037037035,
        "f1-score": 0.2553191489361702,
        "support": 81.0
    },
    "11": {
        "precision": 0.0,
        "recall": 0.0,
        "f1-score": 0.0,
        "support": 81.0
    },
    "12": {
        "precision": 0.2920353982300885,
        "recall": 0.4074074074074074,
        "f1-score": 0.3402061855670103,
        "support": 81.0
    },
    "13": {
        "precision": 0.3333333333333333,
        "recall": 0.08641975308641975,
        "f1-score": 0.13725490196078433,
        "support": 81.0
    },
    "14": {
        "precision": 0.46153846153846156,
        "recall": 0.14814814814814814,
        "f1-score": 0.22429906542056074,
        "support": 81.0
    },
    "15": {
        "precision": 0.3054187192118227,
        "recall": 0.7654320987654321,
        "f1-score": 0.43661971830985913,
        "support": 81.0
    },
    "16": {
        "precision": 0.0,
        "recall": 0.0,
        "f1-score": 0.0,
        "support": 81.0
    },
    "17": {
        "precision": 0.25,
        "recall": 0.012345679012345678,
        "f1-score": 0.023529411764705882,
        "support": 81.0
    },
    "18": {
        "precision": 0.1111111111111111,
        "recall": 0.012345679012345678,
        "f1-score": 0.022222222222222223,
        "support": 81.0
    },
    "micro avg": {
        "precision": 0.27547169811320754,
        "recall": 0.20027434842249658,
        "f1-score": 0.23193010325655283,
        "support": 729.0
    },
    "macro avg": {
        "precision": 0.21647135758111244,
        "recall": 0.20027434842249658,
        "f1-score": 0.15993896157570142,
        "support": 729.0
    },
    "weighted avg": {
        "precision": 0.21647135758111244,
        "recall": 0.20027434842249658,
        "f1-score": 0.15993896157570142,
        "support": 729.0
    },
    "accuracy": 0.20027434842249658
}