{
    "10": {
        "precision": 0.11458333333333333,
        "recall": 0.13580246913580246,
        "f1-score": 0.12429378531073447,
        "support": 81.0
    },
    "11": {
        "precision": 0.0,
        "recall": 0.0,
        "f1-score": 0.0,
        "support": 81.0
    },
    "12": {
        "precision": 0.7865168539325843,
        "recall": 0.8641975308641975,
        "f1-score": 0.8235294117647058,
        "support": 81.0
    },
    "13": {
        "precision": 0.8,
        "recall": 0.09876543209876543,
        "f1-score": 0.17582417582417584,
        "support": 81.0
    },
    "14": {
        "precision": 0.19696969696969696,
        "recall": 0.16049382716049382,
        "f1-score": 0.17687074829931973,
        "support": 81.0
    },
    "15": {
        "precision": 0.3418803418803419,
        "recall": 0.49382716049382713,
        "f1-score": 0.40404040404040403,
        "support": 81.0
    },
    "16": {
        "precision": 0.3392070484581498,
        "recall": 0.9506172839506173,
        "f1-score": 0.5,
        "support": 81.0
    },
    "17": {
        "precision": 0.08108108108108109,
        "recall": 0.037037037037037035,
        "f1-score": 0.05084745762711865,
        "support": 81.0
    },
    "18": {
        "precision": 1.0,
        "recall": 0.12345679012345678,
        "f1-score": 0.21978021978021978,
        "support": 81.0
    },
    "micro avg": {
        "precision": 0.3558282208588957,
        "recall": 0.31824417009602196,
        "f1-score": 0.33598841419261405,
        "support": 729.0
    },
    "macro avg": {
        "precision": 0.40669315062835415,
        "recall": 0.3182441700960219,
        "f1-score": 0.2750206891829643,
        "support": 729.0
    },
    "weighted avg": {
        "precision": 0.40669315062835415,
        "recall": 0.31824417009602196,
        "f1-score": 0.2750206891829643,
        "support": 729.0
    },
    "accuracy": 0.31824417009602196
}