{
    "10": {
        "precision": 0.5922330097087378,
        "recall": 0.7530864197530864,
        "f1-score": 0.6630434782608695,
        "support": 81.0
    },
    "11": {
        "precision": 0.5211267605633803,
        "recall": 0.4567901234567901,
        "f1-score": 0.4868421052631579,
        "support": 81.0
    },
    "12": {
        "precision": 0.6833333333333333,
        "recall": 0.5061728395061729,
        "f1-score": 0.5815602836879432,
        "support": 81.0
    },
    "13": {
        "precision": 0.65625,
        "recall": 0.7777777777777778,
        "f1-score": 0.711864406779661,
        "support": 81.0
    },
    "14": {
        "precision": 0.6585365853658537,
        "recall": 0.6666666666666666,
        "f1-score": 0.6625766871165644,
        "support": 81.0
    },
    "15": {
        "precision": 0.631578947368421,
        "recall": 0.5925925925925926,
        "f1-score": 0.6114649681528662,
        "support": 81.0
    },
    "16": {
        "precision": 0.6,
        "recall": 0.37037037037037035,
        "f1-score": 0.4580152671755725,
        "support": 81.0
    },
    "17": {
        "precision": 0.5185185185185185,
        "recall": 0.691358024691358,
        "f1-score": 0.5925925925925926,
        "support": 81.0
    },
    "18": {
        "precision": 0.8225806451612904,
        "recall": 0.6296296296296297,
        "f1-score": 0.7132867132867133,
        "support": 81.0
    },
    "micro avg": {
        "precision": 0.6228813559322034,
        "recall": 0.6049382716049383,
        "f1-score": 0.6137787056367432,
        "support": 729.0
    },
    "macro avg": {
        "precision": 0.6315730888910595,
        "recall": 0.6049382716049383,
        "f1-score": 0.6090273891462156,
        "support": 729.0
    },
    "weighted avg": {
        "precision": 0.6315730888910595,
        "recall": 0.6049382716049383,
        "f1-score": 0.6090273891462157,
        "support": 729.0
    },
    "accuracy": 0.6049382716049383
}