{
    "1": {
        "precision": 1.0,
        "recall": 0.9506172839506173,
        "f1-score": 0.9746835443037974,
        "support": 81.0
    },
    "2": {
        "precision": 0.9493670886075949,
        "recall": 0.9259259259259259,
        "f1-score": 0.9375,
        "support": 81.0
    },
    "3": {
        "precision": 0.9864864864864865,
        "recall": 0.9012345679012346,
        "f1-score": 0.9419354838709677,
        "support": 81.0
    },
    "4": {
        "precision": 0.8780487804878049,
        "recall": 0.8888888888888888,
        "f1-score": 0.8834355828220859,
        "support": 81.0
    },
    "5": {
        "precision": 0.9113924050632911,
        "recall": 0.8888888888888888,
        "f1-score": 0.9,
        "support": 81.0
    },
    "6": {
        "precision": 0.8314606741573034,
        "recall": 0.9135802469135802,
        "f1-score": 0.8705882352941177,
        "support": 81.0
    },
    "7": {
        "precision": 0.9111111111111111,
        "recall": 0.5061728395061729,
        "f1-score": 0.6507936507936508,
        "support": 81.0
    },
    "8": {
        "precision": 0.5255474452554745,
        "recall": 0.8888888888888888,
        "f1-score": 0.6605504587155964,
        "support": 81.0
    },
    "9": {
        "precision": 0.875,
        "recall": 0.691358024691358,
        "f1-score": 0.7724137931034483,
        "support": 81.0
    },
    "micro avg": {
        "precision": 0.8429752066115702,
        "recall": 0.8395061728395061,
        "f1-score": 0.8412371134020619,
        "support": 729.0
    },
    "macro avg": {
        "precision": 0.8742682212410073,
        "recall": 0.8395061728395061,
        "f1-score": 0.8435445276559626,
        "support": 729.0
    },
    "weighted avg": {
        "precision": 0.8742682212410073,
        "recall": 0.8395061728395061,
        "f1-score": 0.8435445276559627,
        "support": 729.0
    },
    "accuracy": 0.8395061728395061
}