{
    "10": {
        "precision": 0.6458333333333334,
        "recall": 0.7654320987654321,
        "f1-score": 0.7005649717514124,
        "support": 81.0
    },
    "11": {
        "precision": 0.7966101694915254,
        "recall": 0.5802469135802469,
        "f1-score": 0.6714285714285714,
        "support": 81.0
    },
    "12": {
        "precision": 0.5476190476190477,
        "recall": 0.8518518518518519,
        "f1-score": 0.6666666666666666,
        "support": 81.0
    },
    "13": {
        "precision": 0.3023255813953488,
        "recall": 0.32098765432098764,
        "f1-score": 0.31137724550898205,
        "support": 81.0
    },
    "14": {
        "precision": 0.3235294117647059,
        "recall": 0.2716049382716049,
        "f1-score": 0.2953020134228188,
        "support": 81.0
    },
    "15": {
        "precision": 0.37362637362637363,
        "recall": 0.41975308641975306,
        "f1-score": 0.3953488372093023,
        "support": 81.0
    },
    "16": {
        "precision": 0.3291139240506329,
        "recall": 0.32098765432098764,
        "f1-score": 0.325,
        "support": 81.0
    },
    "17": {
        "precision": 0.35294117647058826,
        "recall": 0.4444444444444444,
        "f1-score": 0.39344262295081966,
        "support": 81.0
    },
    "18": {
        "precision": 0.6666666666666666,
        "recall": 0.024691358024691357,
        "f1-score": 0.047619047619047616,
        "support": 81.0
    },
    "micro avg": {
        "precision": 0.4563380281690141,
        "recall": 0.4444444444444444,
        "f1-score": 0.45031271716469773,
        "support": 729.0
    },
    "macro avg": {
        "precision": 0.4820295204909137,
        "recall": 0.4444444444444444,
        "f1-score": 0.4229722196175134,
        "support": 729.0
    },
    "weighted avg": {
        "precision": 0.48202952049091363,
        "recall": 0.4444444444444444,
        "f1-score": 0.4229722196175134,
        "support": 729.0
    },
    "accuracy": 0.4444444444444444
}