{
    "1": {
        "precision": 1.0,
        "recall": 1.0,
        "f1-score": 1.0,
        "support": 81.0
    },
    "2": {
        "precision": 1.0,
        "recall": 0.9629629629629629,
        "f1-score": 0.9811320754716981,
        "support": 81.0
    },
    "3": {
        "precision": 1.0,
        "recall": 0.9629629629629629,
        "f1-score": 0.9811320754716981,
        "support": 81.0
    },
    "4": {
        "precision": 0.9342105263157895,
        "recall": 0.8765432098765432,
        "f1-score": 0.9044585987261147,
        "support": 81.0
    },
    "5": {
        "precision": 0.85,
        "recall": 0.8395061728395061,
        "f1-score": 0.84472049689441,
        "support": 81.0
    },
    "6": {
        "precision": 0.8554216867469879,
        "recall": 0.8765432098765432,
        "f1-score": 0.8658536585365854,
        "support": 81.0
    },
    "7": {
        "precision": 0.8904109589041096,
        "recall": 0.8024691358024691,
        "f1-score": 0.8441558441558441,
        "support": 81.0
    },
    "8": {
        "precision": 0.7916666666666666,
        "recall": 0.7037037037037037,
        "f1-score": 0.7450980392156863,
        "support": 81.0
    },
    "9": {
        "precision": 0.65,
        "recall": 0.48148148148148145,
        "f1-score": 0.5531914893617021,
        "support": 81.0
    },
    "micro avg": {
        "precision": 0.8928046989720999,
        "recall": 0.8340192043895748,
        "f1-score": 0.8624113475177305,
        "support": 729.0
    },
    "macro avg": {
        "precision": 0.8857455376259504,
        "recall": 0.8340192043895748,
        "f1-score": 0.8577491419815266,
        "support": 729.0
    },
    "weighted avg": {
        "precision": 0.8857455376259503,
        "recall": 0.8340192043895748,
        "f1-score": 0.8577491419815265,
        "support": 729.0
    },
    "accuracy": 0.8340192043895748
}