{
    "1": {
        "precision": 1.0,
        "recall": 0.654320987654321,
        "f1-score": 0.7910447761194029,
        "support": 81.0
    },
    "2": {
        "precision": 1.0,
        "recall": 1.0,
        "f1-score": 1.0,
        "support": 81.0
    },
    "3": {
        "precision": 1.0,
        "recall": 1.0,
        "f1-score": 1.0,
        "support": 81.0
    },
    "4": {
        "precision": 1.0,
        "recall": 1.0,
        "f1-score": 1.0,
        "support": 81.0
    },
    "5": {
        "precision": 1.0,
        "recall": 1.0,
        "f1-score": 1.0,
        "support": 81.0
    },
    "6": {
        "precision": 1.0,
        "recall": 1.0,
        "f1-score": 1.0,
        "support": 81.0
    },
    "7": {
        "precision": 1.0,
        "recall": 1.0,
        "f1-score": 1.0,
        "support": 81.0
    },
    "8": {
        "precision": 1.0,
        "recall": 1.0,
        "f1-score": 1.0,
        "support": 81.0
    },
    "9": {
        "precision": 1.0,
        "recall": 1.0,
        "f1-score": 1.0,
        "support": 81.0
    },
    "micro avg": {
        "precision": 1.0,
        "recall": 0.9615912208504801,
        "f1-score": 0.9804195804195804,
        "support": 729.0
    },
    "macro avg": {
        "precision": 1.0,
        "recall": 0.9615912208504801,
        "f1-score": 0.9767827529021559,
        "support": 729.0
    },
    "weighted avg": {
        "precision": 1.0,
        "recall": 0.9615912208504801,
        "f1-score": 0.976782752902156,
        "support": 729.0
    },
    "accuracy": 0.9615912208504801
}