{
    "1": {
        "precision": 1.0,
        "recall": 1.0,
        "f1-score": 1.0,
        "support": 81.0
    },
    "2": {
        "precision": 1.0,
        "recall": 1.0,
        "f1-score": 1.0,
        "support": 81.0
    },
    "3": {
        "precision": 1.0,
        "recall": 1.0,
        "f1-score": 1.0,
        "support": 81.0
    },
    "4": {
        "precision": 1.0,
        "recall": 1.0,
        "f1-score": 1.0,
        "support": 81.0
    },
    "5": {
        "precision": 0.9101123595505618,
        "recall": 1.0,
        "f1-score": 0.9529411764705882,
        "support": 81.0
    },
    "6": {
        "precision": 0.8902439024390244,
        "recall": 0.9012345679012346,
        "f1-score": 0.8957055214723927,
        "support": 81.0
    },
    "7": {
        "precision": 0.8372093023255814,
        "recall": 0.8888888888888888,
        "f1-score": 0.8622754491017964,
        "support": 81.0
    },
    "8": {
        "precision": 0.9178082191780822,
        "recall": 0.8271604938271605,
        "f1-score": 0.8701298701298701,
        "support": 81.0
    },
    "9": {
        "precision": 1.0,
        "recall": 0.9259259259259259,
        "f1-score": 0.9615384615384616,
        "support": 81.0
    },
    "accuracy": 0.9492455418381345,
    "macro avg": {
        "precision": 0.9505970870548056,
        "recall": 0.9492455418381345,
        "f1-score": 0.9491767198570121,
        "support": 729.0
    },
    "weighted avg": {
        "precision": 0.9505970870548056,
        "recall": 0.9492455418381345,
        "f1-score": 0.9491767198570121,
        "support": 729.0
    }
}