{
    "1": {
        "precision": 0.9759036144578314,
        "recall": 1.0,
        "f1-score": 0.9878048780487805,
        "support": 81.0
    },
    "2": {
        "precision": 0.5818181818181818,
        "recall": 0.9876543209876543,
        "f1-score": 0.7322654462242563,
        "support": 162.0
    },
    "3": {
        "precision": 0.3247422680412371,
        "recall": 0.5185185185185185,
        "f1-score": 0.3993660855784469,
        "support": 243.0
    },
    "4": {
        "precision": 0.14148681055155876,
        "recall": 0.18209876543209877,
        "f1-score": 0.1592442645074224,
        "support": 324.0
    },
    "5": {
        "precision": 0.08901515151515152,
        "recall": 0.11604938271604938,
        "f1-score": 0.1007502679528403,
        "support": 405.0
    },
    "6": {
        "precision": 0.019083969465648856,
        "recall": 0.0205761316872428,
        "f1-score": 0.019801980198019802,
        "support": 486.0
    },
    "7": {
        "precision": 0.07571428571428572,
        "recall": 0.09347442680776014,
        "f1-score": 0.08366219415943173,
        "support": 567.0
    },
    "8": {
        "precision": 0.0013698630136986301,
        "recall": 0.0015432098765432098,
        "f1-score": 0.001451378809869376,
        "support": 648.0
    },
    "9": {
        "precision": 0.0,
        "recall": 0.0,
        "f1-score": 0.0,
        "support": 729.0
    },
    "accuracy": 0.14732510288065845,
    "macro avg": {
        "precision": 0.24545934939751046,
        "recall": 0.324434972891763,
        "f1-score": 0.2760384994976741,
        "support": 3645.0
    },
    "weighted avg": {
        "precision": 0.10622783339785294,
        "recall": 0.14732510288065845,
        "f1-score": 0.1223826821291027,
        "support": 3645.0
    }
}