{
    "10": {
        "precision": 0.4057971014492754,
        "recall": 0.345679012345679,
        "f1-score": 0.37333333333333335,
        "support": 81.0
    },
    "11": {
        "precision": 1.0,
        "recall": 0.012345679012345678,
        "f1-score": 0.024390243902439025,
        "support": 81.0
    },
    "12": {
        "precision": 0.29310344827586204,
        "recall": 0.20987654320987653,
        "f1-score": 0.2446043165467626,
        "support": 81.0
    },
    "13": {
        "precision": 0.08064516129032258,
        "recall": 0.06172839506172839,
        "f1-score": 0.06993006993006994,
        "support": 81.0
    },
    "14": {
        "precision": 0.0,
        "recall": 0.0,
        "f1-score": 0.0,
        "support": 81.0
    },
    "15": {
        "precision": 0.0,
        "recall": 0.0,
        "f1-score": 0.0,
        "support": 81.0
    },
    "16": {
        "precision": 0.0,
        "recall": 0.0,
        "f1-score": 0.0,
        "support": 81.0
    },
    "17": {
        "precision": 0.0,
        "recall": 0.0,
        "f1-score": 0.0,
        "support": 81.0
    },
    "18": {
        "precision": 0.0,
        "recall": 0.0,
        "f1-score": 0.0,
        "support": 81.0
    },
    "micro avg": {
        "precision": 0.14325842696629212,
        "recall": 0.06995884773662552,
        "f1-score": 0.09400921658986175,
        "support": 729.0
    },
    "macro avg": {
        "precision": 0.19772730122394,
        "recall": 0.0699588477366255,
        "f1-score": 0.079139773745845,
        "support": 729.0
    },
    "weighted avg": {
        "precision": 0.19772730122394,
        "recall": 0.06995884773662552,
        "f1-score": 0.079139773745845,
        "support": 729.0
    },
    "accuracy": 0.06995884773662552
}