{
    "10": {
        "precision": 0.30049261083743845,
        "recall": 0.7530864197530864,
        "f1-score": 0.4295774647887324,
        "support": 81.0
    },
    "11": {
        "precision": 0.0,
        "recall": 0.0,
        "f1-score": 0.0,
        "support": 81.0
    },
    "12": {
        "precision": 0.323943661971831,
        "recall": 0.2839506172839506,
        "f1-score": 0.3026315789473684,
        "support": 81.0
    },
    "13": {
        "precision": 0.3939393939393939,
        "recall": 0.16049382716049382,
        "f1-score": 0.22807017543859648,
        "support": 81.0
    },
    "14": {
        "precision": 0.0,
        "recall": 0.0,
        "f1-score": 0.0,
        "support": 81.0
    },
    "15": {
        "precision": 0.19830028328611898,
        "recall": 0.8641975308641975,
        "f1-score": 0.3225806451612903,
        "support": 81.0
    },
    "16": {
        "precision": 0.07692307692307693,
        "recall": 0.012345679012345678,
        "f1-score": 0.02127659574468085,
        "support": 81.0
    },
    "17": {
        "precision": 0.15384615384615385,
        "recall": 0.04938271604938271,
        "f1-score": 0.07476635514018691,
        "support": 81.0
    },
    "18": {
        "precision": 0.5,
        "recall": 0.04938271604938271,
        "f1-score": 0.0898876404494382,
        "support": 81.0
    },
    "micro avg": {
        "precision": 0.24893917963224893,
        "recall": 0.24142661179698216,
        "f1-score": 0.24512534818941503,
        "support": 729.0
    },
    "macro avg": {
        "precision": 0.21638279786711256,
        "recall": 0.24142661179698216,
        "f1-score": 0.1631989395189215,
        "support": 729.0
    },
    "weighted avg": {
        "precision": 0.2163827978671126,
        "recall": 0.24142661179698216,
        "f1-score": 0.1631989395189215,
        "support": 729.0
    },
    "accuracy": 0.24142661179698216
}