{
    "10": {
        "precision": 0.16560509554140126,
        "recall": 0.32098765432098764,
        "f1-score": 0.2184873949579832,
        "support": 81.0
    },
    "11": {
        "precision": 0.0,
        "recall": 0.0,
        "f1-score": 0.0,
        "support": 81.0
    },
    "12": {
        "precision": 0.22608695652173913,
        "recall": 0.32098765432098764,
        "f1-score": 0.2653061224489796,
        "support": 81.0
    },
    "13": {
        "precision": 0.25,
        "recall": 0.06172839506172839,
        "f1-score": 0.09900990099009901,
        "support": 81.0
    },
    "14": {
        "precision": 0.3548387096774194,
        "recall": 0.13580246913580246,
        "f1-score": 0.19642857142857142,
        "support": 81.0
    },
    "15": {
        "precision": 0.2727272727272727,
        "recall": 0.7037037037037037,
        "f1-score": 0.3931034482758621,
        "support": 81.0
    },
    "16": {
        "precision": 0.0,
        "recall": 0.0,
        "f1-score": 0.0,
        "support": 81.0
    },
    "17": {
        "precision": 0.5,
        "recall": 0.06172839506172839,
        "f1-score": 0.10989010989010989,
        "support": 81.0
    },
    "18": {
        "precision": 0.4444444444444444,
        "recall": 0.04938271604938271,
        "f1-score": 0.08888888888888889,
        "support": 81.0
    },
    "micro avg": {
        "precision": 0.24319419237749546,
        "recall": 0.18381344307270234,
        "f1-score": 0.209375,
        "support": 729.0
    },
    "macro avg": {
        "precision": 0.24596694210136405,
        "recall": 0.18381344307270234,
        "f1-score": 0.1523460485422771,
        "support": 729.0
    },
    "weighted avg": {
        "precision": 0.24596694210136408,
        "recall": 0.18381344307270234,
        "f1-score": 0.15234604854227712,
        "support": 729.0
    },
    "accuracy": 0.18381344307270234
}