{
    "1": {
        "precision": 0.3333333333333333,
        "recall": 1.0,
        "f1-score": 0.5,
        "support": 81.0
    },
    "2": {
        "precision": 0.0,
        "recall": 0.0,
        "f1-score": 0.0,
        "support": 162.0
    },
    "3": {
        "precision": 0.0030959752321981426,
        "recall": 0.00411522633744856,
        "f1-score": 0.0035335689045936395,
        "support": 243.0
    },
    "4": {
        "precision": 0.005089058524173028,
        "recall": 0.006172839506172839,
        "f1-score": 0.005578800557880056,
        "support": 324.0
    },
    "5": {
        "precision": 0.03278688524590164,
        "recall": 0.0345679012345679,
        "f1-score": 0.03365384615384615,
        "support": 405.0
    },
    "6": {
        "precision": 0.11793214862681745,
        "recall": 0.15020576131687244,
        "f1-score": 0.1321266968325792,
        "support": 486.0
    },
    "7": {
        "precision": 0.03211009174311927,
        "recall": 0.037037037037037035,
        "f1-score": 0.0343980343980344,
        "support": 567.0
    },
    "8": {
        "precision": 0.020161290322580645,
        "recall": 0.023148148148148147,
        "f1-score": 0.021551724137931036,
        "support": 648.0
    },
    "9": {
        "precision": 0.0,
        "recall": 0.0,
        "f1-score": 0.0,
        "support": 729.0
    },
    "accuracy": 0.056790123456790124,
    "macro avg": {
        "precision": 0.06050097589201372,
        "recall": 0.1394718792866941,
        "f1-score": 0.0812047412205405,
        "support": 3645.0
    },
    "weighted avg": {
        "precision": 0.036012572797766956,
        "recall": 0.056790123456790124,
        "f1-score": 0.04238100787999325,
        "support": 3645.0
    }
}