{
    "10": {
        "precision": 0.0,
        "recall": 0.0,
        "f1-score": 0.0,
        "support": 81.0
    },
    "11": {
        "precision": 0.0,
        "recall": 0.0,
        "f1-score": 0.0,
        "support": 81.0
    },
    "12": {
        "precision": 0.18947368421052632,
        "recall": 0.2222222222222222,
        "f1-score": 0.20454545454545456,
        "support": 81.0
    },
    "13": {
        "precision": 0.1125,
        "recall": 0.1111111111111111,
        "f1-score": 0.11180124223602485,
        "support": 81.0
    },
    "14": {
        "precision": 0.1568627450980392,
        "recall": 0.19753086419753085,
        "f1-score": 0.17486338797814208,
        "support": 81.0
    },
    "15": {
        "precision": 0.20689655172413793,
        "recall": 0.07407407407407407,
        "f1-score": 0.10909090909090909,
        "support": 81.0
    },
    "16": {
        "precision": 0.8181818181818182,
        "recall": 0.1111111111111111,
        "f1-score": 0.1956521739130435,
        "support": 81.0
    },
    "17": {
        "precision": 0.0,
        "recall": 0.0,
        "f1-score": 0.0,
        "support": 81.0
    },
    "18": {
        "precision": 0.0,
        "recall": 0.0,
        "f1-score": 0.0,
        "support": 81.0
    },
    "micro avg": {
        "precision": 0.1286031042128603,
        "recall": 0.07956104252400549,
        "f1-score": 0.09830508474576272,
        "support": 729.0
    },
    "macro avg": {
        "precision": 0.16487942213494686,
        "recall": 0.07956104252400548,
        "f1-score": 0.08843924086261934,
        "support": 729.0
    },
    "weighted avg": {
        "precision": 0.16487942213494686,
        "recall": 0.07956104252400549,
        "f1-score": 0.08843924086261934,
        "support": 729.0
    },
    "accuracy": 0.07956104252400549
}