{
    "10": {
        "precision": 0.13358941527955612,
        "recall": 0.1610082304526749,
        "f1-score": 0.14602285980872404,
        "support": 1944.0
    },
    "11": {
        "precision": 0.1712707182320442,
        "recall": 0.01594650205761317,
        "f1-score": 0.029176470588235293,
        "support": 1944.0
    },
    "12": {
        "precision": 0.648582995951417,
        "recall": 0.8240740740740741,
        "f1-score": 0.7258722247394653,
        "support": 1944.0
    },
    "13": {
        "precision": 0.7788632326820604,
        "recall": 0.45113168724279834,
        "f1-score": 0.5713355048859935,
        "support": 1944.0
    },
    "14": {
        "precision": 0.7197563098346388,
        "recall": 0.4254115226337449,
        "f1-score": 0.534755900420304,
        "support": 1944.0
    },
    "15": {
        "precision": 0.5295969773299748,
        "recall": 0.8652263374485597,
        "f1-score": 0.65703125,
        "support": 1944.0
    },
    "16": {
        "precision": 0.9166666666666666,
        "recall": 0.00565843621399177,
        "f1-score": 0.011247443762781187,
        "support": 1944.0
    },
    "17": {
        "precision": 0.11861861861861862,
        "recall": 0.04063786008230453,
        "f1-score": 0.06053639846743295,
        "support": 1944.0
    },
    "18": {
        "precision": 0.025,
        "recall": 0.006172839506172839,
        "f1-score": 0.009900990099009901,
        "support": 1944.0
    },
    "micro avg": {
        "precision": 0.4683271567698009,
        "recall": 0.31058527663465935,
        "f1-score": 0.3734836248668339,
        "support": 17496.0
    },
    "macro avg": {
        "precision": 0.44910499273277515,
        "recall": 0.31058527663465935,
        "f1-score": 0.30509767141910515,
        "support": 17496.0
    },
    "weighted avg": {
        "precision": 0.4491049927327752,
        "recall": 0.31058527663465935,
        "f1-score": 0.30509767141910515,
        "support": 17496.0
    },
    "accuracy": 0.31058527663465935
}