{
    "10": {
        "precision": 0.9032258064516129,
        "recall": 0.345679012345679,
        "f1-score": 0.5,
        "support": 81.0
    },
    "11": {
        "precision": 0.0,
        "recall": 0.0,
        "f1-score": 0.0,
        "support": 81.0
    },
    "12": {
        "precision": 0.0,
        "recall": 0.0,
        "f1-score": 0.0,
        "support": 81.0
    },
    "13": {
        "precision": 0.0,
        "recall": 0.0,
        "f1-score": 0.0,
        "support": 81.0
    },
    "14": {
        "precision": 0.0,
        "recall": 0.0,
        "f1-score": 0.0,
        "support": 81.0
    },
    "15": {
        "precision": 0.0,
        "recall": 0.0,
        "f1-score": 0.0,
        "support": 81.0
    },
    "16": {
        "precision": 0.0,
        "recall": 0.0,
        "f1-score": 0.0,
        "support": 81.0
    },
    "17": {
        "precision": 0.0,
        "recall": 0.0,
        "f1-score": 0.0,
        "support": 81.0
    },
    "18": {
        "precision": 0.0,
        "recall": 0.0,
        "f1-score": 0.0,
        "support": 81.0
    },
    "micro avg": {
        "precision": 0.7777777777777778,
        "recall": 0.038408779149519894,
        "f1-score": 0.07320261437908497,
        "support": 729.0
    },
    "macro avg": {
        "precision": 0.1003584229390681,
        "recall": 0.03840877914951989,
        "f1-score": 0.05555555555555555,
        "support": 729.0
    },
    "weighted avg": {
        "precision": 0.10035842293906809,
        "recall": 0.038408779149519894,
        "f1-score": 0.05555555555555555,
        "support": 729.0
    },
    "accuracy": 0.038408779149519894
}