{
    "10": {
        "precision": 0.29523809523809524,
        "recall": 0.38271604938271603,
        "f1-score": 0.3333333333333333,
        "support": 81.0
    },
    "11": {
        "precision": 0.5454545454545454,
        "recall": 0.07407407407407407,
        "f1-score": 0.13043478260869565,
        "support": 81.0
    },
    "12": {
        "precision": 0.9354838709677419,
        "recall": 0.35802469135802467,
        "f1-score": 0.5178571428571429,
        "support": 81.0
    },
    "13": {
        "precision": 0.41333333333333333,
        "recall": 0.38271604938271603,
        "f1-score": 0.3974358974358974,
        "support": 81.0
    },
    "14": {
        "precision": 0.038461538461538464,
        "recall": 0.012345679012345678,
        "f1-score": 0.018691588785046728,
        "support": 81.0
    },
    "15": {
        "precision": 0.06666666666666667,
        "recall": 0.06172839506172839,
        "f1-score": 0.0641025641025641,
        "support": 81.0
    },
    "16": {
        "precision": 0.13,
        "recall": 0.16049382716049382,
        "f1-score": 0.143646408839779,
        "support": 81.0
    },
    "17": {
        "precision": 0.0,
        "recall": 0.0,
        "f1-score": 0.0,
        "support": 81.0
    },
    "18": {
        "precision": 0.064,
        "recall": 0.09876543209876543,
        "f1-score": 0.07766990291262135,
        "support": 81.0
    },
    "micro avg": {
        "precision": 0.22627737226277372,
        "recall": 0.1700960219478738,
        "f1-score": 0.1942051683633516,
        "support": 729.0
    },
    "macro avg": {
        "precision": 0.2765153389024357,
        "recall": 0.1700960219478738,
        "f1-score": 0.18701906898612009,
        "support": 729.0
    },
    "weighted avg": {
        "precision": 0.2765153389024357,
        "recall": 0.1700960219478738,
        "f1-score": 0.18701906898612006,
        "support": 729.0
    },
    "accuracy": 0.1700960219478738
}