{
    "10": {
        "precision": 0.16216216216216217,
        "recall": 0.14814814814814814,
        "f1-score": 0.15483870967741936,
        "support": 81.0
    },
    "11": {
        "precision": 0.8,
        "recall": 0.04938271604938271,
        "f1-score": 0.09302325581395349,
        "support": 81.0
    },
    "12": {
        "precision": 0.7272727272727273,
        "recall": 0.49382716049382713,
        "f1-score": 0.5882352941176471,
        "support": 81.0
    },
    "13": {
        "precision": 0.28,
        "recall": 0.1728395061728395,
        "f1-score": 0.21374045801526717,
        "support": 81.0
    },
    "14": {
        "precision": 0.0,
        "recall": 0.0,
        "f1-score": 0.0,
        "support": 81.0
    },
    "15": {
        "precision": 0.0,
        "recall": 0.0,
        "f1-score": 0.0,
        "support": 81.0
    },
    "16": {
        "precision": 0.0,
        "recall": 0.0,
        "f1-score": 0.0,
        "support": 81.0
    },
    "17": {
        "precision": 0.0,
        "recall": 0.0,
        "f1-score": 0.0,
        "support": 81.0
    },
    "18": {
        "precision": 0.0,
        "recall": 0.0,
        "f1-score": 0.0,
        "support": 81.0
    },
    "micro avg": {
        "precision": 0.1912568306010929,
        "recall": 0.09602194787379972,
        "f1-score": 0.1278538812785388,
        "support": 729.0
    },
    "macro avg": {
        "precision": 0.21882609882609882,
        "recall": 0.09602194787379972,
        "f1-score": 0.11664863529158748,
        "support": 729.0
    },
    "weighted avg": {
        "precision": 0.21882609882609885,
        "recall": 0.09602194787379972,
        "f1-score": 0.11664863529158745,
        "support": 729.0
    },
    "accuracy": 0.09602194787379972
}