{
    "1": {
        "precision": 0.9994635193133047,
        "recall": 1.0,
        "f1-score": 0.9997316876844647,
        "support": 5589.0
    },
    "2": {
        "precision": 0.9716472429987824,
        "recall": 0.9994632313472893,
        "f1-score": 0.98535896983595,
        "support": 5589.0
    },
    "3": {
        "precision": 0.9379214940342383,
        "recall": 0.9704777241009125,
        "f1-score": 0.9539219134716849,
        "support": 5589.0
    },
    "4": {
        "precision": 0.9510181618051734,
        "recall": 0.927536231884058,
        "f1-score": 0.9391304347826087,
        "support": 5589.0
    },
    "5": {
        "precision": 0.9377721335268505,
        "recall": 0.9248523886205046,
        "f1-score": 0.9312674533825781,
        "support": 5589.0
    },
    "6": {
        "precision": 0.8712554695388758,
        "recall": 0.9262837716943997,
        "f1-score": 0.8979273263376983,
        "support": 5589.0
    },
    "7": {
        "precision": 0.9011964492473948,
        "recall": 0.8355698693862945,
        "f1-score": 0.8671432550366726,
        "support": 5589.0
    },
    "8": {
        "precision": 0.8780918727915195,
        "recall": 0.8003220611916264,
        "f1-score": 0.8374052232518955,
        "support": 5589.0
    },
    "9": {
        "precision": 0.8805472138805472,
        "recall": 0.944354983002326,
        "f1-score": 0.9113355780022446,
        "support": 5589.0
    },
    "micro avg": {
        "precision": 0.9254657150241555,
        "recall": 0.9254289179141568,
        "f1-score": 0.9254473161033797,
        "support": 50301.0
    },
    "macro avg": {
        "precision": 0.9254348396818541,
        "recall": 0.9254289179141567,
        "f1-score": 0.9248024268650887,
        "support": 50301.0
    },
    "weighted avg": {
        "precision": 0.925434839681854,
        "recall": 0.9254289179141568,
        "f1-score": 0.9248024268650886,
        "support": 50301.0
    },
    "accuracy": 0.9254289179141568
}