{
    "1": {
        "precision": 1.0,
        "recall": 1.0,
        "f1-score": 1.0,
        "support": 81.0
    },
    "2": {
        "precision": 1.0,
        "recall": 1.0,
        "f1-score": 1.0,
        "support": 81.0
    },
    "3": {
        "precision": 1.0,
        "recall": 1.0,
        "f1-score": 1.0,
        "support": 81.0
    },
    "4": {
        "precision": 1.0,
        "recall": 0.9753086419753086,
        "f1-score": 0.9875,
        "support": 81.0
    },
    "5": {
        "precision": 0.8555555555555555,
        "recall": 0.9506172839506173,
        "f1-score": 0.9005847953216374,
        "support": 81.0
    },
    "6": {
        "precision": 0.7272727272727273,
        "recall": 0.691358024691358,
        "f1-score": 0.7088607594936709,
        "support": 81.0
    },
    "7": {
        "precision": 0.5934065934065934,
        "recall": 0.6666666666666666,
        "f1-score": 0.627906976744186,
        "support": 81.0
    },
    "8": {
        "precision": 0.6309523809523809,
        "recall": 0.654320987654321,
        "f1-score": 0.6424242424242425,
        "support": 81.0
    },
    "9": {
        "precision": 0.8923076923076924,
        "recall": 0.7160493827160493,
        "f1-score": 0.7945205479452054,
        "support": 81.0
    },
    "accuracy": 0.850480109739369,
    "macro avg": {
        "precision": 0.8554994388327722,
        "recall": 0.8504801097393689,
        "f1-score": 0.8513108135476601,
        "support": 729.0
    },
    "weighted avg": {
        "precision": 0.8554994388327722,
        "recall": 0.850480109739369,
        "f1-score": 0.8513108135476603,
        "support": 729.0
    }
}