{
    "10": {
        "precision": 0.366412213740458,
        "recall": 0.5925925925925926,
        "f1-score": 0.4528301886792453,
        "support": 81.0
    },
    "11": {
        "precision": 0.0,
        "recall": 0.0,
        "f1-score": 0.0,
        "support": 81.0
    },
    "12": {
        "precision": 0.3157894736842105,
        "recall": 0.4444444444444444,
        "f1-score": 0.36923076923076925,
        "support": 81.0
    },
    "13": {
        "precision": 0.21428571428571427,
        "recall": 0.037037037037037035,
        "f1-score": 0.06315789473684211,
        "support": 81.0
    },
    "14": {
        "precision": 0.25,
        "recall": 0.012345679012345678,
        "f1-score": 0.023529411764705882,
        "support": 81.0
    },
    "15": {
        "precision": 0.22393822393822393,
        "recall": 0.7160493827160493,
        "f1-score": 0.3411764705882353,
        "support": 81.0
    },
    "16": {
        "precision": 0.3076923076923077,
        "recall": 0.2962962962962963,
        "f1-score": 0.3018867924528302,
        "support": 81.0
    },
    "17": {
        "precision": 0.358974358974359,
        "recall": 0.1728395061728395,
        "f1-score": 0.23333333333333334,
        "support": 81.0
    },
    "18": {
        "precision": 0.5490196078431373,
        "recall": 0.345679012345679,
        "f1-score": 0.42424242424242425,
        "support": 81.0
    },
    "micro avg": {
        "precision": 0.3072463768115942,
        "recall": 0.2908093278463649,
        "f1-score": 0.2988019732205779,
        "support": 729.0
    },
    "macro avg": {
        "precision": 0.28734576668426787,
        "recall": 0.2908093278463649,
        "f1-score": 0.24548747611426508,
        "support": 729.0
    },
    "weighted avg": {
        "precision": 0.2873457666842678,
        "recall": 0.2908093278463649,
        "f1-score": 0.24548747611426505,
        "support": 729.0
    },
    "accuracy": 0.2908093278463649
}