{
    "1": {
        "precision": 1.0,
        "recall": 1.0,
        "f1-score": 1.0,
        "support": 81.0
    },
    "2": {
        "precision": 1.0,
        "recall": 1.0,
        "f1-score": 1.0,
        "support": 81.0
    },
    "3": {
        "precision": 0.9204545454545454,
        "recall": 1.0,
        "f1-score": 0.9585798816568047,
        "support": 81.0
    },
    "4": {
        "precision": 0.7789473684210526,
        "recall": 0.9135802469135802,
        "f1-score": 0.8409090909090909,
        "support": 81.0
    },
    "5": {
        "precision": 0.648936170212766,
        "recall": 0.7530864197530864,
        "f1-score": 0.6971428571428572,
        "support": 81.0
    },
    "6": {
        "precision": 0.5274725274725275,
        "recall": 0.5925925925925926,
        "f1-score": 0.5581395348837209,
        "support": 81.0
    },
    "7": {
        "precision": 0.47619047619047616,
        "recall": 0.49382716049382713,
        "f1-score": 0.48484848484848486,
        "support": 81.0
    },
    "8": {
        "precision": 0.4457831325301205,
        "recall": 0.4567901234567901,
        "f1-score": 0.45121951219512196,
        "support": 81.0
    },
    "9": {
        "precision": 0.8888888888888888,
        "recall": 0.2962962962962963,
        "f1-score": 0.4444444444444444,
        "support": 81.0
    },
    "micro avg": {
        "precision": 0.7279005524861878,
        "recall": 0.7229080932784636,
        "f1-score": 0.7253957329662767,
        "support": 729.0
    },
    "macro avg": {
        "precision": 0.7429636787967085,
        "recall": 0.7229080932784636,
        "f1-score": 0.7150315340089473,
        "support": 729.0
    },
    "weighted avg": {
        "precision": 0.7429636787967087,
        "recall": 0.7229080932784636,
        "f1-score": 0.7150315340089471,
        "support": 729.0
    },
    "accuracy": 0.7229080932784636
}