{
    "10": {
        "precision": 0.1326530612244898,
        "recall": 0.16049382716049382,
        "f1-score": 0.1452513966480447,
        "support": 81.0
    },
    "11": {
        "precision": 0.0,
        "recall": 0.0,
        "f1-score": 0.0,
        "support": 81.0
    },
    "12": {
        "precision": 0.8,
        "recall": 0.04938271604938271,
        "f1-score": 0.09302325581395349,
        "support": 81.0
    },
    "13": {
        "precision": 0.0,
        "recall": 0.0,
        "f1-score": 0.0,
        "support": 81.0
    },
    "14": {
        "precision": 0.0,
        "recall": 0.0,
        "f1-score": 0.0,
        "support": 81.0
    },
    "15": {
        "precision": 0.0,
        "recall": 0.0,
        "f1-score": 0.0,
        "support": 81.0
    },
    "16": {
        "precision": 0.0821917808219178,
        "recall": 0.14814814814814814,
        "f1-score": 0.10572687224669604,
        "support": 81.0
    },
    "17": {
        "precision": 0.0,
        "recall": 0.0,
        "f1-score": 0.0,
        "support": 81.0
    },
    "18": {
        "precision": 0.14906832298136646,
        "recall": 0.2962962962962963,
        "f1-score": 0.19834710743801653,
        "support": 81.0
    },
    "micro avg": {
        "precision": 0.09185441941074524,
        "recall": 0.07270233196159122,
        "f1-score": 0.08116385911179173,
        "support": 729.0
    },
    "macro avg": {
        "precision": 0.12932368500308603,
        "recall": 0.07270233196159122,
        "f1-score": 0.06026095912741231,
        "support": 729.0
    },
    "weighted avg": {
        "precision": 0.129323685003086,
        "recall": 0.07270233196159122,
        "f1-score": 0.060260959127412306,
        "support": 729.0
    },
    "accuracy": 0.07270233196159122
}