{
    "10": {
        "precision": 0.5578947368421052,
        "recall": 0.654320987654321,
        "f1-score": 0.6022727272727273,
        "support": 81.0
    },
    "11": {
        "precision": 0.5066666666666667,
        "recall": 0.4691358024691358,
        "f1-score": 0.48717948717948717,
        "support": 81.0
    },
    "12": {
        "precision": 0.5737704918032787,
        "recall": 0.43209876543209874,
        "f1-score": 0.49295774647887325,
        "support": 81.0
    },
    "13": {
        "precision": 0.5544554455445545,
        "recall": 0.691358024691358,
        "f1-score": 0.6153846153846154,
        "support": 81.0
    },
    "14": {
        "precision": 0.6,
        "recall": 0.48148148148148145,
        "f1-score": 0.5342465753424658,
        "support": 81.0
    },
    "15": {
        "precision": 0.5543478260869565,
        "recall": 0.6296296296296297,
        "f1-score": 0.5895953757225434,
        "support": 81.0
    },
    "16": {
        "precision": 0.6122448979591837,
        "recall": 0.37037037037037035,
        "f1-score": 0.46153846153846156,
        "support": 81.0
    },
    "17": {
        "precision": 0.4295774647887324,
        "recall": 0.7530864197530864,
        "f1-score": 0.547085201793722,
        "support": 81.0
    },
    "18": {
        "precision": 1.0,
        "recall": 0.12345679012345678,
        "f1-score": 0.21978021978021978,
        "support": 81.0
    },
    "micro avg": {
        "precision": 0.5405797101449276,
        "recall": 0.5116598079561042,
        "f1-score": 0.525722339675828,
        "support": 729.0
    },
    "macro avg": {
        "precision": 0.5987730588546086,
        "recall": 0.5116598079561042,
        "f1-score": 0.5055600456103462,
        "support": 729.0
    },
    "weighted avg": {
        "precision": 0.5987730588546086,
        "recall": 0.5116598079561042,
        "f1-score": 0.5055600456103462,
        "support": 729.0
    },
    "accuracy": 0.5116598079561042
}