{
    "1": {
        "precision": 0.9201383171414458,
        "recall": 0.9998210771157631,
        "f1-score": 0.9583261876179043,
        "support": 5589.0
    },
    "2": {
        "precision": 0.9095545732743965,
        "recall": 0.9572374306673823,
        "f1-score": 0.9327870281579635,
        "support": 5589.0
    },
    "3": {
        "precision": 0.9266642933428266,
        "recall": 0.9314725353372696,
        "f1-score": 0.9290621932720621,
        "support": 5589.0
    },
    "4": {
        "precision": 0.9203793165145823,
        "recall": 0.9203793165145823,
        "f1-score": 0.9203793165145823,
        "support": 5589.0
    },
    "5": {
        "precision": 0.9232704402515723,
        "recall": 0.9193057792091609,
        "f1-score": 0.9212838443607675,
        "support": 5589.0
    },
    "6": {
        "precision": 0.921028962043533,
        "recall": 0.9160851672928968,
        "f1-score": 0.9185504126300682,
        "support": 5589.0
    },
    "7": {
        "precision": 0.9340699815837937,
        "recall": 0.9074968688495259,
        "f1-score": 0.9205917052364099,
        "support": 5589.0
    },
    "8": {
        "precision": 0.9282437144430171,
        "recall": 0.9049919484702094,
        "f1-score": 0.916470375067947,
        "support": 5589.0
    },
    "9": {
        "precision": 0.987841339445884,
        "recall": 0.8867418142780462,
        "f1-score": 0.9345653403733736,
        "support": 5589.0
    },
    "micro avg": {
        "precision": 0.9292575026902077,
        "recall": 0.9270591041927596,
        "f1-score": 0.9281570016818765,
        "support": 50301.0
    },
    "macro avg": {
        "precision": 0.9301323264490057,
        "recall": 0.9270591041927596,
        "f1-score": 0.9280018225812309,
        "support": 50301.0
    },
    "weighted avg": {
        "precision": 0.9301323264490058,
        "recall": 0.9270591041927596,
        "f1-score": 0.9280018225812309,
        "support": 50301.0
    },
    "accuracy": 0.9270591041927596
}