{
    "10": {
        "precision": 0.996401028277635,
        "recall": 0.9969135802469136,
        "f1-score": 0.9966572383646182,
        "support": 1944.0
    },
    "11": {
        "precision": 0.9984455958549223,
        "recall": 0.9912551440329218,
        "f1-score": 0.9948373773877129,
        "support": 1944.0
    },
    "12": {
        "precision": 0.9938335046248715,
        "recall": 0.9948559670781894,
        "f1-score": 0.9943444730077121,
        "support": 1944.0
    },
    "13": {
        "precision": 0.9958634953464323,
        "recall": 0.9907407407407407,
        "f1-score": 0.9932955131511089,
        "support": 1944.0
    },
    "14": {
        "precision": 0.9886069394096323,
        "recall": 0.9819958847736625,
        "f1-score": 0.9852903225806452,
        "support": 1944.0
    },
    "15": {
        "precision": 0.9700876740587931,
        "recall": 0.9675925925925926,
        "f1-score": 0.9688385269121813,
        "support": 1944.0
    },
    "16": {
        "precision": 0.9619593538301199,
        "recall": 0.9495884773662552,
        "f1-score": 0.9557338855811546,
        "support": 1944.0
    },
    "17": {
        "precision": 0.9532710280373832,
        "recall": 0.9444444444444444,
        "f1-score": 0.9488372093023256,
        "support": 1944.0
    },
    "18": {
        "precision": 0.960167714884696,
        "recall": 0.9423868312757202,
        "f1-score": 0.9511941848390446,
        "support": 1944.0
    },
    "micro avg": {
        "precision": 0.9799171366095063,
        "recall": 0.9733081847279378,
        "f1-score": 0.9766014796123186,
        "support": 17496.0
    },
    "macro avg": {
        "precision": 0.9798484815916095,
        "recall": 0.9733081847279377,
        "f1-score": 0.9765587479029448,
        "support": 17496.0
    },
    "weighted avg": {
        "precision": 0.9798484815916093,
        "recall": 0.9733081847279378,
        "f1-score": 0.9765587479029448,
        "support": 17496.0
    },
    "accuracy": 0.9733081847279378
}