{
    "10": {
        "precision": 0.996401028277635,
        "recall": 0.9969135802469136,
        "f1-score": 0.9966572383646182,
        "support": 1944.0
    },
    "11": {
        "precision": 0.9984455958549223,
        "recall": 0.9912551440329218,
        "f1-score": 0.9948373773877129,
        "support": 1944.0
    },
    "12": {
        "precision": 0.9938335046248715,
        "recall": 0.9948559670781894,
        "f1-score": 0.9943444730077121,
        "support": 1944.0
    },
    "13": {
        "precision": 0.9958634953464323,
        "recall": 0.9907407407407407,
        "f1-score": 0.9932955131511089,
        "support": 1944.0
    },
    "14": {
        "precision": 0.9911734164070612,
        "recall": 0.9819958847736625,
        "f1-score": 0.98656330749354,
        "support": 1944.0
    },
    "15": {
        "precision": 0.982803543512246,
        "recall": 0.970164609053498,
        "f1-score": 0.9764431788765209,
        "support": 1944.0
    },
    "16": {
        "precision": 0.9714434060228453,
        "recall": 0.9624485596707819,
        "f1-score": 0.9669250645994832,
        "support": 1944.0
    },
    "17": {
        "precision": 0.962736089841756,
        "recall": 0.970164609053498,
        "f1-score": 0.9664360748142454,
        "support": 1944.0
    },
    "18": {
        "precision": 0.9770952628839146,
        "recall": 0.9655349794238683,
        "f1-score": 0.9712807244501941,
        "support": 1944.0
    },
    "micro avg": {
        "precision": 0.9855222337125129,
        "recall": 0.9804526748971193,
        "f1-score": 0.9829809179989686,
        "support": 17496.0
    },
    "macro avg": {
        "precision": 0.9855328158635205,
        "recall": 0.9804526748971194,
        "f1-score": 0.9829758835716818,
        "support": 17496.0
    },
    "weighted avg": {
        "precision": 0.9855328158635205,
        "recall": 0.9804526748971193,
        "f1-score": 0.9829758835716816,
        "support": 17496.0
    },
    "accuracy": 0.9804526748971193
}