{
    "10": {
        "precision": 0.3950617283950617,
        "recall": 0.3950617283950617,
        "f1-score": 0.3950617283950617,
        "support": 81.0
    },
    "11": {
        "precision": 1.0,
        "recall": 0.012345679012345678,
        "f1-score": 0.024390243902439025,
        "support": 81.0
    },
    "12": {
        "precision": 0.515625,
        "recall": 0.4074074074074074,
        "f1-score": 0.45517241379310347,
        "support": 81.0
    },
    "13": {
        "precision": 0.21818181818181817,
        "recall": 0.14814814814814814,
        "f1-score": 0.17647058823529413,
        "support": 81.0
    },
    "14": {
        "precision": 0.034482758620689655,
        "recall": 0.012345679012345678,
        "f1-score": 0.01818181818181818,
        "support": 81.0
    },
    "15": {
        "precision": 0.0,
        "recall": 0.0,
        "f1-score": 0.0,
        "support": 81.0
    },
    "16": {
        "precision": 0.0,
        "recall": 0.0,
        "f1-score": 0.0,
        "support": 81.0
    },
    "17": {
        "precision": 0.0,
        "recall": 0.0,
        "f1-score": 0.0,
        "support": 81.0
    },
    "18": {
        "precision": 0.0,
        "recall": 0.0,
        "f1-score": 0.0,
        "support": 81.0
    },
    "micro avg": {
        "precision": 0.21351351351351353,
        "recall": 0.1083676268861454,
        "f1-score": 0.1437670609645132,
        "support": 729.0
    },
    "macro avg": {
        "precision": 0.24037236724417438,
        "recall": 0.10836762688614542,
        "f1-score": 0.11880853250085738,
        "support": 729.0
    },
    "weighted avg": {
        "precision": 0.24037236724417443,
        "recall": 0.1083676268861454,
        "f1-score": 0.11880853250085739,
        "support": 729.0
    },
    "accuracy": 0.1083676268861454
}