{
    "1": {
        "precision": 1.0,
        "recall": 1.0,
        "f1-score": 1.0,
        "support": 81.0
    },
    "2": {
        "precision": 1.0,
        "recall": 1.0,
        "f1-score": 1.0,
        "support": 81.0
    },
    "3": {
        "precision": 1.0,
        "recall": 1.0,
        "f1-score": 1.0,
        "support": 81.0
    },
    "4": {
        "precision": 1.0,
        "recall": 0.9753086419753086,
        "f1-score": 0.9875,
        "support": 81.0
    },
    "5": {
        "precision": 0.8617021276595744,
        "recall": 1.0,
        "f1-score": 0.9257142857142857,
        "support": 81.0
    },
    "6": {
        "precision": 0.8243243243243243,
        "recall": 0.7530864197530864,
        "f1-score": 0.7870967741935484,
        "support": 81.0
    },
    "7": {
        "precision": 0.6813186813186813,
        "recall": 0.7654320987654321,
        "f1-score": 0.7209302325581395,
        "support": 81.0
    },
    "8": {
        "precision": 0.7037037037037037,
        "recall": 0.7037037037037037,
        "f1-score": 0.7037037037037037,
        "support": 81.0
    },
    "9": {
        "precision": 0.9402985074626866,
        "recall": 0.7777777777777778,
        "f1-score": 0.8513513513513513,
        "support": 81.0
    },
    "accuracy": 0.8861454046639232,
    "macro avg": {
        "precision": 0.8901497049409968,
        "recall": 0.8861454046639232,
        "f1-score": 0.8862551497245588,
        "support": 729.0
    },
    "weighted avg": {
        "precision": 0.8901497049409967,
        "recall": 0.8861454046639232,
        "f1-score": 0.8862551497245588,
        "support": 729.0
    }
}