{
    "1": {
        "precision": 1.0,
        "recall": 1.0,
        "f1-score": 1.0,
        "support": 81.0
    },
    "2": {
        "precision": 0.726457399103139,
        "recall": 1.0,
        "f1-score": 0.8415584415584415,
        "support": 162.0
    },
    "3": {
        "precision": 0.3905579399141631,
        "recall": 0.7489711934156379,
        "f1-score": 0.5133991537376587,
        "support": 243.0
    },
    "4": {
        "precision": 0.09975062344139651,
        "recall": 0.12345679012345678,
        "f1-score": 0.1103448275862069,
        "support": 324.0
    },
    "5": {
        "precision": 0.08527131782945736,
        "recall": 0.10864197530864197,
        "f1-score": 0.09554831704668838,
        "support": 405.0
    },
    "6": {
        "precision": 0.024390243902439025,
        "recall": 0.02880658436213992,
        "f1-score": 0.026415094339622643,
        "support": 486.0
    },
    "7": {
        "precision": 0.010719754977029096,
        "recall": 0.012345679012345678,
        "f1-score": 0.011475409836065573,
        "support": 567.0
    },
    "8": {
        "precision": 0.0027359781121751026,
        "recall": 0.0030864197530864196,
        "f1-score": 0.0029006526468455403,
        "support": 648.0
    },
    "9": {
        "precision": 0.0,
        "recall": 0.0,
        "f1-score": 0.0,
        "support": 729.0
    },
    "accuracy": 0.14595336076817558,
    "macro avg": {
        "precision": 0.25998702858664435,
        "recall": 0.3361454046639232,
        "f1-score": 0.289071321861281,
        "support": 3645.0
    },
    "weighted avg": {
        "precision": 0.10429367275584175,
        "recall": 0.14595336076817558,
        "f1-score": 0.12009908657717973,
        "support": 3645.0
    }
}