{
    "1": {
        "precision": 1.0,
        "recall": 1.0,
        "f1-score": 1.0,
        "support": 5589.0
    },
    "2": {
        "precision": 0.9989274222381123,
        "recall": 0.9998210771157631,
        "f1-score": 0.9993740498971654,
        "support": 5589.0
    },
    "3": {
        "precision": 0.9987441693577324,
        "recall": 0.9960636965467883,
        "f1-score": 0.9974021320433575,
        "support": 5589.0
    },
    "4": {
        "precision": 0.9956670879220075,
        "recall": 0.9867597065664698,
        "f1-score": 0.9911933860531992,
        "support": 5589.0
    },
    "5": {
        "precision": 0.9818082590503912,
        "recall": 0.9656468062265163,
        "f1-score": 0.9736604726682302,
        "support": 5589.0
    },
    "6": {
        "precision": 0.9602636169800349,
        "recall": 0.8863839685095724,
        "f1-score": 0.9218459248232229,
        "support": 5589.0
    },
    "7": {
        "precision": 0.8649667405764967,
        "recall": 0.6979781714081231,
        "f1-score": 0.7725517377958213,
        "support": 5589.0
    },
    "8": {
        "precision": 0.6667332667332667,
        "recall": 0.597065664698515,
        "f1-score": 0.6299792335284123,
        "support": 5589.0
    },
    "9": {
        "precision": 0.6942294636795655,
        "recall": 0.9148327071032385,
        "f1-score": 0.7894086768565693,
        "support": 5589.0
    },
    "micro avg": {
        "precision": 0.9022515652592712,
        "recall": 0.8938390886861096,
        "f1-score": 0.8980256259175297,
        "support": 50301.0
    },
    "macro avg": {
        "precision": 0.9068155585041785,
        "recall": 0.8938390886861095,
        "f1-score": 0.897268401518442,
        "support": 50301.0
    },
    "weighted avg": {
        "precision": 0.9068155585041786,
        "recall": 0.8938390886861096,
        "f1-score": 0.8972684015184421,
        "support": 50301.0
    },
    "accuracy": 0.8938390886861096
}