{
    "10": {
        "precision": 0.0743801652892562,
        "recall": 0.1111111111111111,
        "f1-score": 0.0891089108910891,
        "support": 81.0
    },
    "11": {
        "precision": 0.0,
        "recall": 0.0,
        "f1-score": 0.0,
        "support": 81.0
    },
    "12": {
        "precision": 0.2642857142857143,
        "recall": 0.4567901234567901,
        "f1-score": 0.334841628959276,
        "support": 81.0
    },
    "13": {
        "precision": 0.0,
        "recall": 0.0,
        "f1-score": 0.0,
        "support": 81.0
    },
    "14": {
        "precision": 0.8,
        "recall": 0.09876543209876543,
        "f1-score": 0.17582417582417584,
        "support": 81.0
    },
    "15": {
        "precision": 0.2815126050420168,
        "recall": 0.8271604938271605,
        "f1-score": 0.4200626959247649,
        "support": 81.0
    },
    "16": {
        "precision": 0.0,
        "recall": 0.0,
        "f1-score": 0.0,
        "support": 81.0
    },
    "17": {
        "precision": 0.5238095238095238,
        "recall": 0.13580246913580246,
        "f1-score": 0.21568627450980393,
        "support": 81.0
    },
    "18": {
        "precision": 0.0,
        "recall": 0.0,
        "f1-score": 0.0,
        "support": 81.0
    },
    "micro avg": {
        "precision": 0.24489795918367346,
        "recall": 0.18106995884773663,
        "f1-score": 0.2082018927444795,
        "support": 729.0
    },
    "macro avg": {
        "precision": 0.21599866760294567,
        "recall": 0.18106995884773663,
        "f1-score": 0.13728040956767884,
        "support": 729.0
    },
    "weighted avg": {
        "precision": 0.2159986676029457,
        "recall": 0.18106995884773663,
        "f1-score": 0.13728040956767887,
        "support": 729.0
    },
    "accuracy": 0.18106995884773663
}