{
    "1": {
        "precision": 1.0,
        "recall": 1.0,
        "f1-score": 1.0,
        "support": 81.0
    },
    "2": {
        "precision": 1.0,
        "recall": 0.9876543209876543,
        "f1-score": 0.9937888198757764,
        "support": 81.0
    },
    "3": {
        "precision": 0.972972972972973,
        "recall": 0.8888888888888888,
        "f1-score": 0.9290322580645162,
        "support": 81.0
    },
    "4": {
        "precision": 0.864406779661017,
        "recall": 0.6296296296296297,
        "f1-score": 0.7285714285714285,
        "support": 81.0
    },
    "5": {
        "precision": 0.6538461538461539,
        "recall": 0.8395061728395061,
        "f1-score": 0.7351351351351352,
        "support": 81.0
    },
    "6": {
        "precision": 0.6901408450704225,
        "recall": 0.6049382716049383,
        "f1-score": 0.6447368421052632,
        "support": 81.0
    },
    "7": {
        "precision": 0.4838709677419355,
        "recall": 0.5555555555555556,
        "f1-score": 0.5172413793103449,
        "support": 81.0
    },
    "8": {
        "precision": 0.4636363636363636,
        "recall": 0.6296296296296297,
        "f1-score": 0.5340314136125655,
        "support": 81.0
    },
    "9": {
        "precision": 0.71875,
        "recall": 0.2839506172839506,
        "f1-score": 0.40707964601769914,
        "support": 81.0
    },
    "micro avg": {
        "precision": 0.7386363636363636,
        "recall": 0.7133058984910837,
        "f1-score": 0.7257501744591766,
        "support": 729.0
    },
    "macro avg": {
        "precision": 0.7608471203254294,
        "recall": 0.7133058984910837,
        "f1-score": 0.7210685469658588,
        "support": 729.0
    },
    "weighted avg": {
        "precision": 0.7608471203254296,
        "recall": 0.7133058984910837,
        "f1-score": 0.7210685469658588,
        "support": 729.0
    },
    "accuracy": 0.7133058984910837
}