{
    "10": {
        "precision": 0.625,
        "recall": 0.7407407407407407,
        "f1-score": 0.6779661016949152,
        "support": 81.0
    },
    "11": {
        "precision": 0.0,
        "recall": 0.0,
        "f1-score": 0.0,
        "support": 81.0
    },
    "12": {
        "precision": 0.2792207792207792,
        "recall": 0.5308641975308642,
        "f1-score": 0.3659574468085106,
        "support": 81.0
    },
    "13": {
        "precision": 0.41414141414141414,
        "recall": 0.5061728395061729,
        "f1-score": 0.45555555555555555,
        "support": 81.0
    },
    "14": {
        "precision": 0.0,
        "recall": 0.0,
        "f1-score": 0.0,
        "support": 81.0
    },
    "15": {
        "precision": 0.2361111111111111,
        "recall": 0.20987654320987653,
        "f1-score": 0.2222222222222222,
        "support": 81.0
    },
    "16": {
        "precision": 0.2608695652173913,
        "recall": 0.14814814814814814,
        "f1-score": 0.1889763779527559,
        "support": 81.0
    },
    "17": {
        "precision": 0.5,
        "recall": 0.06172839506172839,
        "f1-score": 0.10989010989010989,
        "support": 81.0
    },
    "18": {
        "precision": 0.0,
        "recall": 0.0,
        "f1-score": 0.0,
        "support": 81.0
    },
    "micro avg": {
        "precision": 0.3731656184486373,
        "recall": 0.24417009602194786,
        "f1-score": 0.29519071310116085,
        "support": 729.0
    },
    "macro avg": {
        "precision": 0.2572603188545217,
        "recall": 0.24417009602194786,
        "f1-score": 0.22450753490267436,
        "support": 729.0
    },
    "weighted avg": {
        "precision": 0.2572603188545218,
        "recall": 0.24417009602194786,
        "f1-score": 0.2245075349026744,
        "support": 729.0
    },
    "accuracy": 0.24417009602194786
}