{
    "1": {
        "precision": 1.0,
        "recall": 1.0,
        "f1-score": 1.0,
        "support": 81.0
    },
    "2": {
        "precision": 1.0,
        "recall": 0.9629629629629629,
        "f1-score": 0.9811320754716981,
        "support": 81.0
    },
    "3": {
        "precision": 0.7857142857142857,
        "recall": 0.9506172839506173,
        "f1-score": 0.8603351955307262,
        "support": 81.0
    },
    "4": {
        "precision": 0.39416058394160586,
        "recall": 0.6666666666666666,
        "f1-score": 0.4954128440366973,
        "support": 81.0
    },
    "5": {
        "precision": 0.21379310344827587,
        "recall": 0.38271604938271603,
        "f1-score": 0.2743362831858407,
        "support": 81.0
    },
    "6": {
        "precision": 0.2916666666666667,
        "recall": 0.08641975308641975,
        "f1-score": 0.13333333333333333,
        "support": 81.0
    },
    "7": {
        "precision": 0.42857142857142855,
        "recall": 0.07407407407407407,
        "f1-score": 0.12631578947368421,
        "support": 81.0
    },
    "8": {
        "precision": 0.30952380952380953,
        "recall": 0.16049382716049382,
        "f1-score": 0.21138211382113822,
        "support": 81.0
    },
    "9": {
        "precision": 0.5,
        "recall": 0.09876543209876543,
        "f1-score": 0.16494845360824742,
        "support": 81.0
    },
    "micro avg": {
        "precision": 0.5590551181102362,
        "recall": 0.4869684499314129,
        "f1-score": 0.5205278592375366,
        "support": 729.0
    },
    "macro avg": {
        "precision": 0.5470477642073414,
        "recall": 0.48696844993141297,
        "f1-score": 0.47191067649570734,
        "support": 729.0
    },
    "weighted avg": {
        "precision": 0.5470477642073414,
        "recall": 0.4869684499314129,
        "f1-score": 0.4719106764957073,
        "support": 729.0
    },
    "accuracy": 0.4869684499314129
}