{
    "1": {
        "precision": 0.9983922829581994,
        "recall": 1.0,
        "f1-score": 0.999195494770716,
        "support": 5589.0
    },
    "2": {
        "precision": 0.9883123782539401,
        "recall": 0.9985686169261049,
        "f1-score": 0.9934140263438946,
        "support": 5589.0
    },
    "3": {
        "precision": 0.9908716663683551,
        "recall": 0.9905170871354446,
        "f1-score": 0.9906943450250537,
        "support": 5589.0
    },
    "4": {
        "precision": 0.9905289492494639,
        "recall": 0.9917695473251029,
        "f1-score": 0.9911488600804649,
        "support": 5589.0
    },
    "5": {
        "precision": 0.9862720627562845,
        "recall": 0.989801395598497,
        "f1-score": 0.9880335774245401,
        "support": 5589.0
    },
    "6": {
        "precision": 0.9862130707251566,
        "recall": 0.9855072463768116,
        "f1-score": 0.9858600322176481,
        "support": 5589.0
    },
    "7": {
        "precision": 0.9869081779053085,
        "recall": 0.9846126319556271,
        "f1-score": 0.9857590685176892,
        "support": 5589.0
    },
    "8": {
        "precision": 0.9735675004434983,
        "recall": 0.9819287886920737,
        "f1-score": 0.9777302690183503,
        "support": 5589.0
    },
    "9": {
        "precision": 0.9946808510638298,
        "recall": 0.9702988012166757,
        "f1-score": 0.9823385562901911,
        "support": 5589.0
    },
    "micro avg": {
        "precision": 0.9883866605683378,
        "recall": 0.9881115683584819,
        "f1-score": 0.9882490953195212,
        "support": 50301.0
    },
    "macro avg": {
        "precision": 0.988416326636004,
        "recall": 0.9881115683584818,
        "f1-score": 0.9882415810765054,
        "support": 50301.0
    },
    "weighted avg": {
        "precision": 0.9884163266360041,
        "recall": 0.9881115683584819,
        "f1-score": 0.9882415810765055,
        "support": 50301.0
    },
    "accuracy": 0.9881115683584819
}