{
    "10": {
        "precision": 0.6293103448275862,
        "recall": 0.9012345679012346,
        "f1-score": 0.7411167512690355,
        "support": 81.0
    },
    "11": {
        "precision": 0.0,
        "recall": 0.0,
        "f1-score": 0.0,
        "support": 81.0
    },
    "12": {
        "precision": 0.41509433962264153,
        "recall": 0.2716049382716049,
        "f1-score": 0.3283582089552239,
        "support": 81.0
    },
    "13": {
        "precision": 0.36752136752136755,
        "recall": 0.5308641975308642,
        "f1-score": 0.43434343434343436,
        "support": 81.0
    },
    "14": {
        "precision": 0.0,
        "recall": 0.0,
        "f1-score": 0.0,
        "support": 81.0
    },
    "15": {
        "precision": 0.1951219512195122,
        "recall": 0.2962962962962963,
        "f1-score": 0.23529411764705882,
        "support": 81.0
    },
    "16": {
        "precision": 0.14285714285714285,
        "recall": 0.024691358024691357,
        "f1-score": 0.042105263157894736,
        "support": 81.0
    },
    "17": {
        "precision": 0.047619047619047616,
        "recall": 0.024691358024691357,
        "f1-score": 0.032520325203252036,
        "support": 81.0
    },
    "18": {
        "precision": 0.0,
        "recall": 0.0,
        "f1-score": 0.0,
        "support": 81.0
    },
    "micro avg": {
        "precision": 0.3554603854389722,
        "recall": 0.22770919067215364,
        "f1-score": 0.27759197324414714,
        "support": 729.0
    },
    "macro avg": {
        "precision": 0.19972491040747753,
        "recall": 0.22770919067215367,
        "f1-score": 0.20152645561954438,
        "support": 729.0
    },
    "weighted avg": {
        "precision": 0.19972491040747756,
        "recall": 0.22770919067215364,
        "f1-score": 0.20152645561954438,
        "support": 729.0
    },
    "accuracy": 0.22770919067215364
}