{
    "1": {
        "precision": 1.0,
        "recall": 1.0,
        "f1-score": 1.0,
        "support": 81.0
    },
    "2": {
        "precision": 1.0,
        "recall": 1.0,
        "f1-score": 1.0,
        "support": 81.0
    },
    "3": {
        "precision": 0.9759036144578314,
        "recall": 1.0,
        "f1-score": 0.9878048780487805,
        "support": 81.0
    },
    "4": {
        "precision": 0.9753086419753086,
        "recall": 0.9753086419753086,
        "f1-score": 0.9753086419753086,
        "support": 81.0
    },
    "5": {
        "precision": 0.8404255319148937,
        "recall": 0.9753086419753086,
        "f1-score": 0.9028571428571428,
        "support": 81.0
    },
    "6": {
        "precision": 0.8571428571428571,
        "recall": 0.8148148148148148,
        "f1-score": 0.8354430379746836,
        "support": 81.0
    },
    "7": {
        "precision": 0.7777777777777778,
        "recall": 0.8641975308641975,
        "f1-score": 0.8187134502923976,
        "support": 81.0
    },
    "8": {
        "precision": 0.7922077922077922,
        "recall": 0.7530864197530864,
        "f1-score": 0.7721518987341772,
        "support": 81.0
    },
    "9": {
        "precision": 1.0,
        "recall": 0.8024691358024691,
        "f1-score": 0.8904109589041096,
        "support": 81.0
    },
    "accuracy": 0.9094650205761317,
    "macro avg": {
        "precision": 0.9131962461640512,
        "recall": 0.9094650205761317,
        "f1-score": 0.9091877787540665,
        "support": 729.0
    },
    "weighted avg": {
        "precision": 0.9131962461640514,
        "recall": 0.9094650205761317,
        "f1-score": 0.9091877787540668,
        "support": 729.0
    }
}