{
    "1": {
        "precision": 1.0,
        "recall": 0.9994632313472893,
        "f1-score": 0.9997315436241611,
        "support": 5589.0
    },
    "2": {
        "precision": 0.9985704074338814,
        "recall": 0.9998210771157631,
        "f1-score": 0.9991953509164059,
        "support": 5589.0
    },
    "3": {
        "precision": 0.9990997479294202,
        "recall": 0.9928430846305243,
        "f1-score": 0.9959615902360226,
        "support": 5589.0
    },
    "4": {
        "precision": 0.9854421279654925,
        "recall": 0.9810341742708892,
        "f1-score": 0.9832332107953017,
        "support": 5589.0
    },
    "5": {
        "precision": 0.9391681109185442,
        "recall": 0.969583109679728,
        "f1-score": 0.9541332863808434,
        "support": 5589.0
    },
    "6": {
        "precision": 0.8822562979189486,
        "recall": 0.8647342995169082,
        "f1-score": 0.8734074274871239,
        "support": 5589.0
    },
    "7": {
        "precision": 0.793036750483559,
        "recall": 0.733583825371265,
        "f1-score": 0.7621526164141649,
        "support": 5589.0
    },
    "8": {
        "precision": 0.6985015345730277,
        "recall": 0.6922526391125425,
        "f1-score": 0.6953630481667865,
        "support": 5589.0
    },
    "9": {
        "precision": 0.80201916495551,
        "recall": 0.8386115584183217,
        "f1-score": 0.8199072859267034,
        "support": 5589.0
    },
    "micro avg": {
        "precision": 0.9004610686413445,
        "recall": 0.8968807777181368,
        "f1-score": 0.8986673572239596,
        "support": 50301.0
    },
    "macro avg": {
        "precision": 0.8997882380198203,
        "recall": 0.8968807777181369,
        "f1-score": 0.8981205955497238,
        "support": 50301.0
    },
    "weighted avg": {
        "precision": 0.8997882380198204,
        "recall": 0.8968807777181368,
        "f1-score": 0.8981205955497238,
        "support": 50301.0
    },
    "accuracy": 0.8968807777181368
}