{
    "10": {
        "precision": 0.9660633484162896,
        "recall": 0.6589506172839507,
        "f1-score": 0.7834862385321101,
        "support": 1944.0
    },
    "11": {
        "precision": 0.9402390438247012,
        "recall": 0.6069958847736625,
        "f1-score": 0.7377305407939981,
        "support": 1944.0
    },
    "12": {
        "precision": 0.6550903901046622,
        "recall": 0.7083333333333334,
        "f1-score": 0.680672268907563,
        "support": 1944.0
    },
    "13": {
        "precision": 0.6028905712319339,
        "recall": 0.4506172839506173,
        "f1-score": 0.5157491904621725,
        "support": 1944.0
    },
    "14": {
        "precision": 0.0,
        "recall": 0.0,
        "f1-score": 0.0,
        "support": 1944.0
    },
    "15": {
        "precision": 0.021639617145235122,
        "recall": 0.026748971193415638,
        "f1-score": 0.0239245456636761,
        "support": 1944.0
    },
    "16": {
        "precision": 0.07080350039777247,
        "recall": 0.09156378600823045,
        "f1-score": 0.07985643786451324,
        "support": 1944.0
    },
    "17": {
        "precision": 0.0,
        "recall": 0.0,
        "f1-score": 0.0,
        "support": 1944.0
    },
    "18": {
        "precision": 0.0,
        "recall": 0.0,
        "f1-score": 0.0,
        "support": 1944.0
    },
    "micro avg": {
        "precision": 0.42961418143899893,
        "recall": 0.2825788751714678,
        "f1-score": 0.34091849400082747,
        "support": 17496.0
    },
    "macro avg": {
        "precision": 0.36185849679117715,
        "recall": 0.2825788751714678,
        "f1-score": 0.3134910246915592,
        "support": 17496.0
    },
    "weighted avg": {
        "precision": 0.36185849679117715,
        "recall": 0.2825788751714678,
        "f1-score": 0.3134910246915592,
        "support": 17496.0
    },
    "accuracy": 0.2825788751714678
}