{
    "10": {
        "precision": 0.9660633484162896,
        "recall": 0.6589506172839507,
        "f1-score": 0.7834862385321101,
        "support": 1944.0
    },
    "11": {
        "precision": 0.9402390438247012,
        "recall": 0.6069958847736625,
        "f1-score": 0.7377305407939981,
        "support": 1944.0
    },
    "12": {
        "precision": 0.6554182509505704,
        "recall": 0.7093621399176955,
        "f1-score": 0.6813241106719368,
        "support": 1944.0
    },
    "13": {
        "precision": 0.6037215713301172,
        "recall": 0.4506172839506173,
        "f1-score": 0.5160530191458027,
        "support": 1944.0
    },
    "14": {
        "precision": 0.1181026137463698,
        "recall": 0.06275720164609054,
        "f1-score": 0.08196170641585489,
        "support": 1944.0
    },
    "15": {
        "precision": 0.2138157894736842,
        "recall": 0.2674897119341564,
        "f1-score": 0.2376599634369287,
        "support": 1944.0
    },
    "16": {
        "precision": 0.20319905213270142,
        "recall": 0.17644032921810698,
        "f1-score": 0.18887665198237885,
        "support": 1944.0
    },
    "17": {
        "precision": 0.1289134438305709,
        "recall": 0.10802469135802469,
        "f1-score": 0.11754827875734676,
        "support": 1944.0
    },
    "18": {
        "precision": 0.23270951993490643,
        "recall": 0.294238683127572,
        "f1-score": 0.2598818718764198,
        "support": 1944.0
    },
    "micro avg": {
        "precision": 0.42163111342351717,
        "recall": 0.3705418381344307,
        "f1-score": 0.3944390362618642,
        "support": 17496.0
    },
    "macro avg": {
        "precision": 0.4513536259599901,
        "recall": 0.37054183813443076,
        "f1-score": 0.4005024868458641,
        "support": 17496.0
    },
    "weighted avg": {
        "precision": 0.4513536259599901,
        "recall": 0.3705418381344307,
        "f1-score": 0.40050248684586404,
        "support": 17496.0
    },
    "accuracy": 0.3705418381344307
}