{
    "1": {
        "precision": 0.9878048780487805,
        "recall": 1.0,
        "f1-score": 0.9938650306748467,
        "support": 81.0
    },
    "2": {
        "precision": 0.6652892561983471,
        "recall": 0.9938271604938271,
        "f1-score": 0.7970297029702971,
        "support": 162.0
    },
    "3": {
        "precision": 0.3776223776223776,
        "recall": 0.6666666666666666,
        "f1-score": 0.48214285714285715,
        "support": 243.0
    },
    "4": {
        "precision": 0.13734939759036144,
        "recall": 0.17592592592592593,
        "f1-score": 0.15426251691474965,
        "support": 324.0
    },
    "5": {
        "precision": 0.09197651663405088,
        "recall": 0.11604938271604938,
        "f1-score": 0.10262008733624454,
        "support": 405.0
    },
    "6": {
        "precision": 0.038869257950530034,
        "recall": 0.04526748971193416,
        "f1-score": 0.04182509505703422,
        "support": 486.0
    },
    "7": {
        "precision": 0.034482758620689655,
        "recall": 0.04056437389770723,
        "f1-score": 0.03727714748784441,
        "support": 567.0
    },
    "8": {
        "precision": 0.005457025920873124,
        "recall": 0.006172839506172839,
        "f1-score": 0.005792903692976104,
        "support": 648.0
    },
    "9": {
        "precision": 0.0,
        "recall": 0.0,
        "f1-score": 0.0,
        "support": 729.0
    },
    "accuracy": 0.15281207133058985,
    "macro avg": {
        "precision": 0.25987238539844554,
        "recall": 0.33827487099092035,
        "f1-score": 0.29053503791964996,
        "support": 3645.0
    },
    "weighted avg": {
        "precision": 0.11063959471687335,
        "recall": 0.15281207133058985,
        "f1-score": 0.12717194099300352,
        "support": 3645.0
    }
}