{
    "10": {
        "precision": 1.0,
        "recall": 1.0,
        "f1-score": 1.0,
        "support": 1944.0
    },
    "11": {
        "precision": 1.0,
        "recall": 0.9994855967078189,
        "f1-score": 0.9997427321842037,
        "support": 1944.0
    },
    "12": {
        "precision": 1.0,
        "recall": 0.9994855967078189,
        "f1-score": 0.9997427321842037,
        "support": 1944.0
    },
    "13": {
        "precision": 0.9984575835475579,
        "recall": 0.9989711934156379,
        "f1-score": 0.99871432244793,
        "support": 1944.0
    },
    "14": {
        "precision": 0.9989706639217705,
        "recall": 0.9984567901234568,
        "f1-score": 0.9987136609210188,
        "support": 1944.0
    },
    "15": {
        "precision": 0.9994855967078189,
        "recall": 0.9994855967078189,
        "f1-score": 0.9994855967078189,
        "support": 1944.0
    },
    "16": {
        "precision": 1.0,
        "recall": 0.9984567901234568,
        "f1-score": 0.9992277992277993,
        "support": 1944.0
    },
    "17": {
        "precision": 0.9969167523124358,
        "recall": 0.9979423868312757,
        "f1-score": 0.9974293059125964,
        "support": 1944.0
    },
    "18": {
        "precision": 0.9979381443298969,
        "recall": 0.9958847736625515,
        "f1-score": 0.9969104016477858,
        "support": 1944.0
    },
    "micro avg": {
        "precision": 0.9990851392303733,
        "recall": 0.9986854138088705,
        "f1-score": 0.9988852365299414,
        "support": 17496.0
    },
    "macro avg": {
        "precision": 0.999085415646609,
        "recall": 0.9986854138088704,
        "f1-score": 0.9988851723592619,
        "support": 17496.0
    },
    "weighted avg": {
        "precision": 0.9990854156466088,
        "recall": 0.9986854138088705,
        "f1-score": 0.9988851723592618,
        "support": 17496.0
    },
    "accuracy": 0.9986854138088705
}