{
    "1": {
        "precision": 1.0,
        "recall": 1.0,
        "f1-score": 1.0,
        "support": 5589.0
    },
    "2": {
        "precision": 1.0,
        "recall": 0.9991053855788156,
        "f1-score": 0.9995524926161282,
        "support": 5589.0
    },
    "3": {
        "precision": 0.9991058655221745,
        "recall": 0.9996421542315262,
        "f1-score": 0.9993739379304176,
        "support": 5589.0
    },
    "4": {
        "precision": 0.9989274222381123,
        "recall": 0.9998210771157631,
        "f1-score": 0.9993740498971654,
        "support": 5589.0
    },
    "5": {
        "precision": 0.9966047176554682,
        "recall": 0.9978529253891573,
        "f1-score": 0.997228430934287,
        "support": 5589.0
    },
    "6": {
        "precision": 0.9912609238451935,
        "recall": 0.9944533905886563,
        "f1-score": 0.9928545909253305,
        "support": 5589.0
    },
    "7": {
        "precision": 0.9876983419504368,
        "recall": 0.9912327786723922,
        "f1-score": 0.9894624040007144,
        "support": 5589.0
    },
    "8": {
        "precision": 0.9699805756666078,
        "recall": 0.9828234031132582,
        "f1-score": 0.9763597582651973,
        "support": 5589.0
    },
    "9": {
        "precision": 0.9926833729650631,
        "recall": 0.9710144927536232,
        "f1-score": 0.9817293777134588,
        "support": 5589.0
    },
    "accuracy": 0.9928828452714658,
    "macro avg": {
        "precision": 0.9929179133158951,
        "recall": 0.9928828452714659,
        "f1-score": 0.9928816713647444,
        "support": 50301.0
    },
    "weighted avg": {
        "precision": 0.9929179133158952,
        "recall": 0.9928828452714658,
        "f1-score": 0.9928816713647444,
        "support": 50301.0
    }
}