{
    "10": {
        "precision": 0.31137724550898205,
        "recall": 0.6419753086419753,
        "f1-score": 0.41935483870967744,
        "support": 81.0
    },
    "11": {
        "precision": 0.0,
        "recall": 0.0,
        "f1-score": 0.0,
        "support": 81.0
    },
    "12": {
        "precision": 0.3333333333333333,
        "recall": 0.2345679012345679,
        "f1-score": 0.2753623188405797,
        "support": 81.0
    },
    "13": {
        "precision": 0.28346456692913385,
        "recall": 0.4444444444444444,
        "f1-score": 0.34615384615384615,
        "support": 81.0
    },
    "14": {
        "precision": 0.5,
        "recall": 0.012345679012345678,
        "f1-score": 0.024096385542168676,
        "support": 81.0
    },
    "15": {
        "precision": 0.30344827586206896,
        "recall": 0.5432098765432098,
        "f1-score": 0.3893805309734513,
        "support": 81.0
    },
    "16": {
        "precision": 0.35294117647058826,
        "recall": 0.07407407407407407,
        "f1-score": 0.12244897959183673,
        "support": 81.0
    },
    "17": {
        "precision": 0.0,
        "recall": 0.0,
        "f1-score": 0.0,
        "support": 81.0
    },
    "18": {
        "precision": 0.0,
        "recall": 0.0,
        "f1-score": 0.0,
        "support": 81.0
    },
    "micro avg": {
        "precision": 0.3044315992292871,
        "recall": 0.2167352537722908,
        "f1-score": 0.2532051282051282,
        "support": 729.0
    },
    "macro avg": {
        "precision": 0.23161828867823406,
        "recall": 0.21673525377229078,
        "f1-score": 0.1751996555346178,
        "support": 729.0
    },
    "weighted avg": {
        "precision": 0.23161828867823406,
        "recall": 0.2167352537722908,
        "f1-score": 0.17519965553461778,
        "support": 729.0
    },
    "accuracy": 0.2167352537722908
}