{
    "10": {
        "precision": 0.6185567010309279,
        "recall": 0.7407407407407407,
        "f1-score": 0.6741573033707865,
        "support": 81.0
    },
    "11": {
        "precision": 0.8653846153846154,
        "recall": 0.5555555555555556,
        "f1-score": 0.6766917293233082,
        "support": 81.0
    },
    "12": {
        "precision": 0.6293103448275862,
        "recall": 0.9012345679012346,
        "f1-score": 0.7411167512690355,
        "support": 81.0
    },
    "13": {
        "precision": 0.43023255813953487,
        "recall": 0.4567901234567901,
        "f1-score": 0.4431137724550898,
        "support": 81.0
    },
    "14": {
        "precision": 0.5409836065573771,
        "recall": 0.4074074074074074,
        "f1-score": 0.4647887323943662,
        "support": 81.0
    },
    "15": {
        "precision": 0.5842696629213483,
        "recall": 0.6419753086419753,
        "f1-score": 0.611764705882353,
        "support": 81.0
    },
    "16": {
        "precision": 0.5066666666666667,
        "recall": 0.4691358024691358,
        "f1-score": 0.48717948717948717,
        "support": 81.0
    },
    "17": {
        "precision": 0.4358974358974359,
        "recall": 0.6296296296296297,
        "f1-score": 0.5151515151515151,
        "support": 81.0
    },
    "18": {
        "precision": 1.0,
        "recall": 0.14814814814814814,
        "f1-score": 0.25806451612903225,
        "support": 81.0
    },
    "micro avg": {
        "precision": 0.5687943262411348,
        "recall": 0.5500685871056241,
        "f1-score": 0.5592747559274756,
        "support": 729.0
    },
    "macro avg": {
        "precision": 0.6234779546028325,
        "recall": 0.5500685871056241,
        "f1-score": 0.5413365014616637,
        "support": 729.0
    },
    "weighted avg": {
        "precision": 0.6234779546028325,
        "recall": 0.5500685871056241,
        "f1-score": 0.5413365014616637,
        "support": 729.0
    },
    "accuracy": 0.5500685871056241
}