{
    "10": {
        "precision": 0.039473684210526314,
        "recall": 0.037037037037037035,
        "f1-score": 0.03821656050955414,
        "support": 81.0
    },
    "11": {
        "precision": 0.0,
        "recall": 0.0,
        "f1-score": 0.0,
        "support": 81.0
    },
    "12": {
        "precision": 0.0,
        "recall": 0.0,
        "f1-score": 0.0,
        "support": 81.0
    },
    "13": {
        "precision": 0.0,
        "recall": 0.0,
        "f1-score": 0.0,
        "support": 81.0
    },
    "14": {
        "precision": 0.007142857142857143,
        "recall": 0.012345679012345678,
        "f1-score": 0.00904977375565611,
        "support": 81.0
    },
    "15": {
        "precision": 0.0,
        "recall": 0.0,
        "f1-score": 0.0,
        "support": 81.0
    },
    "16": {
        "precision": 0.0,
        "recall": 0.0,
        "f1-score": 0.0,
        "support": 81.0
    },
    "17": {
        "precision": 0.0,
        "recall": 0.0,
        "f1-score": 0.0,
        "support": 81.0
    },
    "18": {
        "precision": 0.0,
        "recall": 0.0,
        "f1-score": 0.0,
        "support": 81.0
    },
    "micro avg": {
        "precision": 0.0073937153419593345,
        "recall": 0.0054869684499314125,
        "f1-score": 0.006299212598425197,
        "support": 729.0
    },
    "macro avg": {
        "precision": 0.005179615705931496,
        "recall": 0.0054869684499314125,
        "f1-score": 0.005251814918356694,
        "support": 729.0
    },
    "weighted avg": {
        "precision": 0.005179615705931496,
        "recall": 0.0054869684499314125,
        "f1-score": 0.005251814918356694,
        "support": 729.0
    },
    "accuracy": 0.0054869684499314125
}