{
    "10": {
        "precision": 0.0,
        "recall": 0.0,
        "f1-score": 0.0,
        "support": 81.0
    },
    "11": {
        "precision": 0.0,
        "recall": 0.0,
        "f1-score": 0.0,
        "support": 81.0
    },
    "12": {
        "precision": 0.45161290322580644,
        "recall": 0.5185185185185185,
        "f1-score": 0.4827586206896552,
        "support": 81.0
    },
    "13": {
        "precision": 0.3563218390804598,
        "recall": 0.38271604938271603,
        "f1-score": 0.36904761904761907,
        "support": 81.0
    },
    "14": {
        "precision": 0.34782608695652173,
        "recall": 0.2962962962962963,
        "f1-score": 0.32,
        "support": 81.0
    },
    "15": {
        "precision": 0.6727272727272727,
        "recall": 0.4567901234567901,
        "f1-score": 0.5441176470588235,
        "support": 81.0
    },
    "16": {
        "precision": 0.9444444444444444,
        "recall": 0.6296296296296297,
        "f1-score": 0.7555555555555555,
        "support": 81.0
    },
    "17": {
        "precision": 0.0,
        "recall": 0.0,
        "f1-score": 0.0,
        "support": 81.0
    },
    "18": {
        "precision": 0.0,
        "recall": 0.0,
        "f1-score": 0.0,
        "support": 81.0
    },
    "micro avg": {
        "precision": 0.39278131634819535,
        "recall": 0.25377229080932784,
        "f1-score": 0.30833333333333335,
        "support": 729.0
    },
    "macro avg": {
        "precision": 0.30810361627050054,
        "recall": 0.25377229080932784,
        "f1-score": 0.2746088269279615,
        "support": 729.0
    },
    "weighted avg": {
        "precision": 0.3081036162705006,
        "recall": 0.25377229080932784,
        "f1-score": 0.27460882692796146,
        "support": 729.0
    },
    "accuracy": 0.25377229080932784
}