{
    "10": {
        "precision": 0.8372093023255814,
        "recall": 0.4444444444444444,
        "f1-score": 0.5806451612903226,
        "support": 81.0
    },
    "11": {
        "precision": 0.9615384615384616,
        "recall": 0.6172839506172839,
        "f1-score": 0.7518796992481203,
        "support": 81.0
    },
    "12": {
        "precision": 0.7395833333333334,
        "recall": 0.8765432098765432,
        "f1-score": 0.8022598870056498,
        "support": 81.0
    },
    "13": {
        "precision": 0.7818181818181819,
        "recall": 0.5308641975308642,
        "f1-score": 0.6323529411764706,
        "support": 81.0
    },
    "14": {
        "precision": 0.0,
        "recall": 0.0,
        "f1-score": 0.0,
        "support": 81.0
    },
    "15": {
        "precision": 0.037037037037037035,
        "recall": 0.04938271604938271,
        "f1-score": 0.042328042328042326,
        "support": 81.0
    },
    "16": {
        "precision": 0.17142857142857143,
        "recall": 0.2222222222222222,
        "f1-score": 0.1935483870967742,
        "support": 81.0
    },
    "17": {
        "precision": 0.0,
        "recall": 0.0,
        "f1-score": 0.0,
        "support": 81.0
    },
    "18": {
        "precision": 0.0,
        "recall": 0.0,
        "f1-score": 0.0,
        "support": 81.0
    },
    "micro avg": {
        "precision": 0.45962732919254656,
        "recall": 0.3045267489711934,
        "f1-score": 0.36633663366336633,
        "support": 729.0
    },
    "macro avg": {
        "precision": 0.3920683208312407,
        "recall": 0.30452674897119336,
        "f1-score": 0.33366823534948664,
        "support": 729.0
    },
    "weighted avg": {
        "precision": 0.39206832083124077,
        "recall": 0.3045267489711934,
        "f1-score": 0.33366823534948664,
        "support": 729.0
    },
    "accuracy": 0.3045267489711934
}