{
    "10": {
        "precision": 0.6017699115044248,
        "recall": 0.8395061728395061,
        "f1-score": 0.7010309278350515,
        "support": 81.0
    },
    "11": {
        "precision": 0.8333333333333334,
        "recall": 0.43209876543209874,
        "f1-score": 0.5691056910569106,
        "support": 81.0
    },
    "12": {
        "precision": 0.9583333333333334,
        "recall": 0.8518518518518519,
        "f1-score": 0.9019607843137255,
        "support": 81.0
    },
    "13": {
        "precision": 0.8775510204081632,
        "recall": 0.5308641975308642,
        "f1-score": 0.6615384615384615,
        "support": 81.0
    },
    "14": {
        "precision": 0.4626865671641791,
        "recall": 0.38271604938271603,
        "f1-score": 0.4189189189189189,
        "support": 81.0
    },
    "15": {
        "precision": 0.3424657534246575,
        "recall": 0.30864197530864196,
        "f1-score": 0.3246753246753247,
        "support": 81.0
    },
    "16": {
        "precision": 0.08,
        "recall": 0.04938271604938271,
        "f1-score": 0.061068702290076333,
        "support": 81.0
    },
    "17": {
        "precision": 0.02564102564102564,
        "recall": 0.012345679012345678,
        "f1-score": 0.016666666666666666,
        "support": 81.0
    },
    "18": {
        "precision": 0.0,
        "recall": 0.0,
        "f1-score": 0.0,
        "support": 81.0
    },
    "micro avg": {
        "precision": 0.5168539325842697,
        "recall": 0.3786008230452675,
        "f1-score": 0.43705463182897863,
        "support": 729.0
    },
    "macro avg": {
        "precision": 0.464642327201013,
        "recall": 0.3786008230452675,
        "f1-score": 0.40610727525501505,
        "support": 729.0
    },
    "weighted avg": {
        "precision": 0.464642327201013,
        "recall": 0.3786008230452675,
        "f1-score": 0.4061072752550151,
        "support": 729.0
    },
    "accuracy": 0.3786008230452675
}