{
    "1": {
        "precision": 0.3347107438016529,
        "recall": 1.0,
        "f1-score": 0.5015479876160991,
        "support": 81.0
    },
    "2": {
        "precision": 0.004098360655737705,
        "recall": 0.006172839506172839,
        "f1-score": 0.0049261083743842365,
        "support": 162.0
    },
    "3": {
        "precision": 0.0,
        "recall": 0.0,
        "f1-score": 0.0,
        "support": 243.0
    },
    "4": {
        "precision": 0.0025974025974025974,
        "recall": 0.0030864197530864196,
        "f1-score": 0.0028208744710860366,
        "support": 324.0
    },
    "5": {
        "precision": 0.04772727272727273,
        "recall": 0.05185185185185185,
        "f1-score": 0.04970414201183432,
        "support": 405.0
    },
    "6": {
        "precision": 0.1072,
        "recall": 0.13786008230452676,
        "f1-score": 0.12061206120612061,
        "support": 486.0
    },
    "7": {
        "precision": 0.013846153846153847,
        "recall": 0.015873015873015872,
        "f1-score": 0.014790468364831553,
        "support": 567.0
    },
    "8": {
        "precision": 0.009510869565217392,
        "recall": 0.010802469135802469,
        "f1-score": 0.010115606936416185,
        "support": 648.0
    },
    "9": {
        "precision": 0.0,
        "recall": 0.0,
        "f1-score": 0.0,
        "support": 729.0
    },
    "accuracy": 0.05130315500685871,
    "macro avg": {
        "precision": 0.05774342257704858,
        "recall": 0.13618296426938403,
        "f1-score": 0.0782796943311969,
        "support": 3645.0
    },
    "weighted avg": {
        "precision": 0.031292077168531524,
        "recall": 0.05130315500685871,
        "f1-score": 0.03731855363533905,
        "support": 3645.0
    }
}