{
    "1": {
        "precision": 1.0,
        "recall": 1.0,
        "f1-score": 1.0,
        "support": 81.0
    },
    "2": {
        "precision": 0.6721991701244814,
        "recall": 1.0,
        "f1-score": 0.8039702233250621,
        "support": 162.0
    },
    "3": {
        "precision": 0.3557483731019523,
        "recall": 0.6748971193415638,
        "f1-score": 0.4659090909090909,
        "support": 243.0
    },
    "4": {
        "precision": 0.06716417910447761,
        "recall": 0.08333333333333333,
        "f1-score": 0.0743801652892562,
        "support": 324.0
    },
    "5": {
        "precision": 0.059880239520958084,
        "recall": 0.07407407407407407,
        "f1-score": 0.06622516556291391,
        "support": 405.0
    },
    "6": {
        "precision": 0.02640845070422535,
        "recall": 0.030864197530864196,
        "f1-score": 0.028462998102466792,
        "support": 486.0
    },
    "7": {
        "precision": 0.02127659574468085,
        "recall": 0.024691358024691357,
        "f1-score": 0.022857142857142857,
        "support": 567.0
    },
    "8": {
        "precision": 0.005457025920873124,
        "recall": 0.006172839506172839,
        "f1-score": 0.005792903692976104,
        "support": 648.0
    },
    "9": {
        "precision": 0.0,
        "recall": 0.0,
        "f1-score": 0.0,
        "support": 729.0
    },
    "accuracy": 0.1363511659807956,
    "macro avg": {
        "precision": 0.2453482260246276,
        "recall": 0.3215592135345222,
        "f1-score": 0.274177521082101,
        "support": 3645.0
    },
    "weighted avg": {
        "precision": 0.09623876567516941,
        "recall": 0.1363511659807956,
        "f1-score": 0.1113652317001689,
        "support": 3645.0
    }
}