{
    "10": {
        "precision": 0.30275229357798167,
        "recall": 0.4074074074074074,
        "f1-score": 0.3473684210526316,
        "support": 81.0
    },
    "11": {
        "precision": 0.0,
        "recall": 0.0,
        "f1-score": 0.0,
        "support": 81.0
    },
    "12": {
        "precision": 0.8850574712643678,
        "recall": 0.9506172839506173,
        "f1-score": 0.9166666666666666,
        "support": 81.0
    },
    "13": {
        "precision": 0.8846153846153846,
        "recall": 0.8518518518518519,
        "f1-score": 0.8679245283018868,
        "support": 81.0
    },
    "14": {
        "precision": 0.8596491228070176,
        "recall": 0.6049382716049383,
        "f1-score": 0.7101449275362319,
        "support": 81.0
    },
    "15": {
        "precision": 0.6629213483146067,
        "recall": 0.7283950617283951,
        "f1-score": 0.6941176470588235,
        "support": 81.0
    },
    "16": {
        "precision": 0.2692307692307692,
        "recall": 0.08641975308641975,
        "f1-score": 0.1308411214953271,
        "support": 81.0
    },
    "17": {
        "precision": 0.0,
        "recall": 0.0,
        "f1-score": 0.0,
        "support": 81.0
    },
    "18": {
        "precision": 0.0,
        "recall": 0.0,
        "f1-score": 0.0,
        "support": 81.0
    },
    "micro avg": {
        "precision": 0.6591928251121076,
        "recall": 0.40329218106995884,
        "f1-score": 0.5004255319148936,
        "support": 729.0
    },
    "macro avg": {
        "precision": 0.42935848775668084,
        "recall": 0.40329218106995884,
        "f1-score": 0.40745147912350754,
        "support": 729.0
    },
    "weighted avg": {
        "precision": 0.4293584877566809,
        "recall": 0.40329218106995884,
        "f1-score": 0.40745147912350743,
        "support": 729.0
    },
    "accuracy": 0.40329218106995884
}