{
    "1": {
        "precision": 1.0,
        "recall": 0.9135802469135802,
        "f1-score": 0.9548387096774194,
        "support": 81.0
    },
    "2": {
        "precision": 0.9135802469135802,
        "recall": 0.9135802469135802,
        "f1-score": 0.9135802469135802,
        "support": 81.0
    },
    "3": {
        "precision": 0.9594594594594594,
        "recall": 0.8765432098765432,
        "f1-score": 0.9161290322580645,
        "support": 81.0
    },
    "4": {
        "precision": 0.8648648648648649,
        "recall": 0.7901234567901234,
        "f1-score": 0.8258064516129032,
        "support": 81.0
    },
    "5": {
        "precision": 0.7875,
        "recall": 0.7777777777777778,
        "f1-score": 0.782608695652174,
        "support": 81.0
    },
    "6": {
        "precision": 0.7236842105263158,
        "recall": 0.6790123456790124,
        "f1-score": 0.7006369426751592,
        "support": 81.0
    },
    "7": {
        "precision": 0.7027027027027027,
        "recall": 0.6419753086419753,
        "f1-score": 0.6709677419354839,
        "support": 81.0
    },
    "8": {
        "precision": 0.6617647058823529,
        "recall": 0.5555555555555556,
        "f1-score": 0.6040268456375839,
        "support": 81.0
    },
    "9": {
        "precision": 0.5081967213114754,
        "recall": 0.38271604938271603,
        "f1-score": 0.43661971830985913,
        "support": 81.0
    },
    "micro avg": {
        "precision": 0.7990936555891238,
        "recall": 0.7256515775034293,
        "f1-score": 0.7606038820992091,
        "support": 729.0
    },
    "macro avg": {
        "precision": 0.7913058790734168,
        "recall": 0.7256515775034293,
        "f1-score": 0.7561349316302475,
        "support": 729.0
    },
    "weighted avg": {
        "precision": 0.7913058790734168,
        "recall": 0.7256515775034293,
        "f1-score": 0.7561349316302475,
        "support": 729.0
    },
    "accuracy": 0.7256515775034293
}