{
    "1": {
        "precision": 1.0,
        "recall": 0.9996421542315262,
        "f1-score": 0.9998210450966356,
        "support": 5589.0
    },
    "2": {
        "precision": 0.9994620763851533,
        "recall": 0.9973161567364466,
        "f1-score": 0.9983879634605051,
        "support": 5589.0
    },
    "3": {
        "precision": 0.9953604568165596,
        "recall": 0.9980318482733942,
        "f1-score": 0.9966943625480211,
        "support": 5589.0
    },
    "4": {
        "precision": 0.9933786685755189,
        "recall": 0.993200930398998,
        "f1-score": 0.9932897915361903,
        "support": 5589.0
    },
    "5": {
        "precision": 0.9689716312056738,
        "recall": 0.9778135623546251,
        "f1-score": 0.9733725175883872,
        "support": 5589.0
    },
    "6": {
        "precision": 0.9198899776517105,
        "recall": 0.9574163535516192,
        "f1-score": 0.9382780992460109,
        "support": 5589.0
    },
    "7": {
        "precision": 0.9218343854437431,
        "recall": 0.8883521202361782,
        "f1-score": 0.9047835990888383,
        "support": 5589.0
    },
    "8": {
        "precision": 0.8575063613231552,
        "recall": 0.9044551798174987,
        "f1-score": 0.880355276907001,
        "support": 5589.0
    },
    "9": {
        "precision": 0.9609990393852065,
        "recall": 0.8949722669529433,
        "f1-score": 0.9268111914026311,
        "support": 5589.0
    },
    "micro avg": {
        "precision": 0.9568381081134814,
        "recall": 0.9568000636170255,
        "f1-score": 0.9568190854870775,
        "support": 50301.0
    },
    "macro avg": {
        "precision": 0.9574891774207468,
        "recall": 0.9568000636170253,
        "f1-score": 0.9568659829860245,
        "support": 50301.0
    },
    "weighted avg": {
        "precision": 0.9574891774207468,
        "recall": 0.9568000636170255,
        "f1-score": 0.9568659829860245,
        "support": 50301.0
    },
    "accuracy": 0.9568000636170255
}