{
    "10": {
        "precision": 0.2608695652173913,
        "recall": 0.4444444444444444,
        "f1-score": 0.3287671232876712,
        "support": 81.0
    },
    "11": {
        "precision": 0.0,
        "recall": 0.0,
        "f1-score": 0.0,
        "support": 81.0
    },
    "12": {
        "precision": 0.38461538461538464,
        "recall": 0.6172839506172839,
        "f1-score": 0.47393364928909953,
        "support": 81.0
    },
    "13": {
        "precision": 0.2222222222222222,
        "recall": 0.024691358024691357,
        "f1-score": 0.044444444444444446,
        "support": 81.0
    },
    "14": {
        "precision": 0.6666666666666666,
        "recall": 0.024691358024691357,
        "f1-score": 0.047619047619047616,
        "support": 81.0
    },
    "15": {
        "precision": 0.2885375494071146,
        "recall": 0.9012345679012346,
        "f1-score": 0.437125748502994,
        "support": 81.0
    },
    "16": {
        "precision": 0.0,
        "recall": 0.0,
        "f1-score": 0.0,
        "support": 81.0
    },
    "17": {
        "precision": 0.0,
        "recall": 0.0,
        "f1-score": 0.0,
        "support": 81.0
    },
    "18": {
        "precision": 0.0,
        "recall": 0.0,
        "f1-score": 0.0,
        "support": 81.0
    },
    "micro avg": {
        "precision": 0.30467289719626167,
        "recall": 0.22359396433470508,
        "f1-score": 0.2579113924050633,
        "support": 729.0
    },
    "macro avg": {
        "precision": 0.2025457097920866,
        "recall": 0.22359396433470508,
        "f1-score": 0.14798777923813963,
        "support": 729.0
    },
    "weighted avg": {
        "precision": 0.2025457097920866,
        "recall": 0.22359396433470508,
        "f1-score": 0.14798777923813966,
        "support": 729.0
    },
    "accuracy": 0.22359396433470508
}