{
    "10": {
        "precision": 0.9202755905511811,
        "recall": 0.9619341563786008,
        "f1-score": 0.9406438631790744,
        "support": 1944.0
    },
    "11": {
        "precision": 0.9519230769230769,
        "recall": 0.9166666666666666,
        "f1-score": 0.9339622641509434,
        "support": 1944.0
    },
    "12": {
        "precision": 0.765045342126958,
        "recall": 0.9547325102880658,
        "f1-score": 0.8494279176201373,
        "support": 1944.0
    },
    "13": {
        "precision": 0.6015625,
        "recall": 0.7525720164609053,
        "f1-score": 0.6686471663619744,
        "support": 1944.0
    },
    "14": {
        "precision": 0.4684521107580572,
        "recall": 0.5308641975308642,
        "f1-score": 0.49770918736435976,
        "support": 1944.0
    },
    "15": {
        "precision": 0.7082481254260395,
        "recall": 0.5344650205761317,
        "f1-score": 0.6092055115801818,
        "support": 1944.0
    },
    "16": {
        "precision": 0.7091203453858608,
        "recall": 0.6759259259259259,
        "f1-score": 0.6921253621279958,
        "support": 1944.0
    },
    "17": {
        "precision": 0.8734363502575423,
        "recall": 0.61059670781893,
        "f1-score": 0.7187405389040267,
        "support": 1944.0
    },
    "18": {
        "precision": 0.8750975800156128,
        "recall": 0.5766460905349794,
        "f1-score": 0.6951937984496124,
        "support": 1944.0
    },
    "micro avg": {
        "precision": 0.7482422451994092,
        "recall": 0.7238225880201189,
        "f1-score": 0.7358298712994974,
        "support": 17496.0
    },
    "macro avg": {
        "precision": 0.7636845579382587,
        "recall": 0.7238225880201189,
        "f1-score": 0.7339617344153672,
        "support": 17496.0
    },
    "weighted avg": {
        "precision": 0.7636845579382587,
        "recall": 0.7238225880201189,
        "f1-score": 0.7339617344153674,
        "support": 17496.0
    },
    "accuracy": 0.7238225880201189
}