{
    "10": {
        "precision": 0.9806023481368045,
        "recall": 0.9881687242798354,
        "f1-score": 0.9843709966692288,
        "support": 1944.0
    },
    "11": {
        "precision": 0.9769349051768323,
        "recall": 0.9804526748971193,
        "f1-score": 0.9786906290115532,
        "support": 1944.0
    },
    "12": {
        "precision": 0.9601010101010101,
        "recall": 0.977880658436214,
        "f1-score": 0.9689092762487258,
        "support": 1944.0
    },
    "13": {
        "precision": 0.9405297351324338,
        "recall": 0.9681069958847737,
        "f1-score": 0.9541191381495564,
        "support": 1944.0
    },
    "14": {
        "precision": 0.8995568685376661,
        "recall": 0.9398148148148148,
        "f1-score": 0.9192452830188679,
        "support": 1944.0
    },
    "15": {
        "precision": 0.8847130523108176,
        "recall": 0.8960905349794238,
        "f1-score": 0.8903654485049833,
        "support": 1944.0
    },
    "16": {
        "precision": 0.8484997540580423,
        "recall": 0.8873456790123457,
        "f1-score": 0.8674880563238622,
        "support": 1944.0
    },
    "17": {
        "precision": 0.8800214247455811,
        "recall": 0.845164609053498,
        "f1-score": 0.8622408816583574,
        "support": 1944.0
    },
    "18": {
        "precision": 0.9643515673017824,
        "recall": 0.8070987654320988,
        "f1-score": 0.8787454494539345,
        "support": 1944.0
    },
    "micro avg": {
        "precision": 0.9252497416465725,
        "recall": 0.921124828532236,
        "f1-score": 0.9231826774359856,
        "support": 17496.0
    },
    "macro avg": {
        "precision": 0.9261456295001077,
        "recall": 0.921124828532236,
        "f1-score": 0.9226861287821188,
        "support": 17496.0
    },
    "weighted avg": {
        "precision": 0.9261456295001079,
        "recall": 0.921124828532236,
        "f1-score": 0.922686128782119,
        "support": 17496.0
    },
    "accuracy": 0.921124828532236
}