{
    "1": {
        "precision": 1.0,
        "recall": 1.0,
        "f1-score": 1.0,
        "support": 5589.0
    },
    "2": {
        "precision": 1.0,
        "recall": 0.9998210771157631,
        "f1-score": 0.9999105305538158,
        "support": 5589.0
    },
    "3": {
        "precision": 0.9998211091234347,
        "recall": 1.0,
        "f1-score": 0.9999105465605153,
        "support": 5589.0
    },
    "4": {
        "precision": 0.9994635193133047,
        "recall": 1.0,
        "f1-score": 0.9997316876844647,
        "support": 5589.0
    },
    "5": {
        "precision": 0.9962506695232994,
        "recall": 0.998389694041868,
        "f1-score": 0.9973190348525469,
        "support": 5589.0
    },
    "6": {
        "precision": 0.9621434745030251,
        "recall": 0.9958847736625515,
        "f1-score": 0.9787234042553191,
        "support": 5589.0
    },
    "7": {
        "precision": 0.9517730496453901,
        "recall": 0.9604580425836464,
        "f1-score": 0.9560958233146317,
        "support": 5589.0
    },
    "8": {
        "precision": 0.8980074299223235,
        "recall": 0.9515118983718017,
        "f1-score": 0.9239857527582312,
        "support": 5589.0
    },
    "9": {
        "precision": 0.999799759711654,
        "recall": 0.8933619609948112,
        "f1-score": 0.943588774449589,
        "support": 5589.0
    },
    "accuracy": 0.9777141607522714,
    "macro avg": {
        "precision": 0.978584334638048,
        "recall": 0.9777141607522714,
        "f1-score": 0.9776961727143461,
        "support": 50301.0
    },
    "weighted avg": {
        "precision": 0.978584334638048,
        "recall": 0.9777141607522714,
        "f1-score": 0.977696172714346,
        "support": 50301.0
    }
}