{
    "10": {
        "precision": 0.9876543209876543,
        "recall": 0.9876543209876543,
        "f1-score": 0.9876543209876543,
        "support": 81.0
    },
    "11": {
        "precision": 0.9875,
        "recall": 0.9753086419753086,
        "f1-score": 0.9813664596273292,
        "support": 81.0
    },
    "12": {
        "precision": 0.9753086419753086,
        "recall": 0.9753086419753086,
        "f1-score": 0.9753086419753086,
        "support": 81.0
    },
    "13": {
        "precision": 0.9875,
        "recall": 0.9753086419753086,
        "f1-score": 0.9813664596273292,
        "support": 81.0
    },
    "14": {
        "precision": 0.9873417721518988,
        "recall": 0.9629629629629629,
        "f1-score": 0.975,
        "support": 81.0
    },
    "15": {
        "precision": 0.9620253164556962,
        "recall": 0.9382716049382716,
        "f1-score": 0.95,
        "support": 81.0
    },
    "16": {
        "precision": 0.9506172839506173,
        "recall": 0.9506172839506173,
        "f1-score": 0.9506172839506173,
        "support": 81.0
    },
    "17": {
        "precision": 0.9390243902439024,
        "recall": 0.9506172839506173,
        "f1-score": 0.9447852760736196,
        "support": 81.0
    },
    "18": {
        "precision": 0.9506172839506173,
        "recall": 0.9506172839506173,
        "f1-score": 0.9506172839506173,
        "support": 81.0
    },
    "micro avg": {
        "precision": 0.9696132596685083,
        "recall": 0.9629629629629629,
        "f1-score": 0.9662766689607708,
        "support": 729.0
    },
    "macro avg": {
        "precision": 0.9697321121906328,
        "recall": 0.9629629629629629,
        "f1-score": 0.9663017473547194,
        "support": 729.0
    },
    "weighted avg": {
        "precision": 0.9697321121906328,
        "recall": 0.9629629629629629,
        "f1-score": 0.9663017473547196,
        "support": 729.0
    },
    "accuracy": 0.9629629629629629
}