{
    "1": {
        "precision": 1.0,
        "recall": 0.9998210771157631,
        "f1-score": 0.9999105305538158,
        "support": 5589.0
    },
    "2": {
        "precision": 0.9733920704845815,
        "recall": 0.9883700125246019,
        "f1-score": 0.9808238636363636,
        "support": 5589.0
    },
    "3": {
        "precision": 0.9462307967131118,
        "recall": 0.9477545178028269,
        "f1-score": 0.9469920443371771,
        "support": 5589.0
    },
    "4": {
        "precision": 0.9295048775998528,
        "recall": 0.9035605653963142,
        "f1-score": 0.9163491199419344,
        "support": 5589.0
    },
    "5": {
        "precision": 0.8910133843212237,
        "recall": 0.8337806405439255,
        "f1-score": 0.8614474535539329,
        "support": 5589.0
    },
    "6": {
        "precision": 0.7788337628865979,
        "recall": 0.865092145285382,
        "f1-score": 0.8196999237094177,
        "support": 5589.0
    },
    "7": {
        "precision": 0.7588905904372979,
        "recall": 0.7979960636965467,
        "f1-score": 0.7779522065236351,
        "support": 5589.0
    },
    "8": {
        "precision": 0.736604726682302,
        "recall": 0.7305421363392378,
        "f1-score": 0.7335609054976644,
        "support": 5589.0
    },
    "9": {
        "precision": 0.8860981308411215,
        "recall": 0.8142780461621041,
        "f1-score": 0.8486713286713287,
        "support": 5589.0
    },
    "micro avg": {
        "precision": 0.8759147311485842,
        "recall": 0.8756883560963002,
        "f1-score": 0.875801528994224,
        "support": 50301.0
    },
    "macro avg": {
        "precision": 0.8778409266628988,
        "recall": 0.8756883560963002,
        "f1-score": 0.8761563751583633,
        "support": 50301.0
    },
    "weighted avg": {
        "precision": 0.8778409266628989,
        "recall": 0.8756883560963002,
        "f1-score": 0.8761563751583633,
        "support": 50301.0
    },
    "accuracy": 0.8756883560963002
}