{
    "10": {
        "precision": 0.5588235294117647,
        "recall": 0.9382716049382716,
        "f1-score": 0.7004608294930875,
        "support": 81.0
    },
    "11": {
        "precision": 0.20105820105820105,
        "recall": 0.4691358024691358,
        "f1-score": 0.2814814814814815,
        "support": 81.0
    },
    "12": {
        "precision": 0.21818181818181817,
        "recall": 0.14814814814814814,
        "f1-score": 0.17647058823529413,
        "support": 81.0
    },
    "13": {
        "precision": 0.152317880794702,
        "recall": 0.2839506172839506,
        "f1-score": 0.19827586206896552,
        "support": 81.0
    },
    "14": {
        "precision": 0.017241379310344827,
        "recall": 0.012345679012345678,
        "f1-score": 0.014388489208633094,
        "support": 81.0
    },
    "15": {
        "precision": 0.12903225806451613,
        "recall": 0.04938271604938271,
        "f1-score": 0.07142857142857142,
        "support": 81.0
    },
    "16": {
        "precision": 0.07058823529411765,
        "recall": 0.07407407407407407,
        "f1-score": 0.07228915662650602,
        "support": 81.0
    },
    "17": {
        "precision": 0.0,
        "recall": 0.0,
        "f1-score": 0.0,
        "support": 81.0
    },
    "18": {
        "precision": 1.0,
        "recall": 0.14814814814814814,
        "f1-score": 0.25806451612903225,
        "support": 81.0
    },
    "micro avg": {
        "precision": 0.23822714681440443,
        "recall": 0.23593964334705075,
        "f1-score": 0.2370778773259821,
        "support": 729.0
    },
    "macro avg": {
        "precision": 0.26080481134616273,
        "recall": 0.23593964334705073,
        "f1-score": 0.19698438829684128,
        "support": 729.0
    },
    "weighted avg": {
        "precision": 0.26080481134616273,
        "recall": 0.23593964334705075,
        "f1-score": 0.19698438829684128,
        "support": 729.0
    },
    "accuracy": 0.23593964334705075
}