{
    "10": {
        "precision": 0.3645320197044335,
        "recall": 0.9135802469135802,
        "f1-score": 0.5211267605633803,
        "support": 81.0
    },
    "11": {
        "precision": 0.0761904761904762,
        "recall": 0.19753086419753085,
        "f1-score": 0.10996563573883161,
        "support": 81.0
    },
    "12": {
        "precision": 0.16666666666666666,
        "recall": 0.1111111111111111,
        "f1-score": 0.13333333333333333,
        "support": 81.0
    },
    "13": {
        "precision": 0.09836065573770492,
        "recall": 0.14814814814814814,
        "f1-score": 0.11822660098522167,
        "support": 81.0
    },
    "14": {
        "precision": 0.0,
        "recall": 0.0,
        "f1-score": 0.0,
        "support": 81.0
    },
    "15": {
        "precision": 0.06666666666666667,
        "recall": 0.024691358024691357,
        "f1-score": 0.036036036036036036,
        "support": 81.0
    },
    "16": {
        "precision": 0.0425531914893617,
        "recall": 0.024691358024691357,
        "f1-score": 0.03125,
        "support": 81.0
    },
    "17": {
        "precision": 0.0,
        "recall": 0.0,
        "f1-score": 0.0,
        "support": 81.0
    },
    "18": {
        "precision": 0.8571428571428571,
        "recall": 0.07407407407407407,
        "f1-score": 0.13636363636363635,
        "support": 81.0
    },
    "micro avg": {
        "precision": 0.16759002770083103,
        "recall": 0.16598079561042525,
        "f1-score": 0.1667815299793246,
        "support": 729.0
    },
    "macro avg": {
        "precision": 0.18579028151090743,
        "recall": 0.16598079561042522,
        "f1-score": 0.12070022255782659,
        "support": 729.0
    },
    "weighted avg": {
        "precision": 0.18579028151090743,
        "recall": 0.16598079561042525,
        "f1-score": 0.1207002225578266,
        "support": 729.0
    },
    "accuracy": 0.16598079561042525
}