{
    "1": {
        "precision": 1.0,
        "recall": 1.0,
        "f1-score": 1.0,
        "support": 81.0
    },
    "2": {
        "precision": 1.0,
        "recall": 1.0,
        "f1-score": 1.0,
        "support": 81.0
    },
    "3": {
        "precision": 1.0,
        "recall": 1.0,
        "f1-score": 1.0,
        "support": 81.0
    },
    "4": {
        "precision": 0.9873417721518988,
        "recall": 0.9629629629629629,
        "f1-score": 0.975,
        "support": 81.0
    },
    "5": {
        "precision": 0.8555555555555555,
        "recall": 0.9506172839506173,
        "f1-score": 0.9005847953216374,
        "support": 81.0
    },
    "6": {
        "precision": 0.7692307692307693,
        "recall": 0.7407407407407407,
        "f1-score": 0.7547169811320755,
        "support": 81.0
    },
    "7": {
        "precision": 0.6170212765957447,
        "recall": 0.7160493827160493,
        "f1-score": 0.6628571428571428,
        "support": 81.0
    },
    "8": {
        "precision": 0.6125,
        "recall": 0.6049382716049383,
        "f1-score": 0.6086956521739131,
        "support": 81.0
    },
    "9": {
        "precision": 0.8615384615384616,
        "recall": 0.691358024691358,
        "f1-score": 0.7671232876712328,
        "support": 81.0
    },
    "accuracy": 0.8518518518518519,
    "macro avg": {
        "precision": 0.8559097594524923,
        "recall": 0.8518518518518517,
        "f1-score": 0.8521086510173335,
        "support": 729.0
    },
    "weighted avg": {
        "precision": 0.8559097594524921,
        "recall": 0.8518518518518519,
        "f1-score": 0.8521086510173336,
        "support": 729.0
    }
}