{
    "1": {
        "precision": 1.0,
        "recall": 0.9382716049382716,
        "f1-score": 0.9681528662420382,
        "support": 81.0
    },
    "2": {
        "precision": 0.9390243902439024,
        "recall": 0.9506172839506173,
        "f1-score": 0.9447852760736196,
        "support": 81.0
    },
    "3": {
        "precision": 0.9859154929577465,
        "recall": 0.8641975308641975,
        "f1-score": 0.9210526315789473,
        "support": 81.0
    },
    "4": {
        "precision": 0.8421052631578947,
        "recall": 0.7901234567901234,
        "f1-score": 0.8152866242038217,
        "support": 81.0
    },
    "5": {
        "precision": 0.8148148148148148,
        "recall": 0.8148148148148148,
        "f1-score": 0.8148148148148148,
        "support": 81.0
    },
    "6": {
        "precision": 0.821917808219178,
        "recall": 0.7407407407407407,
        "f1-score": 0.7792207792207793,
        "support": 81.0
    },
    "7": {
        "precision": 0.6811594202898551,
        "recall": 0.5802469135802469,
        "f1-score": 0.6266666666666667,
        "support": 81.0
    },
    "8": {
        "precision": 0.5633802816901409,
        "recall": 0.49382716049382713,
        "f1-score": 0.5263157894736842,
        "support": 81.0
    },
    "9": {
        "precision": 0.45098039215686275,
        "recall": 0.2839506172839506,
        "f1-score": 0.3484848484848485,
        "support": 81.0
    },
    "micro avg": {
        "precision": 0.8046153846153846,
        "recall": 0.7174211248285323,
        "f1-score": 0.7585206671501088,
        "support": 729.0
    },
    "macro avg": {
        "precision": 0.7888108737255995,
        "recall": 0.7174211248285322,
        "f1-score": 0.7494200329732467,
        "support": 729.0
    },
    "weighted avg": {
        "precision": 0.7888108737255995,
        "recall": 0.7174211248285323,
        "f1-score": 0.7494200329732467,
        "support": 729.0
    },
    "accuracy": 0.7174211248285323
}