{
    "1": {
        "precision": 0.9785664089950808,
        "recall": 0.996600465199499,
        "f1-score": 0.9875011080577963,
        "support": 5589.0
    },
    "2": {
        "precision": 0.7788764689022643,
        "recall": 0.9724458758275183,
        "f1-score": 0.864963794063818,
        "support": 5589.0
    },
    "3": {
        "precision": 0.6438807445231428,
        "recall": 0.6994095544820182,
        "f1-score": 0.6704974271012006,
        "support": 5589.0
    },
    "4": {
        "precision": 0.4909150433786217,
        "recall": 0.5365897298264448,
        "f1-score": 0.5127372200376132,
        "support": 5589.0
    },
    "5": {
        "precision": 0.28404782735491396,
        "recall": 0.522812667740204,
        "f1-score": 0.36810279667422524,
        "support": 5589.0
    },
    "6": {
        "precision": 0.16847685544349625,
        "recall": 0.23313651816067274,
        "f1-score": 0.19560159123320572,
        "support": 5589.0
    },
    "7": {
        "precision": 0.14849572177753242,
        "recall": 0.09626051171944892,
        "f1-score": 0.116804168475901,
        "support": 5589.0
    },
    "8": {
        "precision": 0.3375,
        "recall": 0.13043478260869565,
        "f1-score": 0.18815331010452963,
        "support": 5589.0
    },
    "9": {
        "precision": 0.609375,
        "recall": 0.013955984970477724,
        "f1-score": 0.027287038656638098,
        "support": 5589.0
    },
    "micro avg": {
        "precision": 0.4813865770161125,
        "recall": 0.46684956561499774,
        "f1-score": 0.4740066408970257,
        "support": 50301.0
    },
    "macro avg": {
        "precision": 0.49334823004167244,
        "recall": 0.46684956561499774,
        "f1-score": 0.4368498282672142,
        "support": 50301.0
    },
    "weighted avg": {
        "precision": 0.49334823004167244,
        "recall": 0.46684956561499774,
        "f1-score": 0.43684982826721414,
        "support": 50301.0
    },
    "accuracy": 0.46684956561499774
}