{
    "10": {
        "precision": 0.5076923076923077,
        "recall": 0.8148148148148148,
        "f1-score": 0.6255924170616114,
        "support": 81.0
    },
    "11": {
        "precision": 0.5483870967741935,
        "recall": 0.20987654320987653,
        "f1-score": 0.30357142857142855,
        "support": 81.0
    },
    "12": {
        "precision": 0.9558823529411765,
        "recall": 0.8024691358024691,
        "f1-score": 0.87248322147651,
        "support": 81.0
    },
    "13": {
        "precision": 0.9636363636363636,
        "recall": 0.654320987654321,
        "f1-score": 0.7794117647058824,
        "support": 81.0
    },
    "14": {
        "precision": 0.6376811594202898,
        "recall": 0.5432098765432098,
        "f1-score": 0.5866666666666667,
        "support": 81.0
    },
    "15": {
        "precision": 0.4931506849315068,
        "recall": 0.4444444444444444,
        "f1-score": 0.4675324675324675,
        "support": 81.0
    },
    "16": {
        "precision": 0.08888888888888889,
        "recall": 0.04938271604938271,
        "f1-score": 0.06349206349206349,
        "support": 81.0
    },
    "17": {
        "precision": 0.0,
        "recall": 0.0,
        "f1-score": 0.0,
        "support": 81.0
    },
    "18": {
        "precision": 0.0,
        "recall": 0.0,
        "f1-score": 0.0,
        "support": 81.0
    },
    "micro avg": {
        "precision": 0.5163043478260869,
        "recall": 0.39094650205761317,
        "f1-score": 0.4449648711943794,
        "support": 729.0
    },
    "macro avg": {
        "precision": 0.46614653936496964,
        "recall": 0.3909465020576131,
        "f1-score": 0.41097222550073664,
        "support": 729.0
    },
    "weighted avg": {
        "precision": 0.4661465393649697,
        "recall": 0.39094650205761317,
        "f1-score": 0.41097222550073664,
        "support": 729.0
    },
    "accuracy": 0.39094650205761317
}