{
    "1": {
        "precision": 0.9935897435897436,
        "recall": 0.8874575058149937,
        "f1-score": 0.9375295340705038,
        "support": 5589.0
    },
    "2": {
        "precision": 0.9632518634078696,
        "recall": 0.9942744677044194,
        "f1-score": 0.9785173446029231,
        "support": 5589.0
    },
    "3": {
        "precision": 0.9742827151854444,
        "recall": 0.9964215423152621,
        "f1-score": 0.9852277753206545,
        "support": 5589.0
    },
    "4": {
        "precision": 0.9715730728985001,
        "recall": 0.9967793880837359,
        "f1-score": 0.984014837057317,
        "support": 5589.0
    },
    "5": {
        "precision": 0.9830418653948065,
        "recall": 0.9957058507783145,
        "f1-score": 0.9893333333333333,
        "support": 5589.0
    },
    "6": {
        "precision": 0.9889699341754137,
        "recall": 0.9946323134728932,
        "f1-score": 0.991793041926851,
        "support": 5589.0
    },
    "7": {
        "precision": 0.9901855817273376,
        "recall": 0.9928430846305243,
        "f1-score": 0.9915125524881623,
        "support": 5589.0
    },
    "8": {
        "precision": 0.9910281715413601,
        "recall": 0.988191089640365,
        "f1-score": 0.989607597204802,
        "support": 5589.0
    },
    "9": {
        "precision": 0.9954873646209387,
        "recall": 0.9867597065664698,
        "f1-score": 0.9911043220415131,
        "support": 5589.0
    },
    "micro avg": {
        "precision": 0.9832304321848238,
        "recall": 0.9814516610007753,
        "f1-score": 0.9823402413666166,
        "support": 50301.0
    },
    "macro avg": {
        "precision": 0.9834900347268238,
        "recall": 0.9814516610007753,
        "f1-score": 0.9820711486717845,
        "support": 50301.0
    },
    "weighted avg": {
        "precision": 0.9834900347268238,
        "recall": 0.9814516610007753,
        "f1-score": 0.9820711486717845,
        "support": 50301.0
    },
    "accuracy": 0.9814516610007753
}