{
    "10": {
        "precision": 0.33035714285714285,
        "recall": 0.9135802469135802,
        "f1-score": 0.4852459016393443,
        "support": 81.0
    },
    "11": {
        "precision": 0.07042253521126761,
        "recall": 0.18518518518518517,
        "f1-score": 0.10204081632653061,
        "support": 81.0
    },
    "12": {
        "precision": 0.20454545454545456,
        "recall": 0.1111111111111111,
        "f1-score": 0.144,
        "support": 81.0
    },
    "13": {
        "precision": 0.1111111111111111,
        "recall": 0.14814814814814814,
        "f1-score": 0.12698412698412698,
        "support": 81.0
    },
    "14": {
        "precision": 0.0,
        "recall": 0.0,
        "f1-score": 0.0,
        "support": 81.0
    },
    "15": {
        "precision": 0.08333333333333333,
        "recall": 0.024691358024691357,
        "f1-score": 0.0380952380952381,
        "support": 81.0
    },
    "16": {
        "precision": 0.09259259259259259,
        "recall": 0.06172839506172839,
        "f1-score": 0.07407407407407407,
        "support": 81.0
    },
    "17": {
        "precision": 0.0,
        "recall": 0.0,
        "f1-score": 0.0,
        "support": 81.0
    },
    "18": {
        "precision": 1.0,
        "recall": 0.07407407407407407,
        "f1-score": 0.13793103448275862,
        "support": 81.0
    },
    "micro avg": {
        "precision": 0.17154811715481172,
        "recall": 0.16872427983539096,
        "f1-score": 0.17012448132780084,
        "support": 729.0
    },
    "macro avg": {
        "precision": 0.21026246329454468,
        "recall": 0.16872427983539096,
        "f1-score": 0.12315235462245251,
        "support": 729.0
    },
    "weighted avg": {
        "precision": 0.21026246329454468,
        "recall": 0.16872427983539096,
        "f1-score": 0.1231523546224525,
        "support": 729.0
    },
    "accuracy": 0.16872427983539096
}