{
    "1": {
        "precision": 1.0,
        "recall": 0.8765432098765432,
        "f1-score": 0.9342105263157895,
        "support": 81.0
    },
    "2": {
        "precision": 0.8837209302325582,
        "recall": 0.9382716049382716,
        "f1-score": 0.9101796407185628,
        "support": 81.0
    },
    "3": {
        "precision": 0.975,
        "recall": 0.9629629629629629,
        "f1-score": 0.968944099378882,
        "support": 81.0
    },
    "4": {
        "precision": 0.948051948051948,
        "recall": 0.9012345679012346,
        "f1-score": 0.9240506329113924,
        "support": 81.0
    },
    "5": {
        "precision": 0.8987341772151899,
        "recall": 0.8765432098765432,
        "f1-score": 0.8875,
        "support": 81.0
    },
    "6": {
        "precision": 0.8701298701298701,
        "recall": 0.8271604938271605,
        "f1-score": 0.8481012658227848,
        "support": 81.0
    },
    "7": {
        "precision": 0.7567567567567568,
        "recall": 0.691358024691358,
        "f1-score": 0.7225806451612903,
        "support": 81.0
    },
    "8": {
        "precision": 0.7101449275362319,
        "recall": 0.6049382716049383,
        "f1-score": 0.6533333333333333,
        "support": 81.0
    },
    "9": {
        "precision": 0.6551724137931034,
        "recall": 0.4691358024691358,
        "f1-score": 0.5467625899280576,
        "support": 81.0
    },
    "micro avg": {
        "precision": 0.8628912071535022,
        "recall": 0.7942386831275721,
        "f1-score": 0.8271428571428572,
        "support": 729.0
    },
    "macro avg": {
        "precision": 0.8553012248572953,
        "recall": 0.7942386831275721,
        "f1-score": 0.8217403037300104,
        "support": 729.0
    },
    "weighted avg": {
        "precision": 0.8553012248572953,
        "recall": 0.7942386831275721,
        "f1-score": 0.8217403037300103,
        "support": 729.0
    },
    "accuracy": 0.7942386831275721
}