{
    "10": {
        "precision": 0.19607843137254902,
        "recall": 0.37037037037037035,
        "f1-score": 0.2564102564102564,
        "support": 81.0
    },
    "11": {
        "precision": 0.0,
        "recall": 0.0,
        "f1-score": 0.0,
        "support": 81.0
    },
    "12": {
        "precision": 0.2897196261682243,
        "recall": 0.38271604938271603,
        "f1-score": 0.32978723404255317,
        "support": 81.0
    },
    "13": {
        "precision": 0.3235294117647059,
        "recall": 0.13580246913580246,
        "f1-score": 0.19130434782608696,
        "support": 81.0
    },
    "14": {
        "precision": 0.6153846153846154,
        "recall": 0.09876543209876543,
        "f1-score": 0.1702127659574468,
        "support": 81.0
    },
    "15": {
        "precision": 0.28888888888888886,
        "recall": 0.8024691358024691,
        "f1-score": 0.42483660130718953,
        "support": 81.0
    },
    "16": {
        "precision": 0.0,
        "recall": 0.0,
        "f1-score": 0.0,
        "support": 81.0
    },
    "17": {
        "precision": 0.8571428571428571,
        "recall": 0.07407407407407407,
        "f1-score": 0.13636363636363635,
        "support": 81.0
    },
    "18": {
        "precision": 0.0,
        "recall": 0.0,
        "f1-score": 0.0,
        "support": 81.0
    },
    "micro avg": {
        "precision": 0.2785977859778598,
        "recall": 0.20713305898491083,
        "f1-score": 0.23760818253343824,
        "support": 729.0
    },
    "macro avg": {
        "precision": 0.28563820341353785,
        "recall": 0.20713305898491083,
        "f1-score": 0.16765720465635214,
        "support": 729.0
    },
    "weighted avg": {
        "precision": 0.28563820341353785,
        "recall": 0.20713305898491083,
        "f1-score": 0.16765720465635212,
        "support": 729.0
    },
    "accuracy": 0.20713305898491083
}