{
    "1": {
        "precision": 1.0,
        "recall": 1.0,
        "f1-score": 1.0,
        "support": 81.0
    },
    "2": {
        "precision": 1.0,
        "recall": 1.0,
        "f1-score": 1.0,
        "support": 81.0
    },
    "3": {
        "precision": 1.0,
        "recall": 1.0,
        "f1-score": 1.0,
        "support": 81.0
    },
    "4": {
        "precision": 1.0,
        "recall": 1.0,
        "f1-score": 1.0,
        "support": 81.0
    },
    "5": {
        "precision": 0.8709677419354839,
        "recall": 1.0,
        "f1-score": 0.9310344827586207,
        "support": 81.0
    },
    "6": {
        "precision": 0.8472222222222222,
        "recall": 0.7530864197530864,
        "f1-score": 0.7973856209150327,
        "support": 81.0
    },
    "7": {
        "precision": 0.75,
        "recall": 0.7777777777777778,
        "f1-score": 0.7636363636363637,
        "support": 81.0
    },
    "8": {
        "precision": 0.7159090909090909,
        "recall": 0.7777777777777778,
        "f1-score": 0.7455621301775148,
        "support": 81.0
    },
    "9": {
        "precision": 0.9264705882352942,
        "recall": 0.7777777777777778,
        "f1-score": 0.8456375838926175,
        "support": 81.0
    },
    "accuracy": 0.8984910836762688,
    "macro avg": {
        "precision": 0.9011744048113434,
        "recall": 0.898491083676269,
        "f1-score": 0.8981395757089055,
        "support": 729.0
    },
    "weighted avg": {
        "precision": 0.9011744048113435,
        "recall": 0.8984910836762688,
        "f1-score": 0.8981395757089057,
        "support": 729.0
    }
}