{
    "10": {
        "precision": 0.02586206896551724,
        "recall": 0.037037037037037035,
        "f1-score": 0.030456852791878174,
        "support": 81.0
    },
    "11": {
        "precision": 0.0,
        "recall": 0.0,
        "f1-score": 0.0,
        "support": 81.0
    },
    "12": {
        "precision": 0.8148148148148148,
        "recall": 0.2716049382716049,
        "f1-score": 0.4074074074074074,
        "support": 81.0
    },
    "13": {
        "precision": 0.6,
        "recall": 0.2222222222222222,
        "f1-score": 0.32432432432432434,
        "support": 81.0
    },
    "14": {
        "precision": 0.24561403508771928,
        "recall": 0.1728395061728395,
        "f1-score": 0.2028985507246377,
        "support": 81.0
    },
    "15": {
        "precision": 0.16279069767441862,
        "recall": 0.1728395061728395,
        "f1-score": 0.16766467065868262,
        "support": 81.0
    },
    "16": {
        "precision": 0.23655913978494625,
        "recall": 0.2716049382716049,
        "f1-score": 0.25287356321839083,
        "support": 81.0
    },
    "17": {
        "precision": 0.0,
        "recall": 0.0,
        "f1-score": 0.0,
        "support": 81.0
    },
    "18": {
        "precision": 0.1656441717791411,
        "recall": 0.3333333333333333,
        "f1-score": 0.22131147540983606,
        "support": 81.0
    },
    "micro avg": {
        "precision": 0.20905923344947736,
        "recall": 0.1646090534979424,
        "f1-score": 0.1841903300076746,
        "support": 729.0
    },
    "macro avg": {
        "precision": 0.25014276978961747,
        "recall": 0.16460905349794236,
        "f1-score": 0.17854853828168413,
        "support": 729.0
    },
    "weighted avg": {
        "precision": 0.25014276978961747,
        "recall": 0.1646090534979424,
        "f1-score": 0.1785485382816841,
        "support": 729.0
    },
    "accuracy": 0.1646090534979424
}