{
    "1": {
        "precision": 1.0,
        "recall": 1.0,
        "f1-score": 1.0,
        "support": 81.0
    },
    "2": {
        "precision": 1.0,
        "recall": 1.0,
        "f1-score": 1.0,
        "support": 81.0
    },
    "3": {
        "precision": 0.8555555555555555,
        "recall": 0.9506172839506173,
        "f1-score": 0.9005847953216374,
        "support": 81.0
    },
    "4": {
        "precision": 0.7407407407407407,
        "recall": 0.7407407407407407,
        "f1-score": 0.7407407407407407,
        "support": 81.0
    },
    "5": {
        "precision": 0.39622641509433965,
        "recall": 0.7777777777777778,
        "f1-score": 0.525,
        "support": 81.0
    },
    "6": {
        "precision": 0.3387096774193548,
        "recall": 0.25925925925925924,
        "f1-score": 0.2937062937062937,
        "support": 81.0
    },
    "7": {
        "precision": 0.29896907216494845,
        "recall": 0.35802469135802467,
        "f1-score": 0.3258426966292135,
        "support": 81.0
    },
    "8": {
        "precision": 0.32857142857142857,
        "recall": 0.2839506172839506,
        "f1-score": 0.304635761589404,
        "support": 81.0
    },
    "9": {
        "precision": 1.0,
        "recall": 0.06172839506172839,
        "f1-score": 0.11627906976744186,
        "support": 81.0
    },
    "micro avg": {
        "precision": 0.6060606060606061,
        "recall": 0.6035665294924554,
        "f1-score": 0.6048109965635738,
        "support": 729.0
    },
    "macro avg": {
        "precision": 0.6620858766162631,
        "recall": 0.6035665294924555,
        "f1-score": 0.5785321508616368,
        "support": 729.0
    },
    "weighted avg": {
        "precision": 0.6620858766162632,
        "recall": 0.6035665294924554,
        "f1-score": 0.5785321508616368,
        "support": 729.0
    },
    "accuracy": 0.6035665294924554
}