{
    "1": {
        "precision": 1.0,
        "recall": 1.0,
        "f1-score": 1.0,
        "support": 81.0
    },
    "2": {
        "precision": 0.9878048780487805,
        "recall": 1.0,
        "f1-score": 0.9938650306748467,
        "support": 81.0
    },
    "3": {
        "precision": 0.975,
        "recall": 0.9629629629629629,
        "f1-score": 0.968944099378882,
        "support": 81.0
    },
    "4": {
        "precision": 0.6694915254237288,
        "recall": 0.9753086419753086,
        "f1-score": 0.7939698492462312,
        "support": 81.0
    },
    "5": {
        "precision": 0.41509433962264153,
        "recall": 0.5432098765432098,
        "f1-score": 0.47058823529411764,
        "support": 81.0
    },
    "6": {
        "precision": 0.21,
        "recall": 0.25925925925925924,
        "f1-score": 0.23204419889502761,
        "support": 81.0
    },
    "7": {
        "precision": 0.1276595744680851,
        "recall": 0.14814814814814814,
        "f1-score": 0.13714285714285715,
        "support": 81.0
    },
    "8": {
        "precision": 0.15625,
        "recall": 0.12345679012345678,
        "f1-score": 0.13793103448275862,
        "support": 81.0
    },
    "9": {
        "precision": 1.0,
        "recall": 0.037037037037037035,
        "f1-score": 0.07142857142857142,
        "support": 81.0
    },
    "micro avg": {
        "precision": 0.5618131868131868,
        "recall": 0.5610425240054869,
        "f1-score": 0.5614275909402883,
        "support": 729.0
    },
    "macro avg": {
        "precision": 0.615700035284804,
        "recall": 0.5610425240054869,
        "f1-score": 0.5339904307270325,
        "support": 729.0
    },
    "weighted avg": {
        "precision": 0.615700035284804,
        "recall": 0.5610425240054869,
        "f1-score": 0.5339904307270326,
        "support": 729.0
    },
    "accuracy": 0.5610425240054869
}