{
    "10": {
        "precision": 0.6129032258064516,
        "recall": 0.7037037037037037,
        "f1-score": 0.6551724137931034,
        "support": 81.0
    },
    "11": {
        "precision": 0.8181818181818182,
        "recall": 0.5555555555555556,
        "f1-score": 0.6617647058823529,
        "support": 81.0
    },
    "12": {
        "precision": 0.5982905982905983,
        "recall": 0.8641975308641975,
        "f1-score": 0.7070707070707071,
        "support": 81.0
    },
    "13": {
        "precision": 0.35106382978723405,
        "recall": 0.4074074074074074,
        "f1-score": 0.37714285714285717,
        "support": 81.0
    },
    "14": {
        "precision": 0.46153846153846156,
        "recall": 0.2962962962962963,
        "f1-score": 0.3609022556390977,
        "support": 81.0
    },
    "15": {
        "precision": 0.5833333333333334,
        "recall": 0.6049382716049383,
        "f1-score": 0.593939393939394,
        "support": 81.0
    },
    "16": {
        "precision": 0.5121951219512195,
        "recall": 0.5185185185185185,
        "f1-score": 0.5153374233128835,
        "support": 81.0
    },
    "17": {
        "precision": 0.42342342342342343,
        "recall": 0.5802469135802469,
        "f1-score": 0.4895833333333333,
        "support": 81.0
    },
    "18": {
        "precision": 0.9333333333333333,
        "recall": 0.1728395061728395,
        "f1-score": 0.2916666666666667,
        "support": 81.0
    },
    "micro avg": {
        "precision": 0.5419630156472262,
        "recall": 0.522633744855967,
        "f1-score": 0.5321229050279329,
        "support": 729.0
    },
    "macro avg": {
        "precision": 0.5882514606273193,
        "recall": 0.522633744855967,
        "f1-score": 0.5169533063089329,
        "support": 729.0
    },
    "weighted avg": {
        "precision": 0.5882514606273193,
        "recall": 0.522633744855967,
        "f1-score": 0.5169533063089329,
        "support": 729.0
    },
    "accuracy": 0.522633744855967
}