{
    "1": {
        "precision": 0.9878048780487805,
        "recall": 1.0,
        "f1-score": 0.9938650306748467,
        "support": 81.0
    },
    "2": {
        "precision": 0.6639004149377593,
        "recall": 0.9876543209876543,
        "f1-score": 0.794044665012407,
        "support": 162.0
    },
    "3": {
        "precision": 0.3935643564356436,
        "recall": 0.654320987654321,
        "f1-score": 0.49149922720247297,
        "support": 243.0
    },
    "4": {
        "precision": 0.17929292929292928,
        "recall": 0.2191358024691358,
        "f1-score": 0.19722222222222222,
        "support": 324.0
    },
    "5": {
        "precision": 0.1444043321299639,
        "recall": 0.19753086419753085,
        "f1-score": 0.16684045881126172,
        "support": 405.0
    },
    "6": {
        "precision": 0.04480651731160896,
        "recall": 0.04526748971193416,
        "f1-score": 0.04503582395087001,
        "support": 486.0
    },
    "7": {
        "precision": 0.13414634146341464,
        "recall": 0.1746031746031746,
        "f1-score": 0.15172413793103448,
        "support": 567.0
    },
    "8": {
        "precision": 0.013568521031207599,
        "recall": 0.015432098765432098,
        "f1-score": 0.01444043321299639,
        "support": 648.0
    },
    "9": {
        "precision": 1.0,
        "recall": 0.0027434842249657062,
        "f1-score": 0.005471956224350205,
        "support": 729.0
    },
    "accuracy": 0.18765432098765433,
    "macro avg": {
        "precision": 0.3957209211834786,
        "recall": 0.36629869140157206,
        "f1-score": 0.31779377280471793,
        "support": 3645.0
    },
    "weighted avg": {
        "precision": 0.3389311959425774,
        "recall": 0.18765432098765433,
        "f1-score": 0.15947996013773025,
        "support": 3645.0
    }
}