{
    "1": {
        "precision": 0.9759036144578314,
        "recall": 1.0,
        "f1-score": 0.9878048780487805,
        "support": 81.0
    },
    "2": {
        "precision": 0.9080459770114943,
        "recall": 0.9753086419753086,
        "f1-score": 0.9404761904761905,
        "support": 81.0
    },
    "3": {
        "precision": 0.8085106382978723,
        "recall": 0.9382716049382716,
        "f1-score": 0.8685714285714285,
        "support": 81.0
    },
    "4": {
        "precision": 0.549618320610687,
        "recall": 0.8888888888888888,
        "f1-score": 0.6792452830188679,
        "support": 81.0
    },
    "5": {
        "precision": 0.5161290322580645,
        "recall": 0.7901234567901234,
        "f1-score": 0.624390243902439,
        "support": 81.0
    },
    "6": {
        "precision": 0.45454545454545453,
        "recall": 0.43209876543209874,
        "f1-score": 0.4430379746835443,
        "support": 81.0
    },
    "7": {
        "precision": 0.5121951219512195,
        "recall": 0.25925925925925924,
        "f1-score": 0.3442622950819672,
        "support": 81.0
    },
    "8": {
        "precision": 0.5581395348837209,
        "recall": 0.2962962962962963,
        "f1-score": 0.3870967741935484,
        "support": 81.0
    },
    "9": {
        "precision": 0.7058823529411765,
        "recall": 0.14814814814814814,
        "f1-score": 0.24489795918367346,
        "support": 81.0
    },
    "micro avg": {
        "precision": 0.6657101865136298,
        "recall": 0.6364883401920439,
        "f1-score": 0.6507713884992987,
        "support": 729.0
    },
    "macro avg": {
        "precision": 0.6654411163286135,
        "recall": 0.6364883401920438,
        "f1-score": 0.6133092252400489,
        "support": 729.0
    },
    "weighted avg": {
        "precision": 0.6654411163286135,
        "recall": 0.6364883401920439,
        "f1-score": 0.6133092252400488,
        "support": 729.0
    },
    "accuracy": 0.6364883401920439
}