{
    "10": {
        "precision": 0.15846994535519127,
        "recall": 0.35802469135802467,
        "f1-score": 0.2196969696969697,
        "support": 81.0
    },
    "11": {
        "precision": 0.0,
        "recall": 0.0,
        "f1-score": 0.0,
        "support": 81.0
    },
    "12": {
        "precision": 0.15436241610738255,
        "recall": 0.2839506172839506,
        "f1-score": 0.2,
        "support": 81.0
    },
    "13": {
        "precision": 0.08333333333333333,
        "recall": 0.012345679012345678,
        "f1-score": 0.021505376344086023,
        "support": 81.0
    },
    "14": {
        "precision": 0.0,
        "recall": 0.0,
        "f1-score": 0.0,
        "support": 81.0
    },
    "15": {
        "precision": 0.2097902097902098,
        "recall": 0.7407407407407407,
        "f1-score": 0.32697547683923706,
        "support": 81.0
    },
    "16": {
        "precision": 0.0,
        "recall": 0.0,
        "f1-score": 0.0,
        "support": 81.0
    },
    "17": {
        "precision": 0.0,
        "recall": 0.0,
        "f1-score": 0.0,
        "support": 81.0
    },
    "18": {
        "precision": 0.0,
        "recall": 0.0,
        "f1-score": 0.0,
        "support": 81.0
    },
    "micro avg": {
        "precision": 0.17936507936507937,
        "recall": 0.1550068587105624,
        "f1-score": 0.16629874908020603,
        "support": 729.0
    },
    "macro avg": {
        "precision": 0.06732843384290188,
        "recall": 0.1550068587105624,
        "f1-score": 0.08535309143114364,
        "support": 729.0
    },
    "weighted avg": {
        "precision": 0.06732843384290188,
        "recall": 0.1550068587105624,
        "f1-score": 0.08535309143114364,
        "support": 729.0
    },
    "accuracy": 0.1550068587105624
}