{
    "1": {
        "precision": 1.0,
        "recall": 1.0,
        "f1-score": 1.0,
        "support": 81.0
    },
    "2": {
        "precision": 1.0,
        "recall": 1.0,
        "f1-score": 1.0,
        "support": 81.0
    },
    "3": {
        "precision": 0.9294117647058824,
        "recall": 0.9753086419753086,
        "f1-score": 0.9518072289156626,
        "support": 81.0
    },
    "4": {
        "precision": 0.9122807017543859,
        "recall": 0.6419753086419753,
        "f1-score": 0.7536231884057971,
        "support": 81.0
    },
    "5": {
        "precision": 0.6043956043956044,
        "recall": 0.6790123456790124,
        "f1-score": 0.6395348837209303,
        "support": 81.0
    },
    "6": {
        "precision": 0.5340909090909091,
        "recall": 0.5802469135802469,
        "f1-score": 0.5562130177514792,
        "support": 81.0
    },
    "7": {
        "precision": 0.5076923076923077,
        "recall": 0.4074074074074074,
        "f1-score": 0.4520547945205479,
        "support": 81.0
    },
    "8": {
        "precision": 0.45045045045045046,
        "recall": 0.6172839506172839,
        "f1-score": 0.5208333333333334,
        "support": 81.0
    },
    "9": {
        "precision": 0.6046511627906976,
        "recall": 0.32098765432098764,
        "f1-score": 0.41935483870967744,
        "support": 81.0
    },
    "micro avg": {
        "precision": 0.717948717948718,
        "recall": 0.691358024691358,
        "f1-score": 0.7044025157232704,
        "support": 729.0
    },
    "macro avg": {
        "precision": 0.7269969889866931,
        "recall": 0.691358024691358,
        "f1-score": 0.6992690317063809,
        "support": 729.0
    },
    "weighted avg": {
        "precision": 0.7269969889866931,
        "recall": 0.691358024691358,
        "f1-score": 0.6992690317063809,
        "support": 729.0
    },
    "accuracy": 0.691358024691358
}