{
    "10": {
        "precision": 0.23300970873786409,
        "recall": 0.2962962962962963,
        "f1-score": 0.2608695652173913,
        "support": 81.0
    },
    "11": {
        "precision": 0.0,
        "recall": 0.0,
        "f1-score": 0.0,
        "support": 81.0
    },
    "12": {
        "precision": 0.8020833333333334,
        "recall": 0.9506172839506173,
        "f1-score": 0.8700564971751412,
        "support": 81.0
    },
    "13": {
        "precision": 0.6666666666666666,
        "recall": 0.7901234567901234,
        "f1-score": 0.7231638418079096,
        "support": 81.0
    },
    "14": {
        "precision": 0.8611111111111112,
        "recall": 0.38271604938271603,
        "f1-score": 0.5299145299145299,
        "support": 81.0
    },
    "15": {
        "precision": 0.5611510791366906,
        "recall": 0.9629629629629629,
        "f1-score": 0.7090909090909091,
        "support": 81.0
    },
    "16": {
        "precision": 0.7931034482758621,
        "recall": 0.2839506172839506,
        "f1-score": 0.41818181818181815,
        "support": 81.0
    },
    "17": {
        "precision": 1.0,
        "recall": 0.024691358024691357,
        "f1-score": 0.04819277108433735,
        "support": 81.0
    },
    "18": {
        "precision": 0.0,
        "recall": 0.0,
        "f1-score": 0.0,
        "support": 81.0
    },
    "micro avg": {
        "precision": 0.5944333996023857,
        "recall": 0.4101508916323731,
        "f1-score": 0.48538961038961037,
        "support": 729.0
    },
    "macro avg": {
        "precision": 0.5463472608068365,
        "recall": 0.41015089163237317,
        "f1-score": 0.3954966591635596,
        "support": 729.0
    },
    "weighted avg": {
        "precision": 0.5463472608068365,
        "recall": 0.4101508916323731,
        "f1-score": 0.39549665916355964,
        "support": 729.0
    },
    "accuracy": 0.4101508916323731
}