{
    "1": {
        "precision": 1.0,
        "recall": 1.0,
        "f1-score": 1.0,
        "support": 81.0
    },
    "2": {
        "precision": 1.0,
        "recall": 1.0,
        "f1-score": 1.0,
        "support": 81.0
    },
    "3": {
        "precision": 1.0,
        "recall": 1.0,
        "f1-score": 1.0,
        "support": 81.0
    },
    "4": {
        "precision": 1.0,
        "recall": 1.0,
        "f1-score": 1.0,
        "support": 81.0
    },
    "5": {
        "precision": 0.9759036144578314,
        "recall": 1.0,
        "f1-score": 0.9878048780487805,
        "support": 81.0
    },
    "6": {
        "precision": 0.9634146341463414,
        "recall": 0.9753086419753086,
        "f1-score": 0.9693251533742331,
        "support": 81.0
    },
    "7": {
        "precision": 0.8953488372093024,
        "recall": 0.9506172839506173,
        "f1-score": 0.9221556886227545,
        "support": 81.0
    },
    "8": {
        "precision": 0.9342105263157895,
        "recall": 0.8765432098765432,
        "f1-score": 0.9044585987261147,
        "support": 81.0
    },
    "9": {
        "precision": 0.9871794871794872,
        "recall": 0.9506172839506173,
        "f1-score": 0.9685534591194969,
        "support": 81.0
    },
    "accuracy": 0.9725651577503429,
    "macro avg": {
        "precision": 0.9728952332565279,
        "recall": 0.972565157750343,
        "f1-score": 0.97247753087682,
        "support": 729.0
    },
    "weighted avg": {
        "precision": 0.9728952332565279,
        "recall": 0.9725651577503429,
        "f1-score": 0.97247753087682,
        "support": 729.0
    }
}