{
    "1": {
        "precision": 1.0,
        "recall": 0.654320987654321,
        "f1-score": 0.7910447761194029,
        "support": 81.0
    },
    "2": {
        "precision": 0.7142857142857143,
        "recall": 0.8641975308641975,
        "f1-score": 0.7821229050279329,
        "support": 81.0
    },
    "3": {
        "precision": 0.9402985074626866,
        "recall": 0.7777777777777778,
        "f1-score": 0.8513513513513513,
        "support": 81.0
    },
    "4": {
        "precision": 0.759493670886076,
        "recall": 0.7407407407407407,
        "f1-score": 0.75,
        "support": 81.0
    },
    "5": {
        "precision": 0.75,
        "recall": 0.8148148148148148,
        "f1-score": 0.7810650887573964,
        "support": 81.0
    },
    "6": {
        "precision": 0.7916666666666666,
        "recall": 0.9382716049382716,
        "f1-score": 0.8587570621468926,
        "support": 81.0
    },
    "7": {
        "precision": 0.8823529411764706,
        "recall": 0.7407407407407407,
        "f1-score": 0.8053691275167785,
        "support": 81.0
    },
    "8": {
        "precision": 0.693069306930693,
        "recall": 0.8641975308641975,
        "f1-score": 0.7692307692307693,
        "support": 81.0
    },
    "9": {
        "precision": 0.8831168831168831,
        "recall": 0.8395061728395061,
        "f1-score": 0.8607594936708861,
        "support": 81.0
    },
    "micro avg": {
        "precision": 0.8060522696011004,
        "recall": 0.803840877914952,
        "f1-score": 0.804945054945055,
        "support": 729.0
    },
    "macro avg": {
        "precision": 0.8238092989472433,
        "recall": 0.803840877914952,
        "f1-score": 0.8055222859801567,
        "support": 729.0
    },
    "weighted avg": {
        "precision": 0.8238092989472434,
        "recall": 0.803840877914952,
        "f1-score": 0.8055222859801568,
        "support": 729.0
    },
    "accuracy": 0.803840877914952
}