{
    "1": {
        "precision": 1.0,
        "recall": 1.0,
        "f1-score": 1.0,
        "support": 81.0
    },
    "2": {
        "precision": 0.7017543859649122,
        "recall": 0.9876543209876543,
        "f1-score": 0.8205128205128205,
        "support": 162.0
    },
    "3": {
        "precision": 0.4788732394366197,
        "recall": 0.6995884773662552,
        "f1-score": 0.568561872909699,
        "support": 243.0
    },
    "4": {
        "precision": 0.2997711670480549,
        "recall": 0.404320987654321,
        "f1-score": 0.3442838370565046,
        "support": 324.0
    },
    "5": {
        "precision": 0.17307692307692307,
        "recall": 0.24444444444444444,
        "f1-score": 0.20266120777891505,
        "support": 405.0
    },
    "6": {
        "precision": 0.05521472392638037,
        "recall": 0.05555555555555555,
        "f1-score": 0.055384615384615386,
        "support": 486.0
    },
    "7": {
        "precision": 0.14075067024128687,
        "recall": 0.18518518518518517,
        "f1-score": 0.15993907083015993,
        "support": 567.0
    },
    "8": {
        "precision": 0.010869565217391304,
        "recall": 0.012345679012345678,
        "f1-score": 0.011560693641618497,
        "support": 648.0
    },
    "9": {
        "precision": 1.0,
        "recall": 0.0013717421124828531,
        "f1-score": 0.0027397260273972603,
        "support": 729.0
    },
    "accuracy": 0.21454046639231825,
    "macro avg": {
        "precision": 0.4289234083235076,
        "recall": 0.39894071025758265,
        "f1-score": 0.3517382049046367,
        "support": 3645.0
    },
    "weighted avg": {
        "precision": 0.362402162906732,
        "recall": 0.21454046639231825,
        "f1-score": 0.1845817092971926,
        "support": 3645.0
    }
}