{
    "1": {
        "precision": 1.0,
        "recall": 1.0,
        "f1-score": 1.0,
        "support": 1944.0
    },
    "2": {
        "precision": 1.0,
        "recall": 1.0,
        "f1-score": 1.0,
        "support": 1944.0
    },
    "3": {
        "precision": 1.0,
        "recall": 1.0,
        "f1-score": 1.0,
        "support": 1944.0
    },
    "4": {
        "precision": 1.0,
        "recall": 1.0,
        "f1-score": 1.0,
        "support": 1944.0
    },
    "5": {
        "precision": 0.9984583761562179,
        "recall": 0.9994855967078189,
        "f1-score": 0.9989717223650385,
        "support": 1944.0
    },
    "6": {
        "precision": 0.999484004127967,
        "recall": 0.9963991769547325,
        "f1-score": 0.9979392065945389,
        "support": 1944.0
    },
    "7": {
        "precision": 0.9969088098918083,
        "recall": 0.9953703703703703,
        "f1-score": 0.9961389961389961,
        "support": 1944.0
    },
    "8": {
        "precision": 0.9842158859470469,
        "recall": 0.9943415637860082,
        "f1-score": 0.989252814738997,
        "support": 1944.0
    },
    "9": {
        "precision": 0.9953392024857587,
        "recall": 0.9886831275720165,
        "f1-score": 0.992,
        "support": 1944.0
    },
    "accuracy": 0.9971422039323274,
    "macro avg": {
        "precision": 0.9971562531787553,
        "recall": 0.9971422039323274,
        "f1-score": 0.9971447488708411,
        "support": 17496.0
    },
    "weighted avg": {
        "precision": 0.9971562531787554,
        "recall": 0.9971422039323274,
        "f1-score": 0.9971447488708411,
        "support": 17496.0
    }
}