{
    "1": {
        "precision": 1.0,
        "recall": 1.0,
        "f1-score": 1.0,
        "support": 81.0
    },
    "2": {
        "precision": 1.0,
        "recall": 1.0,
        "f1-score": 1.0,
        "support": 81.0
    },
    "3": {
        "precision": 0.9871794871794872,
        "recall": 0.9506172839506173,
        "f1-score": 0.9685534591194969,
        "support": 81.0
    },
    "4": {
        "precision": 0.896551724137931,
        "recall": 0.6419753086419753,
        "f1-score": 0.7482014388489209,
        "support": 81.0
    },
    "5": {
        "precision": 0.6494845360824743,
        "recall": 0.7777777777777778,
        "f1-score": 0.7078651685393258,
        "support": 81.0
    },
    "6": {
        "precision": 0.6341463414634146,
        "recall": 0.6419753086419753,
        "f1-score": 0.6380368098159509,
        "support": 81.0
    },
    "7": {
        "precision": 0.48314606741573035,
        "recall": 0.5308641975308642,
        "f1-score": 0.5058823529411764,
        "support": 81.0
    },
    "8": {
        "precision": 0.4537037037037037,
        "recall": 0.6049382716049383,
        "f1-score": 0.5185185185185185,
        "support": 81.0
    },
    "9": {
        "precision": 0.7714285714285715,
        "recall": 0.3333333333333333,
        "f1-score": 0.46551724137931033,
        "support": 81.0
    },
    "micro avg": {
        "precision": 0.7404795486600846,
        "recall": 0.720164609053498,
        "f1-score": 0.7301808066759388,
        "support": 729.0
    },
    "macro avg": {
        "precision": 0.7639600479345903,
        "recall": 0.720164609053498,
        "f1-score": 0.7280638876847445,
        "support": 729.0
    },
    "weighted avg": {
        "precision": 0.7639600479345903,
        "recall": 0.720164609053498,
        "f1-score": 0.7280638876847445,
        "support": 729.0
    },
    "accuracy": 0.720164609053498
}