{
    "10": {
        "precision": 0.47115384615384615,
        "recall": 0.6049382716049383,
        "f1-score": 0.5297297297297298,
        "support": 81.0
    },
    "11": {
        "precision": 0.32142857142857145,
        "recall": 0.3333333333333333,
        "f1-score": 0.32727272727272727,
        "support": 81.0
    },
    "12": {
        "precision": 0.375,
        "recall": 0.25925925925925924,
        "f1-score": 0.30656934306569344,
        "support": 81.0
    },
    "13": {
        "precision": 0.42,
        "recall": 0.5185185185185185,
        "f1-score": 0.46408839779005523,
        "support": 81.0
    },
    "14": {
        "precision": 0.3793103448275862,
        "recall": 0.4074074074074074,
        "f1-score": 0.39285714285714285,
        "support": 81.0
    },
    "15": {
        "precision": 0.3787878787878788,
        "recall": 0.30864197530864196,
        "f1-score": 0.3401360544217687,
        "support": 81.0
    },
    "16": {
        "precision": 0.5757575757575758,
        "recall": 0.2345679012345679,
        "f1-score": 0.3333333333333333,
        "support": 81.0
    },
    "17": {
        "precision": 0.46875,
        "recall": 0.7407407407407407,
        "f1-score": 0.5741626794258373,
        "support": 81.0
    },
    "18": {
        "precision": 0.8611111111111112,
        "recall": 0.38271604938271603,
        "f1-score": 0.5299145299145299,
        "support": 81.0
    },
    "micro avg": {
        "precision": 0.4423631123919308,
        "recall": 0.42112482853223593,
        "f1-score": 0.4314827828531272,
        "support": 729.0
    },
    "macro avg": {
        "precision": 0.47236659200739656,
        "recall": 0.42112482853223593,
        "f1-score": 0.4220071042012019,
        "support": 729.0
    },
    "weighted avg": {
        "precision": 0.47236659200739656,
        "recall": 0.42112482853223593,
        "f1-score": 0.4220071042012019,
        "support": 729.0
    },
    "accuracy": 0.42112482853223593
}