{
    "10": {
        "precision": 0.07692307692307693,
        "recall": 0.06172839506172839,
        "f1-score": 0.0684931506849315,
        "support": 81.0
    },
    "11": {
        "precision": 1.0,
        "recall": 0.08641975308641975,
        "f1-score": 0.1590909090909091,
        "support": 81.0
    },
    "12": {
        "precision": 0.7692307692307693,
        "recall": 0.6172839506172839,
        "f1-score": 0.684931506849315,
        "support": 81.0
    },
    "13": {
        "precision": 0.375,
        "recall": 0.2222222222222222,
        "f1-score": 0.27906976744186046,
        "support": 81.0
    },
    "14": {
        "precision": 0.02702702702702703,
        "recall": 0.012345679012345678,
        "f1-score": 0.01694915254237288,
        "support": 81.0
    },
    "15": {
        "precision": 0.0,
        "recall": 0.0,
        "f1-score": 0.0,
        "support": 81.0
    },
    "16": {
        "precision": 0.0,
        "recall": 0.0,
        "f1-score": 0.0,
        "support": 81.0
    },
    "17": {
        "precision": 0.0,
        "recall": 0.0,
        "f1-score": 0.0,
        "support": 81.0
    },
    "18": {
        "precision": 0.0,
        "recall": 0.0,
        "f1-score": 0.0,
        "support": 81.0
    },
    "micro avg": {
        "precision": 0.22437673130193905,
        "recall": 0.1111111111111111,
        "f1-score": 0.14862385321100918,
        "support": 729.0
    },
    "macro avg": {
        "precision": 0.24979787479787477,
        "recall": 0.1111111111111111,
        "f1-score": 0.1342816096232654,
        "support": 729.0
    },
    "weighted avg": {
        "precision": 0.24979787479787482,
        "recall": 0.1111111111111111,
        "f1-score": 0.13428160962326544,
        "support": 729.0
    },
    "accuracy": 0.1111111111111111
}