{
    "10": {
        "precision": 0.6703296703296703,
        "recall": 0.7530864197530864,
        "f1-score": 0.7093023255813954,
        "support": 81.0
    },
    "11": {
        "precision": 0.8947368421052632,
        "recall": 0.6296296296296297,
        "f1-score": 0.7391304347826086,
        "support": 81.0
    },
    "12": {
        "precision": 0.6198347107438017,
        "recall": 0.9259259259259259,
        "f1-score": 0.7425742574257426,
        "support": 81.0
    },
    "13": {
        "precision": 0.4444444444444444,
        "recall": 0.4444444444444444,
        "f1-score": 0.4444444444444444,
        "support": 81.0
    },
    "14": {
        "precision": 0.5846153846153846,
        "recall": 0.4691358024691358,
        "f1-score": 0.5205479452054794,
        "support": 81.0
    },
    "15": {
        "precision": 0.5888888888888889,
        "recall": 0.654320987654321,
        "f1-score": 0.6198830409356725,
        "support": 81.0
    },
    "16": {
        "precision": 0.4878048780487805,
        "recall": 0.49382716049382713,
        "f1-score": 0.49079754601226994,
        "support": 81.0
    },
    "17": {
        "precision": 0.38738738738738737,
        "recall": 0.5308641975308642,
        "f1-score": 0.4479166666666667,
        "support": 81.0
    },
    "18": {
        "precision": 1.0,
        "recall": 0.08641975308641975,
        "f1-score": 0.1590909090909091,
        "support": 81.0
    },
    "micro avg": {
        "precision": 0.573049645390071,
        "recall": 0.5541838134430727,
        "f1-score": 0.5634588563458857,
        "support": 729.0
    },
    "macro avg": {
        "precision": 0.630893578507069,
        "recall": 0.5541838134430727,
        "f1-score": 0.5415208411272432,
        "support": 729.0
    },
    "weighted avg": {
        "precision": 0.630893578507069,
        "recall": 0.5541838134430727,
        "f1-score": 0.5415208411272431,
        "support": 729.0
    },
    "accuracy": 0.5541838134430727
}