{
    "1": {
        "precision": 1.0,
        "recall": 1.0,
        "f1-score": 1.0,
        "support": 81.0
    },
    "2": {
        "precision": 0.49240121580547114,
        "recall": 1.0,
        "f1-score": 0.659877800407332,
        "support": 162.0
    },
    "3": {
        "precision": 0.19,
        "recall": 0.31275720164609055,
        "f1-score": 0.2363919129082426,
        "support": 243.0
    },
    "4": {
        "precision": 0.0,
        "recall": 0.0,
        "f1-score": 0.0,
        "support": 324.0
    },
    "5": {
        "precision": 0.0,
        "recall": 0.0,
        "f1-score": 0.0,
        "support": 405.0
    },
    "6": {
        "precision": 0.0,
        "recall": 0.0,
        "f1-score": 0.0,
        "support": 486.0
    },
    "7": {
        "precision": 0.0,
        "recall": 0.0,
        "f1-score": 0.0,
        "support": 567.0
    },
    "8": {
        "precision": 0.0,
        "recall": 0.0,
        "f1-score": 0.0,
        "support": 648.0
    },
    "9": {
        "precision": 0.0,
        "recall": 0.0,
        "f1-score": 0.0,
        "support": 729.0
    },
    "accuracy": 0.08751714677640604,
    "macro avg": {
        "precision": 0.18693346842283012,
        "recall": 0.25697302240512115,
        "f1-score": 0.21069663481284162,
        "support": 3645.0
    },
    "weighted avg": {
        "precision": 0.05677338736913206,
        "recall": 0.08751714677640604,
        "f1-score": 0.0673095853230976,
        "support": 3645.0
    }
}