{
    "1": {
        "precision": 0.9994629430719656,
        "recall": 0.9989264626945786,
        "f1-score": 0.9991946308724832,
        "support": 5589.0
    },
    "2": {
        "precision": 0.9553954366100532,
        "recall": 0.9964215423152621,
        "f1-score": 0.9754773165177789,
        "support": 5589.0
    },
    "3": {
        "precision": 0.9303085299455536,
        "recall": 0.9171587045983182,
        "f1-score": 0.9236868186323092,
        "support": 5589.0
    },
    "4": {
        "precision": 0.8384377150722643,
        "recall": 0.871891214886384,
        "f1-score": 0.8548372949741251,
        "support": 5589.0
    },
    "5": {
        "precision": 0.692967409948542,
        "recall": 0.7951332975487565,
        "f1-score": 0.7405432427928679,
        "support": 5589.0
    },
    "6": {
        "precision": 0.5802779172944919,
        "recall": 0.6201467167650743,
        "f1-score": 0.5995502508216571,
        "support": 5589.0
    },
    "7": {
        "precision": 0.5333193629505448,
        "recall": 0.455358740382895,
        "f1-score": 0.4912653218801274,
        "support": 5589.0
    },
    "8": {
        "precision": 0.5425330812854442,
        "recall": 0.5135086777598855,
        "f1-score": 0.5276220240830959,
        "support": 5589.0
    },
    "9": {
        "precision": 0.15625,
        "recall": 0.0008946144211844695,
        "f1-score": 0.001779042874933286,
        "support": 5589.0
    },
    "micro avg": {
        "precision": 0.7625671760621006,
        "recall": 0.685493330152482,
        "f1-score": 0.7219791034150631,
        "support": 50301.0
    },
    "macro avg": {
        "precision": 0.6921058217976511,
        "recall": 0.6854933301524821,
        "f1-score": 0.679328438161042,
        "support": 50301.0
    },
    "weighted avg": {
        "precision": 0.692105821797651,
        "recall": 0.685493330152482,
        "f1-score": 0.6793284381610419,
        "support": 50301.0
    },
    "accuracy": 0.685493330152482
}