{
    "10": {
        "precision": 1.0,
        "recall": 0.19753086419753085,
        "f1-score": 0.32989690721649484,
        "support": 81.0
    },
    "11": {
        "precision": 0.0,
        "recall": 0.0,
        "f1-score": 0.0,
        "support": 81.0
    },
    "12": {
        "precision": 0.0,
        "recall": 0.0,
        "f1-score": 0.0,
        "support": 81.0
    },
    "13": {
        "precision": 0.0,
        "recall": 0.0,
        "f1-score": 0.0,
        "support": 81.0
    },
    "14": {
        "precision": 0.0,
        "recall": 0.0,
        "f1-score": 0.0,
        "support": 81.0
    },
    "15": {
        "precision": 0.0,
        "recall": 0.0,
        "f1-score": 0.0,
        "support": 81.0
    },
    "16": {
        "precision": 0.0,
        "recall": 0.0,
        "f1-score": 0.0,
        "support": 81.0
    },
    "17": {
        "precision": 0.0,
        "recall": 0.0,
        "f1-score": 0.0,
        "support": 81.0
    },
    "18": {
        "precision": 0.0,
        "recall": 0.0,
        "f1-score": 0.0,
        "support": 81.0
    },
    "micro avg": {
        "precision": 1.0,
        "recall": 0.02194787379972565,
        "f1-score": 0.042953020134228186,
        "support": 729.0
    },
    "macro avg": {
        "precision": 0.1111111111111111,
        "recall": 0.02194787379972565,
        "f1-score": 0.03665521191294387,
        "support": 729.0
    },
    "weighted avg": {
        "precision": 0.1111111111111111,
        "recall": 0.02194787379972565,
        "f1-score": 0.03665521191294387,
        "support": 729.0
    },
    "accuracy": 0.02194787379972565
}