{
    "10": {
        "precision": 0.43795620437956206,
        "recall": 0.7407407407407407,
        "f1-score": 0.5504587155963303,
        "support": 81.0
    },
    "11": {
        "precision": 0.2,
        "recall": 0.06172839506172839,
        "f1-score": 0.09433962264150944,
        "support": 81.0
    },
    "12": {
        "precision": 0.855072463768116,
        "recall": 0.7283950617283951,
        "f1-score": 0.7866666666666666,
        "support": 81.0
    },
    "13": {
        "precision": 0.984375,
        "recall": 0.7777777777777778,
        "f1-score": 0.8689655172413793,
        "support": 81.0
    },
    "14": {
        "precision": 0.8658536585365854,
        "recall": 0.8765432098765432,
        "f1-score": 0.8711656441717791,
        "support": 81.0
    },
    "15": {
        "precision": 0.8170731707317073,
        "recall": 0.8271604938271605,
        "f1-score": 0.8220858895705522,
        "support": 81.0
    },
    "16": {
        "precision": 0.7027027027027027,
        "recall": 0.32098765432098764,
        "f1-score": 0.4406779661016949,
        "support": 81.0
    },
    "17": {
        "precision": 0.14285714285714285,
        "recall": 0.08641975308641975,
        "f1-score": 0.1076923076923077,
        "support": 81.0
    },
    "18": {
        "precision": 0.0,
        "recall": 0.0,
        "f1-score": 0.0,
        "support": 81.0
    },
    "micro avg": {
        "precision": 0.6236933797909407,
        "recall": 0.49108367626886146,
        "f1-score": 0.5495011511895626,
        "support": 729.0
    },
    "macro avg": {
        "precision": 0.5562100381084241,
        "recall": 0.49108367626886146,
        "f1-score": 0.5046724810758021,
        "support": 729.0
    },
    "weighted avg": {
        "precision": 0.556210038108424,
        "recall": 0.49108367626886146,
        "f1-score": 0.5046724810758021,
        "support": 729.0
    },
    "accuracy": 0.49108367626886146
}