{
    "10": {
        "precision": 0.3050847457627119,
        "recall": 0.2222222222222222,
        "f1-score": 0.2571428571428571,
        "support": 81.0
    },
    "11": {
        "precision": 1.0,
        "recall": 0.037037037037037035,
        "f1-score": 0.07142857142857142,
        "support": 81.0
    },
    "12": {
        "precision": 0.34545454545454546,
        "recall": 0.2345679012345679,
        "f1-score": 0.27941176470588236,
        "support": 81.0
    },
    "13": {
        "precision": 0.11764705882352941,
        "recall": 0.09876543209876543,
        "f1-score": 0.10738255033557047,
        "support": 81.0
    },
    "14": {
        "precision": 0.0,
        "recall": 0.0,
        "f1-score": 0.0,
        "support": 81.0
    },
    "15": {
        "precision": 0.0,
        "recall": 0.0,
        "f1-score": 0.0,
        "support": 81.0
    },
    "16": {
        "precision": 0.0,
        "recall": 0.0,
        "f1-score": 0.0,
        "support": 81.0
    },
    "17": {
        "precision": 0.0,
        "recall": 0.0,
        "f1-score": 0.0,
        "support": 81.0
    },
    "18": {
        "precision": 0.0,
        "recall": 0.0,
        "f1-score": 0.0,
        "support": 81.0
    },
    "micro avg": {
        "precision": 0.13675213675213677,
        "recall": 0.06584362139917696,
        "f1-score": 0.08888888888888889,
        "support": 729.0
    },
    "macro avg": {
        "precision": 0.19646515000453188,
        "recall": 0.06584362139917695,
        "f1-score": 0.07948508262365347,
        "support": 729.0
    },
    "weighted avg": {
        "precision": 0.19646515000453182,
        "recall": 0.06584362139917696,
        "f1-score": 0.07948508262365349,
        "support": 729.0
    },
    "accuracy": 0.06584362139917696
}