{
    "1": {
        "precision": 0.9869096055191934,
        "recall": 0.998210771157631,
        "f1-score": 0.9925280199252802,
        "support": 5589.0
    },
    "2": {
        "precision": 0.8797725426482534,
        "recall": 0.9688674181427804,
        "f1-score": 0.9221730245231607,
        "support": 5589.0
    },
    "3": {
        "precision": 0.7768386980758857,
        "recall": 0.7729468599033816,
        "f1-score": 0.7748878923766817,
        "support": 5589.0
    },
    "4": {
        "precision": 0.611121801039061,
        "recall": 0.5682590803363751,
        "f1-score": 0.5889115520118673,
        "support": 5589.0
    },
    "5": {
        "precision": 0.3940180586907449,
        "recall": 0.6246197888709966,
        "f1-score": 0.4832168316146446,
        "support": 5589.0
    },
    "6": {
        "precision": 0.26779815468732204,
        "recall": 0.42064770084093756,
        "f1-score": 0.3272550111358575,
        "support": 5589.0
    },
    "7": {
        "precision": 0.1964753097190717,
        "recall": 0.20146716765074252,
        "f1-score": 0.1989399293286219,
        "support": 5589.0
    },
    "8": {
        "precision": 0.32875457875457875,
        "recall": 0.19269994632313472,
        "f1-score": 0.24297800338409475,
        "support": 5589.0
    },
    "9": {
        "precision": 0.7441860465116279,
        "recall": 0.028627661477903025,
        "f1-score": 0.05513439007580979,
        "support": 5589.0
    },
    "micro avg": {
        "precision": 0.5400894248083031,
        "recall": 0.530705154967098,
        "f1-score": 0.5353561687790791,
        "support": 50301.0
    },
    "macro avg": {
        "precision": 0.5762083106273042,
        "recall": 0.5307051549670981,
        "f1-score": 0.5095582949306687,
        "support": 50301.0
    },
    "weighted avg": {
        "precision": 0.5762083106273044,
        "recall": 0.530705154967098,
        "f1-score": 0.5095582949306686,
        "support": 50301.0
    },
    "accuracy": 0.530705154967098
}