{
    "1": {
        "precision": 1.0,
        "recall": 1.0,
        "f1-score": 1.0,
        "support": 81.0
    },
    "2": {
        "precision": 0.9878048780487805,
        "recall": 1.0,
        "f1-score": 0.9938650306748467,
        "support": 81.0
    },
    "3": {
        "precision": 0.9625,
        "recall": 0.9506172839506173,
        "f1-score": 0.9565217391304348,
        "support": 81.0
    },
    "4": {
        "precision": 0.5652173913043478,
        "recall": 0.9629629629629629,
        "f1-score": 0.7123287671232876,
        "support": 81.0
    },
    "5": {
        "precision": 0.25,
        "recall": 0.2962962962962963,
        "f1-score": 0.2711864406779661,
        "support": 81.0
    },
    "6": {
        "precision": 0.14736842105263157,
        "recall": 0.1728395061728395,
        "f1-score": 0.1590909090909091,
        "support": 81.0
    },
    "7": {
        "precision": 0.06,
        "recall": 0.07407407407407407,
        "f1-score": 0.06629834254143646,
        "support": 81.0
    },
    "8": {
        "precision": 0.05454545454545454,
        "recall": 0.037037037037037035,
        "f1-score": 0.04411764705882353,
        "support": 81.0
    },
    "9": {
        "precision": 1.0,
        "recall": 0.024691358024691357,
        "f1-score": 0.04819277108433735,
        "support": 81.0
    },
    "accuracy": 0.5020576131687243,
    "macro avg": {
        "precision": 0.5586040161056904,
        "recall": 0.5020576131687243,
        "f1-score": 0.472400183042449,
        "support": 729.0
    },
    "weighted avg": {
        "precision": 0.5586040161056904,
        "recall": 0.5020576131687243,
        "f1-score": 0.472400183042449,
        "support": 729.0
    }
}