{
    "1": {
        "precision": 0.8709677419354839,
        "recall": 1.0,
        "f1-score": 0.9310344827586207,
        "support": 81.0
    },
    "2": {
        "precision": 0.4,
        "recall": 0.9259259259259259,
        "f1-score": 0.5586592178770949,
        "support": 162.0
    },
    "3": {
        "precision": 0.05263157894736842,
        "recall": 0.07407407407407407,
        "f1-score": 0.06153846153846154,
        "support": 243.0
    },
    "4": {
        "precision": 0.0,
        "recall": 0.0,
        "f1-score": 0.0,
        "support": 324.0
    },
    "5": {
        "precision": 0.0,
        "recall": 0.0,
        "f1-score": 0.0,
        "support": 405.0
    },
    "6": {
        "precision": 0.0,
        "recall": 0.0,
        "f1-score": 0.0,
        "support": 486.0
    },
    "7": {
        "precision": 0.0,
        "recall": 0.0,
        "f1-score": 0.0,
        "support": 567.0
    },
    "8": {
        "precision": 0.0,
        "recall": 0.0,
        "f1-score": 0.0,
        "support": 648.0
    },
    "9": {
        "precision": 0.0,
        "recall": 0.0,
        "f1-score": 0.0,
        "support": 729.0
    },
    "accuracy": 0.06831275720164609,
    "macro avg": {
        "precision": 0.14706659120920582,
        "recall": 0.2222222222222222,
        "f1-score": 0.17235912913046414,
        "support": 3645.0
    },
    "weighted avg": {
        "precision": 0.04064138841727975,
        "recall": 0.06831275720164609,
        "f1-score": 0.049621517847293226,
        "support": 3645.0
    }
}