{
    "1": {
        "precision": 1.0,
        "recall": 1.0,
        "f1-score": 1.0,
        "support": 81.0
    },
    "2": {
        "precision": 0.7902439024390244,
        "recall": 1.0,
        "f1-score": 0.8828337874659401,
        "support": 162.0
    },
    "3": {
        "precision": 0.43478260869565216,
        "recall": 0.823045267489712,
        "f1-score": 0.5689900426742532,
        "support": 243.0
    },
    "4": {
        "precision": 0.14780600461893764,
        "recall": 0.19753086419753085,
        "f1-score": 0.1690885072655218,
        "support": 324.0
    },
    "5": {
        "precision": 0.07114624505928854,
        "recall": 0.08888888888888889,
        "f1-score": 0.07903402854006586,
        "support": 405.0
    },
    "6": {
        "precision": 0.028268551236749116,
        "recall": 0.03292181069958848,
        "f1-score": 0.030418250950570342,
        "support": 486.0
    },
    "7": {
        "precision": 0.02564102564102564,
        "recall": 0.029982363315696647,
        "f1-score": 0.027642276422764227,
        "support": 567.0
    },
    "8": {
        "precision": 0.0027359781121751026,
        "recall": 0.0030864197530864196,
        "f1-score": 0.0029006526468455403,
        "support": 648.0
    },
    "9": {
        "precision": 0.0,
        "recall": 0.0,
        "f1-score": 0.0,
        "support": 729.0
    },
    "accuracy": 0.15857338820301783,
    "macro avg": {
        "precision": 0.2778471462003169,
        "recall": 0.35282840159383366,
        "f1-score": 0.30676750510732903,
        "support": 3645.0
    },
    "weighted avg": {
        "precision": 0.1156172708120505,
        "recall": 0.15857338820301783,
        "f1-score": 0.13207494525676872,
        "support": 3645.0
    }
}