{
    "1": {
        "precision": 1.0,
        "recall": 1.0,
        "f1-score": 1.0,
        "support": 1944.0
    },
    "2": {
        "precision": 1.0,
        "recall": 1.0,
        "f1-score": 1.0,
        "support": 1944.0
    },
    "3": {
        "precision": 1.0,
        "recall": 1.0,
        "f1-score": 1.0,
        "support": 1944.0
    },
    "4": {
        "precision": 1.0,
        "recall": 1.0,
        "f1-score": 1.0,
        "support": 1944.0
    },
    "5": {
        "precision": 0.9994858611825193,
        "recall": 1.0,
        "f1-score": 0.999742864489586,
        "support": 1944.0
    },
    "6": {
        "precision": 0.9989717223650385,
        "recall": 0.9994855967078189,
        "f1-score": 0.999228593468758,
        "support": 1944.0
    },
    "7": {
        "precision": 0.9953846153846154,
        "recall": 0.9984567901234568,
        "f1-score": 0.9969183359013868,
        "support": 1944.0
    },
    "8": {
        "precision": 0.9887583035258048,
        "recall": 0.9953703703703703,
        "f1-score": 0.9920533196616252,
        "support": 1944.0
    },
    "9": {
        "precision": 1.0,
        "recall": 0.9891975308641975,
        "f1-score": 0.9945694336695112,
        "support": 1944.0
    },
    "accuracy": 0.9980566986739826,
    "macro avg": {
        "precision": 0.9980667224953308,
        "recall": 0.9980566986739825,
        "f1-score": 0.9980569496878743,
        "support": 17496.0
    },
    "weighted avg": {
        "precision": 0.9980667224953308,
        "recall": 0.9980566986739826,
        "f1-score": 0.9980569496878742,
        "support": 17496.0
    }
}