{
    "1": {
        "precision": 1.0,
        "recall": 1.0,
        "f1-score": 1.0,
        "support": 81.0
    },
    "2": {
        "precision": 0.7227272727272728,
        "recall": 0.9814814814814815,
        "f1-score": 0.8324607329842932,
        "support": 162.0
    },
    "3": {
        "precision": 0.43734643734643736,
        "recall": 0.7325102880658436,
        "f1-score": 0.5476923076923077,
        "support": 243.0
    },
    "4": {
        "precision": 0.22448979591836735,
        "recall": 0.2716049382716049,
        "f1-score": 0.24581005586592178,
        "support": 324.0
    },
    "5": {
        "precision": 0.1753472222222222,
        "recall": 0.24938271604938272,
        "f1-score": 0.20591233435270132,
        "support": 405.0
    },
    "6": {
        "precision": 0.04693877551020408,
        "recall": 0.047325102880658436,
        "f1-score": 0.0471311475409836,
        "support": 486.0
    },
    "7": {
        "precision": 0.13630229419703105,
        "recall": 0.1781305114638448,
        "f1-score": 0.154434250764526,
        "support": 567.0
    },
    "8": {
        "precision": 0.012228260869565218,
        "recall": 0.013888888888888888,
        "f1-score": 0.01300578034682081,
        "support": 648.0
    },
    "9": {
        "precision": 1.0,
        "recall": 0.0027434842249657062,
        "f1-score": 0.005471956224350205,
        "support": 729.0
    },
    "accuracy": 0.2035665294924554,
    "macro avg": {
        "precision": 0.4172644509767889,
        "recall": 0.38634082348074117,
        "f1-score": 0.339102062863545,
        "support": 3645.0
    },
    "weighted avg": {
        "precision": 0.35257253225945334,
        "recall": 0.2035665294924554,
        "f1-score": 0.17417601719253345,
        "support": 3645.0
    }
}