{
    "10": {
        "precision": 1.0,
        "recall": 0.9876543209876543,
        "f1-score": 0.9937888198757764,
        "support": 81.0
    },
    "11": {
        "precision": 1.0,
        "recall": 0.9876543209876543,
        "f1-score": 0.9937888198757764,
        "support": 81.0
    },
    "12": {
        "precision": 0.9878048780487805,
        "recall": 1.0,
        "f1-score": 0.9938650306748467,
        "support": 81.0
    },
    "13": {
        "precision": 1.0,
        "recall": 0.9876543209876543,
        "f1-score": 0.9937888198757764,
        "support": 81.0
    },
    "14": {
        "precision": 0.975609756097561,
        "recall": 0.9876543209876543,
        "f1-score": 0.9815950920245399,
        "support": 81.0
    },
    "15": {
        "precision": 0.975,
        "recall": 0.9629629629629629,
        "f1-score": 0.968944099378882,
        "support": 81.0
    },
    "16": {
        "precision": 0.9625,
        "recall": 0.9506172839506173,
        "f1-score": 0.9565217391304348,
        "support": 81.0
    },
    "17": {
        "precision": 0.9493670886075949,
        "recall": 0.9259259259259259,
        "f1-score": 0.9375,
        "support": 81.0
    },
    "18": {
        "precision": 0.9506172839506173,
        "recall": 0.9506172839506173,
        "f1-score": 0.9506172839506173,
        "support": 81.0
    },
    "micro avg": {
        "precision": 0.9779005524861878,
        "recall": 0.9711934156378601,
        "f1-score": 0.9745354439091535,
        "support": 729.0
    },
    "macro avg": {
        "precision": 0.9778776674116172,
        "recall": 0.9711934156378601,
        "f1-score": 0.9744899671985165,
        "support": 729.0
    },
    "weighted avg": {
        "precision": 0.977877667411617,
        "recall": 0.9711934156378601,
        "f1-score": 0.9744899671985167,
        "support": 729.0
    },
    "accuracy": 0.9711934156378601
}