{
    "1": {
        "precision": 1.0,
        "recall": 1.0,
        "f1-score": 1.0,
        "support": 81.0
    },
    "2": {
        "precision": 0.7397260273972602,
        "recall": 1.0,
        "f1-score": 0.8503937007874016,
        "support": 162.0
    },
    "3": {
        "precision": 0.40700218818380746,
        "recall": 0.7654320987654321,
        "f1-score": 0.5314285714285715,
        "support": 243.0
    },
    "4": {
        "precision": 0.12383177570093458,
        "recall": 0.16358024691358025,
        "f1-score": 0.14095744680851063,
        "support": 324.0
    },
    "5": {
        "precision": 0.05964214711729622,
        "recall": 0.07407407407407407,
        "f1-score": 0.06607929515418502,
        "support": 405.0
    },
    "6": {
        "precision": 0.022608695652173914,
        "recall": 0.026748971193415638,
        "f1-score": 0.024505183788878417,
        "support": 486.0
    },
    "7": {
        "precision": 0.007680491551459293,
        "recall": 0.008818342151675485,
        "f1-score": 0.008210180623973728,
        "support": 567.0
    },
    "8": {
        "precision": 0.0027359781121751026,
        "recall": 0.0030864197530864196,
        "f1-score": 0.0029006526468455403,
        "support": 648.0
    },
    "9": {
        "precision": 0.0,
        "recall": 0.0,
        "f1-score": 0.0,
        "support": 729.0
    },
    "accuracy": 0.14595336076817558,
    "macro avg": {
        "precision": 0.2625808115239007,
        "recall": 0.3379711280945849,
        "f1-score": 0.29160833680426296,
        "support": 3645.0
    },
    "weighted avg": {
        "precision": 0.10456221994237382,
        "recall": 0.14595336076817558,
        "f1-score": 0.1203779326031408,
        "support": 3645.0
    }
}