{
    "1": {
        "precision": 1.0,
        "recall": 1.0,
        "f1-score": 1.0,
        "support": 81.0
    },
    "2": {
        "precision": 1.0,
        "recall": 1.0,
        "f1-score": 1.0,
        "support": 81.0
    },
    "3": {
        "precision": 0.9759036144578314,
        "recall": 1.0,
        "f1-score": 0.9878048780487805,
        "support": 81.0
    },
    "4": {
        "precision": 0.927710843373494,
        "recall": 0.9506172839506173,
        "f1-score": 0.9390243902439024,
        "support": 81.0
    },
    "5": {
        "precision": 0.74,
        "recall": 0.9135802469135802,
        "f1-score": 0.8176795580110497,
        "support": 81.0
    },
    "6": {
        "precision": 0.7464788732394366,
        "recall": 0.654320987654321,
        "f1-score": 0.6973684210526315,
        "support": 81.0
    },
    "7": {
        "precision": 0.7160493827160493,
        "recall": 0.7160493827160493,
        "f1-score": 0.7160493827160493,
        "support": 81.0
    },
    "8": {
        "precision": 0.6477272727272727,
        "recall": 0.7037037037037037,
        "f1-score": 0.6745562130177515,
        "support": 81.0
    },
    "9": {
        "precision": 0.7727272727272727,
        "recall": 0.20987654320987653,
        "f1-score": 0.3300970873786408,
        "support": 81.0
    },
    "micro avg": {
        "precision": 0.8391304347826087,
        "recall": 0.7942386831275721,
        "f1-score": 0.8160676532769556,
        "support": 729.0
    },
    "macro avg": {
        "precision": 0.8362885843601507,
        "recall": 0.794238683127572,
        "f1-score": 0.795842214496534,
        "support": 729.0
    },
    "weighted avg": {
        "precision": 0.8362885843601507,
        "recall": 0.7942386831275721,
        "f1-score": 0.795842214496534,
        "support": 729.0
    },
    "accuracy": 0.7942386831275721
}