{
    "1": {
        "precision": 0.9310344827586207,
        "recall": 1.0,
        "f1-score": 0.9642857142857143,
        "support": 81.0
    },
    "2": {
        "precision": 0.4369747899159664,
        "recall": 0.9629629629629629,
        "f1-score": 0.6011560693641619,
        "support": 162.0
    },
    "3": {
        "precision": 0.11475409836065574,
        "recall": 0.1728395061728395,
        "f1-score": 0.13793103448275862,
        "support": 243.0
    },
    "4": {
        "precision": 0.0,
        "recall": 0.0,
        "f1-score": 0.0,
        "support": 324.0
    },
    "5": {
        "precision": 0.0,
        "recall": 0.0,
        "f1-score": 0.0,
        "support": 405.0
    },
    "6": {
        "precision": 0.0,
        "recall": 0.0,
        "f1-score": 0.0,
        "support": 486.0
    },
    "7": {
        "precision": 0.0,
        "recall": 0.0,
        "f1-score": 0.0,
        "support": 567.0
    },
    "8": {
        "precision": 0.0,
        "recall": 0.0,
        "f1-score": 0.0,
        "support": 648.0
    },
    "9": {
        "precision": 0.0,
        "recall": 0.0,
        "f1-score": 0.0,
        "support": 729.0
    },
    "accuracy": 0.07654320987654321,
    "macro avg": {
        "precision": 0.16475148567058254,
        "recall": 0.23731138545953356,
        "f1-score": 0.18926364645918164,
        "support": 3645.0
    },
    "weighted avg": {
        "precision": 0.04776103017050045,
        "recall": 0.07654320987654321,
        "f1-score": 0.05734202125471809,
        "support": 3645.0
    }
}