{
    "10": {
        "precision": 0.13043478260869565,
        "recall": 0.14814814814814814,
        "f1-score": 0.13872832369942195,
        "support": 81.0
    },
    "11": {
        "precision": 0.42857142857142855,
        "recall": 0.037037037037037035,
        "f1-score": 0.06818181818181818,
        "support": 81.0
    },
    "12": {
        "precision": 0.9782608695652174,
        "recall": 0.5555555555555556,
        "f1-score": 0.7086614173228346,
        "support": 81.0
    },
    "13": {
        "precision": 0.4583333333333333,
        "recall": 0.2716049382716049,
        "f1-score": 0.34108527131782945,
        "support": 81.0
    },
    "14": {
        "precision": 0.061224489795918366,
        "recall": 0.037037037037037035,
        "f1-score": 0.046153846153846156,
        "support": 81.0
    },
    "15": {
        "precision": 0.01818181818181818,
        "recall": 0.012345679012345678,
        "f1-score": 0.014705882352941176,
        "support": 81.0
    },
    "16": {
        "precision": 0.022222222222222223,
        "recall": 0.024691358024691357,
        "f1-score": 0.023391812865497075,
        "support": 81.0
    },
    "17": {
        "precision": 0.0,
        "recall": 0.0,
        "f1-score": 0.0,
        "support": 81.0
    },
    "18": {
        "precision": 0.03333333333333333,
        "recall": 0.06172839506172839,
        "f1-score": 0.04329004329004329,
        "support": 81.0
    },
    "micro avg": {
        "precision": 0.17318435754189945,
        "recall": 0.12757201646090535,
        "f1-score": 0.14691943127962084,
        "support": 729.0
    },
    "macro avg": {
        "precision": 0.23672914195688521,
        "recall": 0.12757201646090535,
        "f1-score": 0.1537998239093591,
        "support": 729.0
    },
    "weighted avg": {
        "precision": 0.2367291419568852,
        "recall": 0.12757201646090535,
        "f1-score": 0.15379982390935912,
        "support": 729.0
    },
    "accuracy": 0.12757201646090535
}