{
    "1": {
        "precision": 1.0,
        "recall": 1.0,
        "f1-score": 1.0,
        "support": 81.0
    },
    "2": {
        "precision": 0.6764705882352942,
        "recall": 0.9938271604938271,
        "f1-score": 0.805,
        "support": 162.0
    },
    "3": {
        "precision": 0.4462809917355372,
        "recall": 0.6666666666666666,
        "f1-score": 0.5346534653465347,
        "support": 243.0
    },
    "4": {
        "precision": 0.2703962703962704,
        "recall": 0.35802469135802467,
        "f1-score": 0.30810092961487384,
        "support": 324.0
    },
    "5": {
        "precision": 0.16083916083916083,
        "recall": 0.2271604938271605,
        "f1-score": 0.18833162743091095,
        "support": 405.0
    },
    "6": {
        "precision": 0.03313840155945419,
        "recall": 0.03497942386831276,
        "f1-score": 0.03403403403403404,
        "support": 486.0
    },
    "7": {
        "precision": 0.09902370990237098,
        "recall": 0.12522045855379188,
        "f1-score": 0.11059190031152648,
        "support": 567.0
    },
    "8": {
        "precision": 0.0027359781121751026,
        "recall": 0.0030864197530864196,
        "f1-score": 0.0029006526468455403,
        "support": 648.0
    },
    "9": {
        "precision": 0.0,
        "recall": 0.0,
        "f1-score": 0.0,
        "support": 729.0
    },
    "micro avg": {
        "precision": 0.19264544456641053,
        "recall": 0.1925925925925926,
        "f1-score": 0.19261901495404032,
        "support": 3645.0
    },
    "macro avg": {
        "precision": 0.298765011197807,
        "recall": 0.37877392383565217,
        "f1-score": 0.33151251215385835,
        "support": 3645.0
    },
    "weighted avg": {
        "precision": 0.14425442757841794,
        "recall": 0.1925925925925926,
        "f1-score": 0.1642127773158513,
        "support": 3645.0
    },
    "accuracy": 0.1925925925925926
}