{
    "1": {
        "precision": 1.0,
        "recall": 1.0,
        "f1-score": 1.0,
        "support": 81.0
    },
    "2": {
        "precision": 1.0,
        "recall": 1.0,
        "f1-score": 1.0,
        "support": 81.0
    },
    "3": {
        "precision": 0.9878048780487805,
        "recall": 1.0,
        "f1-score": 0.9938650306748467,
        "support": 81.0
    },
    "4": {
        "precision": 0.625,
        "recall": 0.9876543209876543,
        "f1-score": 0.7655502392344498,
        "support": 81.0
    },
    "5": {
        "precision": 0.336734693877551,
        "recall": 0.4074074074074074,
        "f1-score": 0.3687150837988827,
        "support": 81.0
    },
    "6": {
        "precision": 0.19387755102040816,
        "recall": 0.2345679012345679,
        "f1-score": 0.2122905027932961,
        "support": 81.0
    },
    "7": {
        "precision": 0.1125,
        "recall": 0.1111111111111111,
        "f1-score": 0.11180124223602485,
        "support": 81.0
    },
    "8": {
        "precision": 0.17721518987341772,
        "recall": 0.1728395061728395,
        "f1-score": 0.175,
        "support": 81.0
    },
    "9": {
        "precision": 1.0,
        "recall": 0.012345679012345678,
        "f1-score": 0.024390243902439025,
        "support": 81.0
    },
    "micro avg": {
        "precision": 0.5480769230769231,
        "recall": 0.5473251028806584,
        "f1-score": 0.547700754975978,
        "support": 729.0
    },
    "macro avg": {
        "precision": 0.6036813680911286,
        "recall": 0.5473251028806584,
        "f1-score": 0.5168458158488821,
        "support": 729.0
    },
    "weighted avg": {
        "precision": 0.6036813680911286,
        "recall": 0.5473251028806584,
        "f1-score": 0.5168458158488821,
        "support": 729.0
    },
    "accuracy": 0.5473251028806584
}