{
    "1": {
        "precision": 0.3333333333333333,
        "recall": 1.0,
        "f1-score": 0.5,
        "support": 81.0
    },
    "2": {
        "precision": 0.0,
        "recall": 0.0,
        "f1-score": 0.0,
        "support": 162.0
    },
    "3": {
        "precision": 0.0030864197530864196,
        "recall": 0.00411522633744856,
        "f1-score": 0.003527336860670194,
        "support": 243.0
    },
    "4": {
        "precision": 0.0026595744680851063,
        "recall": 0.0030864197530864196,
        "f1-score": 0.002857142857142857,
        "support": 324.0
    },
    "5": {
        "precision": 0.07281553398058252,
        "recall": 0.07407407407407407,
        "f1-score": 0.07343941248470012,
        "support": 405.0
    },
    "6": {
        "precision": 0.15950920245398773,
        "recall": 0.2139917695473251,
        "f1-score": 0.1827768014059754,
        "support": 486.0
    },
    "7": {
        "precision": 0.029141104294478526,
        "recall": 0.03350970017636684,
        "f1-score": 0.031173092698933553,
        "support": 567.0
    },
    "8": {
        "precision": 0.020161290322580645,
        "recall": 0.023148148148148147,
        "f1-score": 0.021551724137931036,
        "support": 648.0
    },
    "9": {
        "precision": 0.0,
        "recall": 0.0,
        "f1-score": 0.0,
        "support": 729.0
    },
    "accuracy": 0.06886145404663924,
    "macro avg": {
        "precision": 0.06896738428957046,
        "recall": 0.15021392644849438,
        "f1-score": 0.09059172338281701,
        "support": 3645.0
    },
    "weighted avg": {
        "precision": 0.045325373949639265,
        "recall": 0.06886145404663924,
        "f1-score": 0.052810975441464854,
        "support": 3645.0
    }
}