{
    "1": {
        "precision": 1.0,
        "recall": 1.0,
        "f1-score": 1.0,
        "support": 81.0
    },
    "2": {
        "precision": 0.7864077669902912,
        "recall": 1.0,
        "f1-score": 0.8804347826086957,
        "support": 162.0
    },
    "3": {
        "precision": 0.4451901565995526,
        "recall": 0.8189300411522634,
        "f1-score": 0.5768115942028985,
        "support": 243.0
    },
    "4": {
        "precision": 0.18181818181818182,
        "recall": 0.2345679012345679,
        "f1-score": 0.20485175202156333,
        "support": 324.0
    },
    "5": {
        "precision": 0.11931818181818182,
        "recall": 0.15555555555555556,
        "f1-score": 0.13504823151125403,
        "support": 405.0
    },
    "6": {
        "precision": 0.037300177619893425,
        "recall": 0.043209876543209874,
        "f1-score": 0.04003813155386082,
        "support": 486.0
    },
    "7": {
        "precision": 0.03731343283582089,
        "recall": 0.04409171075837742,
        "f1-score": 0.04042037186742118,
        "support": 567.0
    },
    "8": {
        "precision": 0.004098360655737705,
        "recall": 0.004629629629629629,
        "f1-score": 0.004347826086956522,
        "support": 648.0
    },
    "9": {
        "precision": 0.0,
        "recall": 0.0,
        "f1-score": 0.0,
        "support": 729.0
    },
    "accuracy": 0.1728395061728395,
    "macro avg": {
        "precision": 0.2901606953708511,
        "recall": 0.36677607943040047,
        "f1-score": 0.32021696553918333,
        "support": 3645.0
    },
    "weighted avg": {
        "precision": 0.127778480465753,
        "recall": 0.1728395061728395,
        "f1-score": 0.14542014476798612,
        "support": 3645.0
    }
}