{
    "10": {
        "precision": 0.648936170212766,
        "recall": 0.7530864197530864,
        "f1-score": 0.6971428571428572,
        "support": 81.0
    },
    "11": {
        "precision": 0.0,
        "recall": 0.0,
        "f1-score": 0.0,
        "support": 81.0
    },
    "12": {
        "precision": 0.3142857142857143,
        "recall": 0.2716049382716049,
        "f1-score": 0.2913907284768212,
        "support": 81.0
    },
    "13": {
        "precision": 0.0,
        "recall": 0.0,
        "f1-score": 0.0,
        "support": 81.0
    },
    "14": {
        "precision": 0.0,
        "recall": 0.0,
        "f1-score": 0.0,
        "support": 81.0
    },
    "15": {
        "precision": 0.22842639593908629,
        "recall": 0.5555555555555556,
        "f1-score": 0.3237410071942446,
        "support": 81.0
    },
    "16": {
        "precision": 0.42857142857142855,
        "recall": 0.3333333333333333,
        "f1-score": 0.375,
        "support": 81.0
    },
    "17": {
        "precision": 0.475,
        "recall": 0.9382716049382716,
        "f1-score": 0.6307053941908713,
        "support": 81.0
    },
    "18": {
        "precision": 0.5,
        "recall": 0.012345679012345678,
        "f1-score": 0.024096385542168676,
        "support": 81.0
    },
    "micro avg": {
        "precision": 0.34992458521870284,
        "recall": 0.31824417009602196,
        "f1-score": 0.3333333333333333,
        "support": 729.0
    },
    "macro avg": {
        "precision": 0.28835774544544385,
        "recall": 0.31824417009602196,
        "f1-score": 0.2602307080607737,
        "support": 729.0
    },
    "weighted avg": {
        "precision": 0.2883577454454439,
        "recall": 0.31824417009602196,
        "f1-score": 0.26023070806077364,
        "support": 729.0
    },
    "accuracy": 0.31824417009602196
}