{
    "10": {
        "precision": 0.02857142857142857,
        "recall": 0.012345679012345678,
        "f1-score": 0.017241379310344827,
        "support": 81.0
    },
    "11": {
        "precision": 0.02912621359223301,
        "recall": 0.037037037037037035,
        "f1-score": 0.03260869565217391,
        "support": 81.0
    },
    "12": {
        "precision": 0.017543859649122806,
        "recall": 0.024691358024691357,
        "f1-score": 0.020512820512820513,
        "support": 81.0
    },
    "13": {
        "precision": 0.0,
        "recall": 0.0,
        "f1-score": 0.0,
        "support": 81.0
    },
    "14": {
        "precision": 0.0364963503649635,
        "recall": 0.06172839506172839,
        "f1-score": 0.045871559633027525,
        "support": 81.0
    },
    "15": {
        "precision": 0.0,
        "recall": 0.0,
        "f1-score": 0.0,
        "support": 81.0
    },
    "16": {
        "precision": 0.0,
        "recall": 0.0,
        "f1-score": 0.0,
        "support": 81.0
    },
    "17": {
        "precision": 0.0,
        "recall": 0.0,
        "f1-score": 0.0,
        "support": 81.0
    },
    "18": {
        "precision": 0.0,
        "recall": 0.0,
        "f1-score": 0.0,
        "support": 81.0
    },
    "micro avg": {
        "precision": 0.019855595667870037,
        "recall": 0.015089163237311385,
        "f1-score": 0.0171473109898675,
        "support": 729.0
    },
    "macro avg": {
        "precision": 0.012415316908638653,
        "recall": 0.015089163237311385,
        "f1-score": 0.012914939456485197,
        "support": 729.0
    },
    "weighted avg": {
        "precision": 0.012415316908638653,
        "recall": 0.015089163237311385,
        "f1-score": 0.012914939456485199,
        "support": 729.0
    },
    "accuracy": 0.015089163237311385
}