{
    "1": {
        "precision": 1.0,
        "recall": 1.0,
        "f1-score": 1.0,
        "support": 81.0
    },
    "2": {
        "precision": 0.9876543209876543,
        "recall": 0.9876543209876543,
        "f1-score": 0.9876543209876543,
        "support": 81.0
    },
    "3": {
        "precision": 0.7676767676767676,
        "recall": 0.9382716049382716,
        "f1-score": 0.8444444444444444,
        "support": 81.0
    },
    "4": {
        "precision": 0.46875,
        "recall": 0.5555555555555556,
        "f1-score": 0.5084745762711864,
        "support": 81.0
    },
    "5": {
        "precision": 0.3717948717948718,
        "recall": 0.35802469135802467,
        "f1-score": 0.36477987421383645,
        "support": 81.0
    },
    "6": {
        "precision": 0.4186046511627907,
        "recall": 0.2222222222222222,
        "f1-score": 0.2903225806451613,
        "support": 81.0
    },
    "7": {
        "precision": 0.52,
        "recall": 0.16049382716049382,
        "f1-score": 0.24528301886792453,
        "support": 81.0
    },
    "8": {
        "precision": 0.1951219512195122,
        "recall": 0.09876543209876543,
        "f1-score": 0.13114754098360656,
        "support": 81.0
    },
    "9": {
        "precision": 0.3142857142857143,
        "recall": 0.13580246913580246,
        "f1-score": 0.1896551724137931,
        "support": 81.0
    },
    "micro avg": {
        "precision": 0.6234887737478411,
        "recall": 0.49519890260631,
        "f1-score": 0.5519877675840978,
        "support": 729.0
    },
    "macro avg": {
        "precision": 0.5604320307919235,
        "recall": 0.49519890260630994,
        "f1-score": 0.5068623920919564,
        "support": 729.0
    },
    "weighted avg": {
        "precision": 0.5604320307919235,
        "recall": 0.49519890260631,
        "f1-score": 0.5068623920919564,
        "support": 729.0
    },
    "accuracy": 0.49519890260631
}