{
    "10": {
        "precision": 0.6190476190476191,
        "recall": 0.6419753086419753,
        "f1-score": 0.6303030303030303,
        "support": 81.0
    },
    "11": {
        "precision": 0.5833333333333334,
        "recall": 0.43209876543209874,
        "f1-score": 0.49645390070921985,
        "support": 81.0
    },
    "12": {
        "precision": 0.5714285714285714,
        "recall": 0.49382716049382713,
        "f1-score": 0.5298013245033113,
        "support": 81.0
    },
    "13": {
        "precision": 0.6039603960396039,
        "recall": 0.7530864197530864,
        "f1-score": 0.6703296703296703,
        "support": 81.0
    },
    "14": {
        "precision": 0.7301587301587301,
        "recall": 0.5679012345679012,
        "f1-score": 0.6388888888888888,
        "support": 81.0
    },
    "15": {
        "precision": 0.5945945945945946,
        "recall": 0.5432098765432098,
        "f1-score": 0.567741935483871,
        "support": 81.0
    },
    "16": {
        "precision": 0.48,
        "recall": 0.4444444444444444,
        "f1-score": 0.46153846153846156,
        "support": 81.0
    },
    "17": {
        "precision": 0.42758620689655175,
        "recall": 0.7654320987654321,
        "f1-score": 0.5486725663716814,
        "support": 81.0
    },
    "18": {
        "precision": 0.9047619047619048,
        "recall": 0.2345679012345679,
        "f1-score": 0.37254901960784315,
        "support": 81.0
    },
    "micro avg": {
        "precision": 0.56998556998557,
        "recall": 0.541838134430727,
        "f1-score": 0.5555555555555556,
        "support": 729.0
    },
    "macro avg": {
        "precision": 0.61276348402899,
        "recall": 0.5418381344307269,
        "f1-score": 0.5462531997484421,
        "support": 729.0
    },
    "weighted avg": {
        "precision": 0.61276348402899,
        "recall": 0.541838134430727,
        "f1-score": 0.546253199748442,
        "support": 729.0
    },
    "accuracy": 0.541838134430727
}