{
    "1": {
        "precision": 0.9998144712430427,
        "recall": 0.9642154231526212,
        "f1-score": 0.9816923217050734,
        "support": 5589.0
    },
    "2": {
        "precision": 0.960951689066473,
        "recall": 0.9466809804974056,
        "f1-score": 0.9537629562866156,
        "support": 5589.0
    },
    "3": {
        "precision": 0.9301200501702204,
        "recall": 0.9287886920737163,
        "f1-score": 0.9294538943598926,
        "support": 5589.0
    },
    "4": {
        "precision": 0.8912287126899835,
        "recall": 0.8708176775809626,
        "f1-score": 0.8809049773755656,
        "support": 5589.0
    },
    "5": {
        "precision": 0.7821765777704157,
        "recall": 0.844873859366613,
        "f1-score": 0.8123172200240839,
        "support": 5589.0
    },
    "6": {
        "precision": 0.7199930819785542,
        "recall": 0.7448559670781894,
        "f1-score": 0.7322135256353882,
        "support": 5589.0
    },
    "7": {
        "precision": 0.7197346600331676,
        "recall": 0.4659151905528717,
        "f1-score": 0.5656565656565656,
        "support": 5589.0
    },
    "8": {
        "precision": 0.5514368304710083,
        "recall": 0.5802469135802469,
        "f1-score": 0.5654751525719268,
        "support": 5589.0
    },
    "9": {
        "precision": 0.6258023106546855,
        "recall": 0.5233494363929146,
        "f1-score": 0.5700087693656826,
        "support": 5589.0
    },
    "micro avg": {
        "precision": 0.8010640517421239,
        "recall": 0.7633049044750602,
        "f1-score": 0.7817287821563458,
        "support": 50301.0
    },
    "macro avg": {
        "precision": 0.797917598230839,
        "recall": 0.7633049044750602,
        "f1-score": 0.7768317092200883,
        "support": 50301.0
    },
    "weighted avg": {
        "precision": 0.7979175982308391,
        "recall": 0.7633049044750602,
        "f1-score": 0.7768317092200882,
        "support": 50301.0
    },
    "accuracy": 0.7633049044750602
}