{
    "10": {
        "precision": 0.96,
        "recall": 0.5925925925925926,
        "f1-score": 0.732824427480916,
        "support": 81.0
    },
    "11": {
        "precision": 0.9615384615384616,
        "recall": 0.6172839506172839,
        "f1-score": 0.7518796992481203,
        "support": 81.0
    },
    "12": {
        "precision": 0.6774193548387096,
        "recall": 0.7777777777777778,
        "f1-score": 0.7241379310344828,
        "support": 81.0
    },
    "13": {
        "precision": 0.6833333333333333,
        "recall": 0.5061728395061729,
        "f1-score": 0.5815602836879432,
        "support": 81.0
    },
    "14": {
        "precision": 0.0,
        "recall": 0.0,
        "f1-score": 0.0,
        "support": 81.0
    },
    "15": {
        "precision": 0.07142857142857142,
        "recall": 0.09876543209876543,
        "f1-score": 0.08290155440414508,
        "support": 81.0
    },
    "16": {
        "precision": 0.17647058823529413,
        "recall": 0.2222222222222222,
        "f1-score": 0.19672131147540983,
        "support": 81.0
    },
    "17": {
        "precision": 0.0,
        "recall": 0.0,
        "f1-score": 0.0,
        "support": 81.0
    },
    "18": {
        "precision": 0.0,
        "recall": 0.0,
        "f1-score": 0.0,
        "support": 81.0
    },
    "micro avg": {
        "precision": 0.4578313253012048,
        "recall": 0.31275720164609055,
        "f1-score": 0.37163814180929094,
        "support": 729.0
    },
    "macro avg": {
        "precision": 0.39224336770826335,
        "recall": 0.31275720164609055,
        "f1-score": 0.3411139119256686,
        "support": 729.0
    },
    "weighted avg": {
        "precision": 0.39224336770826335,
        "recall": 0.31275720164609055,
        "f1-score": 0.3411139119256686,
        "support": 729.0
    },
    "accuracy": 0.31275720164609055
}