{
    "1": {
        "precision": 1.0,
        "recall": 1.0,
        "f1-score": 1.0,
        "support": 81.0
    },
    "2": {
        "precision": 1.0,
        "recall": 1.0,
        "f1-score": 1.0,
        "support": 81.0
    },
    "3": {
        "precision": 0.9878048780487805,
        "recall": 1.0,
        "f1-score": 0.9938650306748467,
        "support": 81.0
    },
    "4": {
        "precision": 0.9873417721518988,
        "recall": 0.9629629629629629,
        "f1-score": 0.975,
        "support": 81.0
    },
    "5": {
        "precision": 0.8953488372093024,
        "recall": 0.9506172839506173,
        "f1-score": 0.9221556886227545,
        "support": 81.0
    },
    "6": {
        "precision": 0.881578947368421,
        "recall": 0.8271604938271605,
        "f1-score": 0.8535031847133758,
        "support": 81.0
    },
    "7": {
        "precision": 0.7903225806451613,
        "recall": 0.6049382716049383,
        "f1-score": 0.6853146853146853,
        "support": 81.0
    },
    "8": {
        "precision": 0.6060606060606061,
        "recall": 0.49382716049382713,
        "f1-score": 0.54421768707483,
        "support": 81.0
    },
    "9": {
        "precision": 0.6610169491525424,
        "recall": 0.48148148148148145,
        "f1-score": 0.5571428571428572,
        "support": 81.0
    },
    "micro avg": {
        "precision": 0.8824404761904762,
        "recall": 0.813443072702332,
        "f1-score": 0.8465381870092791,
        "support": 729.0
    },
    "macro avg": {
        "precision": 0.8677193967374124,
        "recall": 0.8134430727023321,
        "f1-score": 0.8367999037270388,
        "support": 729.0
    },
    "weighted avg": {
        "precision": 0.8677193967374125,
        "recall": 0.813443072702332,
        "f1-score": 0.8367999037270387,
        "support": 729.0
    },
    "accuracy": 0.813443072702332
}