{
    "1": {
        "precision": 1.0,
        "recall": 1.0,
        "f1-score": 1.0,
        "support": 81.0
    },
    "2": {
        "precision": 1.0,
        "recall": 1.0,
        "f1-score": 1.0,
        "support": 81.0
    },
    "3": {
        "precision": 1.0,
        "recall": 1.0,
        "f1-score": 1.0,
        "support": 81.0
    },
    "4": {
        "precision": 0.9878048780487805,
        "recall": 1.0,
        "f1-score": 0.9938650306748467,
        "support": 81.0
    },
    "5": {
        "precision": 0.9876543209876543,
        "recall": 0.9876543209876543,
        "f1-score": 0.9876543209876543,
        "support": 81.0
    },
    "6": {
        "precision": 0.9411764705882353,
        "recall": 0.9876543209876543,
        "f1-score": 0.963855421686747,
        "support": 81.0
    },
    "7": {
        "precision": 0.9743589743589743,
        "recall": 0.9382716049382716,
        "f1-score": 0.9559748427672956,
        "support": 81.0
    },
    "8": {
        "precision": 0.9875,
        "recall": 0.9753086419753086,
        "f1-score": 0.9813664596273292,
        "support": 81.0
    },
    "9": {
        "precision": 1.0,
        "recall": 0.9876543209876543,
        "f1-score": 0.9937888198757764,
        "support": 81.0
    },
    "accuracy": 0.9862825788751715,
    "macro avg": {
        "precision": 0.9864994048870717,
        "recall": 0.9862825788751716,
        "f1-score": 0.9862783217355164,
        "support": 729.0
    },
    "weighted avg": {
        "precision": 0.9864994048870716,
        "recall": 0.9862825788751715,
        "f1-score": 0.9862783217355165,
        "support": 729.0
    }
}