{
    "10": {
        "precision": 0.5,
        "recall": 0.2839506172839506,
        "f1-score": 0.36220472440944884,
        "support": 81.0
    },
    "11": {
        "precision": 0.39215686274509803,
        "recall": 0.24691358024691357,
        "f1-score": 0.30303030303030304,
        "support": 81.0
    },
    "12": {
        "precision": 0.4230769230769231,
        "recall": 0.5432098765432098,
        "f1-score": 0.4756756756756757,
        "support": 81.0
    },
    "13": {
        "precision": 0.5779816513761468,
        "recall": 0.7777777777777778,
        "f1-score": 0.6631578947368421,
        "support": 81.0
    },
    "14": {
        "precision": 0.5714285714285714,
        "recall": 0.5432098765432098,
        "f1-score": 0.5569620253164557,
        "support": 81.0
    },
    "15": {
        "precision": 0.6521739130434783,
        "recall": 0.37037037037037035,
        "f1-score": 0.47244094488188976,
        "support": 81.0
    },
    "16": {
        "precision": 0.44,
        "recall": 0.13580246913580246,
        "f1-score": 0.20754716981132076,
        "support": 81.0
    },
    "17": {
        "precision": 0.422360248447205,
        "recall": 0.8395061728395061,
        "f1-score": 0.5619834710743802,
        "support": 81.0
    },
    "18": {
        "precision": 0.8448275862068966,
        "recall": 0.6049382716049383,
        "f1-score": 0.7050359712230215,
        "support": 81.0
    },
    "micro avg": {
        "precision": 0.5199409158050221,
        "recall": 0.4828532235939643,
        "f1-score": 0.5007112375533428,
        "support": 729.0
    },
    "macro avg": {
        "precision": 0.536000639591591,
        "recall": 0.4828532235939643,
        "f1-score": 0.47867090890659303,
        "support": 729.0
    },
    "weighted avg": {
        "precision": 0.536000639591591,
        "recall": 0.4828532235939643,
        "f1-score": 0.47867090890659303,
        "support": 729.0
    },
    "accuracy": 0.4828532235939643
}