{
    "1": {
        "precision": 0.994267369869296,
        "recall": 0.775809626051172,
        "f1-score": 0.8715577889447236,
        "support": 5589.0
    },
    "2": {
        "precision": 0.9523317845465497,
        "recall": 0.9901592413669709,
        "f1-score": 0.9708771929824561,
        "support": 5589.0
    },
    "3": {
        "precision": 0.9598007215255111,
        "recall": 0.9996421542315262,
        "f1-score": 0.9793163891323401,
        "support": 5589.0
    },
    "4": {
        "precision": 0.9364946380697051,
        "recall": 1.0,
        "f1-score": 0.9672060223241326,
        "support": 5589.0
    },
    "5": {
        "precision": 0.9524539877300614,
        "recall": 1.0,
        "f1-score": 0.9756480754124116,
        "support": 5589.0
    },
    "6": {
        "precision": 0.9948380206479174,
        "recall": 1.0,
        "f1-score": 0.9974123315784778,
        "support": 5589.0
    },
    "7": {
        "precision": 0.998212689901698,
        "recall": 0.9992843084630524,
        "f1-score": 0.9987482117310443,
        "support": 5589.0
    },
    "8": {
        "precision": 0.9976789858953758,
        "recall": 0.9998210771157631,
        "f1-score": 0.9987488829311886,
        "support": 5589.0
    },
    "9": {
        "precision": 1.0,
        "recall": 1.0,
        "f1-score": 1.0,
        "support": 5589.0
    },
    "micro avg": {
        "precision": 0.9751950947603122,
        "recall": 0.9738573785809427,
        "f1-score": 0.9745257776053634,
        "support": 50301.0
    },
    "macro avg": {
        "precision": 0.9762309109095683,
        "recall": 0.9738573785809427,
        "f1-score": 0.9732794327818639,
        "support": 50301.0
    },
    "weighted avg": {
        "precision": 0.9762309109095682,
        "recall": 0.9738573785809427,
        "f1-score": 0.9732794327818638,
        "support": 50301.0
    },
    "accuracy": 0.9738573785809427
}