{
    "10": {
        "precision": 0.9333333333333333,
        "recall": 0.691358024691358,
        "f1-score": 0.7943262411347518,
        "support": 81.0
    },
    "11": {
        "precision": 0.9818181818181818,
        "recall": 0.6666666666666666,
        "f1-score": 0.7941176470588235,
        "support": 81.0
    },
    "12": {
        "precision": 0.735632183908046,
        "recall": 0.7901234567901234,
        "f1-score": 0.7619047619047619,
        "support": 81.0
    },
    "13": {
        "precision": 0.711864406779661,
        "recall": 0.5185185185185185,
        "f1-score": 0.6,
        "support": 81.0
    },
    "14": {
        "precision": 0.0,
        "recall": 0.0,
        "f1-score": 0.0,
        "support": 81.0
    },
    "15": {
        "precision": 0.019230769230769232,
        "recall": 0.024691358024691357,
        "f1-score": 0.021621621621621623,
        "support": 81.0
    },
    "16": {
        "precision": 0.1388888888888889,
        "recall": 0.18518518518518517,
        "f1-score": 0.15873015873015872,
        "support": 81.0
    },
    "17": {
        "precision": 0.0,
        "recall": 0.0,
        "f1-score": 0.0,
        "support": 81.0
    },
    "18": {
        "precision": 0.0,
        "recall": 0.0,
        "f1-score": 0.0,
        "support": 81.0
    },
    "micro avg": {
        "precision": 0.4774590163934426,
        "recall": 0.3196159122085048,
        "f1-score": 0.3829087921117502,
        "support": 729.0
    },
    "macro avg": {
        "precision": 0.39119641821765333,
        "recall": 0.31961591220850477,
        "f1-score": 0.3478556033833464,
        "support": 729.0
    },
    "weighted avg": {
        "precision": 0.39119641821765344,
        "recall": 0.3196159122085048,
        "f1-score": 0.34785560338334637,
        "support": 729.0
    },
    "accuracy": 0.3196159122085048
}