{
    "10": {
        "precision": 0.4020618556701031,
        "recall": 0.48148148148148145,
        "f1-score": 0.43820224719101125,
        "support": 81.0
    },
    "11": {
        "precision": 1.0,
        "recall": 0.012345679012345678,
        "f1-score": 0.024390243902439025,
        "support": 81.0
    },
    "12": {
        "precision": 0.7216494845360825,
        "recall": 0.8641975308641975,
        "f1-score": 0.7865168539325843,
        "support": 81.0
    },
    "13": {
        "precision": 0.23076923076923078,
        "recall": 0.037037037037037035,
        "f1-score": 0.06382978723404255,
        "support": 81.0
    },
    "14": {
        "precision": 0.020833333333333332,
        "recall": 0.012345679012345678,
        "f1-score": 0.015503875968992248,
        "support": 81.0
    },
    "15": {
        "precision": 0.13392857142857142,
        "recall": 0.18518518518518517,
        "f1-score": 0.15544041450777202,
        "support": 81.0
    },
    "16": {
        "precision": 0.4032258064516129,
        "recall": 0.9259259259259259,
        "f1-score": 0.5617977528089888,
        "support": 81.0
    },
    "17": {
        "precision": 0.5633802816901409,
        "recall": 0.49382716049382713,
        "f1-score": 0.5263157894736842,
        "support": 81.0
    },
    "18": {
        "precision": 0.0,
        "recall": 0.0,
        "f1-score": 0.0,
        "support": 81.0
    },
    "micro avg": {
        "precision": 0.3904,
        "recall": 0.3347050754458162,
        "f1-score": 0.3604135893648449,
        "support": 729.0
    },
    "macro avg": {
        "precision": 0.38620539598656384,
        "recall": 0.3347050754458162,
        "f1-score": 0.2857774405577238,
        "support": 729.0
    },
    "weighted avg": {
        "precision": 0.38620539598656384,
        "recall": 0.3347050754458162,
        "f1-score": 0.2857774405577238,
        "support": 729.0
    },
    "accuracy": 0.3347050754458162
}