{
    "1": {
        "precision": 1.0,
        "recall": 1.0,
        "f1-score": 1.0,
        "support": 81.0
    },
    "2": {
        "precision": 1.0,
        "recall": 1.0,
        "f1-score": 1.0,
        "support": 81.0
    },
    "3": {
        "precision": 1.0,
        "recall": 1.0,
        "f1-score": 1.0,
        "support": 81.0
    },
    "4": {
        "precision": 0.963855421686747,
        "recall": 0.9876543209876543,
        "f1-score": 0.975609756097561,
        "support": 81.0
    },
    "5": {
        "precision": 0.8651685393258427,
        "recall": 0.9506172839506173,
        "f1-score": 0.9058823529411765,
        "support": 81.0
    },
    "6": {
        "precision": 0.8266666666666667,
        "recall": 0.7654320987654321,
        "f1-score": 0.7948717948717948,
        "support": 81.0
    },
    "7": {
        "precision": 0.68,
        "recall": 0.6296296296296297,
        "f1-score": 0.6538461538461539,
        "support": 81.0
    },
    "8": {
        "precision": 0.6612903225806451,
        "recall": 0.5061728395061729,
        "f1-score": 0.5734265734265734,
        "support": 81.0
    },
    "9": {
        "precision": 0.6739130434782609,
        "recall": 0.38271604938271603,
        "f1-score": 0.4881889763779528,
        "support": 81.0
    },
    "micro avg": {
        "precision": 0.8692421991084696,
        "recall": 0.8024691358024691,
        "f1-score": 0.8345221112696148,
        "support": 729.0
    },
    "macro avg": {
        "precision": 0.8523215548597958,
        "recall": 0.8024691358024691,
        "f1-score": 0.8213139563956902,
        "support": 729.0
    },
    "weighted avg": {
        "precision": 0.8523215548597958,
        "recall": 0.8024691358024691,
        "f1-score": 0.8213139563956903,
        "support": 729.0
    },
    "accuracy": 0.8024691358024691
}