{
    "1": {
        "precision": 1.0,
        "recall": 1.0,
        "f1-score": 1.0,
        "support": 81.0
    },
    "2": {
        "precision": 1.0,
        "recall": 1.0,
        "f1-score": 1.0,
        "support": 81.0
    },
    "3": {
        "precision": 0.9876543209876543,
        "recall": 0.9876543209876543,
        "f1-score": 0.9876543209876543,
        "support": 81.0
    },
    "4": {
        "precision": 0.583941605839416,
        "recall": 0.9876543209876543,
        "f1-score": 0.7339449541284404,
        "support": 81.0
    },
    "5": {
        "precision": 0.26881720430107525,
        "recall": 0.30864197530864196,
        "f1-score": 0.28735632183908044,
        "support": 81.0
    },
    "6": {
        "precision": 0.16494845360824742,
        "recall": 0.19753086419753085,
        "f1-score": 0.1797752808988764,
        "support": 81.0
    },
    "7": {
        "precision": 0.06796116504854369,
        "recall": 0.08641975308641975,
        "f1-score": 0.07608695652173914,
        "support": 81.0
    },
    "8": {
        "precision": 0.05357142857142857,
        "recall": 0.037037037037037035,
        "f1-score": 0.043795620437956206,
        "support": 81.0
    },
    "9": {
        "precision": 0.0,
        "recall": 0.0,
        "f1-score": 0.0,
        "support": 81.0
    },
    "accuracy": 0.5116598079561042,
    "macro avg": {
        "precision": 0.4585437975951517,
        "recall": 0.5116598079561042,
        "f1-score": 0.4787348283126385,
        "support": 729.0
    },
    "weighted avg": {
        "precision": 0.45854379759515174,
        "recall": 0.5116598079561042,
        "f1-score": 0.4787348283126385,
        "support": 729.0
    }
}