{
    "1": {
        "precision": 0.9878048780487805,
        "recall": 1.0,
        "f1-score": 0.9938650306748467,
        "support": 81.0
    },
    "2": {
        "precision": 0.5513698630136986,
        "recall": 0.9938271604938271,
        "f1-score": 0.7092511013215859,
        "support": 162.0
    },
    "3": {
        "precision": 0.2997275204359673,
        "recall": 0.45267489711934156,
        "f1-score": 0.36065573770491804,
        "support": 243.0
    },
    "4": {
        "precision": 0.14893617021276595,
        "recall": 0.19444444444444445,
        "f1-score": 0.1686746987951807,
        "support": 324.0
    },
    "5": {
        "precision": 0.08571428571428572,
        "recall": 0.1111111111111111,
        "f1-score": 0.0967741935483871,
        "support": 405.0
    },
    "6": {
        "precision": 0.02119460500963391,
        "recall": 0.02263374485596708,
        "f1-score": 0.021890547263681594,
        "support": 486.0
    },
    "7": {
        "precision": 0.0847457627118644,
        "recall": 0.10582010582010581,
        "f1-score": 0.09411764705882353,
        "support": 567.0
    },
    "8": {
        "precision": 0.0,
        "recall": 0.0,
        "f1-score": 0.0,
        "support": 648.0
    },
    "9": {
        "precision": 0.0,
        "recall": 0.0,
        "f1-score": 0.0,
        "support": 729.0
    },
    "accuracy": 0.145679012345679,
    "macro avg": {
        "precision": 0.24216589834966623,
        "recall": 0.3200568293160886,
        "f1-score": 0.271692106263047,
        "support": 3645.0
    },
    "weighted avg": {
        "precision": 0.10520958319660947,
        "recall": 0.145679012345679,
        "f1-score": 0.12095713382998412,
        "support": 3645.0
    }
}