{
    "10": {
        "precision": 0.43322625057365766,
        "recall": 0.48559670781893005,
        "f1-score": 0.45791899102595196,
        "support": 1944.0
    },
    "11": {
        "precision": 0.7,
        "recall": 0.00720164609053498,
        "f1-score": 0.014256619144602852,
        "support": 1944.0
    },
    "12": {
        "precision": 0.5771072796934866,
        "recall": 0.6198559670781894,
        "f1-score": 0.597718253968254,
        "support": 1944.0
    },
    "13": {
        "precision": 0.3482587064676617,
        "recall": 0.10802469135802469,
        "f1-score": 0.16489988221436985,
        "support": 1944.0
    },
    "14": {
        "precision": 0.05731922398589065,
        "recall": 0.03343621399176955,
        "f1-score": 0.04223521767381416,
        "support": 1944.0
    },
    "15": {
        "precision": 0.24562962962962964,
        "recall": 0.426440329218107,
        "f1-score": 0.3117127279563828,
        "support": 1944.0
    },
    "16": {
        "precision": 0.3702015355086372,
        "recall": 0.793724279835391,
        "f1-score": 0.5049083769633508,
        "support": 1944.0
    },
    "17": {
        "precision": 0.41685144124168516,
        "recall": 0.29012345679012347,
        "f1-score": 0.3421292083712466,
        "support": 1944.0
    },
    "18": {
        "precision": 0.42025316455696204,
        "recall": 0.08539094650205761,
        "f1-score": 0.14194100042753313,
        "support": 1944.0
    },
    "micro avg": {
        "precision": 0.3617368592882795,
        "recall": 0.3166438042981253,
        "f1-score": 0.3376916278077474,
        "support": 17496.0
    },
    "macro avg": {
        "precision": 0.39653858129529007,
        "recall": 0.3166438042981253,
        "f1-score": 0.28641336419394514,
        "support": 17496.0
    },
    "weighted avg": {
        "precision": 0.39653858129529007,
        "recall": 0.3166438042981253,
        "f1-score": 0.2864133641939451,
        "support": 17496.0
    },
    "accuracy": 0.3166438042981253
}