{
    "1": {
        "precision": 0.9857142857142858,
        "recall": 0.8518518518518519,
        "f1-score": 0.9139072847682119,
        "support": 81.0
    },
    "2": {
        "precision": 0.8636363636363636,
        "recall": 0.9382716049382716,
        "f1-score": 0.8994082840236687,
        "support": 81.0
    },
    "3": {
        "precision": 0.9743589743589743,
        "recall": 0.9382716049382716,
        "f1-score": 0.9559748427672956,
        "support": 81.0
    },
    "4": {
        "precision": 0.9259259259259259,
        "recall": 0.9259259259259259,
        "f1-score": 0.9259259259259259,
        "support": 81.0
    },
    "5": {
        "precision": 0.9125,
        "recall": 0.9012345679012346,
        "f1-score": 0.906832298136646,
        "support": 81.0
    },
    "6": {
        "precision": 0.8589743589743589,
        "recall": 0.8271604938271605,
        "f1-score": 0.8427672955974843,
        "support": 81.0
    },
    "7": {
        "precision": 0.7777777777777778,
        "recall": 0.7777777777777778,
        "f1-score": 0.7777777777777778,
        "support": 81.0
    },
    "8": {
        "precision": 0.7777777777777778,
        "recall": 0.6049382716049383,
        "f1-score": 0.6805555555555556,
        "support": 81.0
    },
    "9": {
        "precision": 0.6842105263157895,
        "recall": 0.48148148148148145,
        "f1-score": 0.5652173913043478,
        "support": 81.0
    },
    "micro avg": {
        "precision": 0.8683431952662722,
        "recall": 0.8052126200274349,
        "f1-score": 0.8355871886120997,
        "support": 729.0
    },
    "macro avg": {
        "precision": 0.8623195544979171,
        "recall": 0.8052126200274349,
        "f1-score": 0.8298185173174348,
        "support": 729.0
    },
    "weighted avg": {
        "precision": 0.8623195544979171,
        "recall": 0.8052126200274349,
        "f1-score": 0.8298185173174348,
        "support": 729.0
    },
    "accuracy": 0.8052126200274349
}