{
    "1": {
        "precision": 1.0,
        "recall": 1.0,
        "f1-score": 1.0,
        "support": 81.0
    },
    "2": {
        "precision": 1.0,
        "recall": 1.0,
        "f1-score": 1.0,
        "support": 81.0
    },
    "3": {
        "precision": 1.0,
        "recall": 1.0,
        "f1-score": 1.0,
        "support": 81.0
    },
    "4": {
        "precision": 1.0,
        "recall": 1.0,
        "f1-score": 1.0,
        "support": 81.0
    },
    "5": {
        "precision": 0.9878048780487805,
        "recall": 1.0,
        "f1-score": 0.9938650306748467,
        "support": 81.0
    },
    "6": {
        "precision": 0.9518072289156626,
        "recall": 0.9753086419753086,
        "f1-score": 0.9634146341463414,
        "support": 81.0
    },
    "7": {
        "precision": 0.8837209302325582,
        "recall": 0.9382716049382716,
        "f1-score": 0.9101796407185628,
        "support": 81.0
    },
    "8": {
        "precision": 0.8674698795180723,
        "recall": 0.8888888888888888,
        "f1-score": 0.8780487804878049,
        "support": 81.0
    },
    "9": {
        "precision": 1.0,
        "recall": 0.8765432098765432,
        "f1-score": 0.9342105263157895,
        "support": 81.0
    },
    "accuracy": 0.9643347050754458,
    "macro avg": {
        "precision": 0.965644768523897,
        "recall": 0.9643347050754458,
        "f1-score": 0.9644131791492606,
        "support": 729.0
    },
    "weighted avg": {
        "precision": 0.9656447685238971,
        "recall": 0.9643347050754458,
        "f1-score": 0.9644131791492605,
        "support": 729.0
    }
}