{
    "10": {
        "precision": 0.037037037037037035,
        "recall": 0.024691358024691357,
        "f1-score": 0.02962962962962963,
        "support": 81.0
    },
    "11": {
        "precision": 0.0,
        "recall": 0.0,
        "f1-score": 0.0,
        "support": 81.0
    },
    "12": {
        "precision": 0.016129032258064516,
        "recall": 0.024691358024691357,
        "f1-score": 0.01951219512195122,
        "support": 81.0
    },
    "13": {
        "precision": 0.0,
        "recall": 0.0,
        "f1-score": 0.0,
        "support": 81.0
    },
    "14": {
        "precision": 0.006802721088435374,
        "recall": 0.012345679012345678,
        "f1-score": 0.008771929824561403,
        "support": 81.0
    },
    "15": {
        "precision": 0.0,
        "recall": 0.0,
        "f1-score": 0.0,
        "support": 81.0
    },
    "16": {
        "precision": 0.0,
        "recall": 0.0,
        "f1-score": 0.0,
        "support": 81.0
    },
    "17": {
        "precision": 0.0,
        "recall": 0.0,
        "f1-score": 0.0,
        "support": 81.0
    },
    "18": {
        "precision": 0.0,
        "recall": 0.0,
        "f1-score": 0.0,
        "support": 81.0
    },
    "micro avg": {
        "precision": 0.009140767824497258,
        "recall": 0.006858710562414266,
        "f1-score": 0.007836990595611285,
        "support": 729.0
    },
    "macro avg": {
        "precision": 0.0066631989315041025,
        "recall": 0.006858710562414266,
        "f1-score": 0.006434861619571362,
        "support": 729.0
    },
    "weighted avg": {
        "precision": 0.006663198931504103,
        "recall": 0.006858710562414266,
        "f1-score": 0.006434861619571361,
        "support": 729.0
    },
    "accuracy": 0.006858710562414266
}