{
    "1": {
        "precision": 1.0,
        "recall": 0.9935587761674718,
        "f1-score": 0.9967689822294022,
        "support": 5589.0
    },
    "2": {
        "precision": 0.9880846523208252,
        "recall": 0.9940955448201825,
        "f1-score": 0.9910809846592936,
        "support": 5589.0
    },
    "3": {
        "precision": 0.952464173365956,
        "recall": 0.9751297190910717,
        "f1-score": 0.963663690213067,
        "support": 5589.0
    },
    "4": {
        "precision": 0.8536783854166666,
        "recall": 0.9384505278225085,
        "f1-score": 0.8940594903264297,
        "support": 5589.0
    },
    "5": {
        "precision": 0.7784864678503707,
        "recall": 0.8080157452138128,
        "f1-score": 0.7929762949956102,
        "support": 5589.0
    },
    "6": {
        "precision": 0.6633036935704515,
        "recall": 0.6940418679549114,
        "f1-score": 0.6783247355075632,
        "support": 5589.0
    },
    "7": {
        "precision": 0.6347472150814053,
        "recall": 0.5301485059939166,
        "f1-score": 0.5777517792726918,
        "support": 5589.0
    },
    "8": {
        "precision": 0.5595679012345679,
        "recall": 0.6487743782429772,
        "f1-score": 0.6008782832049051,
        "support": 5589.0
    },
    "9": {
        "precision": 0.4227129337539432,
        "recall": 0.023975666487743783,
        "f1-score": 0.04537758211987809,
        "support": 5589.0
    },
    "micro avg": {
        "precision": 0.7999393361643123,
        "recall": 0.7340211924216218,
        "f1-score": 0.7655639300413656,
        "support": 50301.0
    },
    "macro avg": {
        "precision": 0.761449491399354,
        "recall": 0.7340211924216219,
        "f1-score": 0.726764646947649,
        "support": 50301.0
    },
    "weighted avg": {
        "precision": 0.761449491399354,
        "recall": 0.7340211924216218,
        "f1-score": 0.726764646947649,
        "support": 50301.0
    },
    "accuracy": 0.7340211924216218
}