{
    "1": {
        "precision": 1.0,
        "recall": 1.0,
        "f1-score": 1.0,
        "support": 81.0
    },
    "2": {
        "precision": 1.0,
        "recall": 1.0,
        "f1-score": 1.0,
        "support": 81.0
    },
    "3": {
        "precision": 0.9204545454545454,
        "recall": 1.0,
        "f1-score": 0.9585798816568047,
        "support": 81.0
    },
    "4": {
        "precision": 0.8043478260869565,
        "recall": 0.9135802469135802,
        "f1-score": 0.8554913294797688,
        "support": 81.0
    },
    "5": {
        "precision": 0.6310679611650486,
        "recall": 0.8024691358024691,
        "f1-score": 0.7065217391304348,
        "support": 81.0
    },
    "6": {
        "precision": 0.5287356321839081,
        "recall": 0.5679012345679012,
        "f1-score": 0.5476190476190477,
        "support": 81.0
    },
    "7": {
        "precision": 0.45652173913043476,
        "recall": 0.5185185185185185,
        "f1-score": 0.48554913294797686,
        "support": 81.0
    },
    "8": {
        "precision": 0.40789473684210525,
        "recall": 0.38271604938271603,
        "f1-score": 0.39490445859872614,
        "support": 81.0
    },
    "9": {
        "precision": 0.9166666666666666,
        "recall": 0.2716049382716049,
        "f1-score": 0.41904761904761906,
        "support": 81.0
    },
    "micro avg": {
        "precision": 0.7223756906077348,
        "recall": 0.7174211248285323,
        "f1-score": 0.7198898830006882,
        "support": 729.0
    },
    "macro avg": {
        "precision": 0.7406321230588517,
        "recall": 0.7174211248285323,
        "f1-score": 0.7075236898311531,
        "support": 729.0
    },
    "weighted avg": {
        "precision": 0.7406321230588516,
        "recall": 0.7174211248285323,
        "f1-score": 0.707523689831153,
        "support": 729.0
    },
    "accuracy": 0.7174211248285323
}