{
    "10": {
        "precision": 0.5616438356164384,
        "recall": 0.5061728395061729,
        "f1-score": 0.5324675324675324,
        "support": 81.0
    },
    "11": {
        "precision": 1.0,
        "recall": 0.012345679012345678,
        "f1-score": 0.024390243902439025,
        "support": 81.0
    },
    "12": {
        "precision": 0.4,
        "recall": 0.3950617283950617,
        "f1-score": 0.39751552795031053,
        "support": 81.0
    },
    "13": {
        "precision": 0.0,
        "recall": 0.0,
        "f1-score": 0.0,
        "support": 81.0
    },
    "14": {
        "precision": 0.0,
        "recall": 0.0,
        "f1-score": 0.0,
        "support": 81.0
    },
    "15": {
        "precision": 0.0,
        "recall": 0.0,
        "f1-score": 0.0,
        "support": 81.0
    },
    "16": {
        "precision": 0.30303030303030304,
        "recall": 0.9876543209876543,
        "f1-score": 0.463768115942029,
        "support": 81.0
    },
    "17": {
        "precision": 0.5,
        "recall": 0.012345679012345678,
        "f1-score": 0.024096385542168676,
        "support": 81.0
    },
    "18": {
        "precision": 0.16666666666666666,
        "recall": 0.04938271604938271,
        "f1-score": 0.0761904761904762,
        "support": 81.0
    },
    "micro avg": {
        "precision": 0.27319587628865977,
        "recall": 0.21810699588477367,
        "f1-score": 0.2425629290617849,
        "support": 729.0
    },
    "macro avg": {
        "precision": 0.325704533923712,
        "recall": 0.21810699588477367,
        "f1-score": 0.1687142535549951,
        "support": 729.0
    },
    "weighted avg": {
        "precision": 0.32570453392371196,
        "recall": 0.21810699588477367,
        "f1-score": 0.16871425355499511,
        "support": 729.0
    },
    "accuracy": 0.21810699588477367
}