{
    "1": {
        "precision": 0.9056878949927079,
        "recall": 1.0,
        "f1-score": 0.9505102040816327,
        "support": 5589.0
    },
    "2": {
        "precision": 0.8666450356911096,
        "recall": 0.9558060475934872,
        "f1-score": 0.9090444992767804,
        "support": 5589.0
    },
    "3": {
        "precision": 0.8652530779753762,
        "recall": 0.9053497942386831,
        "f1-score": 0.8848474250240448,
        "support": 5589.0
    },
    "4": {
        "precision": 0.8755877034358047,
        "recall": 0.8663446054750402,
        "f1-score": 0.8709416314416764,
        "support": 5589.0
    },
    "5": {
        "precision": 0.8613668555240793,
        "recall": 0.8704598318124889,
        "f1-score": 0.8658894722790781,
        "support": 5589.0
    },
    "6": {
        "precision": 0.8667757179207561,
        "recall": 0.853283234925747,
        "f1-score": 0.8599765575692002,
        "support": 5589.0
    },
    "7": {
        "precision": 0.8651915210115284,
        "recall": 0.8325281803542673,
        "f1-score": 0.8485456369107321,
        "support": 5589.0
    },
    "8": {
        "precision": 0.8760314718863942,
        "recall": 0.8167829665414207,
        "f1-score": 0.8453703703703703,
        "support": 5589.0
    },
    "9": {
        "precision": 0.974700109051254,
        "recall": 0.7996063696546788,
        "f1-score": 0.8785138588559072,
        "support": 5589.0
    },
    "micro avg": {
        "precision": 0.8824270040170274,
        "recall": 0.8777956700662015,
        "f1-score": 0.8801052442743527,
        "support": 50301.0
    },
    "macro avg": {
        "precision": 0.8841377097210013,
        "recall": 0.8777956700662015,
        "f1-score": 0.8792932950899358,
        "support": 50301.0
    },
    "weighted avg": {
        "precision": 0.8841377097210011,
        "recall": 0.8777956700662015,
        "f1-score": 0.8792932950899358,
        "support": 50301.0
    },
    "accuracy": 0.8777956700662015
}