{
    "1": {
        "precision": 0.3347107438016529,
        "recall": 1.0,
        "f1-score": 0.5015479876160991,
        "support": 81.0
    },
    "2": {
        "precision": 0.0041841004184100415,
        "recall": 0.006172839506172839,
        "f1-score": 0.004987531172069825,
        "support": 162.0
    },
    "3": {
        "precision": 0.015527950310559006,
        "recall": 0.0205761316872428,
        "f1-score": 0.017699115044247787,
        "support": 243.0
    },
    "4": {
        "precision": 0.01856763925729443,
        "recall": 0.021604938271604937,
        "f1-score": 0.019971469329529243,
        "support": 324.0
    },
    "5": {
        "precision": 0.08353221957040573,
        "recall": 0.08641975308641975,
        "f1-score": 0.08495145631067962,
        "support": 405.0
    },
    "6": {
        "precision": 0.15562403697996918,
        "recall": 0.20781893004115226,
        "f1-score": 0.17797356828193833,
        "support": 486.0
    },
    "7": {
        "precision": 0.028963414634146343,
        "recall": 0.03350970017636684,
        "f1-score": 0.03107113654946852,
        "support": 567.0
    },
    "8": {
        "precision": 0.016216216216216217,
        "recall": 0.018518518518518517,
        "f1-score": 0.01729106628242075,
        "support": 648.0
    },
    "9": {
        "precision": 1.0,
        "recall": 0.0013717421124828531,
        "f1-score": 0.0027397260273972603,
        "support": 729.0
    },
    "accuracy": 0.07187928669410151,
    "macro avg": {
        "precision": 0.18414736902096152,
        "recall": 0.15511028371110677,
        "f1-score": 0.09535922851265005,
        "support": 3645.0
    },
    "weighted avg": {
        "precision": 0.24772916232222056,
        "recall": 0.07187928669410151,
        "f1-score": 0.055946421866852176,
        "support": 3645.0
    }
}