{
    "10": {
        "precision": 0.6588235294117647,
        "recall": 0.691358024691358,
        "f1-score": 0.6746987951807228,
        "support": 81.0
    },
    "11": {
        "precision": 0.8813559322033898,
        "recall": 0.6419753086419753,
        "f1-score": 0.7428571428571429,
        "support": 81.0
    },
    "12": {
        "precision": 0.592,
        "recall": 0.9135802469135802,
        "f1-score": 0.7184466019417476,
        "support": 81.0
    },
    "13": {
        "precision": 0.3522727272727273,
        "recall": 0.38271604938271603,
        "f1-score": 0.3668639053254438,
        "support": 81.0
    },
    "14": {
        "precision": 0.5416666666666666,
        "recall": 0.32098765432098764,
        "f1-score": 0.40310077519379844,
        "support": 81.0
    },
    "15": {
        "precision": 0.5670103092783505,
        "recall": 0.6790123456790124,
        "f1-score": 0.6179775280898876,
        "support": 81.0
    },
    "16": {
        "precision": 0.46153846153846156,
        "recall": 0.4444444444444444,
        "f1-score": 0.4528301886792453,
        "support": 81.0
    },
    "17": {
        "precision": 0.39316239316239315,
        "recall": 0.5679012345679012,
        "f1-score": 0.46464646464646464,
        "support": 81.0
    },
    "18": {
        "precision": 1.0,
        "recall": 0.08641975308641975,
        "f1-score": 0.1590909090909091,
        "support": 81.0
    },
    "micro avg": {
        "precision": 0.5440340909090909,
        "recall": 0.5253772290809328,
        "f1-score": 0.534542916957432,
        "support": 729.0
    },
    "macro avg": {
        "precision": 0.6053144466148616,
        "recall": 0.5253772290809329,
        "f1-score": 0.5111680345561513,
        "support": 729.0
    },
    "weighted avg": {
        "precision": 0.6053144466148616,
        "recall": 0.5253772290809328,
        "f1-score": 0.5111680345561512,
        "support": 729.0
    },
    "accuracy": 0.5253772290809328
}