{
    "10": {
        "precision": 0.9682539682539683,
        "recall": 0.7530864197530864,
        "f1-score": 0.8472222222222222,
        "support": 81.0
    },
    "11": {
        "precision": 0.9482758620689655,
        "recall": 0.6790123456790124,
        "f1-score": 0.7913669064748201,
        "support": 81.0
    },
    "12": {
        "precision": 0.7108433734939759,
        "recall": 0.7283950617283951,
        "f1-score": 0.7195121951219512,
        "support": 81.0
    },
    "13": {
        "precision": 0.6071428571428571,
        "recall": 0.41975308641975306,
        "f1-score": 0.49635036496350365,
        "support": 81.0
    },
    "14": {
        "precision": 0.0,
        "recall": 0.0,
        "f1-score": 0.0,
        "support": 81.0
    },
    "15": {
        "precision": 0.0,
        "recall": 0.0,
        "f1-score": 0.0,
        "support": 81.0
    },
    "16": {
        "precision": 0.08264462809917356,
        "recall": 0.12345679012345678,
        "f1-score": 0.09900990099009901,
        "support": 81.0
    },
    "17": {
        "precision": 0.0,
        "recall": 0.0,
        "f1-score": 0.0,
        "support": 81.0
    },
    "18": {
        "precision": 0.0,
        "recall": 0.0,
        "f1-score": 0.0,
        "support": 81.0
    },
    "micro avg": {
        "precision": 0.4460285132382892,
        "recall": 0.3004115226337449,
        "f1-score": 0.3590163934426229,
        "support": 729.0
    },
    "macro avg": {
        "precision": 0.36857340989543785,
        "recall": 0.3004115226337449,
        "f1-score": 0.3281623988636218,
        "support": 729.0
    },
    "weighted avg": {
        "precision": 0.36857340989543785,
        "recall": 0.3004115226337449,
        "f1-score": 0.32816239886362175,
        "support": 729.0
    },
    "accuracy": 0.3004115226337449
}