{
    "1": {
        "precision": 1.0,
        "recall": 1.0,
        "f1-score": 1.0,
        "support": 81.0
    },
    "2": {
        "precision": 1.0,
        "recall": 1.0,
        "f1-score": 1.0,
        "support": 81.0
    },
    "3": {
        "precision": 1.0,
        "recall": 1.0,
        "f1-score": 1.0,
        "support": 81.0
    },
    "4": {
        "precision": 0.9878048780487805,
        "recall": 1.0,
        "f1-score": 0.9938650306748467,
        "support": 81.0
    },
    "5": {
        "precision": 0.8421052631578947,
        "recall": 0.9876543209876543,
        "f1-score": 0.9090909090909091,
        "support": 81.0
    },
    "6": {
        "precision": 0.7415730337078652,
        "recall": 0.8148148148148148,
        "f1-score": 0.7764705882352941,
        "support": 81.0
    },
    "7": {
        "precision": 0.6304347826086957,
        "recall": 0.7160493827160493,
        "f1-score": 0.6705202312138728,
        "support": 81.0
    },
    "8": {
        "precision": 0.5595238095238095,
        "recall": 0.5802469135802469,
        "f1-score": 0.5696969696969697,
        "support": 81.0
    },
    "9": {
        "precision": 1.0,
        "recall": 0.5432098765432098,
        "f1-score": 0.704,
        "support": 81.0
    },
    "accuracy": 0.8491083676268861,
    "macro avg": {
        "precision": 0.8623824185607829,
        "recall": 0.8491083676268861,
        "f1-score": 0.8470715254346547,
        "support": 729.0
    },
    "weighted avg": {
        "precision": 0.8623824185607828,
        "recall": 0.8491083676268861,
        "f1-score": 0.8470715254346546,
        "support": 729.0
    }
}