{
    "1": {
        "precision": 1.0,
        "recall": 1.0,
        "f1-score": 1.0,
        "support": 81.0
    },
    "2": {
        "precision": 1.0,
        "recall": 1.0,
        "f1-score": 1.0,
        "support": 81.0
    },
    "3": {
        "precision": 0.9634146341463414,
        "recall": 0.9753086419753086,
        "f1-score": 0.9693251533742331,
        "support": 81.0
    },
    "4": {
        "precision": 0.6290322580645161,
        "recall": 0.9629629629629629,
        "f1-score": 0.7609756097560976,
        "support": 81.0
    },
    "5": {
        "precision": 0.3490566037735849,
        "recall": 0.4567901234567901,
        "f1-score": 0.39572192513368987,
        "support": 81.0
    },
    "6": {
        "precision": 0.16346153846153846,
        "recall": 0.20987654320987653,
        "f1-score": 0.1837837837837838,
        "support": 81.0
    },
    "7": {
        "precision": 0.053763440860215055,
        "recall": 0.06172839506172839,
        "f1-score": 0.05747126436781609,
        "support": 81.0
    },
    "8": {
        "precision": 0.10909090909090909,
        "recall": 0.07407407407407407,
        "f1-score": 0.08823529411764706,
        "support": 81.0
    },
    "9": {
        "precision": 1.0,
        "recall": 0.037037037037037035,
        "f1-score": 0.07142857142857142,
        "support": 81.0
    },
    "accuracy": 0.5308641975308642,
    "macro avg": {
        "precision": 0.5853132649330116,
        "recall": 0.5308641975308642,
        "f1-score": 0.5029935113290932,
        "support": 729.0
    },
    "weighted avg": {
        "precision": 0.5853132649330117,
        "recall": 0.5308641975308642,
        "f1-score": 0.5029935113290932,
        "support": 729.0
    }
}