{
    "10": {
        "precision": 0.36633663366336633,
        "recall": 0.4567901234567901,
        "f1-score": 0.4065934065934066,
        "support": 81.0
    },
    "11": {
        "precision": 1.0,
        "recall": 0.012345679012345678,
        "f1-score": 0.024390243902439025,
        "support": 81.0
    },
    "12": {
        "precision": 0.7529411764705882,
        "recall": 0.7901234567901234,
        "f1-score": 0.7710843373493976,
        "support": 81.0
    },
    "13": {
        "precision": 0.5714285714285714,
        "recall": 0.2962962962962963,
        "f1-score": 0.3902439024390244,
        "support": 81.0
    },
    "14": {
        "precision": 0.05555555555555555,
        "recall": 0.024691358024691357,
        "f1-score": 0.03418803418803419,
        "support": 81.0
    },
    "15": {
        "precision": 0.37628865979381443,
        "recall": 0.9012345679012346,
        "f1-score": 0.5309090909090909,
        "support": 81.0
    },
    "16": {
        "precision": 0.6,
        "recall": 0.6666666666666666,
        "f1-score": 0.631578947368421,
        "support": 81.0
    },
    "17": {
        "precision": 0.4140625,
        "recall": 0.654320987654321,
        "f1-score": 0.507177033492823,
        "support": 81.0
    },
    "18": {
        "precision": 1.0,
        "recall": 0.04938271604938271,
        "f1-score": 0.09411764705882353,
        "support": 81.0
    },
    "micro avg": {
        "precision": 0.4581497797356828,
        "recall": 0.4279835390946502,
        "f1-score": 0.4425531914893617,
        "support": 729.0
    },
    "macro avg": {
        "precision": 0.5707347885457662,
        "recall": 0.42798353909465026,
        "f1-score": 0.37669807147794004,
        "support": 729.0
    },
    "weighted avg": {
        "precision": 0.5707347885457662,
        "recall": 0.4279835390946502,
        "f1-score": 0.37669807147794,
        "support": 729.0
    },
    "accuracy": 0.4279835390946502
}