{
    "1": {
        "precision": 1.0,
        "recall": 1.0,
        "f1-score": 1.0,
        "support": 81.0
    },
    "2": {
        "precision": 1.0,
        "recall": 0.9753086419753086,
        "f1-score": 0.9875,
        "support": 81.0
    },
    "3": {
        "precision": 1.0,
        "recall": 0.9753086419753086,
        "f1-score": 0.9875,
        "support": 81.0
    },
    "4": {
        "precision": 0.9487179487179487,
        "recall": 0.9135802469135802,
        "f1-score": 0.9308176100628931,
        "support": 81.0
    },
    "5": {
        "precision": 0.9080459770114943,
        "recall": 0.9753086419753086,
        "f1-score": 0.9404761904761905,
        "support": 81.0
    },
    "6": {
        "precision": 0.9186046511627907,
        "recall": 0.9753086419753086,
        "f1-score": 0.9461077844311377,
        "support": 81.0
    },
    "7": {
        "precision": 0.9358974358974359,
        "recall": 0.9012345679012346,
        "f1-score": 0.9182389937106918,
        "support": 81.0
    },
    "8": {
        "precision": 0.875,
        "recall": 0.8641975308641975,
        "f1-score": 0.8695652173913043,
        "support": 81.0
    },
    "9": {
        "precision": 0.9090909090909091,
        "recall": 0.8641975308641975,
        "f1-score": 0.8860759493670886,
        "support": 81.0
    },
    "micro avg": {
        "precision": 0.9434482758620689,
        "recall": 0.9382716049382716,
        "f1-score": 0.9408528198074277,
        "support": 729.0
    },
    "macro avg": {
        "precision": 0.9439285468756198,
        "recall": 0.9382716049382717,
        "f1-score": 0.9406979717154784,
        "support": 729.0
    },
    "weighted avg": {
        "precision": 0.9439285468756198,
        "recall": 0.9382716049382716,
        "f1-score": 0.9406979717154785,
        "support": 729.0
    },
    "accuracy": 0.9382716049382716
}