{
    "10": {
        "precision": 1.0,
        "recall": 1.0,
        "f1-score": 1.0,
        "support": 81.0
    },
    "11": {
        "precision": 1.0,
        "recall": 0.9876543209876543,
        "f1-score": 0.9937888198757764,
        "support": 81.0
    },
    "12": {
        "precision": 0.9876543209876543,
        "recall": 0.9876543209876543,
        "f1-score": 0.9876543209876543,
        "support": 81.0
    },
    "13": {
        "precision": 0.9876543209876543,
        "recall": 0.9876543209876543,
        "f1-score": 0.9876543209876543,
        "support": 81.0
    },
    "14": {
        "precision": 0.9875,
        "recall": 0.9753086419753086,
        "f1-score": 0.9813664596273292,
        "support": 81.0
    },
    "15": {
        "precision": 0.975,
        "recall": 0.9629629629629629,
        "f1-score": 0.968944099378882,
        "support": 81.0
    },
    "16": {
        "precision": 0.9746835443037974,
        "recall": 0.9506172839506173,
        "f1-score": 0.9625,
        "support": 81.0
    },
    "17": {
        "precision": 0.9382716049382716,
        "recall": 0.9382716049382716,
        "f1-score": 0.9382716049382716,
        "support": 81.0
    },
    "18": {
        "precision": 0.9375,
        "recall": 0.9259259259259259,
        "f1-score": 0.9316770186335404,
        "support": 81.0
    },
    "micro avg": {
        "precision": 0.9764868603042877,
        "recall": 0.9684499314128944,
        "f1-score": 0.9724517906336089,
        "support": 729.0
    },
    "macro avg": {
        "precision": 0.9764737545797088,
        "recall": 0.9684499314128944,
        "f1-score": 0.9724285160476787,
        "support": 729.0
    },
    "weighted avg": {
        "precision": 0.9764737545797085,
        "recall": 0.9684499314128944,
        "f1-score": 0.9724285160476788,
        "support": 729.0
    },
    "accuracy": 0.9684499314128944
}