{
    "10": {
        "precision": 0.7721518987341772,
        "recall": 0.7530864197530864,
        "f1-score": 0.7625,
        "support": 81.0
    },
    "11": {
        "precision": 0.0,
        "recall": 0.0,
        "f1-score": 0.0,
        "support": 81.0
    },
    "12": {
        "precision": 0.22784810126582278,
        "recall": 0.2222222222222222,
        "f1-score": 0.225,
        "support": 81.0
    },
    "13": {
        "precision": 0.23423423423423423,
        "recall": 0.32098765432098764,
        "f1-score": 0.2708333333333333,
        "support": 81.0
    },
    "14": {
        "precision": 0.0,
        "recall": 0.0,
        "f1-score": 0.0,
        "support": 81.0
    },
    "15": {
        "precision": 0.16,
        "recall": 0.24691358024691357,
        "f1-score": 0.1941747572815534,
        "support": 81.0
    },
    "16": {
        "precision": 0.06666666666666667,
        "recall": 0.012345679012345678,
        "f1-score": 0.020833333333333332,
        "support": 81.0
    },
    "17": {
        "precision": 0.1,
        "recall": 0.012345679012345678,
        "f1-score": 0.02197802197802198,
        "support": 81.0
    },
    "18": {
        "precision": 0.0,
        "recall": 0.0,
        "f1-score": 0.0,
        "support": 81.0
    },
    "micro avg": {
        "precision": 0.30023640661938533,
        "recall": 0.17421124828532236,
        "f1-score": 0.2204861111111111,
        "support": 729.0
    },
    "macro avg": {
        "precision": 0.17343343343343343,
        "recall": 0.17421124828532233,
        "f1-score": 0.1661466051029158,
        "support": 729.0
    },
    "weighted avg": {
        "precision": 0.17343343343343343,
        "recall": 0.17421124828532236,
        "f1-score": 0.1661466051029158,
        "support": 729.0
    },
    "accuracy": 0.17421124828532236
}