{
    "10": {
        "precision": 0.41935483870967744,
        "recall": 0.6419753086419753,
        "f1-score": 0.5073170731707317,
        "support": 81.0
    },
    "11": {
        "precision": 0.4,
        "recall": 0.12345679012345678,
        "f1-score": 0.18867924528301888,
        "support": 81.0
    },
    "12": {
        "precision": 0.8666666666666667,
        "recall": 0.8024691358024691,
        "f1-score": 0.8333333333333334,
        "support": 81.0
    },
    "13": {
        "precision": 0.9649122807017544,
        "recall": 0.6790123456790124,
        "f1-score": 0.7971014492753623,
        "support": 81.0
    },
    "14": {
        "precision": 0.7692307692307693,
        "recall": 0.7407407407407407,
        "f1-score": 0.7547169811320755,
        "support": 81.0
    },
    "15": {
        "precision": 0.6911764705882353,
        "recall": 0.5802469135802469,
        "f1-score": 0.6308724832214765,
        "support": 81.0
    },
    "16": {
        "precision": 0.4117647058823529,
        "recall": 0.25925925925925924,
        "f1-score": 0.3181818181818182,
        "support": 81.0
    },
    "17": {
        "precision": 0.09523809523809523,
        "recall": 0.04938271604938271,
        "f1-score": 0.06504065040650407,
        "support": 81.0
    },
    "18": {
        "precision": 0.03225806451612903,
        "recall": 0.012345679012345678,
        "f1-score": 0.017857142857142856,
        "support": 81.0
    },
    "micro avg": {
        "precision": 0.5716878402903811,
        "recall": 0.43209876543209874,
        "f1-score": 0.4921875,
        "support": 729.0
    },
    "macro avg": {
        "precision": 0.5167335435037422,
        "recall": 0.43209876543209874,
        "f1-score": 0.4570111307623849,
        "support": 729.0
    },
    "weighted avg": {
        "precision": 0.5167335435037423,
        "recall": 0.43209876543209874,
        "f1-score": 0.45701113076238475,
        "support": 729.0
    },
    "accuracy": 0.43209876543209874
}