{
    "10": {
        "precision": 0.28431372549019607,
        "recall": 0.35802469135802467,
        "f1-score": 0.31693989071038253,
        "support": 81.0
    },
    "11": {
        "precision": 0.0,
        "recall": 0.0,
        "f1-score": 0.0,
        "support": 81.0
    },
    "12": {
        "precision": 0.8051948051948052,
        "recall": 0.7654320987654321,
        "f1-score": 0.7848101265822784,
        "support": 81.0
    },
    "13": {
        "precision": 0.3684210526315789,
        "recall": 0.08641975308641975,
        "f1-score": 0.14,
        "support": 81.0
    },
    "14": {
        "precision": 0.05,
        "recall": 0.037037037037037035,
        "f1-score": 0.0425531914893617,
        "support": 81.0
    },
    "15": {
        "precision": 0.3202614379084967,
        "recall": 0.6049382716049383,
        "f1-score": 0.4188034188034188,
        "support": 81.0
    },
    "16": {
        "precision": 0.35858585858585856,
        "recall": 0.8765432098765432,
        "f1-score": 0.5089605734767025,
        "support": 81.0
    },
    "17": {
        "precision": 0.13333333333333333,
        "recall": 0.09876543209876543,
        "f1-score": 0.11347517730496454,
        "support": 81.0
    },
    "18": {
        "precision": 1.0,
        "recall": 0.04938271604938271,
        "f1-score": 0.09411764705882353,
        "support": 81.0
    },
    "micro avg": {
        "precision": 0.3462109955423477,
        "recall": 0.3196159122085048,
        "f1-score": 0.33238231098430815,
        "support": 729.0
    },
    "macro avg": {
        "precision": 0.36890113479380765,
        "recall": 0.3196159122085048,
        "f1-score": 0.2688511139362147,
        "support": 729.0
    },
    "weighted avg": {
        "precision": 0.3689011347938076,
        "recall": 0.3196159122085048,
        "f1-score": 0.2688511139362147,
        "support": 729.0
    },
    "accuracy": 0.3196159122085048
}