{
    "1": {
        "precision": 1.0,
        "recall": 1.0,
        "f1-score": 1.0,
        "support": 81.0
    },
    "2": {
        "precision": 1.0,
        "recall": 1.0,
        "f1-score": 1.0,
        "support": 81.0
    },
    "3": {
        "precision": 1.0,
        "recall": 1.0,
        "f1-score": 1.0,
        "support": 81.0
    },
    "4": {
        "precision": 1.0,
        "recall": 1.0,
        "f1-score": 1.0,
        "support": 81.0
    },
    "5": {
        "precision": 0.9418604651162791,
        "recall": 1.0,
        "f1-score": 0.9700598802395209,
        "support": 81.0
    },
    "6": {
        "precision": 0.8837209302325582,
        "recall": 0.9382716049382716,
        "f1-score": 0.9101796407185628,
        "support": 81.0
    },
    "7": {
        "precision": 0.8554216867469879,
        "recall": 0.8765432098765432,
        "f1-score": 0.8658536585365854,
        "support": 81.0
    },
    "8": {
        "precision": 0.7840909090909091,
        "recall": 0.8518518518518519,
        "f1-score": 0.8165680473372781,
        "support": 81.0
    },
    "9": {
        "precision": 1.0,
        "recall": 0.7654320987654321,
        "f1-score": 0.8671328671328671,
        "support": 81.0
    },
    "accuracy": 0.9368998628257887,
    "macro avg": {
        "precision": 0.9405659990207482,
        "recall": 0.9368998628257889,
        "f1-score": 0.9366437882183126,
        "support": 729.0
    },
    "weighted avg": {
        "precision": 0.9405659990207483,
        "recall": 0.9368998628257887,
        "f1-score": 0.9366437882183127,
        "support": 729.0
    }
}