{
    "10": {
        "precision": 0.6276595744680851,
        "recall": 0.7283950617283951,
        "f1-score": 0.6742857142857143,
        "support": 81.0
    },
    "11": {
        "precision": 0.8518518518518519,
        "recall": 0.5679012345679012,
        "f1-score": 0.6814814814814815,
        "support": 81.0
    },
    "12": {
        "precision": 0.6239316239316239,
        "recall": 0.9012345679012346,
        "f1-score": 0.7373737373737373,
        "support": 81.0
    },
    "13": {
        "precision": 0.4044943820224719,
        "recall": 0.4444444444444444,
        "f1-score": 0.4235294117647059,
        "support": 81.0
    },
    "14": {
        "precision": 0.47540983606557374,
        "recall": 0.35802469135802467,
        "f1-score": 0.4084507042253521,
        "support": 81.0
    },
    "15": {
        "precision": 0.5595238095238095,
        "recall": 0.5802469135802469,
        "f1-score": 0.5696969696969697,
        "support": 81.0
    },
    "16": {
        "precision": 0.47560975609756095,
        "recall": 0.48148148148148145,
        "f1-score": 0.4785276073619632,
        "support": 81.0
    },
    "17": {
        "precision": 0.42342342342342343,
        "recall": 0.5802469135802469,
        "f1-score": 0.4895833333333333,
        "support": 81.0
    },
    "18": {
        "precision": 1.0,
        "recall": 0.1728395061728395,
        "f1-score": 0.29473684210526313,
        "support": 81.0
    },
    "micro avg": {
        "precision": 0.5524079320113314,
        "recall": 0.5349794238683128,
        "f1-score": 0.5435540069686411,
        "support": 729.0
    },
    "macro avg": {
        "precision": 0.6046560285982667,
        "recall": 0.5349794238683128,
        "f1-score": 0.52862953351428,
        "support": 729.0
    },
    "weighted avg": {
        "precision": 0.6046560285982667,
        "recall": 0.5349794238683128,
        "f1-score": 0.52862953351428,
        "support": 729.0
    },
    "accuracy": 0.5349794238683128
}