{
    "1": {
        "precision": 1.0,
        "recall": 1.0,
        "f1-score": 1.0,
        "support": 81.0
    },
    "2": {
        "precision": 1.0,
        "recall": 1.0,
        "f1-score": 1.0,
        "support": 81.0
    },
    "3": {
        "precision": 0.9512195121951219,
        "recall": 0.9629629629629629,
        "f1-score": 0.9570552147239264,
        "support": 81.0
    },
    "4": {
        "precision": 0.9387755102040817,
        "recall": 0.5679012345679012,
        "f1-score": 0.7076923076923077,
        "support": 81.0
    },
    "5": {
        "precision": 0.6111111111111112,
        "recall": 0.6790123456790124,
        "f1-score": 0.6432748538011696,
        "support": 81.0
    },
    "6": {
        "precision": 0.5679012345679012,
        "recall": 0.5679012345679012,
        "f1-score": 0.5679012345679012,
        "support": 81.0
    },
    "7": {
        "precision": 0.4588235294117647,
        "recall": 0.48148148148148145,
        "f1-score": 0.46987951807228917,
        "support": 81.0
    },
    "8": {
        "precision": 0.45544554455445546,
        "recall": 0.5679012345679012,
        "f1-score": 0.5054945054945055,
        "support": 81.0
    },
    "9": {
        "precision": 0.6491228070175439,
        "recall": 0.4567901234567901,
        "f1-score": 0.5362318840579711,
        "support": 81.0
    },
    "micro avg": {
        "precision": 0.7199434229137199,
        "recall": 0.6982167352537723,
        "f1-score": 0.7089136490250696,
        "support": 729.0
    },
    "macro avg": {
        "precision": 0.7369332498957756,
        "recall": 0.6982167352537723,
        "f1-score": 0.7097255020455634,
        "support": 729.0
    },
    "weighted avg": {
        "precision": 0.7369332498957756,
        "recall": 0.6982167352537723,
        "f1-score": 0.7097255020455634,
        "support": 729.0
    },
    "accuracy": 0.6982167352537723
}