{
    "10": {
        "precision": 0.0,
        "recall": 0.0,
        "f1-score": 0.0,
        "support": 81.0
    },
    "11": {
        "precision": 0.0,
        "recall": 0.0,
        "f1-score": 0.0,
        "support": 81.0
    },
    "12": {
        "precision": 0.0,
        "recall": 0.0,
        "f1-score": 0.0,
        "support": 81.0
    },
    "13": {
        "precision": 0.14285714285714285,
        "recall": 0.024691358024691357,
        "f1-score": 0.042105263157894736,
        "support": 81.0
    },
    "14": {
        "precision": 0.0,
        "recall": 0.0,
        "f1-score": 0.0,
        "support": 81.0
    },
    "15": {
        "precision": 0.0,
        "recall": 0.0,
        "f1-score": 0.0,
        "support": 81.0
    },
    "16": {
        "precision": 0.0,
        "recall": 0.0,
        "f1-score": 0.0,
        "support": 81.0
    },
    "17": {
        "precision": 0.0,
        "recall": 0.0,
        "f1-score": 0.0,
        "support": 81.0
    },
    "18": {
        "precision": 0.0,
        "recall": 0.0,
        "f1-score": 0.0,
        "support": 81.0
    },
    "micro avg": {
        "precision": 0.06060606060606061,
        "recall": 0.0027434842249657062,
        "f1-score": 0.005249343832020997,
        "support": 729.0
    },
    "macro avg": {
        "precision": 0.015873015873015872,
        "recall": 0.0027434842249657062,
        "f1-score": 0.004678362573099415,
        "support": 729.0
    },
    "weighted avg": {
        "precision": 0.015873015873015872,
        "recall": 0.0027434842249657062,
        "f1-score": 0.004678362573099415,
        "support": 729.0
    },
    "accuracy": 0.0027434842249657062
}