{
    "1": {
        "precision": 1.0,
        "recall": 0.9991053855788156,
        "f1-score": 0.9995524926161282,
        "support": 5589.0
    },
    "2": {
        "precision": 0.9985595966870724,
        "recall": 0.9923063159778136,
        "f1-score": 0.9954231356008256,
        "support": 5589.0
    },
    "3": {
        "precision": 0.9893942117562466,
        "recall": 0.984791554839864,
        "f1-score": 0.9870875179340028,
        "support": 5589.0
    },
    "4": {
        "precision": 0.970904602362899,
        "recall": 0.9851494006083378,
        "f1-score": 0.97797513321492,
        "support": 5589.0
    },
    "5": {
        "precision": 0.9671572146446519,
        "recall": 0.9642154231526212,
        "f1-score": 0.9656840784875907,
        "support": 5589.0
    },
    "6": {
        "precision": 0.9129108776685869,
        "recall": 0.9640365002683843,
        "f1-score": 0.9377773910016535,
        "support": 5589.0
    },
    "7": {
        "precision": 0.8863991662324127,
        "recall": 0.9130434782608695,
        "f1-score": 0.8995240613432046,
        "support": 5589.0
    },
    "8": {
        "precision": 0.8389583690251842,
        "recall": 0.8761853641080695,
        "f1-score": 0.857167862769123,
        "support": 5589.0
    },
    "9": {
        "precision": 0.9746965644929027,
        "recall": 0.8477366255144033,
        "f1-score": 0.9067942583732057,
        "support": 5589.0
    },
    "accuracy": 0.9473966720343532,
    "macro avg": {
        "precision": 0.9487756225411061,
        "recall": 0.9473966720343532,
        "f1-score": 0.9474428812600727,
        "support": 50301.0
    },
    "weighted avg": {
        "precision": 0.9487756225411063,
        "recall": 0.9473966720343532,
        "f1-score": 0.9474428812600726,
        "support": 50301.0
    }
}