{
    "1": {
        "precision": 0.9204545454545454,
        "recall": 1.0,
        "f1-score": 0.9585798816568047,
        "support": 81.0
    },
    "2": {
        "precision": 0.4258241758241758,
        "recall": 0.9567901234567902,
        "f1-score": 0.5893536121673004,
        "support": 162.0
    },
    "3": {
        "precision": 0.09497206703910614,
        "recall": 0.13991769547325103,
        "f1-score": 0.11314475873544093,
        "support": 243.0
    },
    "4": {
        "precision": 0.0,
        "recall": 0.0,
        "f1-score": 0.0,
        "support": 324.0
    },
    "5": {
        "precision": 0.0,
        "recall": 0.0,
        "f1-score": 0.0,
        "support": 405.0
    },
    "6": {
        "precision": 0.0,
        "recall": 0.0,
        "f1-score": 0.0,
        "support": 486.0
    },
    "7": {
        "precision": 0.0,
        "recall": 0.0,
        "f1-score": 0.0,
        "support": 567.0
    },
    "8": {
        "precision": 0.0,
        "recall": 0.0,
        "f1-score": 0.0,
        "support": 648.0
    },
    "9": {
        "precision": 0.0,
        "recall": 0.0,
        "f1-score": 0.0,
        "support": 729.0
    },
    "accuracy": 0.07407407407407407,
    "macro avg": {
        "precision": 0.1601389764797586,
        "recall": 0.23296753543667123,
        "f1-score": 0.184564250284394,
        "support": 3645.0
    },
    "weighted avg": {
        "precision": 0.045711535516004785,
        "recall": 0.07407407407407407,
        "f1-score": 0.055038252937727294,
        "support": 3645.0
    }
}