{
    "1": {
        "precision": 1.0,
        "recall": 1.0,
        "f1-score": 1.0,
        "support": 81.0
    },
    "2": {
        "precision": 0.9642857142857143,
        "recall": 1.0,
        "f1-score": 0.9818181818181818,
        "support": 81.0
    },
    "3": {
        "precision": 0.927710843373494,
        "recall": 0.9506172839506173,
        "f1-score": 0.9390243902439024,
        "support": 81.0
    },
    "4": {
        "precision": 0.5859375,
        "recall": 0.9259259259259259,
        "f1-score": 0.7177033492822966,
        "support": 81.0
    },
    "5": {
        "precision": 0.31868131868131866,
        "recall": 0.35802469135802467,
        "f1-score": 0.3372093023255814,
        "support": 81.0
    },
    "6": {
        "precision": 0.2037037037037037,
        "recall": 0.2716049382716049,
        "f1-score": 0.2328042328042328,
        "support": 81.0
    },
    "7": {
        "precision": 0.06896551724137931,
        "recall": 0.07407407407407407,
        "f1-score": 0.07142857142857142,
        "support": 81.0
    },
    "8": {
        "precision": 0.13846153846153847,
        "recall": 0.1111111111111111,
        "f1-score": 0.1232876712328767,
        "support": 81.0
    },
    "9": {
        "precision": 1.0,
        "recall": 0.024691358024691357,
        "f1-score": 0.04819277108433735,
        "support": 81.0
    },
    "accuracy": 0.52400548696845,
    "macro avg": {
        "precision": 0.578638459527461,
        "recall": 0.5240054869684498,
        "f1-score": 0.4946076078022201,
        "support": 729.0
    },
    "weighted avg": {
        "precision": 0.578638459527461,
        "recall": 0.52400548696845,
        "f1-score": 0.49460760780222013,
        "support": 729.0
    }
}