{
    "1": {
        "precision": 0.9529411764705882,
        "recall": 1.0,
        "f1-score": 0.9759036144578314,
        "support": 81.0
    },
    "2": {
        "precision": 0.6514522821576764,
        "recall": 0.9691358024691358,
        "f1-score": 0.7791563275434243,
        "support": 162.0
    },
    "3": {
        "precision": 0.4329608938547486,
        "recall": 0.6378600823045267,
        "f1-score": 0.5158069883527454,
        "support": 243.0
    },
    "4": {
        "precision": 0.26291079812206575,
        "recall": 0.345679012345679,
        "f1-score": 0.2986666666666667,
        "support": 324.0
    },
    "5": {
        "precision": 0.15689655172413794,
        "recall": 0.22469135802469137,
        "f1-score": 0.1847715736040609,
        "support": 405.0
    },
    "6": {
        "precision": 0.01818181818181818,
        "recall": 0.018518518518518517,
        "f1-score": 0.01834862385321101,
        "support": 486.0
    },
    "7": {
        "precision": 0.11263736263736264,
        "recall": 0.14462081128747795,
        "f1-score": 0.12664092664092663,
        "support": 567.0
    },
    "8": {
        "precision": 0.004098360655737705,
        "recall": 0.004629629629629629,
        "f1-score": 0.004347826086956522,
        "support": 648.0
    },
    "9": {
        "precision": 0.0,
        "recall": 0.0,
        "f1-score": 0.0,
        "support": 729.0
    },
    "accuracy": 0.18930041152263374,
    "macro avg": {
        "precision": 0.28800880486712616,
        "recall": 0.37168169050885097,
        "f1-score": 0.32262694968953587,
        "support": 3645.0
    },
    "weighted avg": {
        "precision": 0.14047097125016642,
        "recall": 0.18930041152263374,
        "f1-score": 0.1607005023909176,
        "support": 3645.0
    }
}