{
    "10": {
        "precision": 0.6170212765957447,
        "recall": 0.7160493827160493,
        "f1-score": 0.6628571428571428,
        "support": 81.0
    },
    "11": {
        "precision": 0.0,
        "recall": 0.0,
        "f1-score": 0.0,
        "support": 81.0
    },
    "12": {
        "precision": 0.17307692307692307,
        "recall": 0.1111111111111111,
        "f1-score": 0.13533834586466165,
        "support": 81.0
    },
    "13": {
        "precision": 0.2786885245901639,
        "recall": 0.41975308641975306,
        "f1-score": 0.33497536945812806,
        "support": 81.0
    },
    "14": {
        "precision": 0.0,
        "recall": 0.0,
        "f1-score": 0.0,
        "support": 81.0
    },
    "15": {
        "precision": 0.2392638036809816,
        "recall": 0.48148148148148145,
        "f1-score": 0.319672131147541,
        "support": 81.0
    },
    "16": {
        "precision": 0.0,
        "recall": 0.0,
        "f1-score": 0.0,
        "support": 81.0
    },
    "17": {
        "precision": 0.23529411764705882,
        "recall": 0.09876543209876543,
        "f1-score": 0.1391304347826087,
        "support": 81.0
    },
    "18": {
        "precision": 1.0,
        "recall": 0.012345679012345678,
        "f1-score": 0.024390243902439025,
        "support": 81.0
    },
    "micro avg": {
        "precision": 0.31837606837606836,
        "recall": 0.20438957475994513,
        "f1-score": 0.24895572263993315,
        "support": 729.0
    },
    "macro avg": {
        "precision": 0.2825938495100969,
        "recall": 0.2043895747599451,
        "f1-score": 0.17959596311250234,
        "support": 729.0
    },
    "weighted avg": {
        "precision": 0.2825938495100969,
        "recall": 0.20438957475994513,
        "f1-score": 0.17959596311250237,
        "support": 729.0
    },
    "accuracy": 0.20438957475994513
}