{
    "10": {
        "precision": 0.6170212765957447,
        "recall": 0.7160493827160493,
        "f1-score": 0.6628571428571428,
        "support": 81.0
    },
    "11": {
        "precision": 0.8846153846153846,
        "recall": 0.5679012345679012,
        "f1-score": 0.6917293233082706,
        "support": 81.0
    },
    "12": {
        "precision": 0.6166666666666667,
        "recall": 0.9135802469135802,
        "f1-score": 0.736318407960199,
        "support": 81.0
    },
    "13": {
        "precision": 0.4090909090909091,
        "recall": 0.4444444444444444,
        "f1-score": 0.4260355029585799,
        "support": 81.0
    },
    "14": {
        "precision": 0.5084745762711864,
        "recall": 0.37037037037037035,
        "f1-score": 0.42857142857142855,
        "support": 81.0
    },
    "15": {
        "precision": 0.53125,
        "recall": 0.6296296296296297,
        "f1-score": 0.576271186440678,
        "support": 81.0
    },
    "16": {
        "precision": 0.45454545454545453,
        "recall": 0.43209876543209874,
        "f1-score": 0.4430379746835443,
        "support": 81.0
    },
    "17": {
        "precision": 0.3783783783783784,
        "recall": 0.5185185185185185,
        "f1-score": 0.4375,
        "support": 81.0
    },
    "18": {
        "precision": 1.0,
        "recall": 0.07407407407407407,
        "f1-score": 0.13793103448275862,
        "support": 81.0
    },
    "micro avg": {
        "precision": 0.5376955903271693,
        "recall": 0.5185185185185185,
        "f1-score": 0.5279329608938548,
        "support": 729.0
    },
    "macro avg": {
        "precision": 0.600004738462636,
        "recall": 0.5185185185185186,
        "f1-score": 0.5044724445847336,
        "support": 729.0
    },
    "weighted avg": {
        "precision": 0.600004738462636,
        "recall": 0.5185185185185185,
        "f1-score": 0.5044724445847336,
        "support": 729.0
    },
    "accuracy": 0.5185185185185185
}