{
    "1": {
        "precision": 1.0,
        "recall": 1.0,
        "f1-score": 1.0,
        "support": 81.0
    },
    "2": {
        "precision": 1.0,
        "recall": 1.0,
        "f1-score": 1.0,
        "support": 81.0
    },
    "3": {
        "precision": 1.0,
        "recall": 1.0,
        "f1-score": 1.0,
        "support": 81.0
    },
    "4": {
        "precision": 1.0,
        "recall": 0.9753086419753086,
        "f1-score": 0.9875,
        "support": 81.0
    },
    "5": {
        "precision": 0.9294117647058824,
        "recall": 0.9753086419753086,
        "f1-score": 0.9518072289156626,
        "support": 81.0
    },
    "6": {
        "precision": 0.8947368421052632,
        "recall": 0.8395061728395061,
        "f1-score": 0.8662420382165605,
        "support": 81.0
    },
    "7": {
        "precision": 0.7631578947368421,
        "recall": 0.7160493827160493,
        "f1-score": 0.7388535031847133,
        "support": 81.0
    },
    "8": {
        "precision": 0.632183908045977,
        "recall": 0.6790123456790124,
        "f1-score": 0.6547619047619048,
        "support": 81.0
    },
    "9": {
        "precision": 0.7777777777777778,
        "recall": 0.5185185185185185,
        "f1-score": 0.6222222222222222,
        "support": 81.0
    },
    "micro avg": {
        "precision": 0.8914285714285715,
        "recall": 0.8559670781893004,
        "f1-score": 0.8733379986004198,
        "support": 729.0
    },
    "macro avg": {
        "precision": 0.8885853541524158,
        "recall": 0.8559670781893004,
        "f1-score": 0.8690429885890071,
        "support": 729.0
    },
    "weighted avg": {
        "precision": 0.8885853541524158,
        "recall": 0.8559670781893004,
        "f1-score": 0.8690429885890071,
        "support": 729.0
    },
    "accuracy": 0.8559670781893004
}