{
    "1": {
        "precision": 1.0,
        "recall": 0.8765432098765432,
        "f1-score": 0.9342105263157895,
        "support": 81.0
    },
    "2": {
        "precision": 0.8823529411764706,
        "recall": 0.9259259259259259,
        "f1-score": 0.9036144578313253,
        "support": 81.0
    },
    "3": {
        "precision": 0.974025974025974,
        "recall": 0.9259259259259259,
        "f1-score": 0.9493670886075949,
        "support": 81.0
    },
    "4": {
        "precision": 0.8765432098765432,
        "recall": 0.8765432098765432,
        "f1-score": 0.8765432098765432,
        "support": 81.0
    },
    "5": {
        "precision": 0.891566265060241,
        "recall": 0.9135802469135802,
        "f1-score": 0.9024390243902439,
        "support": 81.0
    },
    "6": {
        "precision": 0.9117647058823529,
        "recall": 0.7654320987654321,
        "f1-score": 0.8322147651006712,
        "support": 81.0
    },
    "7": {
        "precision": 0.7654320987654321,
        "recall": 0.7654320987654321,
        "f1-score": 0.7654320987654321,
        "support": 81.0
    },
    "8": {
        "precision": 0.7301587301587301,
        "recall": 0.5679012345679012,
        "f1-score": 0.6388888888888888,
        "support": 81.0
    },
    "9": {
        "precision": 0.6119402985074627,
        "recall": 0.5061728395061729,
        "f1-score": 0.5540540540540541,
        "support": 81.0
    },
    "micro avg": {
        "precision": 0.8535502958579881,
        "recall": 0.7914951989026063,
        "f1-score": 0.8213523131672598,
        "support": 729.0
    },
    "macro avg": {
        "precision": 0.8493093581614674,
        "recall": 0.7914951989026063,
        "f1-score": 0.8174182348700604,
        "support": 729.0
    },
    "weighted avg": {
        "precision": 0.8493093581614674,
        "recall": 0.7914951989026063,
        "f1-score": 0.8174182348700604,
        "support": 729.0
    },
    "accuracy": 0.7914951989026063
}