{
    "10": {
        "precision": 0.34959349593495936,
        "recall": 0.5308641975308642,
        "f1-score": 0.4215686274509804,
        "support": 81.0
    },
    "11": {
        "precision": 0.05263157894736842,
        "recall": 0.024691358024691357,
        "f1-score": 0.03361344537815126,
        "support": 81.0
    },
    "12": {
        "precision": 0.7288135593220338,
        "recall": 0.5308641975308642,
        "f1-score": 0.6142857142857143,
        "support": 81.0
    },
    "13": {
        "precision": 0.967741935483871,
        "recall": 0.7407407407407407,
        "f1-score": 0.8391608391608392,
        "support": 81.0
    },
    "14": {
        "precision": 0.9090909090909091,
        "recall": 0.8641975308641975,
        "f1-score": 0.8860759493670886,
        "support": 81.0
    },
    "15": {
        "precision": 0.8421052631578947,
        "recall": 0.7901234567901234,
        "f1-score": 0.8152866242038217,
        "support": 81.0
    },
    "16": {
        "precision": 0.6153846153846154,
        "recall": 0.2962962962962963,
        "f1-score": 0.4,
        "support": 81.0
    },
    "17": {
        "precision": 0.13725490196078433,
        "recall": 0.08641975308641975,
        "f1-score": 0.10606060606060606,
        "support": 81.0
    },
    "18": {
        "precision": 0.0,
        "recall": 0.0,
        "f1-score": 0.0,
        "support": 81.0
    },
    "micro avg": {
        "precision": 0.563963963963964,
        "recall": 0.42935528120713307,
        "f1-score": 0.48753894080996885,
        "support": 729.0
    },
    "macro avg": {
        "precision": 0.5114018065869375,
        "recall": 0.429355281207133,
        "f1-score": 0.45733908954524455,
        "support": 729.0
    },
    "weighted avg": {
        "precision": 0.5114018065869373,
        "recall": 0.42935528120713307,
        "f1-score": 0.45733908954524466,
        "support": 729.0
    },
    "accuracy": 0.42935528120713307
}