{
    "1": {
        "precision": 0.9973228627520971,
        "recall": 0.9998210771157631,
        "f1-score": 0.9985704074338814,
        "support": 5589.0
    },
    "2": {
        "precision": 0.9837627956230145,
        "recall": 0.9973161567364466,
        "f1-score": 0.9904931141714793,
        "support": 5589.0
    },
    "3": {
        "precision": 0.9872828228550958,
        "recall": 0.9862229379137591,
        "f1-score": 0.9867525957751522,
        "support": 5589.0
    },
    "4": {
        "precision": 0.9850133809099019,
        "recall": 0.9878332438718912,
        "f1-score": 0.986421297123459,
        "support": 5589.0
    },
    "5": {
        "precision": 0.9648629655657063,
        "recall": 0.9826444802290213,
        "f1-score": 0.973672546760039,
        "support": 5589.0
    },
    "6": {
        "precision": 0.9647164716471647,
        "recall": 0.9588477366255144,
        "f1-score": 0.9617731514716439,
        "support": 5589.0
    },
    "7": {
        "precision": 0.9579079348020777,
        "recall": 0.9568795848989086,
        "f1-score": 0.9573934837092731,
        "support": 5589.0
    },
    "8": {
        "precision": 0.9453571428571429,
        "recall": 0.9472177491501163,
        "f1-score": 0.9462865314147824,
        "support": 5589.0
    },
    "9": {
        "precision": 0.9841329807329052,
        "recall": 0.9321882268742172,
        "f1-score": 0.957456583662593,
        "support": 5589.0
    },
    "micro avg": {
        "precision": 0.9744325541539627,
        "recall": 0.9721079103795153,
        "f1-score": 0.9732688441710953,
        "support": 50301.0
    },
    "macro avg": {
        "precision": 0.9744843730827895,
        "recall": 0.9721079103795154,
        "f1-score": 0.9732021901691448,
        "support": 50301.0
    },
    "weighted avg": {
        "precision": 0.9744843730827897,
        "recall": 0.9721079103795153,
        "f1-score": 0.9732021901691449,
        "support": 50301.0
    },
    "accuracy": 0.9721079103795153
}