{
    "1": {
        "precision": 1.0,
        "recall": 0.9629629629629629,
        "f1-score": 0.9811320754716981,
        "support": 81.0
    },
    "2": {
        "precision": 0.9615384615384616,
        "recall": 0.9259259259259259,
        "f1-score": 0.9433962264150944,
        "support": 81.0
    },
    "3": {
        "precision": 0.958904109589041,
        "recall": 0.8641975308641975,
        "f1-score": 0.9090909090909091,
        "support": 81.0
    },
    "4": {
        "precision": 0.8554216867469879,
        "recall": 0.8765432098765432,
        "f1-score": 0.8658536585365854,
        "support": 81.0
    },
    "5": {
        "precision": 0.92,
        "recall": 0.8518518518518519,
        "f1-score": 0.8846153846153846,
        "support": 81.0
    },
    "6": {
        "precision": 0.8235294117647058,
        "recall": 0.8641975308641975,
        "f1-score": 0.8433734939759037,
        "support": 81.0
    },
    "7": {
        "precision": 0.8205128205128205,
        "recall": 0.3950617283950617,
        "f1-score": 0.5333333333333333,
        "support": 81.0
    },
    "8": {
        "precision": 0.5,
        "recall": 0.7654320987654321,
        "f1-score": 0.6048780487804878,
        "support": 81.0
    },
    "9": {
        "precision": 0.7674418604651163,
        "recall": 0.8148148148148148,
        "f1-score": 0.7904191616766467,
        "support": 81.0
    },
    "micro avg": {
        "precision": 0.8224687933425797,
        "recall": 0.813443072702332,
        "f1-score": 0.8179310344827586,
        "support": 729.0
    },
    "macro avg": {
        "precision": 0.8452609278463482,
        "recall": 0.813443072702332,
        "f1-score": 0.8173435879884493,
        "support": 729.0
    },
    "weighted avg": {
        "precision": 0.8452609278463481,
        "recall": 0.813443072702332,
        "f1-score": 0.8173435879884492,
        "support": 729.0
    },
    "accuracy": 0.813443072702332
}