{
    "10": {
        "precision": 0.17391304347826086,
        "recall": 0.19753086419753085,
        "f1-score": 0.18497109826589594,
        "support": 81.0
    },
    "11": {
        "precision": 0.25,
        "recall": 0.012345679012345678,
        "f1-score": 0.023529411764705882,
        "support": 81.0
    },
    "12": {
        "precision": 0.7474747474747475,
        "recall": 0.9135802469135802,
        "f1-score": 0.8222222222222222,
        "support": 81.0
    },
    "13": {
        "precision": 0.9761904761904762,
        "recall": 0.5061728395061729,
        "f1-score": 0.6666666666666666,
        "support": 81.0
    },
    "14": {
        "precision": 0.5111111111111111,
        "recall": 0.2839506172839506,
        "f1-score": 0.36507936507936506,
        "support": 81.0
    },
    "15": {
        "precision": 0.5078125,
        "recall": 0.8024691358024691,
        "f1-score": 0.6220095693779905,
        "support": 81.0
    },
    "16": {
        "precision": 0.0,
        "recall": 0.0,
        "f1-score": 0.0,
        "support": 81.0
    },
    "17": {
        "precision": 0.02857142857142857,
        "recall": 0.012345679012345678,
        "f1-score": 0.017241379310344827,
        "support": 81.0
    },
    "18": {
        "precision": 0.0,
        "recall": 0.0,
        "f1-score": 0.0,
        "support": 81.0
    },
    "micro avg": {
        "precision": 0.4878587196467991,
        "recall": 0.30315500685871055,
        "f1-score": 0.3739424703891709,
        "support": 729.0
    },
    "macro avg": {
        "precision": 0.35500814520289153,
        "recall": 0.30315500685871055,
        "f1-score": 0.3001910791874656,
        "support": 729.0
    },
    "weighted avg": {
        "precision": 0.3550081452028916,
        "recall": 0.30315500685871055,
        "f1-score": 0.3001910791874656,
        "support": 729.0
    },
    "accuracy": 0.30315500685871055
}