{
    "1": {
        "precision": 0.9991061851984269,
        "recall": 1.0,
        "f1-score": 0.9995528927836895,
        "support": 5589.0
    },
    "2": {
        "precision": 0.9697811740187565,
        "recall": 0.9991053855788156,
        "f1-score": 0.9842249052613026,
        "support": 5589.0
    },
    "3": {
        "precision": 0.9199524133242692,
        "recall": 0.9685095723743067,
        "f1-score": 0.9436067288416282,
        "support": 5589.0
    },
    "4": {
        "precision": 0.9256410256410257,
        "recall": 0.9042762569332617,
        "f1-score": 0.9148339216218663,
        "support": 5589.0
    },
    "5": {
        "precision": 0.8899393506956832,
        "recall": 0.8926462694578636,
        "f1-score": 0.8912907548012505,
        "support": 5589.0
    },
    "6": {
        "precision": 0.7949057227919285,
        "recall": 0.8599033816425121,
        "f1-score": 0.8261280618822519,
        "support": 5589.0
    },
    "7": {
        "precision": 0.8101761252446184,
        "recall": 0.6666666666666666,
        "f1-score": 0.7314487632508834,
        "support": 5589.0
    },
    "8": {
        "precision": 0.7140541792081501,
        "recall": 0.5517981749865808,
        "f1-score": 0.6225272507064998,
        "support": 5589.0
    },
    "9": {
        "precision": 0.7256106479450051,
        "recall": 0.8876364286992307,
        "f1-score": 0.7984870432963141,
        "support": 5589.0
    },
    "micro avg": {
        "precision": 0.8623435722411832,
        "recall": 0.8589491262599153,
        "f1-score": 0.8606430022708259,
        "support": 50301.0
    },
    "macro avg": {
        "precision": 0.8610185360075403,
        "recall": 0.8589491262599153,
        "f1-score": 0.8569000358272985,
        "support": 50301.0
    },
    "weighted avg": {
        "precision": 0.8610185360075404,
        "recall": 0.8589491262599153,
        "f1-score": 0.8569000358272986,
        "support": 50301.0
    },
    "accuracy": 0.8589491262599153
}