{
    "1": {
        "precision": 1.0,
        "recall": 1.0,
        "f1-score": 1.0,
        "support": 81.0
    },
    "2": {
        "precision": 1.0,
        "recall": 1.0,
        "f1-score": 1.0,
        "support": 81.0
    },
    "3": {
        "precision": 0.9759036144578314,
        "recall": 1.0,
        "f1-score": 0.9878048780487805,
        "support": 81.0
    },
    "4": {
        "precision": 0.5939849624060151,
        "recall": 0.9753086419753086,
        "f1-score": 0.7383177570093458,
        "support": 81.0
    },
    "5": {
        "precision": 0.29473684210526313,
        "recall": 0.345679012345679,
        "f1-score": 0.3181818181818182,
        "support": 81.0
    },
    "6": {
        "precision": 0.17475728155339806,
        "recall": 0.2222222222222222,
        "f1-score": 0.1956521739130435,
        "support": 81.0
    },
    "7": {
        "precision": 0.09090909090909091,
        "recall": 0.09876543209876543,
        "f1-score": 0.09467455621301775,
        "support": 81.0
    },
    "8": {
        "precision": 0.1111111111111111,
        "recall": 0.08641975308641975,
        "f1-score": 0.09722222222222222,
        "support": 81.0
    },
    "9": {
        "precision": 1.0,
        "recall": 0.024691358024691357,
        "f1-score": 0.04819277108433735,
        "support": 81.0
    },
    "accuracy": 0.5281207133058985,
    "macro avg": {
        "precision": 0.5823781002825233,
        "recall": 0.5281207133058985,
        "f1-score": 0.4977829085191739,
        "support": 729.0
    },
    "weighted avg": {
        "precision": 0.5823781002825232,
        "recall": 0.5281207133058985,
        "f1-score": 0.497782908519174,
        "support": 729.0
    }
}