{
    "10": {
        "precision": 0.4108527131782946,
        "recall": 0.654320987654321,
        "f1-score": 0.5047619047619047,
        "support": 81.0
    },
    "11": {
        "precision": 0.15151515151515152,
        "recall": 0.06172839506172839,
        "f1-score": 0.08771929824561403,
        "support": 81.0
    },
    "12": {
        "precision": 0.9122807017543859,
        "recall": 0.6419753086419753,
        "f1-score": 0.7536231884057971,
        "support": 81.0
    },
    "13": {
        "precision": 0.9859154929577465,
        "recall": 0.8641975308641975,
        "f1-score": 0.9210526315789473,
        "support": 81.0
    },
    "14": {
        "precision": 0.9178082191780822,
        "recall": 0.8271604938271605,
        "f1-score": 0.8701298701298701,
        "support": 81.0
    },
    "15": {
        "precision": 0.7910447761194029,
        "recall": 0.654320987654321,
        "f1-score": 0.7162162162162162,
        "support": 81.0
    },
    "16": {
        "precision": 0.15151515151515152,
        "recall": 0.06172839506172839,
        "f1-score": 0.08771929824561403,
        "support": 81.0
    },
    "17": {
        "precision": 0.01694915254237288,
        "recall": 0.012345679012345678,
        "f1-score": 0.014285714285714285,
        "support": 81.0
    },
    "18": {
        "precision": 0.0,
        "recall": 0.0,
        "f1-score": 0.0,
        "support": 81.0
    },
    "micro avg": {
        "precision": 0.5503597122302158,
        "recall": 0.41975308641975306,
        "f1-score": 0.4762645914396887,
        "support": 729.0
    },
    "macro avg": {
        "precision": 0.4819868176400653,
        "recall": 0.41975308641975306,
        "f1-score": 0.4395009024299642,
        "support": 729.0
    },
    "weighted avg": {
        "precision": 0.4819868176400654,
        "recall": 0.41975308641975306,
        "f1-score": 0.4395009024299642,
        "support": 729.0
    },
    "accuracy": 0.41975308641975306
}