{
    "10": {
        "precision": 0.9310344827586207,
        "recall": 1.0,
        "f1-score": 0.9642857142857143,
        "support": 81.0
    },
    "11": {
        "precision": 0.9615384615384616,
        "recall": 0.9259259259259259,
        "f1-score": 0.9433962264150944,
        "support": 81.0
    },
    "12": {
        "precision": 0.8041237113402062,
        "recall": 0.9629629629629629,
        "f1-score": 0.8764044943820225,
        "support": 81.0
    },
    "13": {
        "precision": 0.6181818181818182,
        "recall": 0.8395061728395061,
        "f1-score": 0.7120418848167539,
        "support": 81.0
    },
    "14": {
        "precision": 0.5348837209302325,
        "recall": 0.5679012345679012,
        "f1-score": 0.5508982035928144,
        "support": 81.0
    },
    "15": {
        "precision": 0.6507936507936508,
        "recall": 0.5061728395061729,
        "f1-score": 0.5694444444444444,
        "support": 81.0
    },
    "16": {
        "precision": 0.7605633802816901,
        "recall": 0.6666666666666666,
        "f1-score": 0.7105263157894737,
        "support": 81.0
    },
    "17": {
        "precision": 0.8484848484848485,
        "recall": 0.691358024691358,
        "f1-score": 0.7619047619047619,
        "support": 81.0
    },
    "18": {
        "precision": 0.9622641509433962,
        "recall": 0.6296296296296297,
        "f1-score": 0.7611940298507462,
        "support": 81.0
    },
    "micro avg": {
        "precision": 0.7735583684950773,
        "recall": 0.7544581618655692,
        "f1-score": 0.7638888888888888,
        "support": 729.0
    },
    "macro avg": {
        "precision": 0.7857631361392138,
        "recall": 0.7544581618655692,
        "f1-score": 0.7611217861646473,
        "support": 729.0
    },
    "weighted avg": {
        "precision": 0.7857631361392139,
        "recall": 0.7544581618655692,
        "f1-score": 0.7611217861646474,
        "support": 729.0
    },
    "accuracy": 0.7544581618655692
}