{
    "10": {
        "precision": 0.475177304964539,
        "recall": 0.8271604938271605,
        "f1-score": 0.6036036036036037,
        "support": 81.0
    },
    "11": {
        "precision": 0.0,
        "recall": 0.0,
        "f1-score": 0.0,
        "support": 81.0
    },
    "12": {
        "precision": 0.46153846153846156,
        "recall": 0.2222222222222222,
        "f1-score": 0.3,
        "support": 81.0
    },
    "13": {
        "precision": 0.3971631205673759,
        "recall": 0.691358024691358,
        "f1-score": 0.5045045045045045,
        "support": 81.0
    },
    "14": {
        "precision": 0.0,
        "recall": 0.0,
        "f1-score": 0.0,
        "support": 81.0
    },
    "15": {
        "precision": 0.3431372549019608,
        "recall": 0.43209876543209874,
        "f1-score": 0.3825136612021858,
        "support": 81.0
    },
    "16": {
        "precision": 0.2571428571428571,
        "recall": 0.1111111111111111,
        "f1-score": 0.15517241379310345,
        "support": 81.0
    },
    "17": {
        "precision": 0.23076923076923078,
        "recall": 0.037037037037037035,
        "f1-score": 0.06382978723404255,
        "support": 81.0
    },
    "18": {
        "precision": 0.0,
        "recall": 0.0,
        "f1-score": 0.0,
        "support": 81.0
    },
    "micro avg": {
        "precision": 0.3983050847457627,
        "recall": 0.2578875171467764,
        "f1-score": 0.3130724396336386,
        "support": 729.0
    },
    "macro avg": {
        "precision": 0.24054758109826946,
        "recall": 0.2578875171467764,
        "f1-score": 0.22329155225971556,
        "support": 729.0
    },
    "weighted avg": {
        "precision": 0.24054758109826946,
        "recall": 0.2578875171467764,
        "f1-score": 0.22329155225971556,
        "support": 729.0
    },
    "accuracy": 0.2578875171467764
}