{
    "1": {
        "precision": 0.8979755784061697,
        "recall": 1.0,
        "f1-score": 0.9462456615592991,
        "support": 5589.0
    },
    "2": {
        "precision": 0.8496096861558069,
        "recall": 0.9541957416353551,
        "f1-score": 0.89887072307433,
        "support": 5589.0
    },
    "3": {
        "precision": 0.8387635756056808,
        "recall": 0.8981928788692074,
        "f1-score": 0.8674615517539312,
        "support": 5589.0
    },
    "4": {
        "precision": 0.8184352674682001,
        "recall": 0.8404007872606907,
        "f1-score": 0.8292725988700564,
        "support": 5589.0
    },
    "5": {
        "precision": 0.8035619820137542,
        "recall": 0.8153515834675255,
        "f1-score": 0.8094138543516873,
        "support": 5589.0
    },
    "6": {
        "precision": 0.7948672250935662,
        "recall": 0.7979960636965467,
        "f1-score": 0.7964285714285714,
        "support": 5589.0
    },
    "7": {
        "precision": 0.7979458450046686,
        "recall": 0.7645374843442476,
        "f1-score": 0.7808845029239766,
        "support": 5589.0
    },
    "8": {
        "precision": 0.8136755485893417,
        "recall": 0.7430667382358204,
        "f1-score": 0.7767698494342093,
        "support": 5589.0
    },
    "9": {
        "precision": 0.9691025012260912,
        "recall": 0.7071032385042046,
        "f1-score": 0.8176269783800558,
        "support": 5589.0
    },
    "micro avg": {
        "precision": 0.8399408520501959,
        "recall": 0.8356493906681776,
        "f1-score": 0.837789625791021,
        "support": 50301.0
    },
    "macro avg": {
        "precision": 0.8426596899514754,
        "recall": 0.8356493906681776,
        "f1-score": 0.8358860324195686,
        "support": 50301.0
    },
    "weighted avg": {
        "precision": 0.8426596899514756,
        "recall": 0.8356493906681776,
        "f1-score": 0.8358860324195685,
        "support": 50301.0
    },
    "accuracy": 0.8356493906681776
}