{
    "10": {
        "precision": 0.59375,
        "recall": 0.7037037037037037,
        "f1-score": 0.6440677966101694,
        "support": 81.0
    },
    "11": {
        "precision": 0.7777777777777778,
        "recall": 0.5185185185185185,
        "f1-score": 0.6222222222222222,
        "support": 81.0
    },
    "12": {
        "precision": 0.5948275862068966,
        "recall": 0.8518518518518519,
        "f1-score": 0.700507614213198,
        "support": 81.0
    },
    "13": {
        "precision": 0.36666666666666664,
        "recall": 0.4074074074074074,
        "f1-score": 0.38596491228070173,
        "support": 81.0
    },
    "14": {
        "precision": 0.5,
        "recall": 0.30864197530864196,
        "f1-score": 0.3816793893129771,
        "support": 81.0
    },
    "15": {
        "precision": 0.6136363636363636,
        "recall": 0.6666666666666666,
        "f1-score": 0.6390532544378699,
        "support": 81.0
    },
    "16": {
        "precision": 0.5125,
        "recall": 0.5061728395061729,
        "f1-score": 0.5093167701863354,
        "support": 81.0
    },
    "17": {
        "precision": 0.4260869565217391,
        "recall": 0.6049382716049383,
        "f1-score": 0.5,
        "support": 81.0
    },
    "18": {
        "precision": 1.0,
        "recall": 0.1728395061728395,
        "f1-score": 0.29473684210526313,
        "support": 81.0
    },
    "micro avg": {
        "precision": 0.5462304409672831,
        "recall": 0.5267489711934157,
        "f1-score": 0.5363128491620112,
        "support": 729.0
    },
    "macro avg": {
        "precision": 0.5983605945343826,
        "recall": 0.5267489711934157,
        "f1-score": 0.5197276445965264,
        "support": 729.0
    },
    "weighted avg": {
        "precision": 0.5983605945343827,
        "recall": 0.5267489711934157,
        "f1-score": 0.5197276445965263,
        "support": 729.0
    },
    "accuracy": 0.5267489711934157
}