{
    "1": {
        "precision": 1.0,
        "recall": 1.0,
        "f1-score": 1.0,
        "support": 81.0
    },
    "2": {
        "precision": 1.0,
        "recall": 1.0,
        "f1-score": 1.0,
        "support": 81.0
    },
    "3": {
        "precision": 0.9759036144578314,
        "recall": 1.0,
        "f1-score": 0.9878048780487805,
        "support": 81.0
    },
    "4": {
        "precision": 0.8777777777777778,
        "recall": 0.9753086419753086,
        "f1-score": 0.9239766081871345,
        "support": 81.0
    },
    "5": {
        "precision": 0.7263157894736842,
        "recall": 0.8518518518518519,
        "f1-score": 0.7840909090909091,
        "support": 81.0
    },
    "6": {
        "precision": 0.6933333333333334,
        "recall": 0.6419753086419753,
        "f1-score": 0.6666666666666666,
        "support": 81.0
    },
    "7": {
        "precision": 0.6627906976744186,
        "recall": 0.7037037037037037,
        "f1-score": 0.6826347305389222,
        "support": 81.0
    },
    "8": {
        "precision": 0.6111111111111112,
        "recall": 0.6790123456790124,
        "f1-score": 0.6432748538011696,
        "support": 81.0
    },
    "9": {
        "precision": 0.9259259259259259,
        "recall": 0.30864197530864196,
        "f1-score": 0.46296296296296297,
        "support": 81.0
    },
    "micro avg": {
        "precision": 0.8192090395480226,
        "recall": 0.7956104252400549,
        "f1-score": 0.8072372999304106,
        "support": 729.0
    },
    "macro avg": {
        "precision": 0.8303509166393425,
        "recall": 0.7956104252400548,
        "f1-score": 0.7946012899218383,
        "support": 729.0
    },
    "weighted avg": {
        "precision": 0.8303509166393424,
        "recall": 0.7956104252400549,
        "f1-score": 0.7946012899218384,
        "support": 729.0
    },
    "accuracy": 0.7956104252400549
}