{
    "1": {
        "precision": 1.0,
        "recall": 1.0,
        "f1-score": 1.0,
        "support": 81.0
    },
    "2": {
        "precision": 0.9878048780487805,
        "recall": 1.0,
        "f1-score": 0.9938650306748467,
        "support": 81.0
    },
    "3": {
        "precision": 0.6435643564356436,
        "recall": 0.8024691358024691,
        "f1-score": 0.7142857142857143,
        "support": 81.0
    },
    "4": {
        "precision": 0.31,
        "recall": 0.38271604938271603,
        "f1-score": 0.3425414364640884,
        "support": 81.0
    },
    "5": {
        "precision": 0.2878787878787879,
        "recall": 0.2345679012345679,
        "f1-score": 0.2585034013605442,
        "support": 81.0
    },
    "6": {
        "precision": 0.25757575757575757,
        "recall": 0.20987654320987653,
        "f1-score": 0.23129251700680273,
        "support": 81.0
    },
    "7": {
        "precision": 0.4,
        "recall": 0.07407407407407407,
        "f1-score": 0.125,
        "support": 81.0
    },
    "8": {
        "precision": 0.3333333333333333,
        "recall": 0.20987654320987653,
        "f1-score": 0.25757575757575757,
        "support": 81.0
    },
    "9": {
        "precision": 0.25,
        "recall": 0.1111111111111111,
        "f1-score": 0.15384615384615385,
        "support": 81.0
    },
    "micro avg": {
        "precision": 0.5451505016722408,
        "recall": 0.44718792866941015,
        "f1-score": 0.49133383571966843,
        "support": 729.0
    },
    "macro avg": {
        "precision": 0.49668412369692244,
        "recall": 0.44718792866941004,
        "f1-score": 0.45299000124598976,
        "support": 729.0
    },
    "weighted avg": {
        "precision": 0.4966841236969226,
        "recall": 0.44718792866941015,
        "f1-score": 0.45299000124598976,
        "support": 729.0
    },
    "accuracy": 0.44718792866941015
}