{
    "1": {
        "precision": 1.0,
        "recall": 1.0,
        "f1-score": 1.0,
        "support": 81.0
    },
    "2": {
        "precision": 1.0,
        "recall": 1.0,
        "f1-score": 1.0,
        "support": 81.0
    },
    "3": {
        "precision": 1.0,
        "recall": 1.0,
        "f1-score": 1.0,
        "support": 81.0
    },
    "4": {
        "precision": 1.0,
        "recall": 0.9629629629629629,
        "f1-score": 0.9811320754716981,
        "support": 81.0
    },
    "5": {
        "precision": 0.8888888888888888,
        "recall": 0.9876543209876543,
        "f1-score": 0.935672514619883,
        "support": 81.0
    },
    "6": {
        "precision": 0.8518518518518519,
        "recall": 0.8518518518518519,
        "f1-score": 0.8518518518518519,
        "support": 81.0
    },
    "7": {
        "precision": 0.7532467532467533,
        "recall": 0.7160493827160493,
        "f1-score": 0.7341772151898734,
        "support": 81.0
    },
    "8": {
        "precision": 0.7361111111111112,
        "recall": 0.654320987654321,
        "f1-score": 0.6928104575163399,
        "support": 81.0
    },
    "9": {
        "precision": 0.8032786885245902,
        "recall": 0.6049382716049383,
        "f1-score": 0.6901408450704225,
        "support": 81.0
    },
    "micro avg": {
        "precision": 0.8974358974358975,
        "recall": 0.8641975308641975,
        "f1-score": 0.8805031446540881,
        "support": 729.0
    },
    "macro avg": {
        "precision": 0.8925974770692439,
        "recall": 0.8641975308641975,
        "f1-score": 0.8761983288577854,
        "support": 729.0
    },
    "weighted avg": {
        "precision": 0.8925974770692439,
        "recall": 0.8641975308641975,
        "f1-score": 0.8761983288577855,
        "support": 729.0
    },
    "accuracy": 0.8641975308641975
}