{
    "10": {
        "precision": 1.0,
        "recall": 0.18518518518518517,
        "f1-score": 0.3125,
        "support": 81.0
    },
    "11": {
        "precision": 0.0,
        "recall": 0.0,
        "f1-score": 0.0,
        "support": 81.0
    },
    "12": {
        "precision": 0.0,
        "recall": 0.0,
        "f1-score": 0.0,
        "support": 81.0
    },
    "13": {
        "precision": 1.0,
        "recall": 0.012345679012345678,
        "f1-score": 0.024390243902439025,
        "support": 81.0
    },
    "14": {
        "precision": 0.0,
        "recall": 0.0,
        "f1-score": 0.0,
        "support": 81.0
    },
    "15": {
        "precision": 0.0,
        "recall": 0.0,
        "f1-score": 0.0,
        "support": 81.0
    },
    "16": {
        "precision": 0.0,
        "recall": 0.0,
        "f1-score": 0.0,
        "support": 81.0
    },
    "17": {
        "precision": 0.0,
        "recall": 0.0,
        "f1-score": 0.0,
        "support": 81.0
    },
    "18": {
        "precision": 0.0,
        "recall": 0.0,
        "f1-score": 0.0,
        "support": 81.0
    },
    "micro avg": {
        "precision": 0.8888888888888888,
        "recall": 0.02194787379972565,
        "f1-score": 0.0428380187416332,
        "support": 729.0
    },
    "macro avg": {
        "precision": 0.2222222222222222,
        "recall": 0.02194787379972565,
        "f1-score": 0.03743224932249323,
        "support": 729.0
    },
    "weighted avg": {
        "precision": 0.2222222222222222,
        "recall": 0.02194787379972565,
        "f1-score": 0.03743224932249323,
        "support": 729.0
    },
    "accuracy": 0.02194787379972565
}