{
    "1": {
        "precision": 0.9418604651162791,
        "recall": 1.0,
        "f1-score": 0.9700598802395209,
        "support": 81.0
    },
    "2": {
        "precision": 0.9871794871794872,
        "recall": 0.9506172839506173,
        "f1-score": 0.9685534591194969,
        "support": 81.0
    },
    "3": {
        "precision": 0.6235294117647059,
        "recall": 0.654320987654321,
        "f1-score": 0.6385542168674698,
        "support": 81.0
    },
    "4": {
        "precision": 0.27972027972027974,
        "recall": 0.49382716049382713,
        "f1-score": 0.35714285714285715,
        "support": 81.0
    },
    "5": {
        "precision": 0.10344827586206896,
        "recall": 0.037037037037037035,
        "f1-score": 0.05454545454545454,
        "support": 81.0
    },
    "6": {
        "precision": 0.26153846153846155,
        "recall": 0.20987654320987653,
        "f1-score": 0.2328767123287671,
        "support": 81.0
    },
    "7": {
        "precision": 0.3333333333333333,
        "recall": 0.024691358024691357,
        "f1-score": 0.04597701149425287,
        "support": 81.0
    },
    "8": {
        "precision": 0.45454545454545453,
        "recall": 0.06172839506172839,
        "f1-score": 0.10869565217391304,
        "support": 81.0
    },
    "9": {
        "precision": 0.125,
        "recall": 0.037037037037037035,
        "f1-score": 0.05714285714285714,
        "support": 81.0
    },
    "micro avg": {
        "precision": 0.5332068311195446,
        "recall": 0.38545953360768176,
        "f1-score": 0.44745222929936307,
        "support": 729.0
    },
    "macro avg": {
        "precision": 0.4566839076733411,
        "recall": 0.3854595336076818,
        "f1-score": 0.38150534456162105,
        "support": 729.0
    },
    "weighted avg": {
        "precision": 0.4566839076733412,
        "recall": 0.38545953360768176,
        "f1-score": 0.38150534456162105,
        "support": 729.0
    },
    "accuracy": 0.38545953360768176
}