{
    "1": {
        "precision": 1.0,
        "recall": 1.0,
        "f1-score": 1.0,
        "support": 81.0
    },
    "2": {
        "precision": 0.6625514403292181,
        "recall": 0.9938271604938271,
        "f1-score": 0.7950617283950617,
        "support": 162.0
    },
    "3": {
        "precision": 0.4328767123287671,
        "recall": 0.6502057613168725,
        "f1-score": 0.5197368421052632,
        "support": 243.0
    },
    "4": {
        "precision": 0.2465753424657534,
        "recall": 0.3333333333333333,
        "f1-score": 0.28346456692913385,
        "support": 324.0
    },
    "5": {
        "precision": 0.13489208633093525,
        "recall": 0.18518518518518517,
        "f1-score": 0.15608740894901144,
        "support": 405.0
    },
    "6": {
        "precision": 0.034623217922606926,
        "recall": 0.03497942386831276,
        "f1-score": 0.03480040941658137,
        "support": 486.0
    },
    "7": {
        "precision": 0.12618724559023067,
        "recall": 0.164021164021164,
        "f1-score": 0.14263803680981596,
        "support": 567.0
    },
    "8": {
        "precision": 0.0068212824010914054,
        "recall": 0.007716049382716049,
        "f1-score": 0.00724112961622013,
        "support": 648.0
    },
    "9": {
        "precision": 1.0,
        "recall": 0.0013717421124828531,
        "f1-score": 0.0027397260273972603,
        "support": 729.0
    },
    "accuracy": 0.19176954732510287,
    "macro avg": {
        "precision": 0.4049474808187336,
        "recall": 0.374515535523766,
        "f1-score": 0.3268633164720539,
        "support": 3645.0
    },
    "weighted avg": {
        "precision": 0.3428914467786314,
        "recall": 0.19176954732510287,
        "f1-score": 0.1634107684647121,
        "support": 3645.0
    }
}