{
    "1": {
        "precision": 1.0,
        "recall": 1.0,
        "f1-score": 1.0,
        "support": 81.0
    },
    "2": {
        "precision": 1.0,
        "recall": 1.0,
        "f1-score": 1.0,
        "support": 81.0
    },
    "3": {
        "precision": 1.0,
        "recall": 1.0,
        "f1-score": 1.0,
        "support": 81.0
    },
    "4": {
        "precision": 0.9873417721518988,
        "recall": 0.9629629629629629,
        "f1-score": 0.975,
        "support": 81.0
    },
    "5": {
        "precision": 0.9294117647058824,
        "recall": 0.9753086419753086,
        "f1-score": 0.9518072289156626,
        "support": 81.0
    },
    "6": {
        "precision": 0.9,
        "recall": 0.8888888888888888,
        "f1-score": 0.8944099378881988,
        "support": 81.0
    },
    "7": {
        "precision": 0.7571428571428571,
        "recall": 0.654320987654321,
        "f1-score": 0.7019867549668874,
        "support": 81.0
    },
    "8": {
        "precision": 0.647887323943662,
        "recall": 0.5679012345679012,
        "f1-score": 0.6052631578947368,
        "support": 81.0
    },
    "9": {
        "precision": 0.6862745098039216,
        "recall": 0.43209876543209874,
        "f1-score": 0.5303030303030303,
        "support": 81.0
    },
    "micro avg": {
        "precision": 0.8924889543446245,
        "recall": 0.831275720164609,
        "f1-score": 0.8607954545454546,
        "support": 729.0
    },
    "macro avg": {
        "precision": 0.878673136416469,
        "recall": 0.831275720164609,
        "f1-score": 0.8509744566631684,
        "support": 729.0
    },
    "weighted avg": {
        "precision": 0.8786731364164692,
        "recall": 0.831275720164609,
        "f1-score": 0.8509744566631684,
        "support": 729.0
    },
    "accuracy": 0.831275720164609
}