{
    "10": {
        "precision": 0.4393939393939394,
        "recall": 0.7160493827160493,
        "f1-score": 0.5446009389671361,
        "support": 81.0
    },
    "11": {
        "precision": 0.25,
        "recall": 0.08641975308641975,
        "f1-score": 0.12844036697247707,
        "support": 81.0
    },
    "12": {
        "precision": 0.855072463768116,
        "recall": 0.7283950617283951,
        "f1-score": 0.7866666666666666,
        "support": 81.0
    },
    "13": {
        "precision": 0.9692307692307692,
        "recall": 0.7777777777777778,
        "f1-score": 0.863013698630137,
        "support": 81.0
    },
    "14": {
        "precision": 0.8701298701298701,
        "recall": 0.8271604938271605,
        "f1-score": 0.8481012658227848,
        "support": 81.0
    },
    "15": {
        "precision": 0.810126582278481,
        "recall": 0.7901234567901234,
        "f1-score": 0.8,
        "support": 81.0
    },
    "16": {
        "precision": 0.6486486486486487,
        "recall": 0.2962962962962963,
        "f1-score": 0.4067796610169492,
        "support": 81.0
    },
    "17": {
        "precision": 0.09615384615384616,
        "recall": 0.06172839506172839,
        "f1-score": 0.07518796992481203,
        "support": 81.0
    },
    "18": {
        "precision": 0.0,
        "recall": 0.0,
        "f1-score": 0.0,
        "support": 81.0
    },
    "micro avg": {
        "precision": 0.6109154929577465,
        "recall": 0.47599451303155005,
        "f1-score": 0.5350809560524287,
        "support": 729.0
    },
    "macro avg": {
        "precision": 0.5487506799559634,
        "recall": 0.4759945130315501,
        "f1-score": 0.49475450755566247,
        "support": 729.0
    },
    "weighted avg": {
        "precision": 0.5487506799559634,
        "recall": 0.47599451303155005,
        "f1-score": 0.4947545075556625,
        "support": 729.0
    },
    "accuracy": 0.47599451303155005
}