{
    "1": {
        "precision": 1.0,
        "recall": 0.9640365002683843,
        "f1-score": 0.9816889860617655,
        "support": 5589.0
    },
    "2": {
        "precision": 0.9642468239564428,
        "recall": 0.9506172839506173,
        "f1-score": 0.9573835480673935,
        "support": 5589.0
    },
    "3": {
        "precision": 0.9466469062615783,
        "recall": 0.9142959384505278,
        "f1-score": 0.9301902248111404,
        "support": 5589.0
    },
    "4": {
        "precision": 0.9066541705716964,
        "recall": 0.8654499910538558,
        "f1-score": 0.8855730501647748,
        "support": 5589.0
    },
    "5": {
        "precision": 0.8274914089347079,
        "recall": 0.861692610484881,
        "f1-score": 0.8442457708826365,
        "support": 5589.0
    },
    "6": {
        "precision": 0.8077867414942126,
        "recall": 0.8241188047951333,
        "f1-score": 0.8158710477371358,
        "support": 5589.0
    },
    "7": {
        "precision": 0.7858253030774013,
        "recall": 0.45231705135086775,
        "f1-score": 0.5741539859186918,
        "support": 5589.0
    },
    "8": {
        "precision": 0.5354808590102708,
        "recall": 0.6156736446591519,
        "f1-score": 0.5727840199750313,
        "support": 5589.0
    },
    "9": {
        "precision": 0.602288419806668,
        "recall": 0.546251565575237,
        "f1-score": 0.5729029836742353,
        "support": 5589.0
    },
    "micro avg": {
        "precision": 0.8167136738744385,
        "recall": 0.7771614878431841,
        "f1-score": 0.7964468349530387,
        "support": 50301.0
    },
    "macro avg": {
        "precision": 0.8196022925681087,
        "recall": 0.777161487843184,
        "f1-score": 0.7927548463658672,
        "support": 50301.0
    },
    "weighted avg": {
        "precision": 0.8196022925681086,
        "recall": 0.7771614878431841,
        "f1-score": 0.7927548463658671,
        "support": 50301.0
    },
    "accuracy": 0.7771614878431841
}