{
    "1": {
        "precision": 1.0,
        "recall": 1.0,
        "f1-score": 1.0,
        "support": 81.0
    },
    "2": {
        "precision": 1.0,
        "recall": 1.0,
        "f1-score": 1.0,
        "support": 81.0
    },
    "3": {
        "precision": 1.0,
        "recall": 1.0,
        "f1-score": 1.0,
        "support": 81.0
    },
    "4": {
        "precision": 1.0,
        "recall": 1.0,
        "f1-score": 1.0,
        "support": 81.0
    },
    "5": {
        "precision": 0.8888888888888888,
        "recall": 0.9876543209876543,
        "f1-score": 0.935672514619883,
        "support": 81.0
    },
    "6": {
        "precision": 0.8,
        "recall": 0.7901234567901234,
        "f1-score": 0.7950310559006211,
        "support": 81.0
    },
    "7": {
        "precision": 0.7241379310344828,
        "recall": 0.7777777777777778,
        "f1-score": 0.75,
        "support": 81.0
    },
    "8": {
        "precision": 0.7142857142857143,
        "recall": 0.7407407407407407,
        "f1-score": 0.7272727272727273,
        "support": 81.0
    },
    "9": {
        "precision": 0.9375,
        "recall": 0.7407407407407407,
        "f1-score": 0.8275862068965517,
        "support": 81.0
    },
    "accuracy": 0.8930041152263375,
    "macro avg": {
        "precision": 0.8960902815787873,
        "recall": 0.8930041152263374,
        "f1-score": 0.8928402782988649,
        "support": 729.0
    },
    "weighted avg": {
        "precision": 0.8960902815787873,
        "recall": 0.8930041152263375,
        "f1-score": 0.8928402782988647,
        "support": 729.0
    }
}