{
    "1": {
        "precision": 0.9204545454545454,
        "recall": 1.0,
        "f1-score": 0.9585798816568047,
        "support": 81.0
    },
    "2": {
        "precision": 0.46686746987951805,
        "recall": 0.9567901234567902,
        "f1-score": 0.6275303643724697,
        "support": 162.0
    },
    "3": {
        "precision": 0.16923076923076924,
        "recall": 0.2716049382716049,
        "f1-score": 0.20853080568720378,
        "support": 243.0
    },
    "4": {
        "precision": 0.0,
        "recall": 0.0,
        "f1-score": 0.0,
        "support": 324.0
    },
    "5": {
        "precision": 0.0,
        "recall": 0.0,
        "f1-score": 0.0,
        "support": 405.0
    },
    "6": {
        "precision": 0.0,
        "recall": 0.0,
        "f1-score": 0.0,
        "support": 486.0
    },
    "7": {
        "precision": 0.0,
        "recall": 0.0,
        "f1-score": 0.0,
        "support": 567.0
    },
    "8": {
        "precision": 0.0,
        "recall": 0.0,
        "f1-score": 0.0,
        "support": 648.0
    },
    "9": {
        "precision": 0.0,
        "recall": 0.0,
        "f1-score": 0.0,
        "support": 729.0
    },
    "accuracy": 0.08285322359396434,
    "macro avg": {
        "precision": 0.17295030939609254,
        "recall": 0.24759945130315503,
        "f1-score": 0.1994045613018309,
        "support": 3645.0
    },
    "weighted avg": {
        "precision": 0.05248626206457531,
        "recall": 0.08285322359396434,
        "f1-score": 0.06309406727696346,
        "support": 3645.0
    }
}