{
    "1": {
        "precision": 1.0,
        "recall": 1.0,
        "f1-score": 1.0,
        "support": 81.0
    },
    "2": {
        "precision": 1.0,
        "recall": 1.0,
        "f1-score": 1.0,
        "support": 81.0
    },
    "3": {
        "precision": 1.0,
        "recall": 1.0,
        "f1-score": 1.0,
        "support": 81.0
    },
    "4": {
        "precision": 0.9759036144578314,
        "recall": 1.0,
        "f1-score": 0.9878048780487805,
        "support": 81.0
    },
    "5": {
        "precision": 0.9294117647058824,
        "recall": 0.9753086419753086,
        "f1-score": 0.9518072289156626,
        "support": 81.0
    },
    "6": {
        "precision": 0.8064516129032258,
        "recall": 0.9259259259259259,
        "f1-score": 0.8620689655172413,
        "support": 81.0
    },
    "7": {
        "precision": 0.821917808219178,
        "recall": 0.7407407407407407,
        "f1-score": 0.7792207792207793,
        "support": 81.0
    },
    "8": {
        "precision": 0.8947368421052632,
        "recall": 0.8395061728395061,
        "f1-score": 0.8662420382165605,
        "support": 81.0
    },
    "9": {
        "precision": 1.0,
        "recall": 0.9012345679012346,
        "f1-score": 0.948051948051948,
        "support": 81.0
    },
    "micro avg": {
        "precision": 0.9352617079889807,
        "recall": 0.9314128943758574,
        "f1-score": 0.9333333333333333,
        "support": 729.0
    },
    "macro avg": {
        "precision": 0.9364912935990424,
        "recall": 0.9314128943758573,
        "f1-score": 0.9327995375523302,
        "support": 729.0
    },
    "weighted avg": {
        "precision": 0.9364912935990423,
        "recall": 0.9314128943758574,
        "f1-score": 0.9327995375523304,
        "support": 729.0
    },
    "accuracy": 0.9314128943758574
}