{
    "1": {
        "precision": 1.0,
        "recall": 1.0,
        "f1-score": 1.0,
        "support": 81.0
    },
    "2": {
        "precision": 0.7043478260869566,
        "recall": 1.0,
        "f1-score": 0.826530612244898,
        "support": 162.0
    },
    "3": {
        "precision": 0.3968253968253968,
        "recall": 0.720164609053498,
        "f1-score": 0.5116959064327485,
        "support": 243.0
    },
    "4": {
        "precision": 0.1351981351981352,
        "recall": 0.17901234567901234,
        "f1-score": 0.15405046480743692,
        "support": 324.0
    },
    "5": {
        "precision": 0.06746031746031746,
        "recall": 0.08395061728395062,
        "f1-score": 0.0748074807480748,
        "support": 405.0
    },
    "6": {
        "precision": 0.02821869488536155,
        "recall": 0.03292181069958848,
        "f1-score": 0.030389363722697058,
        "support": 486.0
    },
    "7": {
        "precision": 0.02416918429003021,
        "recall": 0.02821869488536155,
        "f1-score": 0.026037428803905614,
        "support": 567.0
    },
    "8": {
        "precision": 0.0027359781121751026,
        "recall": 0.0030864197530864196,
        "f1-score": 0.0029006526468455403,
        "support": 648.0
    },
    "9": {
        "precision": 0.0,
        "recall": 0.0,
        "f1-score": 0.0,
        "support": 729.0
    },
    "accuracy": 0.14924554183813443,
    "macro avg": {
        "precision": 0.262106170317597,
        "recall": 0.33859494415049973,
        "f1-score": 0.2918235454896229,
        "support": 3645.0
    },
    "weighted avg": {
        "precision": 0.10750333899964473,
        "recall": 0.14924554183813443,
        "f1-score": 0.12369314693103219,
        "support": 3645.0
    }
}