{
    "10": {
        "precision": 0.2537313432835821,
        "recall": 0.41975308641975306,
        "f1-score": 0.31627906976744186,
        "support": 81.0
    },
    "11": {
        "precision": 0.0,
        "recall": 0.0,
        "f1-score": 0.0,
        "support": 81.0
    },
    "12": {
        "precision": 0.39552238805970147,
        "recall": 0.654320987654321,
        "f1-score": 0.4930232558139535,
        "support": 81.0
    },
    "13": {
        "precision": 0.1,
        "recall": 0.012345679012345678,
        "f1-score": 0.02197802197802198,
        "support": 81.0
    },
    "14": {
        "precision": 0.625,
        "recall": 0.06172839506172839,
        "f1-score": 0.11235955056179775,
        "support": 81.0
    },
    "15": {
        "precision": 0.27169811320754716,
        "recall": 0.8888888888888888,
        "f1-score": 0.4161849710982659,
        "support": 81.0
    },
    "16": {
        "precision": 0.0,
        "recall": 0.0,
        "f1-score": 0.0,
        "support": 81.0
    },
    "17": {
        "precision": 0.0,
        "recall": 0.0,
        "f1-score": 0.0,
        "support": 81.0
    },
    "18": {
        "precision": 0.0,
        "recall": 0.0,
        "f1-score": 0.0,
        "support": 81.0
    },
    "micro avg": {
        "precision": 0.29945553539019965,
        "recall": 0.22633744855967078,
        "f1-score": 0.2578125,
        "support": 729.0
    },
    "macro avg": {
        "precision": 0.18288353828342563,
        "recall": 0.2263374485596708,
        "f1-score": 0.15109165213549788,
        "support": 729.0
    },
    "weighted avg": {
        "precision": 0.18288353828342563,
        "recall": 0.22633744855967078,
        "f1-score": 0.15109165213549788,
        "support": 729.0
    },
    "accuracy": 0.22633744855967078
}