{
    "10": {
        "precision": 0.9397590361445783,
        "recall": 0.9629629629629629,
        "f1-score": 0.9512195121951219,
        "support": 81.0
    },
    "11": {
        "precision": 0.9615384615384616,
        "recall": 0.9259259259259259,
        "f1-score": 0.9433962264150944,
        "support": 81.0
    },
    "12": {
        "precision": 0.7722772277227723,
        "recall": 0.9629629629629629,
        "f1-score": 0.8571428571428571,
        "support": 81.0
    },
    "13": {
        "precision": 0.6421052631578947,
        "recall": 0.7530864197530864,
        "f1-score": 0.6931818181818182,
        "support": 81.0
    },
    "14": {
        "precision": 0.5476190476190477,
        "recall": 0.5679012345679012,
        "f1-score": 0.5575757575757576,
        "support": 81.0
    },
    "15": {
        "precision": 0.746268656716418,
        "recall": 0.6172839506172839,
        "f1-score": 0.6756756756756757,
        "support": 81.0
    },
    "16": {
        "precision": 0.7530864197530864,
        "recall": 0.7530864197530864,
        "f1-score": 0.7530864197530864,
        "support": 81.0
    },
    "17": {
        "precision": 0.9322033898305084,
        "recall": 0.6790123456790124,
        "f1-score": 0.7857142857142857,
        "support": 81.0
    },
    "18": {
        "precision": 0.9285714285714286,
        "recall": 0.6419753086419753,
        "f1-score": 0.7591240875912408,
        "support": 81.0
    },
    "micro avg": {
        "precision": 0.7897727272727273,
        "recall": 0.7626886145404664,
        "f1-score": 0.7759944173063503,
        "support": 729.0
    },
    "macro avg": {
        "precision": 0.8026032145615773,
        "recall": 0.7626886145404664,
        "f1-score": 0.7751240711383265,
        "support": 729.0
    },
    "weighted avg": {
        "precision": 0.8026032145615773,
        "recall": 0.7626886145404664,
        "f1-score": 0.7751240711383265,
        "support": 729.0
    },
    "accuracy": 0.7626886145404664
}