{
    "1": {
        "precision": 1.0,
        "recall": 1.0,
        "f1-score": 1.0,
        "support": 5589.0
    },
    "2": {
        "precision": 1.0,
        "recall": 1.0,
        "f1-score": 1.0,
        "support": 5589.0
    },
    "3": {
        "precision": 1.0,
        "recall": 0.9996421542315262,
        "f1-score": 0.9998210450966356,
        "support": 5589.0
    },
    "4": {
        "precision": 0.999640933572711,
        "recall": 0.9962426194310252,
        "f1-score": 0.9979388834124922,
        "support": 5589.0
    },
    "5": {
        "precision": 0.9953220582943505,
        "recall": 0.989801395598497,
        "f1-score": 0.9925540504171526,
        "support": 5589.0
    },
    "6": {
        "precision": 0.9895833333333334,
        "recall": 0.9688674181427804,
        "f1-score": 0.9791158123135341,
        "support": 5589.0
    },
    "7": {
        "precision": 0.968819188191882,
        "recall": 0.9395240651279299,
        "f1-score": 0.9539467708238714,
        "support": 5589.0
    },
    "8": {
        "precision": 0.9381065738875664,
        "recall": 0.9166219359456075,
        "f1-score": 0.9272398190045249,
        "support": 5589.0
    },
    "9": {
        "precision": 0.9226940942269409,
        "recall": 0.9951690821256038,
        "f1-score": 0.9575621933373505,
        "support": 5589.0
    },
    "micro avg": {
        "precision": 0.9789553248199865,
        "recall": 0.9784298522892189,
        "f1-score": 0.9786925180213771,
        "support": 50301.0
    },
    "macro avg": {
        "precision": 0.9793517979451983,
        "recall": 0.9784298522892187,
        "f1-score": 0.9786865082672845,
        "support": 50301.0
    },
    "weighted avg": {
        "precision": 0.9793517979451981,
        "recall": 0.9784298522892189,
        "f1-score": 0.9786865082672846,
        "support": 50301.0
    },
    "accuracy": 0.9784298522892189
}