{
    "1": {
        "precision": 1.0,
        "recall": 0.9753086419753086,
        "f1-score": 0.9875,
        "support": 81.0
    },
    "2": {
        "precision": 0.9642857142857143,
        "recall": 1.0,
        "f1-score": 0.9818181818181818,
        "support": 81.0
    },
    "3": {
        "precision": 0.9753086419753086,
        "recall": 0.9753086419753086,
        "f1-score": 0.9753086419753086,
        "support": 81.0
    },
    "4": {
        "precision": 0.8831168831168831,
        "recall": 0.8395061728395061,
        "f1-score": 0.8607594936708861,
        "support": 81.0
    },
    "5": {
        "precision": 0.6883116883116883,
        "recall": 0.654320987654321,
        "f1-score": 0.6708860759493671,
        "support": 81.0
    },
    "6": {
        "precision": 0.6111111111111112,
        "recall": 0.4074074074074074,
        "f1-score": 0.4888888888888889,
        "support": 81.0
    },
    "7": {
        "precision": 0.52,
        "recall": 0.16049382716049382,
        "f1-score": 0.24528301886792453,
        "support": 81.0
    },
    "8": {
        "precision": 0.2647058823529412,
        "recall": 0.2222222222222222,
        "f1-score": 0.24161073825503357,
        "support": 81.0
    },
    "9": {
        "precision": 0.15625,
        "recall": 0.06172839506172839,
        "f1-score": 0.08849557522123894,
        "support": 81.0
    },
    "micro avg": {
        "precision": 0.7435008665511266,
        "recall": 0.588477366255144,
        "f1-score": 0.6569678407350689,
        "support": 729.0
    },
    "macro avg": {
        "precision": 0.6736766579059608,
        "recall": 0.5884773662551441,
        "f1-score": 0.6156167349607587,
        "support": 729.0
    },
    "weighted avg": {
        "precision": 0.6736766579059608,
        "recall": 0.588477366255144,
        "f1-score": 0.6156167349607587,
        "support": 729.0
    },
    "accuracy": 0.588477366255144
}