{
    "10": {
        "precision": 0.9058823529411765,
        "recall": 0.9506172839506173,
        "f1-score": 0.927710843373494,
        "support": 81.0
    },
    "11": {
        "precision": 0.96,
        "recall": 0.8888888888888888,
        "f1-score": 0.9230769230769231,
        "support": 81.0
    },
    "12": {
        "precision": 0.75,
        "recall": 0.9629629629629629,
        "f1-score": 0.8432432432432433,
        "support": 81.0
    },
    "13": {
        "precision": 0.5643564356435643,
        "recall": 0.7037037037037037,
        "f1-score": 0.6263736263736264,
        "support": 81.0
    },
    "14": {
        "precision": 0.4158415841584158,
        "recall": 0.5185185185185185,
        "f1-score": 0.46153846153846156,
        "support": 81.0
    },
    "15": {
        "precision": 0.6779661016949152,
        "recall": 0.49382716049382713,
        "f1-score": 0.5714285714285714,
        "support": 81.0
    },
    "16": {
        "precision": 0.6438356164383562,
        "recall": 0.5802469135802469,
        "f1-score": 0.6103896103896104,
        "support": 81.0
    },
    "17": {
        "precision": 0.8653846153846154,
        "recall": 0.5555555555555556,
        "f1-score": 0.6766917293233082,
        "support": 81.0
    },
    "18": {
        "precision": 0.8113207547169812,
        "recall": 0.5308641975308642,
        "f1-score": 0.6417910447761194,
        "support": 81.0
    },
    "micro avg": {
        "precision": 0.7126600284495022,
        "recall": 0.6872427983539094,
        "f1-score": 0.6997206703910615,
        "support": 729.0
    },
    "macro avg": {
        "precision": 0.7327319401086694,
        "recall": 0.6872427983539094,
        "f1-score": 0.6980271170581509,
        "support": 729.0
    },
    "weighted avg": {
        "precision": 0.7327319401086694,
        "recall": 0.6872427983539094,
        "f1-score": 0.6980271170581508,
        "support": 729.0
    },
    "accuracy": 0.6872427983539094
}