{
    "10": {
        "precision": 0.4457831325301205,
        "recall": 0.4567901234567901,
        "f1-score": 0.45121951219512196,
        "support": 81.0
    },
    "11": {
        "precision": 0.0,
        "recall": 0.0,
        "f1-score": 0.0,
        "support": 81.0
    },
    "12": {
        "precision": 0.3333333333333333,
        "recall": 0.2222222222222222,
        "f1-score": 0.26666666666666666,
        "support": 81.0
    },
    "13": {
        "precision": 0.09523809523809523,
        "recall": 0.07407407407407407,
        "f1-score": 0.08333333333333333,
        "support": 81.0
    },
    "14": {
        "precision": 0.027777777777777776,
        "recall": 0.012345679012345678,
        "f1-score": 0.017094017094017096,
        "support": 81.0
    },
    "15": {
        "precision": 0.0,
        "recall": 0.0,
        "f1-score": 0.0,
        "support": 81.0
    },
    "16": {
        "precision": 0.0,
        "recall": 0.0,
        "f1-score": 0.0,
        "support": 81.0
    },
    "17": {
        "precision": 0.0,
        "recall": 0.0,
        "f1-score": 0.0,
        "support": 81.0
    },
    "18": {
        "precision": 0.0,
        "recall": 0.0,
        "f1-score": 0.0,
        "support": 81.0
    },
    "micro avg": {
        "precision": 0.16893732970027248,
        "recall": 0.0850480109739369,
        "f1-score": 0.11313868613138686,
        "support": 729.0
    },
    "macro avg": {
        "precision": 0.10023692654214743,
        "recall": 0.08504801097393691,
        "f1-score": 0.09092372547657102,
        "support": 729.0
    },
    "weighted avg": {
        "precision": 0.10023692654214743,
        "recall": 0.0850480109739369,
        "f1-score": 0.09092372547657102,
        "support": 729.0
    },
    "accuracy": 0.0850480109739369
}