{
    "1": {
        "precision": 1.0,
        "recall": 1.0,
        "f1-score": 1.0,
        "support": 81.0
    },
    "2": {
        "precision": 1.0,
        "recall": 1.0,
        "f1-score": 1.0,
        "support": 81.0
    },
    "3": {
        "precision": 1.0,
        "recall": 1.0,
        "f1-score": 1.0,
        "support": 81.0
    },
    "4": {
        "precision": 0.9878048780487805,
        "recall": 1.0,
        "f1-score": 0.9938650306748467,
        "support": 81.0
    },
    "5": {
        "precision": 0.8977272727272727,
        "recall": 0.9753086419753086,
        "f1-score": 0.9349112426035503,
        "support": 81.0
    },
    "6": {
        "precision": 0.8611111111111112,
        "recall": 0.7654320987654321,
        "f1-score": 0.8104575163398693,
        "support": 81.0
    },
    "7": {
        "precision": 0.6956521739130435,
        "recall": 0.7901234567901234,
        "f1-score": 0.7398843930635838,
        "support": 81.0
    },
    "8": {
        "precision": 0.6951219512195121,
        "recall": 0.7037037037037037,
        "f1-score": 0.6993865030674846,
        "support": 81.0
    },
    "9": {
        "precision": 0.9,
        "recall": 0.7777777777777778,
        "f1-score": 0.8344370860927153,
        "support": 81.0
    },
    "accuracy": 0.8902606310013718,
    "macro avg": {
        "precision": 0.8930463763355245,
        "recall": 0.8902606310013719,
        "f1-score": 0.8903268635380055,
        "support": 729.0
    },
    "weighted avg": {
        "precision": 0.8930463763355243,
        "recall": 0.8902606310013718,
        "f1-score": 0.8903268635380054,
        "support": 729.0
    }
}