{
    "10": {
        "precision": 0.0,
        "recall": 0.0,
        "f1-score": 0.0,
        "support": 81.0
    },
    "11": {
        "precision": 0.0,
        "recall": 0.0,
        "f1-score": 0.0,
        "support": 81.0
    },
    "12": {
        "precision": 0.008,
        "recall": 0.012345679012345678,
        "f1-score": 0.009708737864077669,
        "support": 81.0
    },
    "13": {
        "precision": 0.02,
        "recall": 0.012345679012345678,
        "f1-score": 0.015267175572519083,
        "support": 81.0
    },
    "14": {
        "precision": 0.006622516556291391,
        "recall": 0.012345679012345678,
        "f1-score": 0.008620689655172414,
        "support": 81.0
    },
    "15": {
        "precision": 0.0,
        "recall": 0.0,
        "f1-score": 0.0,
        "support": 81.0
    },
    "16": {
        "precision": 0.0,
        "recall": 0.0,
        "f1-score": 0.0,
        "support": 81.0
    },
    "17": {
        "precision": 0.0,
        "recall": 0.0,
        "f1-score": 0.0,
        "support": 81.0
    },
    "18": {
        "precision": 0.0,
        "recall": 0.0,
        "f1-score": 0.0,
        "support": 81.0
    },
    "micro avg": {
        "precision": 0.005988023952095809,
        "recall": 0.00411522633744856,
        "f1-score": 0.004878048780487805,
        "support": 729.0
    },
    "macro avg": {
        "precision": 0.003846946284032377,
        "recall": 0.004115226337448559,
        "f1-score": 0.003732955899085463,
        "support": 729.0
    },
    "weighted avg": {
        "precision": 0.003846946284032377,
        "recall": 0.00411522633744856,
        "f1-score": 0.003732955899085463,
        "support": 729.0
    },
    "accuracy": 0.00411522633744856
}