{
    "10": {
        "precision": 0.9411764705882353,
        "recall": 0.9876543209876543,
        "f1-score": 0.963855421686747,
        "support": 81.0
    },
    "11": {
        "precision": 0.9156626506024096,
        "recall": 0.9382716049382716,
        "f1-score": 0.926829268292683,
        "support": 81.0
    },
    "12": {
        "precision": 0.7835051546391752,
        "recall": 0.9382716049382716,
        "f1-score": 0.8539325842696629,
        "support": 81.0
    },
    "13": {
        "precision": 0.5961538461538461,
        "recall": 0.7654320987654321,
        "f1-score": 0.6702702702702703,
        "support": 81.0
    },
    "14": {
        "precision": 0.4827586206896552,
        "recall": 0.5185185185185185,
        "f1-score": 0.5,
        "support": 81.0
    },
    "15": {
        "precision": 0.6617647058823529,
        "recall": 0.5555555555555556,
        "f1-score": 0.6040268456375839,
        "support": 81.0
    },
    "16": {
        "precision": 0.7361111111111112,
        "recall": 0.654320987654321,
        "f1-score": 0.6928104575163399,
        "support": 81.0
    },
    "17": {
        "precision": 0.9152542372881356,
        "recall": 0.6666666666666666,
        "f1-score": 0.7714285714285715,
        "support": 81.0
    },
    "18": {
        "precision": 0.9310344827586207,
        "recall": 0.6666666666666666,
        "f1-score": 0.7769784172661871,
        "support": 81.0
    },
    "micro avg": {
        "precision": 0.7601683029453016,
        "recall": 0.7434842249657064,
        "f1-score": 0.7517337031900139,
        "support": 729.0
    },
    "macro avg": {
        "precision": 0.7737134755237268,
        "recall": 0.7434842249657065,
        "f1-score": 0.7511257595964496,
        "support": 729.0
    },
    "weighted avg": {
        "precision": 0.7737134755237268,
        "recall": 0.7434842249657064,
        "f1-score": 0.7511257595964496,
        "support": 729.0
    },
    "accuracy": 0.7434842249657064
}