{
    "1": {
        "precision": 1.0,
        "recall": 1.0,
        "f1-score": 1.0,
        "support": 81.0
    },
    "2": {
        "precision": 0.9759036144578314,
        "recall": 1.0,
        "f1-score": 0.9878048780487805,
        "support": 81.0
    },
    "3": {
        "precision": 0.7053571428571429,
        "recall": 0.9753086419753086,
        "f1-score": 0.8186528497409327,
        "support": 81.0
    },
    "4": {
        "precision": 0.5384615384615384,
        "recall": 0.8641975308641975,
        "f1-score": 0.6635071090047393,
        "support": 81.0
    },
    "5": {
        "precision": 0.6020408163265306,
        "recall": 0.7283950617283951,
        "f1-score": 0.659217877094972,
        "support": 81.0
    },
    "6": {
        "precision": 0.4942528735632184,
        "recall": 0.5308641975308642,
        "f1-score": 0.5119047619047619,
        "support": 81.0
    },
    "7": {
        "precision": 0.5384615384615384,
        "recall": 0.25925925925925924,
        "f1-score": 0.35,
        "support": 81.0
    },
    "8": {
        "precision": 0.40350877192982454,
        "recall": 0.2839506172839506,
        "f1-score": 0.3333333333333333,
        "support": 81.0
    },
    "9": {
        "precision": 0.3157894736842105,
        "recall": 0.07407407407407407,
        "f1-score": 0.12,
        "support": 81.0
    },
    "micro avg": {
        "precision": 0.6558073654390935,
        "recall": 0.635116598079561,
        "f1-score": 0.6452961672473868,
        "support": 729.0
    },
    "macro avg": {
        "precision": 0.6193084188602039,
        "recall": 0.6351165980795611,
        "f1-score": 0.6049356454586133,
        "support": 729.0
    },
    "weighted avg": {
        "precision": 0.6193084188602039,
        "recall": 0.635116598079561,
        "f1-score": 0.6049356454586132,
        "support": 729.0
    },
    "accuracy": 0.635116598079561
}