{
    "10": {
        "precision": 0.030303030303030304,
        "recall": 0.037037037037037035,
        "f1-score": 0.03333333333333333,
        "support": 81.0
    },
    "11": {
        "precision": 0.06666666666666667,
        "recall": 0.012345679012345678,
        "f1-score": 0.020833333333333332,
        "support": 81.0
    },
    "12": {
        "precision": 0.9090909090909091,
        "recall": 0.37037037037037035,
        "f1-score": 0.5263157894736842,
        "support": 81.0
    },
    "13": {
        "precision": 0.5588235294117647,
        "recall": 0.2345679012345679,
        "f1-score": 0.33043478260869563,
        "support": 81.0
    },
    "14": {
        "precision": 0.11864406779661017,
        "recall": 0.08641975308641975,
        "f1-score": 0.1,
        "support": 81.0
    },
    "15": {
        "precision": 0.1267605633802817,
        "recall": 0.1111111111111111,
        "f1-score": 0.11842105263157894,
        "support": 81.0
    },
    "16": {
        "precision": 0.14893617021276595,
        "recall": 0.1728395061728395,
        "f1-score": 0.16,
        "support": 81.0
    },
    "17": {
        "precision": 0.0,
        "recall": 0.0,
        "f1-score": 0.0,
        "support": 81.0
    },
    "18": {
        "precision": 0.1282051282051282,
        "recall": 0.24691358024691357,
        "f1-score": 0.16877637130801687,
        "support": 81.0
    },
    "micro avg": {
        "precision": 0.1836007130124777,
        "recall": 0.1412894375857339,
        "f1-score": 0.15968992248062017,
        "support": 729.0
    },
    "macro avg": {
        "precision": 0.23193667389635073,
        "recall": 0.1412894375857339,
        "f1-score": 0.16201274029873802,
        "support": 729.0
    },
    "weighted avg": {
        "precision": 0.23193667389635078,
        "recall": 0.1412894375857339,
        "f1-score": 0.16201274029873805,
        "support": 729.0
    },
    "accuracy": 0.1412894375857339
}