{
    "10": {
        "precision": 0.5579710144927537,
        "recall": 0.9506172839506173,
        "f1-score": 0.7031963470319634,
        "support": 81.0
    },
    "11": {
        "precision": 0.19680851063829788,
        "recall": 0.4567901234567901,
        "f1-score": 0.275092936802974,
        "support": 81.0
    },
    "12": {
        "precision": 0.19642857142857142,
        "recall": 0.13580246913580246,
        "f1-score": 0.16058394160583941,
        "support": 81.0
    },
    "13": {
        "precision": 0.13636363636363635,
        "recall": 0.25925925925925924,
        "f1-score": 0.17872340425531916,
        "support": 81.0
    },
    "14": {
        "precision": 0.0,
        "recall": 0.0,
        "f1-score": 0.0,
        "support": 81.0
    },
    "15": {
        "precision": 0.1,
        "recall": 0.037037037037037035,
        "f1-score": 0.05405405405405406,
        "support": 81.0
    },
    "16": {
        "precision": 0.09411764705882353,
        "recall": 0.09876543209876543,
        "f1-score": 0.0963855421686747,
        "support": 81.0
    },
    "17": {
        "precision": 0.0,
        "recall": 0.0,
        "f1-score": 0.0,
        "support": 81.0
    },
    "18": {
        "precision": 0.9285714285714286,
        "recall": 0.16049382716049382,
        "f1-score": 0.2736842105263158,
        "support": 81.0
    },
    "micro avg": {
        "precision": 0.23448275862068965,
        "recall": 0.23319615912208505,
        "f1-score": 0.23383768913342504,
        "support": 729.0
    },
    "macro avg": {
        "precision": 0.24558453428372345,
        "recall": 0.23319615912208505,
        "f1-score": 0.19352449293834895,
        "support": 729.0
    },
    "weighted avg": {
        "precision": 0.2455845342837235,
        "recall": 0.23319615912208505,
        "f1-score": 0.19352449293834895,
        "support": 729.0
    },
    "accuracy": 0.23319615912208505
}