{
    "1": {
        "precision": 0.9759036144578314,
        "recall": 1.0,
        "f1-score": 0.9878048780487805,
        "support": 81.0
    },
    "2": {
        "precision": 0.6530612244897959,
        "recall": 0.9876543209876543,
        "f1-score": 0.7862407862407862,
        "support": 162.0
    },
    "3": {
        "precision": 0.33978494623655914,
        "recall": 0.6502057613168725,
        "f1-score": 0.4463276836158192,
        "support": 243.0
    },
    "4": {
        "precision": 0.04271356783919598,
        "recall": 0.05246913580246913,
        "f1-score": 0.04709141274238227,
        "support": 324.0
    },
    "5": {
        "precision": 0.04780876494023904,
        "recall": 0.05925925925925926,
        "f1-score": 0.05292171995589857,
        "support": 405.0
    },
    "6": {
        "precision": 0.014010507880910683,
        "recall": 0.01646090534979424,
        "f1-score": 0.015137180700094607,
        "support": 486.0
    },
    "7": {
        "precision": 0.006153846153846154,
        "recall": 0.007054673721340388,
        "f1-score": 0.00657354149548069,
        "support": 567.0
    },
    "8": {
        "precision": 0.0027359781121751026,
        "recall": 0.0030864197530864196,
        "f1-score": 0.0029006526468455403,
        "support": 648.0
    },
    "9": {
        "precision": 0.0,
        "recall": 0.0,
        "f1-score": 0.0,
        "support": 729.0
    },
    "accuracy": 0.12455418381344308,
    "macro avg": {
        "precision": 0.23135249445672817,
        "recall": 0.30846560846560844,
        "f1-score": 0.2605553172717875,
        "support": 3645.0
    },
    "weighted avg": {
        "precision": 0.0857845954103304,
        "recall": 0.12455418381344308,
        "f1-score": 0.10027304106601176,
        "support": 3645.0
    }
}