{
    "10": {
        "precision": 0.5408163265306123,
        "recall": 0.654320987654321,
        "f1-score": 0.5921787709497207,
        "support": 81.0
    },
    "11": {
        "precision": 0.6415094339622641,
        "recall": 0.41975308641975306,
        "f1-score": 0.5074626865671642,
        "support": 81.0
    },
    "12": {
        "precision": 0.5213675213675214,
        "recall": 0.7530864197530864,
        "f1-score": 0.6161616161616161,
        "support": 81.0
    },
    "13": {
        "precision": 0.3333333333333333,
        "recall": 0.3333333333333333,
        "f1-score": 0.3333333333333333,
        "support": 81.0
    },
    "14": {
        "precision": 0.4603174603174603,
        "recall": 0.35802469135802467,
        "f1-score": 0.4027777777777778,
        "support": 81.0
    },
    "15": {
        "precision": 0.5,
        "recall": 0.5308641975308642,
        "f1-score": 0.5149700598802395,
        "support": 81.0
    },
    "16": {
        "precision": 0.4235294117647059,
        "recall": 0.4444444444444444,
        "f1-score": 0.43373493975903615,
        "support": 81.0
    },
    "17": {
        "precision": 0.34951456310679613,
        "recall": 0.4444444444444444,
        "f1-score": 0.391304347826087,
        "support": 81.0
    },
    "18": {
        "precision": 0.6666666666666666,
        "recall": 0.04938271604938271,
        "f1-score": 0.09195402298850575,
        "support": 81.0
    },
    "micro avg": {
        "precision": 0.4667630057803468,
        "recall": 0.4430727023319616,
        "f1-score": 0.4546094299788881,
        "support": 729.0
    },
    "macro avg": {
        "precision": 0.49300607967215115,
        "recall": 0.4430727023319616,
        "f1-score": 0.43154195058260897,
        "support": 729.0
    },
    "weighted avg": {
        "precision": 0.49300607967215104,
        "recall": 0.4430727023319616,
        "f1-score": 0.4315419505826089,
        "support": 729.0
    },
    "accuracy": 0.4430727023319616
}