{
    "1": {
        "precision": 0.9529411764705882,
        "recall": 1.0,
        "f1-score": 0.9759036144578314,
        "support": 81.0
    },
    "2": {
        "precision": 0.6175298804780877,
        "recall": 0.9567901234567902,
        "f1-score": 0.7506053268765133,
        "support": 162.0
    },
    "3": {
        "precision": 0.3878116343490305,
        "recall": 0.5761316872427984,
        "f1-score": 0.46357615894039733,
        "support": 243.0
    },
    "4": {
        "precision": 0.22772277227722773,
        "recall": 0.2839506172839506,
        "f1-score": 0.25274725274725274,
        "support": 324.0
    },
    "5": {
        "precision": 0.15816326530612246,
        "recall": 0.22962962962962963,
        "f1-score": 0.18731117824773413,
        "support": 405.0
    },
    "6": {
        "precision": 0.01972386587771203,
        "recall": 0.0205761316872428,
        "f1-score": 0.02014098690835851,
        "support": 486.0
    },
    "7": {
        "precision": 0.0993006993006993,
        "recall": 0.12522045855379188,
        "f1-score": 0.11076443057722309,
        "support": 567.0
    },
    "8": {
        "precision": 0.006811989100817439,
        "recall": 0.007716049382716049,
        "f1-score": 0.00723589001447178,
        "support": 648.0
    },
    "9": {
        "precision": 0.0,
        "recall": 0.0,
        "f1-score": 0.0,
        "support": 729.0
    },
    "accuracy": 0.1775034293552812,
    "macro avg": {
        "precision": 0.27444503146225396,
        "recall": 0.35555718858187996,
        "f1-score": 0.3075872043077536,
        "support": 3645.0
    },
    "weighted avg": {
        "precision": 0.13157971687313522,
        "recall": 0.1775034293552812,
        "f1-score": 0.15043270450813817,
        "support": 3645.0
    }
}