{
    "1": {
        "precision": 1.0,
        "recall": 1.0,
        "f1-score": 1.0,
        "support": 81.0
    },
    "2": {
        "precision": 1.0,
        "recall": 1.0,
        "f1-score": 1.0,
        "support": 81.0
    },
    "3": {
        "precision": 0.9878048780487805,
        "recall": 1.0,
        "f1-score": 0.9938650306748467,
        "support": 81.0
    },
    "4": {
        "precision": 0.975609756097561,
        "recall": 0.9876543209876543,
        "f1-score": 0.9815950920245399,
        "support": 81.0
    },
    "5": {
        "precision": 0.9294117647058824,
        "recall": 0.9753086419753086,
        "f1-score": 0.9518072289156626,
        "support": 81.0
    },
    "6": {
        "precision": 0.7731958762886598,
        "recall": 0.9259259259259259,
        "f1-score": 0.8426966292134831,
        "support": 81.0
    },
    "7": {
        "precision": 0.8412698412698413,
        "recall": 0.654320987654321,
        "f1-score": 0.7361111111111112,
        "support": 81.0
    },
    "8": {
        "precision": 0.7752808988764045,
        "recall": 0.8518518518518519,
        "f1-score": 0.8117647058823529,
        "support": 81.0
    },
    "9": {
        "precision": 1.0,
        "recall": 0.7530864197530864,
        "f1-score": 0.8591549295774648,
        "support": 81.0
    },
    "micro avg": {
        "precision": 0.9153952843273232,
        "recall": 0.9053497942386831,
        "f1-score": 0.9103448275862069,
        "support": 729.0
    },
    "macro avg": {
        "precision": 0.9202858905874588,
        "recall": 0.9053497942386832,
        "f1-score": 0.9085549697110511,
        "support": 729.0
    },
    "weighted avg": {
        "precision": 0.9202858905874587,
        "recall": 0.9053497942386831,
        "f1-score": 0.9085549697110511,
        "support": 729.0
    },
    "accuracy": 0.9053497942386831
}