{
    "1": {
        "precision": 0.9878048780487805,
        "recall": 1.0,
        "f1-score": 0.9938650306748467,
        "support": 81.0
    },
    "2": {
        "precision": 0.9411764705882353,
        "recall": 0.9876543209876543,
        "f1-score": 0.963855421686747,
        "support": 81.0
    },
    "3": {
        "precision": 0.8863636363636364,
        "recall": 0.9629629629629629,
        "f1-score": 0.9230769230769231,
        "support": 81.0
    },
    "4": {
        "precision": 0.49673202614379086,
        "recall": 0.9382716049382716,
        "f1-score": 0.6495726495726496,
        "support": 81.0
    },
    "5": {
        "precision": 0.5462184873949579,
        "recall": 0.8024691358024691,
        "f1-score": 0.65,
        "support": 81.0
    },
    "6": {
        "precision": 0.4838709677419355,
        "recall": 0.37037037037037035,
        "f1-score": 0.4195804195804196,
        "support": 81.0
    },
    "7": {
        "precision": 0.5,
        "recall": 0.2839506172839506,
        "f1-score": 0.36220472440944884,
        "support": 81.0
    },
    "8": {
        "precision": 0.6444444444444445,
        "recall": 0.35802469135802467,
        "f1-score": 0.4603174603174603,
        "support": 81.0
    },
    "9": {
        "precision": 0.7333333333333333,
        "recall": 0.13580246913580246,
        "f1-score": 0.22916666666666666,
        "support": 81.0
    },
    "micro avg": {
        "precision": 0.6805755395683454,
        "recall": 0.6488340192043895,
        "f1-score": 0.6643258426966292,
        "support": 729.0
    },
    "macro avg": {
        "precision": 0.6911049160065682,
        "recall": 0.6488340192043895,
        "f1-score": 0.6279599217761291,
        "support": 729.0
    },
    "weighted avg": {
        "precision": 0.6911049160065682,
        "recall": 0.6488340192043895,
        "f1-score": 0.627959921776129,
        "support": 729.0
    },
    "accuracy": 0.6488340192043895
}