{
    "10": {
        "precision": 0.061855670103092786,
        "recall": 0.07407407407407407,
        "f1-score": 0.06741573033707865,
        "support": 81.0
    },
    "11": {
        "precision": 0.0,
        "recall": 0.0,
        "f1-score": 0.0,
        "support": 81.0
    },
    "12": {
        "precision": 0.6699029126213593,
        "recall": 0.8518518518518519,
        "f1-score": 0.75,
        "support": 81.0
    },
    "13": {
        "precision": 0.8125,
        "recall": 0.48148148148148145,
        "f1-score": 0.6046511627906976,
        "support": 81.0
    },
    "14": {
        "precision": 0.7959183673469388,
        "recall": 0.48148148148148145,
        "f1-score": 0.6,
        "support": 81.0
    },
    "15": {
        "precision": 0.6016949152542372,
        "recall": 0.8765432098765432,
        "f1-score": 0.7135678391959799,
        "support": 81.0
    },
    "16": {
        "precision": 0.8,
        "recall": 0.04938271604938271,
        "f1-score": 0.09302325581395349,
        "support": 81.0
    },
    "17": {
        "precision": 0.06451612903225806,
        "recall": 0.024691358024691357,
        "f1-score": 0.03571428571428571,
        "support": 81.0
    },
    "18": {
        "precision": 0.0,
        "recall": 0.0,
        "f1-score": 0.0,
        "support": 81.0
    },
    "micro avg": {
        "precision": 0.45544554455445546,
        "recall": 0.31550068587105623,
        "f1-score": 0.3727714748784441,
        "support": 729.0
    },
    "macro avg": {
        "precision": 0.42293199937309844,
        "recall": 0.3155006858710563,
        "f1-score": 0.31826358598355503,
        "support": 729.0
    },
    "weighted avg": {
        "precision": 0.42293199937309844,
        "recall": 0.31550068587105623,
        "f1-score": 0.31826358598355503,
        "support": 729.0
    },
    "accuracy": 0.31550068587105623
}