{
    "1": {
        "precision": 1.0,
        "recall": 1.0,
        "f1-score": 1.0,
        "support": 5589.0
    },
    "2": {
        "precision": 1.0,
        "recall": 1.0,
        "f1-score": 1.0,
        "support": 5589.0
    },
    "3": {
        "precision": 1.0,
        "recall": 1.0,
        "f1-score": 1.0,
        "support": 5589.0
    },
    "4": {
        "precision": 1.0,
        "recall": 1.0,
        "f1-score": 1.0,
        "support": 5589.0
    },
    "5": {
        "precision": 0.9996422822393132,
        "recall": 1.0,
        "f1-score": 0.9998211091234347,
        "support": 5589.0
    },
    "6": {
        "precision": 0.9801754385964913,
        "recall": 0.9996421542315262,
        "f1-score": 0.9898130923908229,
        "support": 5589.0
    },
    "7": {
        "precision": 0.955505147443727,
        "recall": 0.9797817140812309,
        "f1-score": 0.9674911660777386,
        "support": 5589.0
    },
    "8": {
        "precision": 0.928944618599791,
        "recall": 0.9543746645195921,
        "f1-score": 0.9414879534021711,
        "support": 5589.0
    },
    "9": {
        "precision": 1.0,
        "recall": 0.9269994632313473,
        "f1-score": 0.962116991643454,
        "support": 5589.0
    },
    "accuracy": 0.984533110673744,
    "macro avg": {
        "precision": 0.9849186096532581,
        "recall": 0.9845331106737442,
        "f1-score": 0.984525590293069,
        "support": 50301.0
    },
    "weighted avg": {
        "precision": 0.9849186096532581,
        "recall": 0.984533110673744,
        "f1-score": 0.9845255902930691,
        "support": 50301.0
    }
}