{
    "1": {
        "precision": 1.0,
        "recall": 1.0,
        "f1-score": 1.0,
        "support": 81.0
    },
    "2": {
        "precision": 1.0,
        "recall": 1.0,
        "f1-score": 1.0,
        "support": 81.0
    },
    "3": {
        "precision": 1.0,
        "recall": 1.0,
        "f1-score": 1.0,
        "support": 81.0
    },
    "4": {
        "precision": 0.9878048780487805,
        "recall": 1.0,
        "f1-score": 0.9938650306748467,
        "support": 81.0
    },
    "5": {
        "precision": 0.963855421686747,
        "recall": 0.9876543209876543,
        "f1-score": 0.975609756097561,
        "support": 81.0
    },
    "6": {
        "precision": 0.9285714285714286,
        "recall": 0.9629629629629629,
        "f1-score": 0.9454545454545454,
        "support": 81.0
    },
    "7": {
        "precision": 0.9358974358974359,
        "recall": 0.9012345679012346,
        "f1-score": 0.9182389937106918,
        "support": 81.0
    },
    "8": {
        "precision": 0.95,
        "recall": 0.9382716049382716,
        "f1-score": 0.9440993788819876,
        "support": 81.0
    },
    "9": {
        "precision": 1.0,
        "recall": 0.9506172839506173,
        "f1-score": 0.9746835443037974,
        "support": 81.0
    },
    "micro avg": {
        "precision": 0.9738651994497937,
        "recall": 0.9711934156378601,
        "f1-score": 0.9725274725274725,
        "support": 729.0
    },
    "macro avg": {
        "precision": 0.9740143515782658,
        "recall": 0.9711934156378601,
        "f1-score": 0.972439027680381,
        "support": 729.0
    },
    "weighted avg": {
        "precision": 0.9740143515782658,
        "recall": 0.9711934156378601,
        "f1-score": 0.972439027680381,
        "support": 729.0
    },
    "accuracy": 0.9711934156378601
}