{
    "10": {
        "precision": 1.0,
        "recall": 0.06172839506172839,
        "f1-score": 0.11627906976744186,
        "support": 81.0
    },
    "11": {
        "precision": 0.0,
        "recall": 0.0,
        "f1-score": 0.0,
        "support": 81.0
    },
    "12": {
        "precision": 0.0,
        "recall": 0.0,
        "f1-score": 0.0,
        "support": 81.0
    },
    "13": {
        "precision": 0.25,
        "recall": 0.024691358024691357,
        "f1-score": 0.0449438202247191,
        "support": 81.0
    },
    "14": {
        "precision": 0.0,
        "recall": 0.0,
        "f1-score": 0.0,
        "support": 81.0
    },
    "15": {
        "precision": 0.0,
        "recall": 0.0,
        "f1-score": 0.0,
        "support": 81.0
    },
    "16": {
        "precision": 0.0,
        "recall": 0.0,
        "f1-score": 0.0,
        "support": 81.0
    },
    "17": {
        "precision": 0.0,
        "recall": 0.0,
        "f1-score": 0.0,
        "support": 81.0
    },
    "18": {
        "precision": 0.0,
        "recall": 0.0,
        "f1-score": 0.0,
        "support": 81.0
    },
    "micro avg": {
        "precision": 0.2916666666666667,
        "recall": 0.009602194787379973,
        "f1-score": 0.01859229747675963,
        "support": 729.0
    },
    "macro avg": {
        "precision": 0.1388888888888889,
        "recall": 0.009602194787379972,
        "f1-score": 0.01791365444357344,
        "support": 729.0
    },
    "weighted avg": {
        "precision": 0.1388888888888889,
        "recall": 0.009602194787379973,
        "f1-score": 0.01791365444357344,
        "support": 729.0
    },
    "accuracy": 0.009602194787379973
}