{
    "10": {
        "precision": 1.0,
        "recall": 0.8271604938271605,
        "f1-score": 0.9054054054054054,
        "support": 81.0
    },
    "11": {
        "precision": 0.875,
        "recall": 0.5185185185185185,
        "f1-score": 0.6511627906976745,
        "support": 81.0
    },
    "12": {
        "precision": 0.5125,
        "recall": 0.5061728395061729,
        "f1-score": 0.5093167701863354,
        "support": 81.0
    },
    "13": {
        "precision": 0.24528301886792453,
        "recall": 0.16049382716049382,
        "f1-score": 0.19402985074626866,
        "support": 81.0
    },
    "14": {
        "precision": 0.0,
        "recall": 0.0,
        "f1-score": 0.0,
        "support": 81.0
    },
    "15": {
        "precision": 0.0,
        "recall": 0.0,
        "f1-score": 0.0,
        "support": 81.0
    },
    "16": {
        "precision": 0.0,
        "recall": 0.0,
        "f1-score": 0.0,
        "support": 81.0
    },
    "17": {
        "precision": 0.0,
        "recall": 0.0,
        "f1-score": 0.0,
        "support": 81.0
    },
    "18": {
        "precision": 0.0,
        "recall": 0.0,
        "f1-score": 0.0,
        "support": 81.0
    },
    "micro avg": {
        "precision": 0.346072186836518,
        "recall": 0.22359396433470508,
        "f1-score": 0.27166666666666667,
        "support": 729.0
    },
    "macro avg": {
        "precision": 0.2925314465408805,
        "recall": 0.22359396433470508,
        "f1-score": 0.2511016463372982,
        "support": 729.0
    },
    "weighted avg": {
        "precision": 0.2925314465408805,
        "recall": 0.22359396433470508,
        "f1-score": 0.2511016463372982,
        "support": 729.0
    },
    "accuracy": 0.22359396433470508
}