{
    "1": {
        "precision": 1.0,
        "recall": 1.0,
        "f1-score": 1.0,
        "support": 81.0
    },
    "2": {
        "precision": 1.0,
        "recall": 1.0,
        "f1-score": 1.0,
        "support": 81.0
    },
    "3": {
        "precision": 1.0,
        "recall": 1.0,
        "f1-score": 1.0,
        "support": 81.0
    },
    "4": {
        "precision": 0.9878048780487805,
        "recall": 1.0,
        "f1-score": 0.9938650306748467,
        "support": 81.0
    },
    "5": {
        "precision": 0.8888888888888888,
        "recall": 0.9876543209876543,
        "f1-score": 0.935672514619883,
        "support": 81.0
    },
    "6": {
        "precision": 0.8904109589041096,
        "recall": 0.8024691358024691,
        "f1-score": 0.8441558441558441,
        "support": 81.0
    },
    "7": {
        "precision": 0.7647058823529411,
        "recall": 0.8024691358024691,
        "f1-score": 0.7831325301204819,
        "support": 81.0
    },
    "8": {
        "precision": 0.735632183908046,
        "recall": 0.7901234567901234,
        "f1-score": 0.7619047619047619,
        "support": 81.0
    },
    "9": {
        "precision": 0.9420289855072463,
        "recall": 0.8024691358024691,
        "f1-score": 0.8666666666666667,
        "support": 81.0
    },
    "accuracy": 0.9094650205761317,
    "macro avg": {
        "precision": 0.9121635308455569,
        "recall": 0.9094650205761317,
        "f1-score": 0.9094885942380537,
        "support": 729.0
    },
    "weighted avg": {
        "precision": 0.912163530845557,
        "recall": 0.9094650205761317,
        "f1-score": 0.9094885942380538,
        "support": 729.0
    }
}