{
    "1": {
        "precision": 0.9878048780487805,
        "recall": 1.0,
        "f1-score": 0.9938650306748467,
        "support": 81.0
    },
    "2": {
        "precision": 1.0,
        "recall": 0.9876543209876543,
        "f1-score": 0.9937888198757764,
        "support": 81.0
    },
    "3": {
        "precision": 0.7452830188679245,
        "recall": 0.9753086419753086,
        "f1-score": 0.8449197860962567,
        "support": 81.0
    },
    "4": {
        "precision": 0.55,
        "recall": 0.5432098765432098,
        "f1-score": 0.546583850931677,
        "support": 81.0
    },
    "5": {
        "precision": 0.36,
        "recall": 0.4444444444444444,
        "f1-score": 0.39779005524861877,
        "support": 81.0
    },
    "6": {
        "precision": 0.38636363636363635,
        "recall": 0.20987654320987653,
        "f1-score": 0.272,
        "support": 81.0
    },
    "7": {
        "precision": 0.5172413793103449,
        "recall": 0.18518518518518517,
        "f1-score": 0.2727272727272727,
        "support": 81.0
    },
    "8": {
        "precision": 0.3541666666666667,
        "recall": 0.20987654320987653,
        "f1-score": 0.26356589147286824,
        "support": 81.0
    },
    "9": {
        "precision": 0.3333333333333333,
        "recall": 0.16049382716049382,
        "f1-score": 0.21666666666666667,
        "support": 81.0
    },
    "micro avg": {
        "precision": 0.6282894736842105,
        "recall": 0.52400548696845,
        "f1-score": 0.5714285714285714,
        "support": 729.0
    },
    "macro avg": {
        "precision": 0.581576990287854,
        "recall": 0.5240054869684498,
        "f1-score": 0.5335452637437759,
        "support": 729.0
    },
    "weighted avg": {
        "precision": 0.581576990287854,
        "recall": 0.52400548696845,
        "f1-score": 0.533545263743776,
        "support": 729.0
    },
    "accuracy": 0.52400548696845
}