{
    "10": {
        "precision": 0.9518072289156626,
        "recall": 0.9753086419753086,
        "f1-score": 0.9634146341463414,
        "support": 81.0
    },
    "11": {
        "precision": 0.9620253164556962,
        "recall": 0.9382716049382716,
        "f1-score": 0.95,
        "support": 81.0
    },
    "12": {
        "precision": 0.78,
        "recall": 0.9629629629629629,
        "f1-score": 0.861878453038674,
        "support": 81.0
    },
    "13": {
        "precision": 0.6363636363636364,
        "recall": 0.7777777777777778,
        "f1-score": 0.7,
        "support": 81.0
    },
    "14": {
        "precision": 0.47959183673469385,
        "recall": 0.5802469135802469,
        "f1-score": 0.5251396648044693,
        "support": 81.0
    },
    "15": {
        "precision": 0.6197183098591549,
        "recall": 0.5432098765432098,
        "f1-score": 0.5789473684210527,
        "support": 81.0
    },
    "16": {
        "precision": 0.676923076923077,
        "recall": 0.5432098765432098,
        "f1-score": 0.6027397260273972,
        "support": 81.0
    },
    "17": {
        "precision": 0.9,
        "recall": 0.6666666666666666,
        "f1-score": 0.7659574468085106,
        "support": 81.0
    },
    "18": {
        "precision": 0.9629629629629629,
        "recall": 0.6419753086419753,
        "f1-score": 0.7703703703703704,
        "support": 81.0
    },
    "micro avg": {
        "precision": 0.7574047954866009,
        "recall": 0.7366255144032922,
        "f1-score": 0.7468706536856745,
        "support": 729.0
    },
    "macro avg": {
        "precision": 0.7743769298016538,
        "recall": 0.7366255144032923,
        "f1-score": 0.7464941848463129,
        "support": 729.0
    },
    "weighted avg": {
        "precision": 0.7743769298016537,
        "recall": 0.7366255144032922,
        "f1-score": 0.7464941848463129,
        "support": 729.0
    },
    "accuracy": 0.7366255144032922
}