{
    "1": {
        "precision": 1.0,
        "recall": 1.0,
        "f1-score": 1.0,
        "support": 81.0
    },
    "2": {
        "precision": 0.7570093457943925,
        "recall": 1.0,
        "f1-score": 0.8617021276595744,
        "support": 162.0
    },
    "3": {
        "precision": 0.40552016985138006,
        "recall": 0.7860082304526749,
        "f1-score": 0.5350140056022409,
        "support": 243.0
    },
    "4": {
        "precision": 0.10945273631840796,
        "recall": 0.13580246913580246,
        "f1-score": 0.12121212121212122,
        "support": 324.0
    },
    "5": {
        "precision": 0.0914396887159533,
        "recall": 0.11604938271604938,
        "f1-score": 0.10228509249183895,
        "support": 405.0
    },
    "6": {
        "precision": 0.03345070422535211,
        "recall": 0.03909465020576132,
        "f1-score": 0.036053130929791274,
        "support": 486.0
    },
    "7": {
        "precision": 0.02723146747352496,
        "recall": 0.031746031746031744,
        "f1-score": 0.029315960912052116,
        "support": 567.0
    },
    "8": {
        "precision": 0.006811989100817439,
        "recall": 0.007716049382716049,
        "f1-score": 0.00723589001447178,
        "support": 648.0
    },
    "9": {
        "precision": 0.0,
        "recall": 0.0,
        "f1-score": 0.0,
        "support": 729.0
    },
    "accuracy": 0.15555555555555556,
    "macro avg": {
        "precision": 0.2701017890533143,
        "recall": 0.3462685348487818,
        "f1-score": 0.29920203653578786,
        "support": 3645.0
    },
    "weighted avg": {
        "precision": 0.11269797778821444,
        "recall": 0.15555555555555556,
        "f1-score": 0.12898084114472083,
        "support": 3645.0
    }
}