{
    "1": {
        "precision": 0.3333333333333333,
        "recall": 1.0,
        "f1-score": 0.5,
        "support": 81.0
    },
    "2": {
        "precision": 0.0,
        "recall": 0.0,
        "f1-score": 0.0,
        "support": 162.0
    },
    "3": {
        "precision": 0.012461059190031152,
        "recall": 0.01646090534979424,
        "f1-score": 0.014184397163120567,
        "support": 243.0
    },
    "4": {
        "precision": 0.01891891891891892,
        "recall": 0.021604938271604937,
        "f1-score": 0.020172910662824207,
        "support": 324.0
    },
    "5": {
        "precision": 0.0911062906724512,
        "recall": 0.1037037037037037,
        "f1-score": 0.09699769053117784,
        "support": 405.0
    },
    "6": {
        "precision": 0.10823909531502424,
        "recall": 0.13786008230452676,
        "f1-score": 0.12126696832579185,
        "support": 486.0
    },
    "7": {
        "precision": 0.022796352583586626,
        "recall": 0.026455026455026454,
        "f1-score": 0.024489795918367346,
        "support": 567.0
    },
    "8": {
        "precision": 0.006811989100817439,
        "recall": 0.007716049382716049,
        "f1-score": 0.00723589001447178,
        "support": 648.0
    },
    "9": {
        "precision": 0.0,
        "recall": 0.0,
        "f1-score": 0.0,
        "support": 729.0
    },
    "accuracy": 0.06063100137174211,
    "macro avg": {
        "precision": 0.0659630043460181,
        "recall": 0.14597785616304135,
        "f1-score": 0.08714973917952817,
        "support": 3645.0
    },
    "weighted avg": {
        "precision": 0.039231746504958885,
        "recall": 0.06063100137174211,
        "f1-score": 0.0458922397399032,
        "support": 3645.0
    }
}