{
    "1": {
        "precision": 0.9980357142857142,
        "recall": 1.0,
        "f1-score": 0.9990168915899544,
        "support": 5589.0
    },
    "2": {
        "precision": 0.9883061658398299,
        "recall": 0.9980318482733942,
        "f1-score": 0.9931451971868601,
        "support": 5589.0
    },
    "3": {
        "precision": 0.9906876790830945,
        "recall": 0.989801395598497,
        "f1-score": 0.990244339031594,
        "support": 5589.0
    },
    "4": {
        "precision": 0.986469645718355,
        "recall": 0.991411701556629,
        "f1-score": 0.9889344993753346,
        "support": 5589.0
    },
    "5": {
        "precision": 0.9802631578947368,
        "recall": 0.9864018607979961,
        "f1-score": 0.9833229287434229,
        "support": 5589.0
    },
    "6": {
        "precision": 0.982907520690896,
        "recall": 0.9774557165861514,
        "f1-score": 0.9801740378577196,
        "support": 5589.0
    },
    "7": {
        "precision": 0.9748707895205846,
        "recall": 0.9787081767758097,
        "f1-score": 0.9767857142857143,
        "support": 5589.0
    },
    "8": {
        "precision": 0.9632392115077251,
        "recall": 0.9704777241009125,
        "f1-score": 0.9668449197860962,
        "support": 5589.0
    },
    "9": {
        "precision": 0.9925939640807258,
        "recall": 0.9592055823939882,
        "f1-score": 0.975614194722475,
        "support": 5589.0
    },
    "micro avg": {
        "precision": 0.9841058285259598,
        "recall": 0.9834993340092643,
        "f1-score": 0.9838024877946923,
        "support": 50301.0
    },
    "macro avg": {
        "precision": 0.9841526498468514,
        "recall": 0.9834993340092643,
        "f1-score": 0.9837869691754635,
        "support": 50301.0
    },
    "weighted avg": {
        "precision": 0.9841526498468514,
        "recall": 0.9834993340092643,
        "f1-score": 0.9837869691754635,
        "support": 50301.0
    },
    "accuracy": 0.9834993340092643
}