{
    "1": {
        "precision": 1.0,
        "recall": 1.0,
        "f1-score": 1.0,
        "support": 81.0
    },
    "2": {
        "precision": 1.0,
        "recall": 1.0,
        "f1-score": 1.0,
        "support": 81.0
    },
    "3": {
        "precision": 0.9759036144578314,
        "recall": 1.0,
        "f1-score": 0.9878048780487805,
        "support": 81.0
    },
    "4": {
        "precision": 0.6076923076923076,
        "recall": 0.9753086419753086,
        "f1-score": 0.7488151658767772,
        "support": 81.0
    },
    "5": {
        "precision": 0.3,
        "recall": 0.37037037037037035,
        "f1-score": 0.3314917127071823,
        "support": 81.0
    },
    "6": {
        "precision": 0.16161616161616163,
        "recall": 0.19753086419753085,
        "f1-score": 0.17777777777777778,
        "support": 81.0
    },
    "7": {
        "precision": 0.08536585365853659,
        "recall": 0.08641975308641975,
        "f1-score": 0.08588957055214724,
        "support": 81.0
    },
    "8": {
        "precision": 0.15714285714285714,
        "recall": 0.13580246913580246,
        "f1-score": 0.1456953642384106,
        "support": 81.0
    },
    "9": {
        "precision": 0.6666666666666666,
        "recall": 0.024691358024691357,
        "f1-score": 0.047619047619047616,
        "support": 81.0
    },
    "accuracy": 0.532235939643347,
    "macro avg": {
        "precision": 0.5504874956927068,
        "recall": 0.532235939643347,
        "f1-score": 0.5027881685355692,
        "support": 729.0
    },
    "weighted avg": {
        "precision": 0.5504874956927067,
        "recall": 0.532235939643347,
        "f1-score": 0.5027881685355692,
        "support": 729.0
    }
}