{
    "1": {
        "precision": 0.925,
        "recall": 0.9135802469135802,
        "f1-score": 0.9192546583850931,
        "support": 81.0
    },
    "2": {
        "precision": 0.4431818181818182,
        "recall": 0.9629629629629629,
        "f1-score": 0.6070038910505836,
        "support": 162.0
    },
    "3": {
        "precision": 0.12668463611859837,
        "recall": 0.1934156378600823,
        "f1-score": 0.15309446254071662,
        "support": 243.0
    },
    "4": {
        "precision": 0.0,
        "recall": 0.0,
        "f1-score": 0.0,
        "support": 324.0
    },
    "5": {
        "precision": 0.0,
        "recall": 0.0,
        "f1-score": 0.0,
        "support": 405.0
    },
    "6": {
        "precision": 0.0,
        "recall": 0.0,
        "f1-score": 0.0,
        "support": 486.0
    },
    "7": {
        "precision": 0.0,
        "recall": 0.0,
        "f1-score": 0.0,
        "support": 567.0
    },
    "8": {
        "precision": 0.0,
        "recall": 0.0,
        "f1-score": 0.0,
        "support": 648.0
    },
    "9": {
        "precision": 0.0,
        "recall": 0.0,
        "f1-score": 0.0,
        "support": 729.0
    },
    "accuracy": 0.07599451303155007,
    "macro avg": {
        "precision": 0.16609627270004626,
        "recall": 0.22999542752629173,
        "f1-score": 0.18659477910848818,
        "support": 3645.0
    },
    "weighted avg": {
        "precision": 0.04869816766043181,
        "recall": 0.07599451303155007,
        "f1-score": 0.05761212951352023,
        "support": 3645.0
    }
}