{
    "10": {
        "precision": 0.07058823529411765,
        "recall": 0.07407407407407407,
        "f1-score": 0.07228915662650602,
        "support": 81.0
    },
    "11": {
        "precision": 0.3333333333333333,
        "recall": 0.024691358024691357,
        "f1-score": 0.04597701149425287,
        "support": 81.0
    },
    "12": {
        "precision": 0.9761904761904762,
        "recall": 0.5061728395061729,
        "f1-score": 0.6666666666666666,
        "support": 81.0
    },
    "13": {
        "precision": 0.43636363636363634,
        "recall": 0.2962962962962963,
        "f1-score": 0.35294117647058826,
        "support": 81.0
    },
    "14": {
        "precision": 0.061224489795918366,
        "recall": 0.037037037037037035,
        "f1-score": 0.046153846153846156,
        "support": 81.0
    },
    "15": {
        "precision": 0.04477611940298507,
        "recall": 0.037037037037037035,
        "f1-score": 0.04054054054054054,
        "support": 81.0
    },
    "16": {
        "precision": 0.0851063829787234,
        "recall": 0.09876543209876543,
        "f1-score": 0.09142857142857143,
        "support": 81.0
    },
    "17": {
        "precision": 0.0,
        "recall": 0.0,
        "f1-score": 0.0,
        "support": 81.0
    },
    "18": {
        "precision": 0.11695906432748537,
        "recall": 0.24691358024691357,
        "f1-score": 0.15873015873015872,
        "support": 81.0
    },
    "micro avg": {
        "precision": 0.18804920913884007,
        "recall": 0.1467764060356653,
        "f1-score": 0.16486902927580893,
        "support": 729.0
    },
    "macro avg": {
        "precision": 0.23606019307629733,
        "recall": 0.14677640603566527,
        "f1-score": 0.16385856979012564,
        "support": 729.0
    },
    "weighted avg": {
        "precision": 0.23606019307629728,
        "recall": 0.1467764060356653,
        "f1-score": 0.16385856979012564,
        "support": 729.0
    },
    "accuracy": 0.1467764060356653
}