{
    "10": {
        "precision": 0.39285714285714285,
        "recall": 0.5432098765432098,
        "f1-score": 0.45595854922279794,
        "support": 81.0
    },
    "11": {
        "precision": 1.0,
        "recall": 0.024691358024691357,
        "f1-score": 0.04819277108433735,
        "support": 81.0
    },
    "12": {
        "precision": 0.8536585365853658,
        "recall": 0.8641975308641975,
        "f1-score": 0.8588957055214724,
        "support": 81.0
    },
    "13": {
        "precision": 0.8461538461538461,
        "recall": 0.8148148148148148,
        "f1-score": 0.8301886792452831,
        "support": 81.0
    },
    "14": {
        "precision": 0.7222222222222222,
        "recall": 0.48148148148148145,
        "f1-score": 0.5777777777777777,
        "support": 81.0
    },
    "15": {
        "precision": 0.5060240963855421,
        "recall": 0.5185185185185185,
        "f1-score": 0.5121951219512195,
        "support": 81.0
    },
    "16": {
        "precision": 0.4153846153846154,
        "recall": 0.3333333333333333,
        "f1-score": 0.3698630136986301,
        "support": 81.0
    },
    "17": {
        "precision": 0.0,
        "recall": 0.0,
        "f1-score": 0.0,
        "support": 81.0
    },
    "18": {
        "precision": 0.0,
        "recall": 0.0,
        "f1-score": 0.0,
        "support": 81.0
    },
    "micro avg": {
        "precision": 0.606694560669456,
        "recall": 0.39780521262002744,
        "f1-score": 0.48053024026512015,
        "support": 729.0
    },
    "macro avg": {
        "precision": 0.5262556066209706,
        "recall": 0.39780521262002744,
        "f1-score": 0.40589684650016866,
        "support": 729.0
    },
    "weighted avg": {
        "precision": 0.5262556066209705,
        "recall": 0.39780521262002744,
        "f1-score": 0.4058968465001687,
        "support": 729.0
    },
    "accuracy": 0.39780521262002744
}