{
    "10": {
        "precision": 0.4626865671641791,
        "recall": 0.7654320987654321,
        "f1-score": 0.5767441860465117,
        "support": 81.0
    },
    "11": {
        "precision": 0.3,
        "recall": 0.1111111111111111,
        "f1-score": 0.16216216216216217,
        "support": 81.0
    },
    "12": {
        "precision": 0.8955223880597015,
        "recall": 0.7407407407407407,
        "f1-score": 0.8108108108108109,
        "support": 81.0
    },
    "13": {
        "precision": 0.984375,
        "recall": 0.7777777777777778,
        "f1-score": 0.8689655172413793,
        "support": 81.0
    },
    "14": {
        "precision": 0.8441558441558441,
        "recall": 0.8024691358024691,
        "f1-score": 0.8227848101265823,
        "support": 81.0
    },
    "15": {
        "precision": 0.7916666666666666,
        "recall": 0.7037037037037037,
        "f1-score": 0.7450980392156863,
        "support": 81.0
    },
    "16": {
        "precision": 0.45,
        "recall": 0.2222222222222222,
        "f1-score": 0.2975206611570248,
        "support": 81.0
    },
    "17": {
        "precision": 0.06382978723404255,
        "recall": 0.037037037037037035,
        "f1-score": 0.046875,
        "support": 81.0
    },
    "18": {
        "precision": 0.0,
        "recall": 0.0,
        "f1-score": 0.0,
        "support": 81.0
    },
    "micro avg": {
        "precision": 0.6039426523297491,
        "recall": 0.46227709190672156,
        "f1-score": 0.5236985236985237,
        "support": 729.0
    },
    "macro avg": {
        "precision": 0.532470694808937,
        "recall": 0.4622770919067215,
        "f1-score": 0.48121790964001754,
        "support": 729.0
    },
    "weighted avg": {
        "precision": 0.5324706948089372,
        "recall": 0.46227709190672156,
        "f1-score": 0.4812179096400175,
        "support": 729.0
    },
    "accuracy": 0.46227709190672156
}