{
    "1": {
        "precision": 1.0,
        "recall": 1.0,
        "f1-score": 1.0,
        "support": 81.0
    },
    "2": {
        "precision": 0.9878048780487805,
        "recall": 1.0,
        "f1-score": 0.9938650306748467,
        "support": 81.0
    },
    "3": {
        "precision": 1.0,
        "recall": 0.9629629629629629,
        "f1-score": 0.9811320754716981,
        "support": 81.0
    },
    "4": {
        "precision": 0.801980198019802,
        "recall": 1.0,
        "f1-score": 0.8901098901098901,
        "support": 81.0
    },
    "5": {
        "precision": 0.6176470588235294,
        "recall": 0.7777777777777778,
        "f1-score": 0.6885245901639344,
        "support": 81.0
    },
    "6": {
        "precision": 0.4158415841584158,
        "recall": 0.5185185185185185,
        "f1-score": 0.46153846153846156,
        "support": 81.0
    },
    "7": {
        "precision": 0.3,
        "recall": 0.2962962962962963,
        "f1-score": 0.2981366459627329,
        "support": 81.0
    },
    "8": {
        "precision": 0.26666666666666666,
        "recall": 0.2962962962962963,
        "f1-score": 0.2807017543859649,
        "support": 81.0
    },
    "9": {
        "precision": 0.9230769230769231,
        "recall": 0.14814814814814814,
        "f1-score": 0.2553191489361702,
        "support": 81.0
    },
    "micro avg": {
        "precision": 0.6675824175824175,
        "recall": 0.6666666666666666,
        "f1-score": 0.667124227865477,
        "support": 729.0
    },
    "macro avg": {
        "precision": 0.7014463676437909,
        "recall": 0.6666666666666665,
        "f1-score": 0.6499252885826332,
        "support": 729.0
    },
    "weighted avg": {
        "precision": 0.7014463676437909,
        "recall": 0.6666666666666666,
        "f1-score": 0.6499252885826332,
        "support": 729.0
    },
    "accuracy": 0.6666666666666666
}