{
    "1": {
        "precision": 1.0,
        "recall": 1.0,
        "f1-score": 1.0,
        "support": 81.0
    },
    "2": {
        "precision": 1.0,
        "recall": 1.0,
        "f1-score": 1.0,
        "support": 81.0
    },
    "3": {
        "precision": 1.0,
        "recall": 1.0,
        "f1-score": 1.0,
        "support": 81.0
    },
    "4": {
        "precision": 0.9875,
        "recall": 0.9753086419753086,
        "f1-score": 0.9813664596273292,
        "support": 81.0
    },
    "5": {
        "precision": 0.851063829787234,
        "recall": 0.9876543209876543,
        "f1-score": 0.9142857142857143,
        "support": 81.0
    },
    "6": {
        "precision": 0.8552631578947368,
        "recall": 0.8024691358024691,
        "f1-score": 0.8280254777070064,
        "support": 81.0
    },
    "7": {
        "precision": 0.75,
        "recall": 0.7777777777777778,
        "f1-score": 0.7636363636363637,
        "support": 81.0
    },
    "8": {
        "precision": 0.7058823529411765,
        "recall": 0.7407407407407407,
        "f1-score": 0.7228915662650602,
        "support": 81.0
    },
    "9": {
        "precision": 0.9402985074626866,
        "recall": 0.7777777777777778,
        "f1-score": 0.8513513513513513,
        "support": 81.0
    },
    "accuracy": 0.8957475994513031,
    "macro avg": {
        "precision": 0.8988897608984261,
        "recall": 0.8957475994513033,
        "f1-score": 0.8957285480969807,
        "support": 729.0
    },
    "weighted avg": {
        "precision": 0.8988897608984261,
        "recall": 0.8957475994513031,
        "f1-score": 0.8957285480969805,
        "support": 729.0
    }
}