{
    "10": {
        "precision": 0.06153846153846154,
        "recall": 0.04938271604938271,
        "f1-score": 0.0547945205479452,
        "support": 81.0
    },
    "11": {
        "precision": 1.0,
        "recall": 0.04938271604938271,
        "f1-score": 0.09411764705882353,
        "support": 81.0
    },
    "12": {
        "precision": 0.7761194029850746,
        "recall": 0.6419753086419753,
        "f1-score": 0.7027027027027027,
        "support": 81.0
    },
    "13": {
        "precision": 0.375,
        "recall": 0.18518518518518517,
        "f1-score": 0.24793388429752067,
        "support": 81.0
    },
    "14": {
        "precision": 0.02702702702702703,
        "recall": 0.012345679012345678,
        "f1-score": 0.01694915254237288,
        "support": 81.0
    },
    "15": {
        "precision": 0.0,
        "recall": 0.0,
        "f1-score": 0.0,
        "support": 81.0
    },
    "16": {
        "precision": 0.0,
        "recall": 0.0,
        "f1-score": 0.0,
        "support": 81.0
    },
    "17": {
        "precision": 0.0,
        "recall": 0.0,
        "f1-score": 0.0,
        "support": 81.0
    },
    "18": {
        "precision": 0.0,
        "recall": 0.0,
        "f1-score": 0.0,
        "support": 81.0
    },
    "micro avg": {
        "precision": 0.20994475138121546,
        "recall": 0.10425240054869685,
        "f1-score": 0.13932172318973418,
        "support": 729.0
    },
    "macro avg": {
        "precision": 0.24885387683895152,
        "recall": 0.10425240054869683,
        "f1-score": 0.1240553230165961,
        "support": 729.0
    },
    "weighted avg": {
        "precision": 0.24885387683895147,
        "recall": 0.10425240054869685,
        "f1-score": 0.12405532301659612,
        "support": 729.0
    },
    "accuracy": 0.10425240054869685
}