{
    "1": {
        "precision": 1.0,
        "recall": 1.0,
        "f1-score": 1.0,
        "support": 81.0
    },
    "2": {
        "precision": 1.0,
        "recall": 1.0,
        "f1-score": 1.0,
        "support": 81.0
    },
    "3": {
        "precision": 1.0,
        "recall": 1.0,
        "f1-score": 1.0,
        "support": 81.0
    },
    "4": {
        "precision": 1.0,
        "recall": 1.0,
        "f1-score": 1.0,
        "support": 81.0
    },
    "5": {
        "precision": 1.0,
        "recall": 0.9876543209876543,
        "f1-score": 0.9937888198757764,
        "support": 81.0
    },
    "6": {
        "precision": 0.9875,
        "recall": 0.9753086419753086,
        "f1-score": 0.9813664596273292,
        "support": 81.0
    },
    "7": {
        "precision": 0.9736842105263158,
        "recall": 0.9135802469135802,
        "f1-score": 0.9426751592356688,
        "support": 81.0
    },
    "8": {
        "precision": 0.9204545454545454,
        "recall": 1.0,
        "f1-score": 0.9585798816568047,
        "support": 81.0
    },
    "9": {
        "precision": 1.0,
        "recall": 1.0,
        "f1-score": 1.0,
        "support": 81.0
    },
    "accuracy": 0.9862825788751715,
    "macro avg": {
        "precision": 0.9868487506645403,
        "recall": 0.9862825788751715,
        "f1-score": 0.9862678133772865,
        "support": 729.0
    },
    "weighted avg": {
        "precision": 0.9868487506645401,
        "recall": 0.9862825788751715,
        "f1-score": 0.9862678133772865,
        "support": 729.0
    }
}