{
    "10": {
        "precision": 0.5032258064516129,
        "recall": 0.9629629629629629,
        "f1-score": 0.6610169491525424,
        "support": 81.0
    },
    "11": {
        "precision": 0.1793478260869565,
        "recall": 0.4074074074074074,
        "f1-score": 0.2490566037735849,
        "support": 81.0
    },
    "12": {
        "precision": 0.16981132075471697,
        "recall": 0.1111111111111111,
        "f1-score": 0.13432835820895522,
        "support": 81.0
    },
    "13": {
        "precision": 0.16783216783216784,
        "recall": 0.2962962962962963,
        "f1-score": 0.21428571428571427,
        "support": 81.0
    },
    "14": {
        "precision": 0.0,
        "recall": 0.0,
        "f1-score": 0.0,
        "support": 81.0
    },
    "15": {
        "precision": 0.04878048780487805,
        "recall": 0.024691358024691357,
        "f1-score": 0.03278688524590164,
        "support": 81.0
    },
    "16": {
        "precision": 0.0641025641025641,
        "recall": 0.06172839506172839,
        "f1-score": 0.06289308176100629,
        "support": 81.0
    },
    "17": {
        "precision": 0.0,
        "recall": 0.0,
        "f1-score": 0.0,
        "support": 81.0
    },
    "18": {
        "precision": 1.0,
        "recall": 0.14814814814814814,
        "f1-score": 0.25806451612903225,
        "support": 81.0
    },
    "micro avg": {
        "precision": 0.22482758620689655,
        "recall": 0.22359396433470508,
        "f1-score": 0.22420907840440166,
        "support": 729.0
    },
    "macro avg": {
        "precision": 0.23701113033698848,
        "recall": 0.22359396433470508,
        "f1-score": 0.17915912317297075,
        "support": 729.0
    },
    "weighted avg": {
        "precision": 0.23701113033698848,
        "recall": 0.22359396433470508,
        "f1-score": 0.17915912317297078,
        "support": 729.0
    },
    "accuracy": 0.22359396433470508
}