{
    "10": {
        "precision": 0.6847826086956522,
        "recall": 0.7777777777777778,
        "f1-score": 0.7283236994219653,
        "support": 81.0
    },
    "11": {
        "precision": 0.0,
        "recall": 0.0,
        "f1-score": 0.0,
        "support": 81.0
    },
    "12": {
        "precision": 0.27906976744186046,
        "recall": 0.14814814814814814,
        "f1-score": 0.1935483870967742,
        "support": 81.0
    },
    "13": {
        "precision": 0.23076923076923078,
        "recall": 0.3333333333333333,
        "f1-score": 0.2727272727272727,
        "support": 81.0
    },
    "14": {
        "precision": 0.4,
        "recall": 0.024691358024691357,
        "f1-score": 0.046511627906976744,
        "support": 81.0
    },
    "15": {
        "precision": 0.06315789473684211,
        "recall": 0.07407407407407407,
        "f1-score": 0.06818181818181818,
        "support": 81.0
    },
    "16": {
        "precision": 0.0625,
        "recall": 0.024691358024691357,
        "f1-score": 0.035398230088495575,
        "support": 81.0
    },
    "17": {
        "precision": 0.06666666666666667,
        "recall": 0.012345679012345678,
        "f1-score": 0.020833333333333332,
        "support": 81.0
    },
    "18": {
        "precision": 0.0,
        "recall": 0.0,
        "f1-score": 0.0,
        "support": 81.0
    },
    "micro avg": {
        "precision": 0.2810945273631841,
        "recall": 0.1550068587105624,
        "f1-score": 0.19982316534040673,
        "support": 729.0
    },
    "macro avg": {
        "precision": 0.1985495742566947,
        "recall": 0.1550068587105624,
        "f1-score": 0.15172492986184846,
        "support": 729.0
    },
    "weighted avg": {
        "precision": 0.1985495742566947,
        "recall": 0.1550068587105624,
        "f1-score": 0.15172492986184843,
        "support": 729.0
    },
    "accuracy": 0.1550068587105624
}