{
    "10": {
        "precision": 0.15421686746987953,
        "recall": 0.7901234567901234,
        "f1-score": 0.25806451612903225,
        "support": 81.0
    },
    "11": {
        "precision": 0.0,
        "recall": 0.0,
        "f1-score": 0.0,
        "support": 81.0
    },
    "12": {
        "precision": 0.0,
        "recall": 0.0,
        "f1-score": 0.0,
        "support": 81.0
    },
    "13": {
        "precision": 0.0,
        "recall": 0.0,
        "f1-score": 0.0,
        "support": 81.0
    },
    "14": {
        "precision": 0.0,
        "recall": 0.0,
        "f1-score": 0.0,
        "support": 81.0
    },
    "15": {
        "precision": 0.13247863247863248,
        "recall": 0.38271604938271603,
        "f1-score": 0.19682539682539682,
        "support": 81.0
    },
    "16": {
        "precision": 0.0,
        "recall": 0.0,
        "f1-score": 0.0,
        "support": 81.0
    },
    "17": {
        "precision": 0.0,
        "recall": 0.0,
        "f1-score": 0.0,
        "support": 81.0
    },
    "18": {
        "precision": 0.0,
        "recall": 0.0,
        "f1-score": 0.0,
        "support": 81.0
    },
    "micro avg": {
        "precision": 0.13399153737658676,
        "recall": 0.13031550068587106,
        "f1-score": 0.13212795549374132,
        "support": 729.0
    },
    "macro avg": {
        "precision": 0.03185505554983467,
        "recall": 0.13031550068587106,
        "f1-score": 0.050543323661603225,
        "support": 729.0
    },
    "weighted avg": {
        "precision": 0.03185505554983467,
        "recall": 0.13031550068587106,
        "f1-score": 0.050543323661603225,
        "support": 729.0
    },
    "accuracy": 0.13031550068587106
}