{
    "1": {
        "precision": 0.9804646251319957,
        "recall": 0.9967793880837359,
        "f1-score": 0.9885546978972585,
        "support": 5589.0
    },
    "2": {
        "precision": 0.7995296884185773,
        "recall": 0.9733404902487028,
        "f1-score": 0.877914951989026,
        "support": 5589.0
    },
    "3": {
        "precision": 0.6724970847909378,
        "recall": 0.7223116836643406,
        "f1-score": 0.6965148378191857,
        "support": 5589.0
    },
    "4": {
        "precision": 0.5216637781629117,
        "recall": 0.5385578815530506,
        "f1-score": 0.5299762303019632,
        "support": 5589.0
    },
    "5": {
        "precision": 0.3083434099153567,
        "recall": 0.5475040257648953,
        "f1-score": 0.39450783214078516,
        "support": 5589.0
    },
    "6": {
        "precision": 0.18911819887429643,
        "recall": 0.27053140096618356,
        "f1-score": 0.2226148409893993,
        "support": 5589.0
    },
    "7": {
        "precision": 0.15227048371174728,
        "recall": 0.11039541957416353,
        "f1-score": 0.12799502126335444,
        "support": 5589.0
    },
    "8": {
        "precision": 0.31946095917558465,
        "recall": 0.14421184469493648,
        "f1-score": 0.1987179487179487,
        "support": 5589.0
    },
    "9": {
        "precision": 0.6240601503759399,
        "recall": 0.014850599391662193,
        "f1-score": 0.029010835372247464,
        "support": 5589.0
    },
    "micro avg": {
        "precision": 0.49372008345947715,
        "recall": 0.4798314148824079,
        "f1-score": 0.48667668141994413,
        "support": 50301.0
    },
    "macro avg": {
        "precision": 0.5074898198397053,
        "recall": 0.47983141488240794,
        "f1-score": 0.4517563551656854,
        "support": 50301.0
    },
    "weighted avg": {
        "precision": 0.5074898198397052,
        "recall": 0.4798314148824079,
        "f1-score": 0.45175635516568535,
        "support": 50301.0
    },
    "accuracy": 0.4798314148824079
}