{
    "10": {
        "precision": 0.8941176470588236,
        "recall": 0.9382716049382716,
        "f1-score": 0.9156626506024096,
        "support": 81.0
    },
    "11": {
        "precision": 0.9125,
        "recall": 0.9012345679012346,
        "f1-score": 0.906832298136646,
        "support": 81.0
    },
    "12": {
        "precision": 0.73,
        "recall": 0.9012345679012346,
        "f1-score": 0.8066298342541437,
        "support": 81.0
    },
    "13": {
        "precision": 0.6210526315789474,
        "recall": 0.7283950617283951,
        "f1-score": 0.6704545454545454,
        "support": 81.0
    },
    "14": {
        "precision": 0.4838709677419355,
        "recall": 0.5555555555555556,
        "f1-score": 0.5172413793103449,
        "support": 81.0
    },
    "15": {
        "precision": 0.7333333333333333,
        "recall": 0.5432098765432098,
        "f1-score": 0.624113475177305,
        "support": 81.0
    },
    "16": {
        "precision": 0.7209302325581395,
        "recall": 0.7654320987654321,
        "f1-score": 0.7425149700598802,
        "support": 81.0
    },
    "17": {
        "precision": 0.8541666666666666,
        "recall": 0.5061728395061729,
        "f1-score": 0.6356589147286822,
        "support": 81.0
    },
    "18": {
        "precision": 0.7413793103448276,
        "recall": 0.5308641975308642,
        "f1-score": 0.6187050359712231,
        "support": 81.0
    },
    "micro avg": {
        "precision": 0.7319148936170212,
        "recall": 0.7078189300411523,
        "f1-score": 0.7196652719665272,
        "support": 729.0
    },
    "macro avg": {
        "precision": 0.7434834210314081,
        "recall": 0.7078189300411523,
        "f1-score": 0.7153125670772421,
        "support": 729.0
    },
    "weighted avg": {
        "precision": 0.7434834210314081,
        "recall": 0.7078189300411523,
        "f1-score": 0.7153125670772421,
        "support": 729.0
    },
    "accuracy": 0.7078189300411523
}