{
    "10": {
        "precision": 0.3923076923076923,
        "recall": 0.6296296296296297,
        "f1-score": 0.4834123222748815,
        "support": 81.0
    },
    "11": {
        "precision": 0.10526315789473684,
        "recall": 0.04938271604938271,
        "f1-score": 0.06722689075630252,
        "support": 81.0
    },
    "12": {
        "precision": 0.6818181818181818,
        "recall": 0.5555555555555556,
        "f1-score": 0.6122448979591837,
        "support": 81.0
    },
    "13": {
        "precision": 0.9354838709677419,
        "recall": 0.7160493827160493,
        "f1-score": 0.8111888111888111,
        "support": 81.0
    },
    "14": {
        "precision": 0.872093023255814,
        "recall": 0.9259259259259259,
        "f1-score": 0.8982035928143712,
        "support": 81.0
    },
    "15": {
        "precision": 0.8658536585365854,
        "recall": 0.8765432098765432,
        "f1-score": 0.8711656441717791,
        "support": 81.0
    },
    "16": {
        "precision": 0.9772727272727273,
        "recall": 0.5308641975308642,
        "f1-score": 0.688,
        "support": 81.0
    },
    "17": {
        "precision": 0.3157894736842105,
        "recall": 0.14814814814814814,
        "f1-score": 0.20168067226890757,
        "support": 81.0
    },
    "18": {
        "precision": 0.0,
        "recall": 0.0,
        "f1-score": 0.0,
        "support": 81.0
    },
    "micro avg": {
        "precision": 0.6276223776223776,
        "recall": 0.4924554183813443,
        "f1-score": 0.5518831667947732,
        "support": 729.0
    },
    "macro avg": {
        "precision": 0.5717646428597433,
        "recall": 0.4924554183813442,
        "f1-score": 0.5147914257149152,
        "support": 729.0
    },
    "weighted avg": {
        "precision": 0.5717646428597434,
        "recall": 0.4924554183813443,
        "f1-score": 0.5147914257149152,
        "support": 729.0
    },
    "accuracy": 0.4924554183813443
}