{
    "1": {
        "precision": 0.9,
        "recall": 1.0,
        "f1-score": 0.9473684210526315,
        "support": 81.0
    },
    "2": {
        "precision": 0.5464285714285714,
        "recall": 0.9444444444444444,
        "f1-score": 0.6923076923076923,
        "support": 162.0
    },
    "3": {
        "precision": 0.3010752688172043,
        "recall": 0.4609053497942387,
        "f1-score": 0.3642276422764228,
        "support": 243.0
    },
    "4": {
        "precision": 0.14352941176470588,
        "recall": 0.1882716049382716,
        "f1-score": 0.1628838451268358,
        "support": 324.0
    },
    "5": {
        "precision": 0.0817490494296578,
        "recall": 0.10617283950617284,
        "f1-score": 0.09237379162191192,
        "support": 405.0
    },
    "6": {
        "precision": 0.015180265654648957,
        "recall": 0.01646090534979424,
        "f1-score": 0.01579466929911155,
        "support": 486.0
    },
    "7": {
        "precision": 0.06896551724137931,
        "recall": 0.08465608465608465,
        "f1-score": 0.07600950118764846,
        "support": 567.0
    },
    "8": {
        "precision": 0.0,
        "recall": 0.0,
        "f1-score": 0.0,
        "support": 648.0
    },
    "9": {
        "precision": 0.0,
        "recall": 0.0,
        "f1-score": 0.0,
        "support": 729.0
    },
    "accuracy": 0.13882030178326474,
    "macro avg": {
        "precision": 0.22854756492624084,
        "recall": 0.31121235874322295,
        "f1-score": 0.2612183958746949,
        "support": 3645.0
    },
    "weighted avg": {
        "precision": 0.09895080129185371,
        "recall": 0.13882030178326474,
        "f1-score": 0.11477567989383103,
        "support": 3645.0
    }
}