{
    "1": {
        "precision": 1.0,
        "recall": 1.0,
        "f1-score": 1.0,
        "support": 81.0
    },
    "2": {
        "precision": 1.0,
        "recall": 1.0,
        "f1-score": 1.0,
        "support": 81.0
    },
    "3": {
        "precision": 1.0,
        "recall": 0.9876543209876543,
        "f1-score": 0.9937888198757764,
        "support": 81.0
    },
    "4": {
        "precision": 0.5827338129496403,
        "recall": 1.0,
        "f1-score": 0.7363636363636363,
        "support": 81.0
    },
    "5": {
        "precision": 0.25263157894736843,
        "recall": 0.2962962962962963,
        "f1-score": 0.2727272727272727,
        "support": 81.0
    },
    "6": {
        "precision": 0.15306122448979592,
        "recall": 0.18518518518518517,
        "f1-score": 0.16759776536312848,
        "support": 81.0
    },
    "7": {
        "precision": 0.05263157894736842,
        "recall": 0.06172839506172839,
        "f1-score": 0.056818181818181816,
        "support": 81.0
    },
    "8": {
        "precision": 0.06779661016949153,
        "recall": 0.04938271604938271,
        "f1-score": 0.05714285714285714,
        "support": 81.0
    },
    "9": {
        "precision": 1.0,
        "recall": 0.012345679012345678,
        "f1-score": 0.024390243902439025,
        "support": 81.0
    },
    "accuracy": 0.5102880658436214,
    "macro avg": {
        "precision": 0.5676505339448517,
        "recall": 0.5102880658436214,
        "f1-score": 0.4787587530214769,
        "support": 729.0
    },
    "weighted avg": {
        "precision": 0.5676505339448517,
        "recall": 0.5102880658436214,
        "f1-score": 0.47875875302147697,
        "support": 729.0
    }
}