{
    "1": {
        "precision": 0.997261881478584,
        "recall": 0.912327786723922,
        "f1-score": 0.9529059988787143,
        "support": 5589.0
    },
    "2": {
        "precision": 0.9765159481247809,
        "recall": 0.9969583109679728,
        "f1-score": 0.9866312527667109,
        "support": 5589.0
    },
    "3": {
        "precision": 0.9798351744695775,
        "recall": 0.9998210771157631,
        "f1-score": 0.989727240524265,
        "support": 5589.0
    },
    "4": {
        "precision": 0.9817319515194098,
        "recall": 1.0,
        "f1-score": 0.9907817762808013,
        "support": 5589.0
    },
    "5": {
        "precision": 0.9858881636973011,
        "recall": 1.0,
        "f1-score": 0.992893942085628,
        "support": 5589.0
    },
    "6": {
        "precision": 0.994306049822064,
        "recall": 0.9998210771157631,
        "f1-score": 0.9970559371933267,
        "support": 5589.0
    },
    "7": {
        "precision": 0.9973175965665236,
        "recall": 0.9978529253891573,
        "f1-score": 0.9975851891601825,
        "support": 5589.0
    },
    "8": {
        "precision": 0.9964253798033958,
        "recall": 0.9974950796206835,
        "f1-score": 0.9969599427753935,
        "support": 5589.0
    },
    "9": {
        "precision": 0.9987416861405717,
        "recall": 0.9940955448201825,
        "f1-score": 0.996413199426112,
        "support": 5589.0
    },
    "micro avg": {
        "precision": 0.9896326660564333,
        "recall": 0.9887079779726049,
        "f1-score": 0.9891701059121873,
        "support": 50301.0
    },
    "macro avg": {
        "precision": 0.9897804257358008,
        "recall": 0.988707977972605,
        "f1-score": 0.9889949421212371,
        "support": 50301.0
    },
    "weighted avg": {
        "precision": 0.9897804257358009,
        "recall": 0.9887079779726049,
        "f1-score": 0.9889949421212372,
        "support": 50301.0
    },
    "accuracy": 0.9887079779726049
}