{
    "10": {
        "precision": 0.030303030303030304,
        "recall": 0.037037037037037035,
        "f1-score": 0.03333333333333333,
        "support": 81.0
    },
    "11": {
        "precision": 0.0,
        "recall": 0.0,
        "f1-score": 0.0,
        "support": 81.0
    },
    "12": {
        "precision": 0.4434782608695652,
        "recall": 0.6296296296296297,
        "f1-score": 0.5204081632653061,
        "support": 81.0
    },
    "13": {
        "precision": 0.4166666666666667,
        "recall": 0.24691358024691357,
        "f1-score": 0.31007751937984496,
        "support": 81.0
    },
    "14": {
        "precision": 0.8367346938775511,
        "recall": 0.5061728395061729,
        "f1-score": 0.6307692307692307,
        "support": 81.0
    },
    "15": {
        "precision": 0.43636363636363634,
        "recall": 0.8888888888888888,
        "f1-score": 0.5853658536585366,
        "support": 81.0
    },
    "16": {
        "precision": 0.0,
        "recall": 0.0,
        "f1-score": 0.0,
        "support": 81.0
    },
    "17": {
        "precision": 0.7096774193548387,
        "recall": 0.2716049382716049,
        "f1-score": 0.39285714285714285,
        "support": 81.0
    },
    "18": {
        "precision": 0.0,
        "recall": 0.0,
        "f1-score": 0.0,
        "support": 81.0
    },
    "micro avg": {
        "precision": 0.40115163147792704,
        "recall": 0.28669410150891633,
        "f1-score": 0.3344,
        "support": 729.0
    },
    "macro avg": {
        "precision": 0.31924707860392093,
        "recall": 0.28669410150891633,
        "f1-score": 0.27475680480704384,
        "support": 729.0
    },
    "weighted avg": {
        "precision": 0.31924707860392093,
        "recall": 0.28669410150891633,
        "f1-score": 0.27475680480704384,
        "support": 729.0
    },
    "accuracy": 0.28669410150891633
}