{
    "10": {
        "precision": 0.9846153846153847,
        "recall": 0.7901234567901234,
        "f1-score": 0.8767123287671232,
        "support": 81.0
    },
    "11": {
        "precision": 0.8863636363636364,
        "recall": 0.48148148148148145,
        "f1-score": 0.624,
        "support": 81.0
    },
    "12": {
        "precision": 0.5444444444444444,
        "recall": 0.6049382716049383,
        "f1-score": 0.5730994152046783,
        "support": 81.0
    },
    "13": {
        "precision": 0.41818181818181815,
        "recall": 0.2839506172839506,
        "f1-score": 0.3382352941176471,
        "support": 81.0
    },
    "14": {
        "precision": 0.0,
        "recall": 0.0,
        "f1-score": 0.0,
        "support": 81.0
    },
    "15": {
        "precision": 0.0,
        "recall": 0.0,
        "f1-score": 0.0,
        "support": 81.0
    },
    "16": {
        "precision": 0.008771929824561403,
        "recall": 0.012345679012345678,
        "f1-score": 0.010256410256410256,
        "support": 81.0
    },
    "17": {
        "precision": 0.0,
        "recall": 0.0,
        "f1-score": 0.0,
        "support": 81.0
    },
    "18": {
        "precision": 0.0,
        "recall": 0.0,
        "f1-score": 0.0,
        "support": 81.0
    },
    "micro avg": {
        "precision": 0.3651452282157676,
        "recall": 0.24142661179698216,
        "f1-score": 0.2906688687035508,
        "support": 729.0
    },
    "macro avg": {
        "precision": 0.31581969038109386,
        "recall": 0.24142661179698216,
        "f1-score": 0.26914482759398434,
        "support": 729.0
    },
    "weighted avg": {
        "precision": 0.3158196903810939,
        "recall": 0.24142661179698216,
        "f1-score": 0.26914482759398434,
        "support": 729.0
    },
    "accuracy": 0.24142661179698216
}