{
    "1": {
        "precision": 0.898876404494382,
        "recall": 0.9876543209876543,
        "f1-score": 0.9411764705882353,
        "support": 81.0
    },
    "2": {
        "precision": 0.4180327868852459,
        "recall": 0.9444444444444444,
        "f1-score": 0.5795454545454546,
        "support": 162.0
    },
    "3": {
        "precision": 0.0847457627118644,
        "recall": 0.12345679012345678,
        "f1-score": 0.10050251256281408,
        "support": 243.0
    },
    "4": {
        "precision": 0.0,
        "recall": 0.0,
        "f1-score": 0.0,
        "support": 324.0
    },
    "5": {
        "precision": 0.0,
        "recall": 0.0,
        "f1-score": 0.0,
        "support": 405.0
    },
    "6": {
        "precision": 0.0,
        "recall": 0.0,
        "f1-score": 0.0,
        "support": 486.0
    },
    "7": {
        "precision": 0.0,
        "recall": 0.0,
        "f1-score": 0.0,
        "support": 567.0
    },
    "8": {
        "precision": 0.0,
        "recall": 0.0,
        "f1-score": 0.0,
        "support": 648.0
    },
    "9": {
        "precision": 0.0,
        "recall": 0.0,
        "f1-score": 0.0,
        "support": 729.0
    },
    "accuracy": 0.07215363511659809,
    "macro avg": {
        "precision": 0.15573943934349915,
        "recall": 0.22839506172839505,
        "f1-score": 0.18013604863294488,
        "support": 3645.0
    },
    "weighted avg": {
        "precision": 0.04420398369778816,
        "recall": 0.07215363511659809,
        "f1-score": 0.05337277594150193,
        "support": 3645.0
    }
}