{
    "10": {
        "precision": 0.10679611650485436,
        "recall": 0.13580246913580246,
        "f1-score": 0.11956521739130435,
        "support": 81.0
    },
    "11": {
        "precision": 0.0,
        "recall": 0.0,
        "f1-score": 0.0,
        "support": 81.0
    },
    "12": {
        "precision": 0.7333333333333333,
        "recall": 0.8148148148148148,
        "f1-score": 0.7719298245614035,
        "support": 81.0
    },
    "13": {
        "precision": 0.6666666666666666,
        "recall": 0.7160493827160493,
        "f1-score": 0.6904761904761905,
        "support": 81.0
    },
    "14": {
        "precision": 0.7704918032786885,
        "recall": 0.5802469135802469,
        "f1-score": 0.6619718309859155,
        "support": 81.0
    },
    "15": {
        "precision": 0.8055555555555556,
        "recall": 0.7160493827160493,
        "f1-score": 0.7581699346405228,
        "support": 81.0
    },
    "16": {
        "precision": 0.8181818181818182,
        "recall": 0.5555555555555556,
        "f1-score": 0.6617647058823529,
        "support": 81.0
    },
    "17": {
        "precision": 0.0,
        "recall": 0.0,
        "f1-score": 0.0,
        "support": 81.0
    },
    "18": {
        "precision": 0.0,
        "recall": 0.0,
        "f1-score": 0.0,
        "support": 81.0
    },
    "micro avg": {
        "precision": 0.6076759061833689,
        "recall": 0.39094650205761317,
        "f1-score": 0.4757929883138564,
        "support": 729.0
    },
    "macro avg": {
        "precision": 0.4334472548356574,
        "recall": 0.3909465020576131,
        "f1-score": 0.4070975226597433,
        "support": 729.0
    },
    "weighted avg": {
        "precision": 0.43344725483565744,
        "recall": 0.39094650205761317,
        "f1-score": 0.40709752265974325,
        "support": 729.0
    },
    "accuracy": 0.39094650205761317
}