{
    "10": {
        "precision": 0.1,
        "recall": 0.06172839506172839,
        "f1-score": 0.07633587786259542,
        "support": 81.0
    },
    "11": {
        "precision": 0.15555555555555556,
        "recall": 0.1728395061728395,
        "f1-score": 0.16374269005847952,
        "support": 81.0
    },
    "12": {
        "precision": 0.10185185185185185,
        "recall": 0.13580246913580246,
        "f1-score": 0.1164021164021164,
        "support": 81.0
    },
    "13": {
        "precision": 0.08333333333333333,
        "recall": 0.04938271604938271,
        "f1-score": 0.06201550387596899,
        "support": 81.0
    },
    "14": {
        "precision": 0.10071942446043165,
        "recall": 0.1728395061728395,
        "f1-score": 0.12727272727272726,
        "support": 81.0
    },
    "15": {
        "precision": 0.050955414012738856,
        "recall": 0.09876543209876543,
        "f1-score": 0.06722689075630252,
        "support": 81.0
    },
    "16": {
        "precision": 0.0,
        "recall": 0.0,
        "f1-score": 0.0,
        "support": 81.0
    },
    "17": {
        "precision": 0.0,
        "recall": 0.0,
        "f1-score": 0.0,
        "support": 81.0
    },
    "18": {
        "precision": 0.0,
        "recall": 0.0,
        "f1-score": 0.0,
        "support": 81.0
    },
    "micro avg": {
        "precision": 0.0924092409240924,
        "recall": 0.07681755829903979,
        "f1-score": 0.08389513108614233,
        "support": 729.0
    },
    "macro avg": {
        "precision": 0.06582395324599014,
        "recall": 0.07681755829903977,
        "f1-score": 0.06811064513646557,
        "support": 729.0
    },
    "weighted avg": {
        "precision": 0.06582395324599014,
        "recall": 0.07681755829903979,
        "f1-score": 0.06811064513646557,
        "support": 729.0
    },
    "accuracy": 0.07681755829903979
}