{
    "1": {
        "precision": 1.0,
        "recall": 1.0,
        "f1-score": 1.0,
        "support": 81.0
    },
    "2": {
        "precision": 1.0,
        "recall": 1.0,
        "f1-score": 1.0,
        "support": 81.0
    },
    "3": {
        "precision": 0.9878048780487805,
        "recall": 1.0,
        "f1-score": 0.9938650306748467,
        "support": 81.0
    },
    "4": {
        "precision": 0.9302325581395349,
        "recall": 0.9876543209876543,
        "f1-score": 0.9580838323353293,
        "support": 81.0
    },
    "5": {
        "precision": 0.7956989247311828,
        "recall": 0.9135802469135802,
        "f1-score": 0.8505747126436781,
        "support": 81.0
    },
    "6": {
        "precision": 0.7564102564102564,
        "recall": 0.7283950617283951,
        "f1-score": 0.7421383647798742,
        "support": 81.0
    },
    "7": {
        "precision": 0.7058823529411765,
        "recall": 0.7407407407407407,
        "f1-score": 0.7228915662650602,
        "support": 81.0
    },
    "8": {
        "precision": 0.6666666666666666,
        "recall": 0.691358024691358,
        "f1-score": 0.6787878787878788,
        "support": 81.0
    },
    "9": {
        "precision": 0.8484848484848485,
        "recall": 0.345679012345679,
        "f1-score": 0.49122807017543857,
        "support": 81.0
    },
    "micro avg": {
        "precision": 0.8534850640113798,
        "recall": 0.823045267489712,
        "f1-score": 0.8379888268156425,
        "support": 729.0
    },
    "macro avg": {
        "precision": 0.8545756094913828,
        "recall": 0.8230452674897119,
        "f1-score": 0.8263966061846784,
        "support": 729.0
    },
    "weighted avg": {
        "precision": 0.8545756094913829,
        "recall": 0.823045267489712,
        "f1-score": 0.8263966061846785,
        "support": 729.0
    },
    "accuracy": 0.823045267489712
}