{
    "10": {
        "precision": 0.5204081632653061,
        "recall": 0.6296296296296297,
        "f1-score": 0.5698324022346368,
        "support": 81.0
    },
    "11": {
        "precision": 0.5964912280701754,
        "recall": 0.41975308641975306,
        "f1-score": 0.4927536231884058,
        "support": 81.0
    },
    "12": {
        "precision": 0.5,
        "recall": 0.7037037037037037,
        "f1-score": 0.5846153846153846,
        "support": 81.0
    },
    "13": {
        "precision": 0.2717391304347826,
        "recall": 0.30864197530864196,
        "f1-score": 0.28901734104046245,
        "support": 81.0
    },
    "14": {
        "precision": 0.3148148148148148,
        "recall": 0.20987654320987653,
        "f1-score": 0.2518518518518518,
        "support": 81.0
    },
    "15": {
        "precision": 0.4166666666666667,
        "recall": 0.49382716049382713,
        "f1-score": 0.4519774011299435,
        "support": 81.0
    },
    "16": {
        "precision": 0.33766233766233766,
        "recall": 0.32098765432098764,
        "f1-score": 0.3291139240506329,
        "support": 81.0
    },
    "17": {
        "precision": 0.33980582524271846,
        "recall": 0.43209876543209874,
        "f1-score": 0.3804347826086957,
        "support": 81.0
    },
    "18": {
        "precision": 1.0,
        "recall": 0.04938271604938271,
        "f1-score": 0.09411764705882353,
        "support": 81.0
    },
    "micro avg": {
        "precision": 0.4158273381294964,
        "recall": 0.39643347050754457,
        "f1-score": 0.4058988764044944,
        "support": 729.0
    },
    "macro avg": {
        "precision": 0.4775097962396446,
        "recall": 0.3964334705075447,
        "f1-score": 0.38263492864209303,
        "support": 729.0
    },
    "weighted avg": {
        "precision": 0.4775097962396446,
        "recall": 0.39643347050754457,
        "f1-score": 0.382634928642093,
        "support": 729.0
    },
    "accuracy": 0.39643347050754457
}