{
    "1": {
        "precision": 0.8617021276595744,
        "recall": 1.0,
        "f1-score": 0.9257142857142857,
        "support": 81.0
    },
    "2": {
        "precision": 0.43823529411764706,
        "recall": 0.9197530864197531,
        "f1-score": 0.5936254980079682,
        "support": 162.0
    },
    "3": {
        "precision": 0.13829787234042554,
        "recall": 0.2139917695473251,
        "f1-score": 0.1680129240710824,
        "support": 243.0
    },
    "4": {
        "precision": 0.0,
        "recall": 0.0,
        "f1-score": 0.0,
        "support": 324.0
    },
    "5": {
        "precision": 0.0,
        "recall": 0.0,
        "f1-score": 0.0,
        "support": 405.0
    },
    "6": {
        "precision": 0.0,
        "recall": 0.0,
        "f1-score": 0.0,
        "support": 486.0
    },
    "7": {
        "precision": 0.0,
        "recall": 0.0,
        "f1-score": 0.0,
        "support": 567.0
    },
    "8": {
        "precision": 0.0,
        "recall": 0.0,
        "f1-score": 0.0,
        "support": 648.0
    },
    "9": {
        "precision": 0.0,
        "recall": 0.0,
        "f1-score": 0.0,
        "support": 729.0
    },
    "accuracy": 0.07736625514403292,
    "macro avg": {
        "precision": 0.15980392156862744,
        "recall": 0.2370827617741198,
        "f1-score": 0.18748363419925956,
        "support": 3645.0
    },
    "weighted avg": {
        "precision": 0.04784591850924767,
        "recall": 0.07736625514403292,
        "f1-score": 0.0581556456431882,
        "support": 3645.0
    }
}