{
    "1": {
        "precision": 1.0,
        "recall": 1.0,
        "f1-score": 1.0,
        "support": 81.0
    },
    "2": {
        "precision": 1.0,
        "recall": 1.0,
        "f1-score": 1.0,
        "support": 81.0
    },
    "3": {
        "precision": 0.9878048780487805,
        "recall": 1.0,
        "f1-score": 0.9938650306748467,
        "support": 81.0
    },
    "4": {
        "precision": 0.9634146341463414,
        "recall": 0.9753086419753086,
        "f1-score": 0.9693251533742331,
        "support": 81.0
    },
    "5": {
        "precision": 0.9024390243902439,
        "recall": 0.9135802469135802,
        "f1-score": 0.9079754601226994,
        "support": 81.0
    },
    "6": {
        "precision": 0.890625,
        "recall": 0.7037037037037037,
        "f1-score": 0.7862068965517242,
        "support": 81.0
    },
    "7": {
        "precision": 0.6891891891891891,
        "recall": 0.6296296296296297,
        "f1-score": 0.6580645161290323,
        "support": 81.0
    },
    "8": {
        "precision": 0.6164383561643836,
        "recall": 0.5555555555555556,
        "f1-score": 0.5844155844155844,
        "support": 81.0
    },
    "9": {
        "precision": 0.575,
        "recall": 0.2839506172839506,
        "f1-score": 0.38016528925619836,
        "support": 81.0
    },
    "micro avg": {
        "precision": 0.8679817905918058,
        "recall": 0.7846364883401921,
        "f1-score": 0.8242074927953891,
        "support": 729.0
    },
    "macro avg": {
        "precision": 0.8472123424376599,
        "recall": 0.7846364883401921,
        "f1-score": 0.8088908811693688,
        "support": 729.0
    },
    "weighted avg": {
        "precision": 0.84721234243766,
        "recall": 0.7846364883401921,
        "f1-score": 0.8088908811693688,
        "support": 729.0
    },
    "accuracy": 0.7846364883401921
}