{
    "10": {
        "precision": 0.1368421052631579,
        "recall": 0.16049382716049382,
        "f1-score": 0.14772727272727273,
        "support": 81.0
    },
    "11": {
        "precision": 0.125,
        "recall": 0.024691358024691357,
        "f1-score": 0.041237113402061855,
        "support": 81.0
    },
    "12": {
        "precision": 0.9090909090909091,
        "recall": 0.37037037037037035,
        "f1-score": 0.5263157894736842,
        "support": 81.0
    },
    "13": {
        "precision": 0.6235294117647059,
        "recall": 0.654320987654321,
        "f1-score": 0.6385542168674698,
        "support": 81.0
    },
    "14": {
        "precision": 0.35714285714285715,
        "recall": 0.12345679012345678,
        "f1-score": 0.1834862385321101,
        "support": 81.0
    },
    "15": {
        "precision": 0.08450704225352113,
        "recall": 0.07407407407407407,
        "f1-score": 0.07894736842105263,
        "support": 81.0
    },
    "16": {
        "precision": 0.3503184713375796,
        "recall": 0.6790123456790124,
        "f1-score": 0.46218487394957986,
        "support": 81.0
    },
    "17": {
        "precision": 0.0,
        "recall": 0.0,
        "f1-score": 0.0,
        "support": 81.0
    },
    "18": {
        "precision": 0.2903225806451613,
        "recall": 0.3333333333333333,
        "f1-score": 0.3103448275862069,
        "support": 81.0
    },
    "micro avg": {
        "precision": 0.3391003460207612,
        "recall": 0.26886145404663925,
        "f1-score": 0.2999234889058914,
        "support": 729.0
    },
    "macro avg": {
        "precision": 0.3196392641664325,
        "recall": 0.26886145404663925,
        "f1-score": 0.2654219667732709,
        "support": 729.0
    },
    "weighted avg": {
        "precision": 0.31963926416643246,
        "recall": 0.26886145404663925,
        "f1-score": 0.2654219667732709,
        "support": 729.0
    },
    "accuracy": 0.26886145404663925
}