{
    "1": {
        "precision": 1.0,
        "recall": 1.0,
        "f1-score": 1.0,
        "support": 5589.0
    },
    "2": {
        "precision": 0.9998210771157631,
        "recall": 0.9998210771157631,
        "f1-score": 0.9998210771157631,
        "support": 5589.0
    },
    "3": {
        "precision": 0.9992826398852224,
        "recall": 0.9969583109679728,
        "f1-score": 0.9981191222570532,
        "support": 5589.0
    },
    "4": {
        "precision": 0.9963924963924964,
        "recall": 0.9883700125246019,
        "f1-score": 0.9923650408694871,
        "support": 5589.0
    },
    "5": {
        "precision": 0.9850881978541554,
        "recall": 0.9692252639112543,
        "f1-score": 0.9770923520923521,
        "support": 5589.0
    },
    "6": {
        "precision": 0.9637904468412943,
        "recall": 0.895330112721417,
        "f1-score": 0.9282997866617196,
        "support": 5589.0
    },
    "7": {
        "precision": 0.8784103114930183,
        "recall": 0.7316156736446592,
        "f1-score": 0.7983209683717298,
        "support": 5589.0
    },
    "8": {
        "precision": 0.7079004116839835,
        "recall": 0.6460905349794238,
        "f1-score": 0.6755846585594013,
        "support": 5589.0
    },
    "9": {
        "precision": 0.726027397260274,
        "recall": 0.9388083735909822,
        "f1-score": 0.8188202247191011,
        "support": 5589.0
    },
    "micro avg": {
        "precision": 0.9133314656207476,
        "recall": 0.9073577066062305,
        "f1-score": 0.9103347860341269,
        "support": 50301.0
    },
    "macro avg": {
        "precision": 0.9174125531695787,
        "recall": 0.9073577066062304,
        "f1-score": 0.9098248034051787,
        "support": 50301.0
    },
    "weighted avg": {
        "precision": 0.9174125531695787,
        "recall": 0.9073577066062305,
        "f1-score": 0.9098248034051786,
        "support": 50301.0
    },
    "accuracy": 0.9073577066062305
}