{
    "10": {
        "precision": 0.22857142857142856,
        "recall": 0.2962962962962963,
        "f1-score": 0.25806451612903225,
        "support": 81.0
    },
    "11": {
        "precision": 0.0,
        "recall": 0.0,
        "f1-score": 0.0,
        "support": 81.0
    },
    "12": {
        "precision": 0.7450980392156863,
        "recall": 0.9382716049382716,
        "f1-score": 0.8306010928961749,
        "support": 81.0
    },
    "13": {
        "precision": 0.5684210526315789,
        "recall": 0.6666666666666666,
        "f1-score": 0.6136363636363636,
        "support": 81.0
    },
    "14": {
        "precision": 0.7575757575757576,
        "recall": 0.30864197530864196,
        "f1-score": 0.43859649122807015,
        "support": 81.0
    },
    "15": {
        "precision": 0.5736434108527132,
        "recall": 0.9135802469135802,
        "f1-score": 0.7047619047619048,
        "support": 81.0
    },
    "16": {
        "precision": 0.6818181818181818,
        "recall": 0.37037037037037035,
        "f1-score": 0.48,
        "support": 81.0
    },
    "17": {
        "precision": 0.0,
        "recall": 0.0,
        "f1-score": 0.0,
        "support": 81.0
    },
    "18": {
        "precision": 0.0,
        "recall": 0.0,
        "f1-score": 0.0,
        "support": 81.0
    },
    "micro avg": {
        "precision": 0.5549019607843138,
        "recall": 0.38820301783264743,
        "f1-score": 0.45682001614205003,
        "support": 729.0
    },
    "macro avg": {
        "precision": 0.39501420785170516,
        "recall": 0.38820301783264743,
        "f1-score": 0.36951781873906064,
        "support": 729.0
    },
    "weighted avg": {
        "precision": 0.3950142078517051,
        "recall": 0.38820301783264743,
        "f1-score": 0.3695178187390606,
        "support": 729.0
    },
    "accuracy": 0.38820301783264743
}