{
    "1": {
        "precision": 1.0,
        "recall": 1.0,
        "f1-score": 1.0,
        "support": 81.0
    },
    "2": {
        "precision": 0.9759036144578314,
        "recall": 1.0,
        "f1-score": 0.9878048780487805,
        "support": 81.0
    },
    "3": {
        "precision": 0.625,
        "recall": 0.49382716049382713,
        "f1-score": 0.5517241379310345,
        "support": 81.0
    },
    "4": {
        "precision": 0.24757281553398058,
        "recall": 0.6296296296296297,
        "f1-score": 0.3554006968641115,
        "support": 81.0
    },
    "5": {
        "precision": 0.1,
        "recall": 0.012345679012345678,
        "f1-score": 0.02197802197802198,
        "support": 81.0
    },
    "6": {
        "precision": 0.2857142857142857,
        "recall": 0.19753086419753085,
        "f1-score": 0.23357664233576642,
        "support": 81.0
    },
    "7": {
        "precision": 0.0,
        "recall": 0.0,
        "f1-score": 0.0,
        "support": 81.0
    },
    "8": {
        "precision": 0.47058823529411764,
        "recall": 0.09876543209876543,
        "f1-score": 0.16326530612244897,
        "support": 81.0
    },
    "9": {
        "precision": 0.2222222222222222,
        "recall": 0.024691358024691357,
        "f1-score": 0.044444444444444446,
        "support": 81.0
    },
    "micro avg": {
        "precision": 0.5283018867924528,
        "recall": 0.3840877914951989,
        "f1-score": 0.44479745830023826,
        "support": 729.0
    },
    "macro avg": {
        "precision": 0.436333463691382,
        "recall": 0.38408779149519895,
        "f1-score": 0.37313268085828977,
        "support": 729.0
    },
    "weighted avg": {
        "precision": 0.43633346369138193,
        "recall": 0.3840877914951989,
        "f1-score": 0.3731326808582898,
        "support": 729.0
    },
    "accuracy": 0.3840877914951989
}