{
    "1": {
        "precision": 0.9002738843241501,
        "recall": 0.9998210771157631,
        "f1-score": 0.9474398101051204,
        "support": 5589.0
    },
    "2": {
        "precision": 0.8608597285067874,
        "recall": 0.9531222043299338,
        "f1-score": 0.9046446463445699,
        "support": 5589.0
    },
    "3": {
        "precision": 0.850748780077402,
        "recall": 0.9046341027017355,
        "f1-score": 0.8768643773846687,
        "support": 5589.0
    },
    "4": {
        "precision": 0.8465337802081496,
        "recall": 0.8586509214528538,
        "f1-score": 0.8525492982767809,
        "support": 5589.0
    },
    "5": {
        "precision": 0.8329486951890644,
        "recall": 0.8395061728395061,
        "f1-score": 0.836214578506505,
        "support": 5589.0
    },
    "6": {
        "precision": 0.8374545454545455,
        "recall": 0.8241188047951333,
        "f1-score": 0.8307331589863829,
        "support": 5589.0
    },
    "7": {
        "precision": 0.8363977485928705,
        "recall": 0.797638217928073,
        "f1-score": 0.8165582928839638,
        "support": 5589.0
    },
    "8": {
        "precision": 0.8450676982591876,
        "recall": 0.7817140812309894,
        "f1-score": 0.8121572636862162,
        "support": 5589.0
    },
    "9": {
        "precision": 0.9690205011389522,
        "recall": 0.7611379495437467,
        "f1-score": 0.8525904399238401,
        "support": 5589.0
    },
    "micro avg": {
        "precision": 0.8624625224865081,
        "recall": 0.8578159479930817,
        "f1-score": 0.860132959902722,
        "support": 50301.0
    },
    "macro avg": {
        "precision": 0.8643672624167898,
        "recall": 0.8578159479930816,
        "f1-score": 0.8588613184553386,
        "support": 50301.0
    },
    "weighted avg": {
        "precision": 0.86436726241679,
        "recall": 0.8578159479930817,
        "f1-score": 0.8588613184553388,
        "support": 50301.0
    },
    "accuracy": 0.8578159479930817
}