{
    "1": {
        "precision": 0.9788519637462235,
        "recall": 1.0,
        "f1-score": 0.9893129770992366,
        "support": 1944.0
    },
    "2": {
        "precision": 0.6383726770467102,
        "recall": 0.9807098765432098,
        "f1-score": 0.773349558868269,
        "support": 3888.0
    },
    "3": {
        "precision": 0.39868772241992884,
        "recall": 0.6147119341563786,
        "f1-score": 0.4836751214247167,
        "support": 5832.0
    },
    "4": {
        "precision": 0.22044408881776356,
        "recall": 0.28343621399176955,
        "f1-score": 0.24800270057387194,
        "support": 7776.0
    },
    "5": {
        "precision": 0.14398627991946908,
        "recall": 0.1986625514403292,
        "f1-score": 0.166962085512948,
        "support": 9720.0
    },
    "6": {
        "precision": 0.03514692567289489,
        "recall": 0.03660836762688614,
        "f1-score": 0.03586276403645068,
        "support": 11664.0
    },
    "7": {
        "precision": 0.10938488980954025,
        "recall": 0.13969723691945915,
        "f1-score": 0.12269661470939426,
        "support": 13608.0
    },
    "8": {
        "precision": 0.005290704289452725,
        "recall": 0.005979938271604938,
        "f1-score": 0.005614246906127377,
        "support": 15552.0
    },
    "9": {
        "precision": 1.0,
        "recall": 0.0006858710562414266,
        "f1-score": 0.0013708019191226869,
        "support": 17496.0
    },
    "micro avg": {
        "precision": 0.18187429982395573,
        "recall": 0.18187014174668495,
        "f1-score": 0.1818722207615542,
        "support": 87480.0
    },
    "macro avg": {
        "precision": 0.3922405835246648,
        "recall": 0.36227688777843103,
        "f1-score": 0.3140940967833486,
        "support": 87480.0
    },
    "weighted avg": {
        "precision": 0.33493932571083557,
        "recall": 0.18187014174668495,
        "f1-score": 0.15433695041501644,
        "support": 87480.0
    },
    "accuracy": 0.18187014174668495
}