{
    "1": {
        "precision": 0.898876404494382,
        "recall": 0.9876543209876543,
        "f1-score": 0.9411764705882353,
        "support": 81.0
    },
    "2": {
        "precision": 0.4636363636363636,
        "recall": 0.9444444444444444,
        "f1-score": 0.6219512195121951,
        "support": 162.0
    },
    "3": {
        "precision": 0.16923076923076924,
        "recall": 0.2716049382716049,
        "f1-score": 0.20853080568720378,
        "support": 243.0
    },
    "4": {
        "precision": 0.0,
        "recall": 0.0,
        "f1-score": 0.0,
        "support": 324.0
    },
    "5": {
        "precision": 0.0,
        "recall": 0.0,
        "f1-score": 0.0,
        "support": 405.0
    },
    "6": {
        "precision": 0.0,
        "recall": 0.0,
        "f1-score": 0.0,
        "support": 486.0
    },
    "7": {
        "precision": 0.0,
        "recall": 0.0,
        "f1-score": 0.0,
        "support": 567.0
    },
    "8": {
        "precision": 0.0,
        "recall": 0.0,
        "f1-score": 0.0,
        "support": 648.0
    },
    "9": {
        "precision": 0.0,
        "recall": 0.0,
        "f1-score": 0.0,
        "support": 729.0
    },
    "accuracy": 0.08203017832647462,
    "macro avg": {
        "precision": 0.17019372637350166,
        "recall": 0.2448559670781893,
        "f1-score": 0.1968509439764038,
        "support": 3645.0
    },
    "weighted avg": {
        "precision": 0.051863143099098154,
        "recall": 0.08203017832647462,
        "f1-score": 0.062459362814983044,
        "support": 3645.0
    }
}