{
    "1": {
        "precision": 1.0,
        "recall": 1.0,
        "f1-score": 1.0,
        "support": 81.0
    },
    "2": {
        "precision": 0.9642857142857143,
        "recall": 1.0,
        "f1-score": 0.9818181818181818,
        "support": 81.0
    },
    "3": {
        "precision": 0.6694915254237288,
        "recall": 0.9753086419753086,
        "f1-score": 0.7939698492462312,
        "support": 81.0
    },
    "4": {
        "precision": 0.3930635838150289,
        "recall": 0.8395061728395061,
        "f1-score": 0.5354330708661418,
        "support": 81.0
    },
    "5": {
        "precision": 0.6233766233766234,
        "recall": 0.5925925925925926,
        "f1-score": 0.6075949367088608,
        "support": 81.0
    },
    "6": {
        "precision": 0.48,
        "recall": 0.4444444444444444,
        "f1-score": 0.46153846153846156,
        "support": 81.0
    },
    "7": {
        "precision": 0.6785714285714286,
        "recall": 0.2345679012345679,
        "f1-score": 0.3486238532110092,
        "support": 81.0
    },
    "8": {
        "precision": 0.5,
        "recall": 0.30864197530864196,
        "f1-score": 0.3816793893129771,
        "support": 81.0
    },
    "9": {
        "precision": 0.5925925925925926,
        "recall": 0.19753086419753085,
        "f1-score": 0.2962962962962963,
        "support": 81.0
    },
    "micro avg": {
        "precision": 0.635343618513324,
        "recall": 0.6213991769547325,
        "f1-score": 0.6282940360610264,
        "support": 729.0
    },
    "macro avg": {
        "precision": 0.6557090520072353,
        "recall": 0.6213991769547325,
        "f1-score": 0.6007726709997956,
        "support": 729.0
    },
    "weighted avg": {
        "precision": 0.6557090520072352,
        "recall": 0.6213991769547325,
        "f1-score": 0.6007726709997955,
        "support": 729.0
    },
    "accuracy": 0.6213991769547325
}