{
    "10": {
        "precision": 0.23300970873786409,
        "recall": 0.2962962962962963,
        "f1-score": 0.2608695652173913,
        "support": 81.0
    },
    "11": {
        "precision": 1.0,
        "recall": 0.024691358024691357,
        "f1-score": 0.04819277108433735,
        "support": 81.0
    },
    "12": {
        "precision": 0.7452830188679245,
        "recall": 0.9753086419753086,
        "f1-score": 0.8449197860962567,
        "support": 81.0
    },
    "13": {
        "precision": 0.8979591836734694,
        "recall": 0.5432098765432098,
        "f1-score": 0.676923076923077,
        "support": 81.0
    },
    "14": {
        "precision": 0.7111111111111111,
        "recall": 0.3950617283950617,
        "f1-score": 0.5079365079365079,
        "support": 81.0
    },
    "15": {
        "precision": 0.5476190476190477,
        "recall": 0.8518518518518519,
        "f1-score": 0.6666666666666666,
        "support": 81.0
    },
    "16": {
        "precision": 0.0,
        "recall": 0.0,
        "f1-score": 0.0,
        "support": 81.0
    },
    "17": {
        "precision": 0.0,
        "recall": 0.0,
        "f1-score": 0.0,
        "support": 81.0
    },
    "18": {
        "precision": 0.022222222222222223,
        "recall": 0.012345679012345678,
        "f1-score": 0.015873015873015872,
        "support": 81.0
    },
    "micro avg": {
        "precision": 0.48643410852713176,
        "recall": 0.3443072702331962,
        "f1-score": 0.40321285140562246,
        "support": 729.0
    },
    "macro avg": {
        "precision": 0.46191158802573756,
        "recall": 0.3443072702331962,
        "f1-score": 0.33570904331080587,
        "support": 729.0
    },
    "weighted avg": {
        "precision": 0.46191158802573773,
        "recall": 0.3443072702331962,
        "f1-score": 0.3357090433108058,
        "support": 729.0
    },
    "accuracy": 0.3443072702331962
}