{
    "10": {
        "precision": 0.5,
        "recall": 0.7530864197530864,
        "f1-score": 0.6009852216748769,
        "support": 81.0
    },
    "11": {
        "precision": 0.6363636363636364,
        "recall": 0.25925925925925924,
        "f1-score": 0.3684210526315789,
        "support": 81.0
    },
    "12": {
        "precision": 0.9552238805970149,
        "recall": 0.7901234567901234,
        "f1-score": 0.8648648648648649,
        "support": 81.0
    },
    "13": {
        "precision": 0.9076923076923077,
        "recall": 0.7283950617283951,
        "f1-score": 0.8082191780821918,
        "support": 81.0
    },
    "14": {
        "precision": 0.7297297297297297,
        "recall": 0.6666666666666666,
        "f1-score": 0.6967741935483871,
        "support": 81.0
    },
    "15": {
        "precision": 0.6176470588235294,
        "recall": 0.5185185185185185,
        "f1-score": 0.5637583892617449,
        "support": 81.0
    },
    "16": {
        "precision": 0.2857142857142857,
        "recall": 0.1728395061728395,
        "f1-score": 0.2153846153846154,
        "support": 81.0
    },
    "17": {
        "precision": 0.02564102564102564,
        "recall": 0.012345679012345678,
        "f1-score": 0.016666666666666666,
        "support": 81.0
    },
    "18": {
        "precision": 0.0,
        "recall": 0.0,
        "f1-score": 0.0,
        "support": 81.0
    },
    "micro avg": {
        "precision": 0.5714285714285714,
        "recall": 0.4334705075445816,
        "f1-score": 0.49297971918876754,
        "support": 729.0
    },
    "macro avg": {
        "precision": 0.5175568805068367,
        "recall": 0.4334705075445816,
        "f1-score": 0.4594526869016586,
        "support": 729.0
    },
    "weighted avg": {
        "precision": 0.5175568805068366,
        "recall": 0.4334705075445816,
        "f1-score": 0.45945268690165847,
        "support": 729.0
    },
    "accuracy": 0.4334705075445816
}