{
    "1": {
        "precision": 1.0,
        "recall": 1.0,
        "f1-score": 1.0,
        "support": 81.0
    },
    "2": {
        "precision": 1.0,
        "recall": 0.9135802469135802,
        "f1-score": 0.9548387096774194,
        "support": 81.0
    },
    "3": {
        "precision": 0.7368421052631579,
        "recall": 0.8641975308641975,
        "f1-score": 0.7954545454545454,
        "support": 81.0
    },
    "4": {
        "precision": 0.33962264150943394,
        "recall": 0.6666666666666666,
        "f1-score": 0.45,
        "support": 81.0
    },
    "5": {
        "precision": 0.31958762886597936,
        "recall": 0.38271604938271603,
        "f1-score": 0.34831460674157305,
        "support": 81.0
    },
    "6": {
        "precision": 0.3103448275862069,
        "recall": 0.1111111111111111,
        "f1-score": 0.16363636363636364,
        "support": 81.0
    },
    "7": {
        "precision": 0.3333333333333333,
        "recall": 0.06172839506172839,
        "f1-score": 0.10416666666666667,
        "support": 81.0
    },
    "8": {
        "precision": 0.3125,
        "recall": 0.18518518518518517,
        "f1-score": 0.23255813953488372,
        "support": 81.0
    },
    "9": {
        "precision": 0.3,
        "recall": 0.07407407407407407,
        "f1-score": 0.1188118811881188,
        "support": 81.0
    },
    "micro avg": {
        "precision": 0.558252427184466,
        "recall": 0.4732510288065844,
        "f1-score": 0.512249443207127,
        "support": 729.0
    },
    "macro avg": {
        "precision": 0.5169145040620123,
        "recall": 0.4732510288065844,
        "f1-score": 0.4630867680999523,
        "support": 729.0
    },
    "weighted avg": {
        "precision": 0.5169145040620123,
        "recall": 0.4732510288065844,
        "f1-score": 0.46308676809995225,
        "support": 729.0
    },
    "accuracy": 0.4732510288065844
}