{
    "1": {
        "precision": 1.0,
        "recall": 1.0,
        "f1-score": 1.0,
        "support": 81.0
    },
    "2": {
        "precision": 0.6794871794871795,
        "recall": 0.9814814814814815,
        "f1-score": 0.803030303030303,
        "support": 162.0
    },
    "3": {
        "precision": 0.49696969696969695,
        "recall": 0.6748971193415638,
        "f1-score": 0.5724258289703316,
        "support": 243.0
    },
    "4": {
        "precision": 0.3355408388520971,
        "recall": 0.4691358024691358,
        "f1-score": 0.3912483912483912,
        "support": 324.0
    },
    "5": {
        "precision": 0.17717206132879046,
        "recall": 0.25679012345679014,
        "f1-score": 0.20967741935483872,
        "support": 405.0
    },
    "6": {
        "precision": 0.028629856850715747,
        "recall": 0.02880658436213992,
        "f1-score": 0.028717948717948718,
        "support": 486.0
    },
    "7": {
        "precision": 0.12449255751014884,
        "recall": 0.16225749559082892,
        "f1-score": 0.14088820826952528,
        "support": 567.0
    },
    "8": {
        "precision": 0.0027359781121751026,
        "recall": 0.0030864197530864196,
        "f1-score": 0.0029006526468455403,
        "support": 648.0
    },
    "9": {
        "precision": 0.0,
        "recall": 0.0,
        "f1-score": 0.0,
        "support": 729.0
    },
    "micro avg": {
        "precision": 0.21075740944017562,
        "recall": 0.21069958847736625,
        "f1-score": 0.21072849499245438,
        "support": 3645.0
    },
    "macro avg": {
        "precision": 0.31611424101231156,
        "recall": 0.3973838918283363,
        "f1-score": 0.3498765280264649,
        "support": 3645.0
    },
    "weighted avg": {
        "precision": 0.1587338217890784,
        "recall": 0.21069958847736625,
        "f1-score": 0.18040998058018876,
        "support": 3645.0
    },
    "accuracy": 0.21069958847736625
}