{
    "1": {
        "precision": 1.0,
        "recall": 1.0,
        "f1-score": 1.0,
        "support": 1944.0
    },
    "2": {
        "precision": 1.0,
        "recall": 1.0,
        "f1-score": 1.0,
        "support": 1944.0
    },
    "3": {
        "precision": 0.9903209373408048,
        "recall": 1.0,
        "f1-score": 0.9951369337087279,
        "support": 1944.0
    },
    "4": {
        "precision": 0.9707513867876955,
        "recall": 0.9902263374485597,
        "f1-score": 0.9803921568627451,
        "support": 1944.0
    },
    "5": {
        "precision": 0.9036895064686152,
        "recall": 0.970164609053498,
        "f1-score": 0.9357479533614488,
        "support": 1944.0
    },
    "6": {
        "precision": 0.8624443344878773,
        "recall": 0.8966049382716049,
        "f1-score": 0.8791929382093316,
        "support": 1944.0
    },
    "7": {
        "precision": 0.8214990138067061,
        "recall": 0.8569958847736625,
        "f1-score": 0.8388721047331319,
        "support": 1944.0
    },
    "8": {
        "precision": 0.8396176314391928,
        "recall": 0.8132716049382716,
        "f1-score": 0.8262346485497779,
        "support": 1944.0
    },
    "9": {
        "precision": 0.9993913572732805,
        "recall": 0.8446502057613169,
        "f1-score": 0.9155282966267075,
        "support": 1944.0
    },
    "accuracy": 0.9302126200274349,
    "macro avg": {
        "precision": 0.9319682408449079,
        "recall": 0.9302126200274348,
        "f1-score": 0.9301227813390968,
        "support": 17496.0
    },
    "weighted avg": {
        "precision": 0.9319682408449079,
        "recall": 0.9302126200274349,
        "f1-score": 0.9301227813390968,
        "support": 17496.0
    }
}