{
    "1": {
        "precision": 1.0,
        "recall": 1.0,
        "f1-score": 1.0,
        "support": 81.0
    },
    "2": {
        "precision": 0.9759036144578314,
        "recall": 1.0,
        "f1-score": 0.9878048780487805,
        "support": 81.0
    },
    "3": {
        "precision": 0.8314606741573034,
        "recall": 0.9135802469135802,
        "f1-score": 0.8705882352941177,
        "support": 81.0
    },
    "4": {
        "precision": 0.6896551724137931,
        "recall": 0.7407407407407407,
        "f1-score": 0.7142857142857143,
        "support": 81.0
    },
    "5": {
        "precision": 0.33707865168539325,
        "recall": 0.7407407407407407,
        "f1-score": 0.46332046332046334,
        "support": 81.0
    },
    "6": {
        "precision": 0.16176470588235295,
        "recall": 0.13580246913580246,
        "f1-score": 0.1476510067114094,
        "support": 81.0
    },
    "7": {
        "precision": 0.17582417582417584,
        "recall": 0.19753086419753085,
        "f1-score": 0.18604651162790697,
        "support": 81.0
    },
    "8": {
        "precision": 0.20408163265306123,
        "recall": 0.12345679012345678,
        "f1-score": 0.15384615384615385,
        "support": 81.0
    },
    "9": {
        "precision": 1.0,
        "recall": 0.012345679012345678,
        "f1-score": 0.024390243902439025,
        "support": 81.0
    },
    "micro avg": {
        "precision": 0.5419532324621733,
        "recall": 0.5404663923182441,
        "f1-score": 0.5412087912087912,
        "support": 729.0
    },
    "macro avg": {
        "precision": 0.5973076252304346,
        "recall": 0.5404663923182441,
        "f1-score": 0.5053259118929984,
        "support": 729.0
    },
    "weighted avg": {
        "precision": 0.5973076252304346,
        "recall": 0.5404663923182441,
        "f1-score": 0.5053259118929984,
        "support": 729.0
    },
    "accuracy": 0.5404663923182441
}