{
    "1": {
        "precision": 0.9759036144578314,
        "recall": 1.0,
        "f1-score": 0.9878048780487805,
        "support": 81.0
    },
    "2": {
        "precision": 0.9518072289156626,
        "recall": 0.9753086419753086,
        "f1-score": 0.9634146341463414,
        "support": 81.0
    },
    "3": {
        "precision": 0.8555555555555555,
        "recall": 0.9506172839506173,
        "f1-score": 0.9005847953216374,
        "support": 81.0
    },
    "4": {
        "precision": 0.4691358024691358,
        "recall": 0.9382716049382716,
        "f1-score": 0.6255144032921811,
        "support": 81.0
    },
    "5": {
        "precision": 0.5043478260869565,
        "recall": 0.7160493827160493,
        "f1-score": 0.5918367346938775,
        "support": 81.0
    },
    "6": {
        "precision": 0.46153846153846156,
        "recall": 0.4444444444444444,
        "f1-score": 0.4528301886792453,
        "support": 81.0
    },
    "7": {
        "precision": 0.48717948717948717,
        "recall": 0.2345679012345679,
        "f1-score": 0.31666666666666665,
        "support": 81.0
    },
    "8": {
        "precision": 0.4634146341463415,
        "recall": 0.2345679012345679,
        "f1-score": 0.3114754098360656,
        "support": 81.0
    },
    "9": {
        "precision": 0.5333333333333333,
        "recall": 0.09876543209876543,
        "f1-score": 0.16666666666666666,
        "support": 81.0
    },
    "micro avg": {
        "precision": 0.6416430594900849,
        "recall": 0.6213991769547325,
        "f1-score": 0.6313588850174217,
        "support": 729.0
    },
    "macro avg": {
        "precision": 0.6335795492980849,
        "recall": 0.6213991769547325,
        "f1-score": 0.5907549308168292,
        "support": 729.0
    },
    "weighted avg": {
        "precision": 0.633579549298085,
        "recall": 0.6213991769547325,
        "f1-score": 0.5907549308168292,
        "support": 729.0
    },
    "accuracy": 0.6213991769547325
}