{
    "1": {
        "precision": 1.0,
        "recall": 1.0,
        "f1-score": 1.0,
        "support": 81.0
    },
    "2": {
        "precision": 0.9759036144578314,
        "recall": 1.0,
        "f1-score": 0.9878048780487805,
        "support": 81.0
    },
    "3": {
        "precision": 0.7017543859649122,
        "recall": 0.9876543209876543,
        "f1-score": 0.8205128205128205,
        "support": 81.0
    },
    "4": {
        "precision": 0.44155844155844154,
        "recall": 0.8395061728395061,
        "f1-score": 0.5787234042553191,
        "support": 81.0
    },
    "5": {
        "precision": 0.5494505494505495,
        "recall": 0.6172839506172839,
        "f1-score": 0.5813953488372093,
        "support": 81.0
    },
    "6": {
        "precision": 0.5147058823529411,
        "recall": 0.43209876543209874,
        "f1-score": 0.4697986577181208,
        "support": 81.0
    },
    "7": {
        "precision": 0.6060606060606061,
        "recall": 0.24691358024691357,
        "f1-score": 0.3508771929824561,
        "support": 81.0
    },
    "8": {
        "precision": 0.4838709677419355,
        "recall": 0.37037037037037035,
        "f1-score": 0.4195804195804196,
        "support": 81.0
    },
    "9": {
        "precision": 0.56,
        "recall": 0.1728395061728395,
        "f1-score": 0.2641509433962264,
        "support": 81.0
    },
    "micro avg": {
        "precision": 0.6455696202531646,
        "recall": 0.6296296296296297,
        "f1-score": 0.6375,
        "support": 729.0
    },
    "macro avg": {
        "precision": 0.6481449386208019,
        "recall": 0.6296296296296297,
        "f1-score": 0.6080937405923725,
        "support": 729.0
    },
    "weighted avg": {
        "precision": 0.6481449386208019,
        "recall": 0.6296296296296297,
        "f1-score": 0.6080937405923725,
        "support": 729.0
    },
    "accuracy": 0.6296296296296297
}