{
    "10": {
        "precision": 0.11224489795918367,
        "recall": 0.13580246913580246,
        "f1-score": 0.12290502793296089,
        "support": 81.0
    },
    "11": {
        "precision": 0.2,
        "recall": 0.012345679012345678,
        "f1-score": 0.023255813953488372,
        "support": 81.0
    },
    "12": {
        "precision": 0.6699029126213593,
        "recall": 0.8518518518518519,
        "f1-score": 0.75,
        "support": 81.0
    },
    "13": {
        "precision": 0.8181818181818182,
        "recall": 0.5555555555555556,
        "f1-score": 0.6617647058823529,
        "support": 81.0
    },
    "14": {
        "precision": 0.8787878787878788,
        "recall": 0.35802469135802467,
        "f1-score": 0.5087719298245614,
        "support": 81.0
    },
    "15": {
        "precision": 0.4727272727272727,
        "recall": 0.9629629629629629,
        "f1-score": 0.6341463414634146,
        "support": 81.0
    },
    "16": {
        "precision": 0.0,
        "recall": 0.0,
        "f1-score": 0.0,
        "support": 81.0
    },
    "17": {
        "precision": 0.23809523809523808,
        "recall": 0.06172839506172839,
        "f1-score": 0.09803921568627451,
        "support": 81.0
    },
    "18": {
        "precision": 0.0,
        "recall": 0.0,
        "f1-score": 0.0,
        "support": 81.0
    },
    "micro avg": {
        "precision": 0.49583333333333335,
        "recall": 0.32647462277091904,
        "f1-score": 0.3937138130686518,
        "support": 729.0
    },
    "macro avg": {
        "precision": 0.37666000204141675,
        "recall": 0.32647462277091904,
        "f1-score": 0.31098700386033923,
        "support": 729.0
    },
    "weighted avg": {
        "precision": 0.3766600020414167,
        "recall": 0.32647462277091904,
        "f1-score": 0.3109870038603392,
        "support": 729.0
    },
    "accuracy": 0.32647462277091904
}