{
    "1": {
        "precision": 0.3333333333333333,
        "recall": 1.0,
        "f1-score": 0.5,
        "support": 81.0
    },
    "2": {
        "precision": 0.0,
        "recall": 0.0,
        "f1-score": 0.0,
        "support": 162.0
    },
    "3": {
        "precision": 0.01238390092879257,
        "recall": 0.01646090534979424,
        "f1-score": 0.014134275618374558,
        "support": 243.0
    },
    "4": {
        "precision": 0.013297872340425532,
        "recall": 0.015432098765432098,
        "f1-score": 0.014285714285714285,
        "support": 324.0
    },
    "5": {
        "precision": 0.07852193995381063,
        "recall": 0.08395061728395062,
        "f1-score": 0.081145584725537,
        "support": 405.0
    },
    "6": {
        "precision": 0.13543307086614173,
        "recall": 0.17695473251028807,
        "f1-score": 0.1534344335414808,
        "support": 486.0
    },
    "7": {
        "precision": 0.027565084226646247,
        "recall": 0.031746031746031744,
        "f1-score": 0.029508196721311476,
        "support": 567.0
    },
    "8": {
        "precision": 0.018842530282637954,
        "recall": 0.021604938271604937,
        "f1-score": 0.020129403306973402,
        "support": 648.0
    },
    "9": {
        "precision": 0.0,
        "recall": 0.0,
        "f1-score": 0.0,
        "support": 729.0
    },
    "accuracy": 0.06639231824417009,
    "macro avg": {
        "precision": 0.06881974799242088,
        "recall": 0.14957214710301128,
        "f1-score": 0.09029306757771018,
        "support": 3645.0
    },
    "weighted avg": {
        "precision": 0.04383512182877654,
        "recall": 0.06639231824417009,
        "f1-score": 0.05096606249732263,
        "support": 3645.0
    }
}