{
    "1": {
        "precision": 0.9037839586028461,
        "recall": 1.0,
        "f1-score": 0.9494606302556697,
        "support": 5589.0
    },
    "2": {
        "precision": 0.8898715167695644,
        "recall": 0.9541957416353551,
        "f1-score": 0.9209117596270074,
        "support": 5589.0
    },
    "3": {
        "precision": 0.8912250217202433,
        "recall": 0.9176954732510288,
        "f1-score": 0.9042665726375176,
        "support": 5589.0
    },
    "4": {
        "precision": 0.8936781609195402,
        "recall": 0.8903202719627841,
        "f1-score": 0.8919960562875325,
        "support": 5589.0
    },
    "5": {
        "precision": 0.8879727549740096,
        "recall": 0.8863839685095724,
        "f1-score": 0.8871776504297995,
        "support": 5589.0
    },
    "6": {
        "precision": 0.886457399103139,
        "recall": 0.8842368938987296,
        "f1-score": 0.8853457542099605,
        "support": 5589.0
    },
    "7": {
        "precision": 0.8969110532192036,
        "recall": 0.8624083020218286,
        "f1-score": 0.8793213536440755,
        "support": 5589.0
    },
    "8": {
        "precision": 0.9020939445387662,
        "recall": 0.8556092324208266,
        "f1-score": 0.878236914600551,
        "support": 5589.0
    },
    "9": {
        "precision": 0.9829379941739492,
        "recall": 0.8452317051350868,
        "f1-score": 0.9088985088985089,
        "support": 5589.0
    },
    "micro avg": {
        "precision": 0.9025431335394435,
        "recall": 0.8995646209816902,
        "f1-score": 0.9010514158269943,
        "support": 50301.0
    },
    "macro avg": {
        "precision": 0.903881311557918,
        "recall": 0.8995646209816902,
        "f1-score": 0.9006239111767359,
        "support": 50301.0
    },
    "weighted avg": {
        "precision": 0.903881311557918,
        "recall": 0.8995646209816902,
        "f1-score": 0.9006239111767359,
        "support": 50301.0
    },
    "accuracy": 0.8995646209816902
}