{
    "1": {
        "precision": 0.9886765746638358,
        "recall": 0.9998210771157631,
        "f1-score": 0.9942175962992617,
        "support": 5589.0
    },
    "2": {
        "precision": 0.8591658885776533,
        "recall": 0.9878332438718912,
        "f1-score": 0.9190178942987932,
        "support": 5589.0
    },
    "3": {
        "precision": 0.8308168091686374,
        "recall": 0.8171408123098944,
        "f1-score": 0.8239220638643334,
        "support": 5589.0
    },
    "4": {
        "precision": 0.7217939733707078,
        "recall": 0.7371622830560028,
        "f1-score": 0.7293971850933876,
        "support": 5589.0
    },
    "5": {
        "precision": 0.4851521004345727,
        "recall": 0.7190910717480766,
        "f1-score": 0.5793988322641102,
        "support": 5589.0
    },
    "6": {
        "precision": 0.35707678075855687,
        "recall": 0.4143853998926463,
        "f1-score": 0.3836024844720497,
        "support": 5589.0
    },
    "7": {
        "precision": 0.37685805887496354,
        "recall": 0.2313472893183038,
        "f1-score": 0.2866962305986696,
        "support": 5589.0
    },
    "8": {
        "precision": 0.4983249581239531,
        "recall": 0.21291823224190373,
        "f1-score": 0.29835777861351387,
        "support": 5589.0
    },
    "9": {
        "precision": 0.0,
        "recall": 0.0,
        "f1-score": 0.0,
        "support": 5589.0
    },
    "micro avg": {
        "precision": 0.6522155361050328,
        "recall": 0.568855489950498,
        "f1-score": 0.6076901022586092,
        "support": 50301.0
    },
    "macro avg": {
        "precision": 0.5686516826636534,
        "recall": 0.568855489950498,
        "f1-score": 0.5571788961671243,
        "support": 50301.0
    },
    "weighted avg": {
        "precision": 0.5686516826636534,
        "recall": 0.568855489950498,
        "f1-score": 0.5571788961671243,
        "support": 50301.0
    },
    "accuracy": 0.568855489950498
}