{
    "10": {
        "precision": 0.4393063583815029,
        "recall": 0.9382716049382716,
        "f1-score": 0.5984251968503937,
        "support": 81.0
    },
    "11": {
        "precision": 0.13432835820895522,
        "recall": 0.3333333333333333,
        "f1-score": 0.19148936170212766,
        "support": 81.0
    },
    "12": {
        "precision": 0.2153846153846154,
        "recall": 0.1728395061728395,
        "f1-score": 0.1917808219178082,
        "support": 81.0
    },
    "13": {
        "precision": 0.1079136690647482,
        "recall": 0.18518518518518517,
        "f1-score": 0.13636363636363635,
        "support": 81.0
    },
    "14": {
        "precision": 0.0,
        "recall": 0.0,
        "f1-score": 0.0,
        "support": 81.0
    },
    "15": {
        "precision": 0.09090909090909091,
        "recall": 0.037037037037037035,
        "f1-score": 0.05263157894736842,
        "support": 81.0
    },
    "16": {
        "precision": 0.07272727272727272,
        "recall": 0.04938271604938271,
        "f1-score": 0.058823529411764705,
        "support": 81.0
    },
    "17": {
        "precision": 0.0,
        "recall": 0.0,
        "f1-score": 0.0,
        "support": 81.0
    },
    "18": {
        "precision": 0.875,
        "recall": 0.08641975308641975,
        "f1-score": 0.15730337078651685,
        "support": 81.0
    },
    "micro avg": {
        "precision": 0.20221606648199447,
        "recall": 0.20027434842249658,
        "f1-score": 0.20124052377670573,
        "support": 729.0
    },
    "macro avg": {
        "precision": 0.21506326274179838,
        "recall": 0.20027434842249656,
        "f1-score": 0.15409083288662398,
        "support": 729.0
    },
    "weighted avg": {
        "precision": 0.21506326274179838,
        "recall": 0.20027434842249658,
        "f1-score": 0.15409083288662398,
        "support": 729.0
    },
    "accuracy": 0.20027434842249658
}