{
    "1": {
        "precision": 1.0,
        "recall": 1.0,
        "f1-score": 1.0,
        "support": 81.0
    },
    "2": {
        "precision": 1.0,
        "recall": 1.0,
        "f1-score": 1.0,
        "support": 81.0
    },
    "3": {
        "precision": 0.9878048780487805,
        "recall": 1.0,
        "f1-score": 0.9938650306748467,
        "support": 81.0
    },
    "4": {
        "precision": 0.963855421686747,
        "recall": 0.9876543209876543,
        "f1-score": 0.975609756097561,
        "support": 81.0
    },
    "5": {
        "precision": 0.75,
        "recall": 0.9629629629629629,
        "f1-score": 0.8432432432432433,
        "support": 81.0
    },
    "6": {
        "precision": 0.6395348837209303,
        "recall": 0.6790123456790124,
        "f1-score": 0.6586826347305389,
        "support": 81.0
    },
    "7": {
        "precision": 0.5882352941176471,
        "recall": 0.6172839506172839,
        "f1-score": 0.6024096385542169,
        "support": 81.0
    },
    "8": {
        "precision": 0.5609756097560976,
        "recall": 0.5679012345679012,
        "f1-score": 0.5644171779141104,
        "support": 81.0
    },
    "9": {
        "precision": 1.0,
        "recall": 0.5555555555555556,
        "f1-score": 0.7142857142857143,
        "support": 81.0
    },
    "accuracy": 0.8189300411522634,
    "macro avg": {
        "precision": 0.8322673430366891,
        "recall": 0.8189300411522633,
        "f1-score": 0.8169459106111369,
        "support": 729.0
    },
    "weighted avg": {
        "precision": 0.8322673430366893,
        "recall": 0.8189300411522634,
        "f1-score": 0.8169459106111367,
        "support": 729.0
    }
}