{
    "1": {
        "precision": 0.9817287420941673,
        "recall": 0.9998210771157631,
        "f1-score": 0.9906923145111249,
        "support": 5589.0
    },
    "2": {
        "precision": 0.9906692984030145,
        "recall": 0.9878332438718912,
        "f1-score": 0.9892492384877262,
        "support": 5589.0
    },
    "3": {
        "precision": 0.9899892742223811,
        "recall": 0.9908749329039184,
        "f1-score": 0.990431905570956,
        "support": 5589.0
    },
    "4": {
        "precision": 0.9929893942117562,
        "recall": 0.9883700125246019,
        "f1-score": 0.990674318507891,
        "support": 5589.0
    },
    "5": {
        "precision": 0.9917666010381242,
        "recall": 0.991411701556629,
        "f1-score": 0.9915891195418755,
        "support": 5589.0
    },
    "6": {
        "precision": 0.9926589077887198,
        "recall": 0.9919484702093397,
        "f1-score": 0.9923035618399857,
        "support": 5589.0
    },
    "7": {
        "precision": 0.9955092509430573,
        "recall": 0.991590624440866,
        "f1-score": 0.9935460738615991,
        "support": 5589.0
    },
    "8": {
        "precision": 0.9935645334286736,
        "recall": 0.9944533905886563,
        "f1-score": 0.9940087633014397,
        "support": 5589.0
    },
    "9": {
        "precision": 0.999639184557099,
        "recall": 0.991411701556629,
        "f1-score": 0.9955084441250449,
        "support": 5589.0
    },
    "micro avg": {
        "precision": 0.9920275160046125,
        "recall": 0.9919683505298106,
        "f1-score": 0.9919979323850138,
        "support": 50301.0
    },
    "macro avg": {
        "precision": 0.9920572429652216,
        "recall": 0.9919683505298106,
        "f1-score": 0.9920004155275159,
        "support": 50301.0
    },
    "weighted avg": {
        "precision": 0.9920572429652215,
        "recall": 0.9919683505298106,
        "f1-score": 0.9920004155275158,
        "support": 50301.0
    },
    "accuracy": 0.9919683505298106
}