{
    "1": {
        "precision": 1.0,
        "recall": 1.0,
        "f1-score": 1.0,
        "support": 81.0
    },
    "2": {
        "precision": 0.9878048780487805,
        "recall": 1.0,
        "f1-score": 0.9938650306748467,
        "support": 81.0
    },
    "3": {
        "precision": 0.5486725663716814,
        "recall": 0.7654320987654321,
        "f1-score": 0.6391752577319587,
        "support": 81.0
    },
    "4": {
        "precision": 0.21551724137931033,
        "recall": 0.30864197530864196,
        "f1-score": 0.25380710659898476,
        "support": 81.0
    },
    "5": {
        "precision": 0.19047619047619047,
        "recall": 0.14814814814814814,
        "f1-score": 0.16666666666666666,
        "support": 81.0
    },
    "6": {
        "precision": 0.2318840579710145,
        "recall": 0.19753086419753085,
        "f1-score": 0.21333333333333335,
        "support": 81.0
    },
    "7": {
        "precision": 0.4375,
        "recall": 0.08641975308641975,
        "f1-score": 0.14432989690721648,
        "support": 81.0
    },
    "8": {
        "precision": 0.34375,
        "recall": 0.13580246913580246,
        "f1-score": 0.19469026548672566,
        "support": 81.0
    },
    "9": {
        "precision": 0.375,
        "recall": 0.18518518518518517,
        "f1-score": 0.24793388429752067,
        "support": 81.0
    },
    "micro avg": {
        "precision": 0.5065359477124183,
        "recall": 0.4252400548696845,
        "f1-score": 0.46234153616703955,
        "support": 729.0
    },
    "macro avg": {
        "precision": 0.481178326027442,
        "recall": 0.42524005486968447,
        "f1-score": 0.4282001601885837,
        "support": 729.0
    },
    "weighted avg": {
        "precision": 0.4811783260274419,
        "recall": 0.4252400548696845,
        "f1-score": 0.4282001601885836,
        "support": 729.0
    },
    "accuracy": 0.4252400548696845
}