{
    "10": {
        "precision": 0.75,
        "recall": 0.5555555555555556,
        "f1-score": 0.6382978723404256,
        "support": 81.0
    },
    "11": {
        "precision": 0.6909090909090909,
        "recall": 0.4691358024691358,
        "f1-score": 0.5588235294117647,
        "support": 81.0
    },
    "12": {
        "precision": 0.3793103448275862,
        "recall": 0.2716049382716049,
        "f1-score": 0.31654676258992803,
        "support": 81.0
    },
    "13": {
        "precision": 0.44274809160305345,
        "recall": 0.7160493827160493,
        "f1-score": 0.5471698113207547,
        "support": 81.0
    },
    "14": {
        "precision": 0.5625,
        "recall": 0.3333333333333333,
        "f1-score": 0.4186046511627907,
        "support": 81.0
    },
    "15": {
        "precision": 0.4482758620689655,
        "recall": 0.32098765432098764,
        "f1-score": 0.37410071942446044,
        "support": 81.0
    },
    "16": {
        "precision": 0.1891891891891892,
        "recall": 0.08641975308641975,
        "f1-score": 0.11864406779661017,
        "support": 81.0
    },
    "17": {
        "precision": 0.2727272727272727,
        "recall": 0.4444444444444444,
        "f1-score": 0.3380281690140845,
        "support": 81.0
    },
    "18": {
        "precision": 0.4827586206896552,
        "recall": 0.5185185185185185,
        "f1-score": 0.5,
        "support": 81.0
    },
    "micro avg": {
        "precision": 0.4519519519519519,
        "recall": 0.41289437585733885,
        "f1-score": 0.43154121863799283,
        "support": 729.0
    },
    "macro avg": {
        "precision": 0.46871316355720144,
        "recall": 0.41289437585733885,
        "f1-score": 0.4233572870067576,
        "support": 729.0
    },
    "weighted avg": {
        "precision": 0.4687131635572015,
        "recall": 0.41289437585733885,
        "f1-score": 0.4233572870067577,
        "support": 729.0
    },
    "accuracy": 0.41289437585733885
}