{
    "1": {
        "precision": 1.0,
        "recall": 1.0,
        "f1-score": 1.0,
        "support": 81.0
    },
    "2": {
        "precision": 1.0,
        "recall": 1.0,
        "f1-score": 1.0,
        "support": 81.0
    },
    "3": {
        "precision": 1.0,
        "recall": 1.0,
        "f1-score": 1.0,
        "support": 81.0
    },
    "4": {
        "precision": 0.9878048780487805,
        "recall": 1.0,
        "f1-score": 0.9938650306748467,
        "support": 81.0
    },
    "5": {
        "precision": 0.9876543209876543,
        "recall": 0.9876543209876543,
        "f1-score": 0.9876543209876543,
        "support": 81.0
    },
    "6": {
        "precision": 0.9302325581395349,
        "recall": 0.9876543209876543,
        "f1-score": 0.9580838323353293,
        "support": 81.0
    },
    "7": {
        "precision": 0.974025974025974,
        "recall": 0.9259259259259259,
        "f1-score": 0.9493670886075949,
        "support": 81.0
    },
    "8": {
        "precision": 0.975,
        "recall": 0.9629629629629629,
        "f1-score": 0.968944099378882,
        "support": 81.0
    },
    "9": {
        "precision": 0.9875,
        "recall": 0.9753086419753086,
        "f1-score": 0.9813664596273292,
        "support": 81.0
    },
    "accuracy": 0.9821673525377229,
    "macro avg": {
        "precision": 0.9824686368002159,
        "recall": 0.9821673525377229,
        "f1-score": 0.9821423146235152,
        "support": 729.0
    },
    "weighted avg": {
        "precision": 0.9824686368002158,
        "recall": 0.9821673525377229,
        "f1-score": 0.9821423146235151,
        "support": 729.0
    }
}