{
    "10": {
        "precision": 0.15853658536585366,
        "recall": 0.16049382716049382,
        "f1-score": 0.15950920245398773,
        "support": 81.0
    },
    "11": {
        "precision": 1.0,
        "recall": 0.024691358024691357,
        "f1-score": 0.04819277108433735,
        "support": 81.0
    },
    "12": {
        "precision": 0.8,
        "recall": 0.5925925925925926,
        "f1-score": 0.6808510638297872,
        "support": 81.0
    },
    "13": {
        "precision": 0.38,
        "recall": 0.2345679012345679,
        "f1-score": 0.2900763358778626,
        "support": 81.0
    },
    "14": {
        "precision": 0.02857142857142857,
        "recall": 0.012345679012345678,
        "f1-score": 0.017241379310344827,
        "support": 81.0
    },
    "15": {
        "precision": 0.0,
        "recall": 0.0,
        "f1-score": 0.0,
        "support": 81.0
    },
    "16": {
        "precision": 0.0,
        "recall": 0.0,
        "f1-score": 0.0,
        "support": 81.0
    },
    "17": {
        "precision": 0.0,
        "recall": 0.0,
        "f1-score": 0.0,
        "support": 81.0
    },
    "18": {
        "precision": 0.0,
        "recall": 0.0,
        "f1-score": 0.0,
        "support": 81.0
    },
    "micro avg": {
        "precision": 0.2273972602739726,
        "recall": 0.11385459533607682,
        "f1-score": 0.15173674588665448,
        "support": 729.0
    },
    "macro avg": {
        "precision": 0.26301200154858695,
        "recall": 0.11385459533607681,
        "f1-score": 0.1328745280618133,
        "support": 729.0
    },
    "weighted avg": {
        "precision": 0.26301200154858695,
        "recall": 0.11385459533607682,
        "f1-score": 0.1328745280618133,
        "support": 729.0
    },
    "accuracy": 0.11385459533607682
}