{
    "1": {
        "precision": 1.0,
        "recall": 0.8518518518518519,
        "f1-score": 0.92,
        "support": 81.0
    },
    "2": {
        "precision": 1.0,
        "recall": 1.0,
        "f1-score": 1.0,
        "support": 81.0
    },
    "3": {
        "precision": 1.0,
        "recall": 1.0,
        "f1-score": 1.0,
        "support": 81.0
    },
    "4": {
        "precision": 1.0,
        "recall": 1.0,
        "f1-score": 1.0,
        "support": 81.0
    },
    "5": {
        "precision": 0.9878048780487805,
        "recall": 1.0,
        "f1-score": 0.9938650306748467,
        "support": 81.0
    },
    "6": {
        "precision": 0.9411764705882353,
        "recall": 0.9876543209876543,
        "f1-score": 0.963855421686747,
        "support": 81.0
    },
    "7": {
        "precision": 0.9333333333333333,
        "recall": 0.691358024691358,
        "f1-score": 0.7943262411347518,
        "support": 81.0
    },
    "8": {
        "precision": 0.9166666666666666,
        "recall": 0.9506172839506173,
        "f1-score": 0.9333333333333333,
        "support": 81.0
    },
    "9": {
        "precision": 1.0,
        "recall": 0.9135802469135802,
        "f1-score": 0.9548387096774194,
        "support": 81.0
    },
    "micro avg": {
        "precision": 0.975609756097561,
        "recall": 0.9327846364883402,
        "f1-score": 0.9537166900420757,
        "support": 729.0
    },
    "macro avg": {
        "precision": 0.9754423720707796,
        "recall": 0.9327846364883402,
        "f1-score": 0.9511354151674554,
        "support": 729.0
    },
    "weighted avg": {
        "precision": 0.9754423720707796,
        "recall": 0.9327846364883402,
        "f1-score": 0.9511354151674554,
        "support": 729.0
    },
    "accuracy": 0.9327846364883402
}