{
    "1": {
        "precision": 0.9864864864864865,
        "recall": 0.9012345679012346,
        "f1-score": 0.9419354838709677,
        "support": 81.0
    },
    "2": {
        "precision": 0.9069767441860465,
        "recall": 0.9629629629629629,
        "f1-score": 0.9341317365269461,
        "support": 81.0
    },
    "3": {
        "precision": 1.0,
        "recall": 0.9753086419753086,
        "f1-score": 0.9875,
        "support": 81.0
    },
    "4": {
        "precision": 0.9375,
        "recall": 0.9259259259259259,
        "f1-score": 0.9316770186335404,
        "support": 81.0
    },
    "5": {
        "precision": 0.9230769230769231,
        "recall": 0.8888888888888888,
        "f1-score": 0.9056603773584906,
        "support": 81.0
    },
    "6": {
        "precision": 0.8533333333333334,
        "recall": 0.7901234567901234,
        "f1-score": 0.8205128205128205,
        "support": 81.0
    },
    "7": {
        "precision": 0.8024691358024691,
        "recall": 0.8024691358024691,
        "f1-score": 0.8024691358024691,
        "support": 81.0
    },
    "8": {
        "precision": 0.7619047619047619,
        "recall": 0.5925925925925926,
        "f1-score": 0.6666666666666666,
        "support": 81.0
    },
    "9": {
        "precision": 0.6724137931034483,
        "recall": 0.48148148148148145,
        "f1-score": 0.5611510791366906,
        "support": 81.0
    },
    "micro avg": {
        "precision": 0.8798219584569733,
        "recall": 0.813443072702332,
        "f1-score": 0.8453314326443335,
        "support": 729.0
    },
    "macro avg": {
        "precision": 0.8715734642103854,
        "recall": 0.8134430727023321,
        "f1-score": 0.8390782576120658,
        "support": 729.0
    },
    "weighted avg": {
        "precision": 0.8715734642103855,
        "recall": 0.813443072702332,
        "f1-score": 0.8390782576120658,
        "support": 729.0
    },
    "accuracy": 0.813443072702332
}