{
    "10": {
        "precision": 0.22695035460992907,
        "recall": 0.3950617283950617,
        "f1-score": 0.2882882882882883,
        "support": 81.0
    },
    "11": {
        "precision": 0.0,
        "recall": 0.0,
        "f1-score": 0.0,
        "support": 81.0
    },
    "12": {
        "precision": 0.36363636363636365,
        "recall": 0.5925925925925926,
        "f1-score": 0.4507042253521127,
        "support": 81.0
    },
    "13": {
        "precision": 0.1,
        "recall": 0.012345679012345678,
        "f1-score": 0.02197802197802198,
        "support": 81.0
    },
    "14": {
        "precision": 0.6666666666666666,
        "recall": 0.024691358024691357,
        "f1-score": 0.047619047619047616,
        "support": 81.0
    },
    "15": {
        "precision": 0.2873134328358209,
        "recall": 0.9506172839506173,
        "f1-score": 0.44126074498567336,
        "support": 81.0
    },
    "16": {
        "precision": 0.0,
        "recall": 0.0,
        "f1-score": 0.0,
        "support": 81.0
    },
    "17": {
        "precision": 0.0,
        "recall": 0.0,
        "f1-score": 0.0,
        "support": 81.0
    },
    "18": {
        "precision": 0.0,
        "recall": 0.0,
        "f1-score": 0.0,
        "support": 81.0
    },
    "micro avg": {
        "precision": 0.2888086642599278,
        "recall": 0.2194787379972565,
        "f1-score": 0.24941543257989088,
        "support": 729.0
    },
    "macro avg": {
        "precision": 0.18272964641653114,
        "recall": 0.2194787379972565,
        "f1-score": 0.13887225869146044,
        "support": 729.0
    },
    "weighted avg": {
        "precision": 0.18272964641653114,
        "recall": 0.2194787379972565,
        "f1-score": 0.13887225869146044,
        "support": 729.0
    },
    "accuracy": 0.2194787379972565
}