{
    "10": {
        "precision": 0.5698924731182796,
        "recall": 0.654320987654321,
        "f1-score": 0.6091954022988506,
        "support": 81.0
    },
    "11": {
        "precision": 0.6949152542372882,
        "recall": 0.5061728395061729,
        "f1-score": 0.5857142857142857,
        "support": 81.0
    },
    "12": {
        "precision": 0.5338983050847458,
        "recall": 0.7777777777777778,
        "f1-score": 0.6331658291457286,
        "support": 81.0
    },
    "13": {
        "precision": 0.28735632183908044,
        "recall": 0.30864197530864196,
        "f1-score": 0.2976190476190476,
        "support": 81.0
    },
    "14": {
        "precision": 0.37735849056603776,
        "recall": 0.24691358024691357,
        "f1-score": 0.29850746268656714,
        "support": 81.0
    },
    "15": {
        "precision": 0.5555555555555556,
        "recall": 0.5555555555555556,
        "f1-score": 0.5555555555555556,
        "support": 81.0
    },
    "16": {
        "precision": 0.4823529411764706,
        "recall": 0.5061728395061729,
        "f1-score": 0.4939759036144578,
        "support": 81.0
    },
    "17": {
        "precision": 0.3898305084745763,
        "recall": 0.5679012345679012,
        "f1-score": 0.4623115577889447,
        "support": 81.0
    },
    "18": {
        "precision": 1.0,
        "recall": 0.06172839506172839,
        "f1-score": 0.11627906976744186,
        "support": 81.0
    },
    "micro avg": {
        "precision": 0.48497854077253216,
        "recall": 0.46502057613168724,
        "f1-score": 0.47478991596638653,
        "support": 729.0
    },
    "macro avg": {
        "precision": 0.5434622055613372,
        "recall": 0.46502057613168735,
        "f1-score": 0.4502582349100977,
        "support": 729.0
    },
    "weighted avg": {
        "precision": 0.5434622055613372,
        "recall": 0.46502057613168724,
        "f1-score": 0.4502582349100978,
        "support": 729.0
    },
    "accuracy": 0.46502057613168724
}