{
    "10": {
        "precision": 0.41711229946524064,
        "recall": 0.9629629629629629,
        "f1-score": 0.582089552238806,
        "support": 81.0
    },
    "11": {
        "precision": 0.10891089108910891,
        "recall": 0.2716049382716049,
        "f1-score": 0.15547703180212014,
        "support": 81.0
    },
    "12": {
        "precision": 0.19642857142857142,
        "recall": 0.13580246913580246,
        "f1-score": 0.16058394160583941,
        "support": 81.0
    },
    "13": {
        "precision": 0.12403100775193798,
        "recall": 0.19753086419753085,
        "f1-score": 0.1523809523809524,
        "support": 81.0
    },
    "14": {
        "precision": 0.017857142857142856,
        "recall": 0.012345679012345678,
        "f1-score": 0.014598540145985401,
        "support": 81.0
    },
    "15": {
        "precision": 0.14285714285714285,
        "recall": 0.037037037037037035,
        "f1-score": 0.058823529411764705,
        "support": 81.0
    },
    "16": {
        "precision": 0.07142857142857142,
        "recall": 0.04938271604938271,
        "f1-score": 0.058394160583941604,
        "support": 81.0
    },
    "17": {
        "precision": 0.3333333333333333,
        "recall": 0.024691358024691357,
        "f1-score": 0.04597701149425287,
        "support": 81.0
    },
    "18": {
        "precision": 0.9090909090909091,
        "recall": 0.12345679012345678,
        "f1-score": 0.21739130434782608,
        "support": 81.0
    },
    "micro avg": {
        "precision": 0.20303867403314918,
        "recall": 0.20164609053497942,
        "f1-score": 0.20233998623537508,
        "support": 729.0
    },
    "macro avg": {
        "precision": 0.2578944299224398,
        "recall": 0.20164609053497942,
        "f1-score": 0.16063511377905432,
        "support": 729.0
    },
    "weighted avg": {
        "precision": 0.2578944299224398,
        "recall": 0.20164609053497942,
        "f1-score": 0.16063511377905426,
        "support": 729.0
    },
    "accuracy": 0.20164609053497942
}