{
    "1": {
        "precision": 0.3347107438016529,
        "recall": 1.0,
        "f1-score": 0.5015479876160991,
        "support": 81.0
    },
    "2": {
        "precision": 0.004166666666666667,
        "recall": 0.006172839506172839,
        "f1-score": 0.004975124378109453,
        "support": 162.0
    },
    "3": {
        "precision": 0.012269938650306749,
        "recall": 0.01646090534979424,
        "f1-score": 0.014059753954305799,
        "support": 243.0
    },
    "4": {
        "precision": 0.005154639175257732,
        "recall": 0.006172839506172839,
        "f1-score": 0.0056179775280898875,
        "support": 324.0
    },
    "5": {
        "precision": 0.042505592841163314,
        "recall": 0.04691358024691358,
        "f1-score": 0.04460093896713615,
        "support": 405.0
    },
    "6": {
        "precision": 0.0929853181076672,
        "recall": 0.11728395061728394,
        "f1-score": 0.10373066424021839,
        "support": 486.0
    },
    "7": {
        "precision": 0.016897081413210446,
        "recall": 0.019400352733686066,
        "f1-score": 0.0180623973727422,
        "support": 567.0
    },
    "8": {
        "precision": 0.012195121951219513,
        "recall": 0.013888888888888888,
        "f1-score": 0.012987012987012988,
        "support": 648.0
    },
    "9": {
        "precision": 0.0,
        "recall": 0.0,
        "f1-score": 0.0,
        "support": 729.0
    },
    "accuracy": 0.050480109739369,
    "macro avg": {
        "precision": 0.05787612251190496,
        "recall": 0.1362548174276569,
        "f1-score": 0.07839798411596823,
        "support": 3645.0
    },
    "weighted avg": {
        "precision": 0.03081673040313303,
        "recall": 0.050480109739369,
        "f1-score": 0.03670824386955301,
        "support": 3645.0
    }
}