{
    "10": {
        "precision": 1.0,
        "recall": 1.0,
        "f1-score": 1.0,
        "support": 81.0
    },
    "11": {
        "precision": 1.0,
        "recall": 1.0,
        "f1-score": 1.0,
        "support": 81.0
    },
    "12": {
        "precision": 1.0,
        "recall": 0.9876543209876543,
        "f1-score": 0.9937888198757764,
        "support": 81.0
    },
    "13": {
        "precision": 0.9759036144578314,
        "recall": 1.0,
        "f1-score": 0.9878048780487805,
        "support": 81.0
    },
    "14": {
        "precision": 0.9876543209876543,
        "recall": 0.9876543209876543,
        "f1-score": 0.9876543209876543,
        "support": 81.0
    },
    "15": {
        "precision": 1.0,
        "recall": 0.9876543209876543,
        "f1-score": 0.9937888198757764,
        "support": 81.0
    },
    "16": {
        "precision": 1.0,
        "recall": 1.0,
        "f1-score": 1.0,
        "support": 81.0
    },
    "17": {
        "precision": 0.9878048780487805,
        "recall": 1.0,
        "f1-score": 0.9938650306748467,
        "support": 81.0
    },
    "18": {
        "precision": 1.0,
        "recall": 0.9876543209876543,
        "f1-score": 0.9937888198757764,
        "support": 81.0
    },
    "accuracy": 0.9945130315500685,
    "macro avg": {
        "precision": 0.9945958681660296,
        "recall": 0.9945130315500685,
        "f1-score": 0.9945211877042901,
        "support": 729.0
    },
    "weighted avg": {
        "precision": 0.9945958681660296,
        "recall": 0.9945130315500685,
        "f1-score": 0.9945211877042901,
        "support": 729.0
    }
}