{
    "1": {
        "precision": 1.0,
        "recall": 0.9989264626945786,
        "f1-score": 0.9994629430719656,
        "support": 5589.0
    },
    "2": {
        "precision": 0.9357490353967455,
        "recall": 0.9980318482733942,
        "f1-score": 0.9658874458874459,
        "support": 5589.0
    },
    "3": {
        "precision": 0.9046540003486142,
        "recall": 0.9286097691894794,
        "f1-score": 0.9164753664135618,
        "support": 5589.0
    },
    "4": {
        "precision": 0.8573177128868683,
        "recall": 0.8772589014134908,
        "f1-score": 0.8671736823487797,
        "support": 5589.0
    },
    "5": {
        "precision": 0.8284234958043206,
        "recall": 0.8302021828591877,
        "f1-score": 0.8293118856121537,
        "support": 5589.0
    },
    "6": {
        "precision": 0.8138364779874214,
        "recall": 0.8103417427088925,
        "f1-score": 0.812085350546889,
        "support": 5589.0
    },
    "7": {
        "precision": 0.7612068965517241,
        "recall": 0.7899445339058866,
        "f1-score": 0.7753095091755202,
        "support": 5589.0
    },
    "8": {
        "precision": 0.74375,
        "recall": 0.7452138128466631,
        "f1-score": 0.7444811868799714,
        "support": 5589.0
    },
    "9": {
        "precision": 0.9089415630133771,
        "recall": 0.69296833064949,
        "f1-score": 0.7863959390862945,
        "support": 5589.0
    },
    "micro avg": {
        "precision": 0.8604973207297248,
        "recall": 0.8523886205045625,
        "f1-score": 0.8564237775647172,
        "support": 50301.0
    },
    "macro avg": {
        "precision": 0.861542131332119,
        "recall": 0.8523886205045625,
        "f1-score": 0.8551759232247312,
        "support": 50301.0
    },
    "weighted avg": {
        "precision": 0.861542131332119,
        "recall": 0.8523886205045625,
        "f1-score": 0.8551759232247312,
        "support": 50301.0
    },
    "accuracy": 0.8523886205045625
}