{
    "1": {
        "precision": 1.0,
        "recall": 1.0,
        "f1-score": 1.0,
        "support": 81.0
    },
    "2": {
        "precision": 0.9878048780487805,
        "recall": 1.0,
        "f1-score": 0.9938650306748467,
        "support": 81.0
    },
    "3": {
        "precision": 0.8681318681318682,
        "recall": 0.9753086419753086,
        "f1-score": 0.9186046511627907,
        "support": 81.0
    },
    "4": {
        "precision": 0.4418604651162791,
        "recall": 0.9382716049382716,
        "f1-score": 0.6007905138339921,
        "support": 81.0
    },
    "5": {
        "precision": 0.6122448979591837,
        "recall": 0.7407407407407407,
        "f1-score": 0.6703910614525139,
        "support": 81.0
    },
    "6": {
        "precision": 0.5131578947368421,
        "recall": 0.48148148148148145,
        "f1-score": 0.4968152866242038,
        "support": 81.0
    },
    "7": {
        "precision": 0.4473684210526316,
        "recall": 0.20987654320987653,
        "f1-score": 0.2857142857142857,
        "support": 81.0
    },
    "8": {
        "precision": 0.4375,
        "recall": 0.25925925925925924,
        "f1-score": 0.32558139534883723,
        "support": 81.0
    },
    "9": {
        "precision": 0.65,
        "recall": 0.16049382716049382,
        "f1-score": 0.25742574257425743,
        "support": 81.0
    },
    "micro avg": {
        "precision": 0.6614730878186968,
        "recall": 0.6406035665294925,
        "f1-score": 0.6508710801393728,
        "support": 729.0
    },
    "macro avg": {
        "precision": 0.6620076027828428,
        "recall": 0.6406035665294925,
        "f1-score": 0.6165764408206365,
        "support": 729.0
    },
    "weighted avg": {
        "precision": 0.6620076027828427,
        "recall": 0.6406035665294925,
        "f1-score": 0.6165764408206363,
        "support": 729.0
    },
    "accuracy": 0.6406035665294925
}