{
    "10": {
        "precision": 0.6949152542372882,
        "recall": 0.5061728395061729,
        "f1-score": 0.5857142857142857,
        "support": 81.0
    },
    "11": {
        "precision": 0.6666666666666666,
        "recall": 0.345679012345679,
        "f1-score": 0.45528455284552843,
        "support": 81.0
    },
    "12": {
        "precision": 0.4358974358974359,
        "recall": 0.41975308641975306,
        "f1-score": 0.4276729559748428,
        "support": 81.0
    },
    "13": {
        "precision": 0.4397163120567376,
        "recall": 0.7654320987654321,
        "f1-score": 0.5585585585585585,
        "support": 81.0
    },
    "14": {
        "precision": 0.6470588235294118,
        "recall": 0.4074074074074074,
        "f1-score": 0.5,
        "support": 81.0
    },
    "15": {
        "precision": 0.6229508196721312,
        "recall": 0.4691358024691358,
        "f1-score": 0.5352112676056338,
        "support": 81.0
    },
    "16": {
        "precision": 0.32,
        "recall": 0.09876543209876543,
        "f1-score": 0.1509433962264151,
        "support": 81.0
    },
    "17": {
        "precision": 0.3237410071942446,
        "recall": 0.5555555555555556,
        "f1-score": 0.4090909090909091,
        "support": 81.0
    },
    "18": {
        "precision": 0.5555555555555556,
        "recall": 0.5555555555555556,
        "f1-score": 0.5555555555555556,
        "support": 81.0
    },
    "micro avg": {
        "precision": 0.4933530280649926,
        "recall": 0.45816186556927296,
        "f1-score": 0.4751066856330014,
        "support": 729.0
    },
    "macro avg": {
        "precision": 0.522944652756608,
        "recall": 0.45816186556927296,
        "f1-score": 0.46422572017463654,
        "support": 729.0
    },
    "weighted avg": {
        "precision": 0.522944652756608,
        "recall": 0.45816186556927296,
        "f1-score": 0.4642257201746366,
        "support": 729.0
    },
    "accuracy": 0.45816186556927296
}