{
    "1": {
        "precision": 1.0,
        "recall": 1.0,
        "f1-score": 1.0,
        "support": 81.0
    },
    "2": {
        "precision": 1.0,
        "recall": 1.0,
        "f1-score": 1.0,
        "support": 81.0
    },
    "3": {
        "precision": 0.7920792079207921,
        "recall": 0.9876543209876543,
        "f1-score": 0.8791208791208791,
        "support": 81.0
    },
    "4": {
        "precision": 0.35648148148148145,
        "recall": 0.9506172839506173,
        "f1-score": 0.5185185185185185,
        "support": 81.0
    },
    "5": {
        "precision": 0.5473684210526316,
        "recall": 0.6419753086419753,
        "f1-score": 0.5909090909090909,
        "support": 81.0
    },
    "6": {
        "precision": 0.5172413793103449,
        "recall": 0.37037037037037035,
        "f1-score": 0.4316546762589928,
        "support": 81.0
    },
    "7": {
        "precision": 0.4482758620689655,
        "recall": 0.16049382716049382,
        "f1-score": 0.23636363636363636,
        "support": 81.0
    },
    "8": {
        "precision": 0.5277777777777778,
        "recall": 0.2345679012345679,
        "f1-score": 0.3247863247863248,
        "support": 81.0
    },
    "9": {
        "precision": 0.6923076923076923,
        "recall": 0.1111111111111111,
        "f1-score": 0.19148936170212766,
        "support": 81.0
    },
    "micro avg": {
        "precision": 0.6225352112676056,
        "recall": 0.6063100137174211,
        "f1-score": 0.6143154968728284,
        "support": 729.0
    },
    "macro avg": {
        "precision": 0.653503535768854,
        "recall": 0.6063100137174211,
        "f1-score": 0.5747602764066189,
        "support": 729.0
    },
    "weighted avg": {
        "precision": 0.6535035357688539,
        "recall": 0.6063100137174211,
        "f1-score": 0.574760276406619,
        "support": 729.0
    },
    "accuracy": 0.6063100137174211
}