{
    "1": {
        "precision": 1.0,
        "recall": 1.0,
        "f1-score": 1.0,
        "support": 5589.0
    },
    "2": {
        "precision": 0.9982104509663565,
        "recall": 0.9980318482733942,
        "f1-score": 0.9981211416301333,
        "support": 5589.0
    },
    "3": {
        "precision": 0.9919685882562913,
        "recall": 0.9944533905886563,
        "f1-score": 0.9932094353109364,
        "support": 5589.0
    },
    "4": {
        "precision": 0.9769189479334407,
        "recall": 0.9769189479334407,
        "f1-score": 0.9769189479334407,
        "support": 5589.0
    },
    "5": {
        "precision": 0.8960229187731715,
        "recall": 0.9513329754875649,
        "f1-score": 0.9228499522693743,
        "support": 5589.0
    },
    "6": {
        "precision": 0.7896311066799602,
        "recall": 0.8502415458937198,
        "f1-score": 0.8188162315843888,
        "support": 5589.0
    },
    "7": {
        "precision": 0.7382488479262673,
        "recall": 0.71658615136876,
        "f1-score": 0.7272562193571818,
        "support": 5589.0
    },
    "8": {
        "precision": 0.6814190375834211,
        "recall": 0.6942207908391483,
        "f1-score": 0.6877603474253301,
        "support": 5589.0
    },
    "9": {
        "precision": 0.8705681332763776,
        "recall": 0.7292896761495795,
        "f1-score": 0.7936909745886477,
        "support": 5589.0
    },
    "micro avg": {
        "precision": 0.882147559953713,
        "recall": 0.8790083696149182,
        "f1-score": 0.8805751670434064,
        "support": 50301.0
    },
    "macro avg": {
        "precision": 0.8825542257105874,
        "recall": 0.8790083696149182,
        "f1-score": 0.8798470277888258,
        "support": 50301.0
    },
    "weighted avg": {
        "precision": 0.8825542257105873,
        "recall": 0.8790083696149182,
        "f1-score": 0.8798470277888258,
        "support": 50301.0
    },
    "accuracy": 0.8790083696149182
}