{
    "1": {
        "precision": 1.0,
        "recall": 1.0,
        "f1-score": 1.0,
        "support": 81.0
    },
    "2": {
        "precision": 1.0,
        "recall": 1.0,
        "f1-score": 1.0,
        "support": 81.0
    },
    "3": {
        "precision": 0.9642857142857143,
        "recall": 1.0,
        "f1-score": 0.9818181818181818,
        "support": 81.0
    },
    "4": {
        "precision": 0.9176470588235294,
        "recall": 0.9629629629629629,
        "f1-score": 0.9397590361445783,
        "support": 81.0
    },
    "5": {
        "precision": 0.7708333333333334,
        "recall": 0.9135802469135802,
        "f1-score": 0.8361581920903954,
        "support": 81.0
    },
    "6": {
        "precision": 0.7916666666666666,
        "recall": 0.7037037037037037,
        "f1-score": 0.7450980392156863,
        "support": 81.0
    },
    "7": {
        "precision": 0.7011494252873564,
        "recall": 0.7530864197530864,
        "f1-score": 0.7261904761904762,
        "support": 81.0
    },
    "8": {
        "precision": 0.5930232558139535,
        "recall": 0.6296296296296297,
        "f1-score": 0.6107784431137725,
        "support": 81.0
    },
    "9": {
        "precision": 0.76,
        "recall": 0.2345679012345679,
        "f1-score": 0.3584905660377358,
        "support": 81.0
    },
    "micro avg": {
        "precision": 0.836441893830703,
        "recall": 0.7997256515775034,
        "f1-score": 0.8176718092566619,
        "support": 729.0
    },
    "macro avg": {
        "precision": 0.8331783838011726,
        "recall": 0.7997256515775034,
        "f1-score": 0.7998103260678695,
        "support": 729.0
    },
    "weighted avg": {
        "precision": 0.8331783838011726,
        "recall": 0.7997256515775034,
        "f1-score": 0.7998103260678697,
        "support": 729.0
    },
    "accuracy": 0.7997256515775034
}