{
    "1": {
        "precision": 1.0,
        "recall": 0.8765432098765432,
        "f1-score": 0.9342105263157895,
        "support": 81.0
    },
    "2": {
        "precision": 0.8809523809523809,
        "recall": 0.9135802469135802,
        "f1-score": 0.896969696969697,
        "support": 81.0
    },
    "3": {
        "precision": 0.9452054794520548,
        "recall": 0.8518518518518519,
        "f1-score": 0.8961038961038961,
        "support": 81.0
    },
    "4": {
        "precision": 0.8372093023255814,
        "recall": 0.8888888888888888,
        "f1-score": 0.8622754491017964,
        "support": 81.0
    },
    "5": {
        "precision": 0.9024390243902439,
        "recall": 0.9135802469135802,
        "f1-score": 0.9079754601226994,
        "support": 81.0
    },
    "6": {
        "precision": 0.8953488372093024,
        "recall": 0.9506172839506173,
        "f1-score": 0.9221556886227545,
        "support": 81.0
    },
    "7": {
        "precision": 0.8840579710144928,
        "recall": 0.7530864197530864,
        "f1-score": 0.8133333333333334,
        "support": 81.0
    },
    "8": {
        "precision": 0.7070707070707071,
        "recall": 0.8641975308641975,
        "f1-score": 0.7777777777777778,
        "support": 81.0
    },
    "9": {
        "precision": 0.8961038961038961,
        "recall": 0.8518518518518519,
        "f1-score": 0.8734177215189873,
        "support": 81.0
    },
    "micro avg": {
        "precision": 0.8762035763411279,
        "recall": 0.8737997256515775,
        "f1-score": 0.875,
        "support": 729.0
    },
    "macro avg": {
        "precision": 0.8831541776131844,
        "recall": 0.8737997256515775,
        "f1-score": 0.8760243944296369,
        "support": 729.0
    },
    "weighted avg": {
        "precision": 0.8831541776131845,
        "recall": 0.8737997256515775,
        "f1-score": 0.8760243944296366,
        "support": 729.0
    },
    "accuracy": 0.8737997256515775
}