{
    "10": {
        "precision": 0.5966480446927375,
        "recall": 0.5493827160493827,
        "f1-score": 0.5720407070166041,
        "support": 1944.0
    },
    "11": {
        "precision": 0.5740740740740741,
        "recall": 0.3508230452674897,
        "f1-score": 0.4355044699872286,
        "support": 1944.0
    },
    "12": {
        "precision": 0.48997289972899727,
        "recall": 0.46502057613168724,
        "f1-score": 0.47717075745579307,
        "support": 1944.0
    },
    "13": {
        "precision": 0.5373850459816074,
        "recall": 0.691358024691358,
        "f1-score": 0.6047244094488189,
        "support": 1944.0
    },
    "14": {
        "precision": 0.6024981631153563,
        "recall": 0.4218106995884774,
        "f1-score": 0.4962178517397882,
        "support": 1944.0
    },
    "15": {
        "precision": 0.5093387178192832,
        "recall": 0.5190329218106996,
        "f1-score": 0.514140127388535,
        "support": 1944.0
    },
    "16": {
        "precision": 0.4797297297297297,
        "recall": 0.18261316872427982,
        "f1-score": 0.26453055141579734,
        "support": 1944.0
    },
    "17": {
        "precision": 0.3881764153894276,
        "recall": 0.6383744855967078,
        "f1-score": 0.4827854503014978,
        "support": 1944.0
    },
    "18": {
        "precision": 0.6829511465603191,
        "recall": 0.3523662551440329,
        "f1-score": 0.4648795385137428,
        "support": 1944.0
    },
    "micro avg": {
        "precision": 0.5195437652185056,
        "recall": 0.4634202103337906,
        "f1-score": 0.48987976557307716,
        "support": 17496.0
    },
    "macro avg": {
        "precision": 0.5400860263435034,
        "recall": 0.46342021033379055,
        "f1-score": 0.47911042925197844,
        "support": 17496.0
    },
    "weighted avg": {
        "precision": 0.5400860263435036,
        "recall": 0.4634202103337906,
        "f1-score": 0.4791104292519784,
        "support": 17496.0
    },
    "accuracy": 0.4634202103337906
}