{
    "10": {
        "precision": 0.6333333333333333,
        "recall": 0.7037037037037037,
        "f1-score": 0.6666666666666666,
        "support": 81.0
    },
    "11": {
        "precision": 0.8421052631578947,
        "recall": 0.5925925925925926,
        "f1-score": 0.6956521739130435,
        "support": 81.0
    },
    "12": {
        "precision": 0.5454545454545454,
        "recall": 0.8888888888888888,
        "f1-score": 0.676056338028169,
        "support": 81.0
    },
    "13": {
        "precision": 0.27586206896551724,
        "recall": 0.2962962962962963,
        "f1-score": 0.2857142857142857,
        "support": 81.0
    },
    "14": {
        "precision": 0.3125,
        "recall": 0.24691358024691357,
        "f1-score": 0.27586206896551724,
        "support": 81.0
    },
    "15": {
        "precision": 0.3763440860215054,
        "recall": 0.43209876543209874,
        "f1-score": 0.40229885057471265,
        "support": 81.0
    },
    "16": {
        "precision": 0.3783783783783784,
        "recall": 0.345679012345679,
        "f1-score": 0.36129032258064514,
        "support": 81.0
    },
    "17": {
        "precision": 0.3333333333333333,
        "recall": 0.41975308641975306,
        "f1-score": 0.37158469945355194,
        "support": 81.0
    },
    "18": {
        "precision": 0.75,
        "recall": 0.037037037037037035,
        "f1-score": 0.07058823529411765,
        "support": 81.0
    },
    "micro avg": {
        "precision": 0.4566145092460882,
        "recall": 0.4403292181069959,
        "f1-score": 0.4483240223463687,
        "support": 729.0
    },
    "macro avg": {
        "precision": 0.4941456676271676,
        "recall": 0.4403292181069959,
        "f1-score": 0.42285707124341215,
        "support": 729.0
    },
    "weighted avg": {
        "precision": 0.49414566762716755,
        "recall": 0.4403292181069959,
        "f1-score": 0.4228570712434122,
        "support": 729.0
    },
    "accuracy": 0.4403292181069959
}