{
    "10": {
        "precision": 0.021739130434782608,
        "recall": 0.012345679012345678,
        "f1-score": 0.015748031496062992,
        "support": 81.0
    },
    "11": {
        "precision": 0.021739130434782608,
        "recall": 0.024691358024691357,
        "f1-score": 0.023121387283236993,
        "support": 81.0
    },
    "12": {
        "precision": 0.0,
        "recall": 0.0,
        "f1-score": 0.0,
        "support": 81.0
    },
    "13": {
        "precision": 0.0,
        "recall": 0.0,
        "f1-score": 0.0,
        "support": 81.0
    },
    "14": {
        "precision": 0.007352941176470588,
        "recall": 0.012345679012345678,
        "f1-score": 0.009216589861751152,
        "support": 81.0
    },
    "15": {
        "precision": 0.0,
        "recall": 0.0,
        "f1-score": 0.0,
        "support": 81.0
    },
    "16": {
        "precision": 0.0,
        "recall": 0.0,
        "f1-score": 0.0,
        "support": 81.0
    },
    "17": {
        "precision": 0.0,
        "recall": 0.0,
        "f1-score": 0.0,
        "support": 81.0
    },
    "18": {
        "precision": 0.0,
        "recall": 0.0,
        "f1-score": 0.0,
        "support": 81.0
    },
    "micro avg": {
        "precision": 0.007339449541284404,
        "recall": 0.0054869684499314125,
        "f1-score": 0.006279434850863423,
        "support": 729.0
    },
    "macro avg": {
        "precision": 0.005647911338448423,
        "recall": 0.0054869684499314125,
        "f1-score": 0.005342889849005683,
        "support": 729.0
    },
    "weighted avg": {
        "precision": 0.005647911338448422,
        "recall": 0.0054869684499314125,
        "f1-score": 0.005342889849005682,
        "support": 729.0
    },
    "accuracy": 0.0054869684499314125
}