{
    "10": {
        "precision": 0.1568627450980392,
        "recall": 0.19753086419753085,
        "f1-score": 0.17486338797814208,
        "support": 81.0
    },
    "11": {
        "precision": 0.0,
        "recall": 0.0,
        "f1-score": 0.0,
        "support": 81.0
    },
    "12": {
        "precision": 0.8918918918918919,
        "recall": 0.8148148148148148,
        "f1-score": 0.8516129032258064,
        "support": 81.0
    },
    "13": {
        "precision": 0.8375,
        "recall": 0.8271604938271605,
        "f1-score": 0.8322981366459627,
        "support": 81.0
    },
    "14": {
        "precision": 0.7831325301204819,
        "recall": 0.8024691358024691,
        "f1-score": 0.7926829268292683,
        "support": 81.0
    },
    "15": {
        "precision": 0.8412698412698413,
        "recall": 0.654320987654321,
        "f1-score": 0.7361111111111112,
        "support": 81.0
    },
    "16": {
        "precision": 0.6086956521739131,
        "recall": 0.345679012345679,
        "f1-score": 0.4409448818897638,
        "support": 81.0
    },
    "17": {
        "precision": 0.0,
        "recall": 0.0,
        "f1-score": 0.0,
        "support": 81.0
    },
    "18": {
        "precision": 0.0,
        "recall": 0.0,
        "f1-score": 0.0,
        "support": 81.0
    },
    "micro avg": {
        "precision": 0.6584821428571429,
        "recall": 0.4046639231824417,
        "f1-score": 0.5012744265080714,
        "support": 729.0
    },
    "macro avg": {
        "precision": 0.45770585117268525,
        "recall": 0.4046639231824417,
        "f1-score": 0.4253903719644505,
        "support": 729.0
    },
    "weighted avg": {
        "precision": 0.4577058511726853,
        "recall": 0.4046639231824417,
        "f1-score": 0.42539037196445045,
        "support": 729.0
    },
    "accuracy": 0.4046639231824417
}