{
    "1": {
        "precision": 1.0,
        "recall": 1.0,
        "f1-score": 1.0,
        "support": 81.0
    },
    "2": {
        "precision": 1.0,
        "recall": 1.0,
        "f1-score": 1.0,
        "support": 81.0
    },
    "3": {
        "precision": 1.0,
        "recall": 1.0,
        "f1-score": 1.0,
        "support": 81.0
    },
    "4": {
        "precision": 0.9876543209876543,
        "recall": 0.9876543209876543,
        "f1-score": 0.9876543209876543,
        "support": 81.0
    },
    "5": {
        "precision": 0.8555555555555555,
        "recall": 0.9506172839506173,
        "f1-score": 0.9005847953216374,
        "support": 81.0
    },
    "6": {
        "precision": 0.7435897435897436,
        "recall": 0.7160493827160493,
        "f1-score": 0.7295597484276729,
        "support": 81.0
    },
    "7": {
        "precision": 0.6172839506172839,
        "recall": 0.6172839506172839,
        "f1-score": 0.6172839506172839,
        "support": 81.0
    },
    "8": {
        "precision": 0.6111111111111112,
        "recall": 0.6790123456790124,
        "f1-score": 0.6432748538011696,
        "support": 81.0
    },
    "9": {
        "precision": 0.8787878787878788,
        "recall": 0.7160493827160493,
        "f1-score": 0.7891156462585034,
        "support": 81.0
    },
    "accuracy": 0.8518518518518519,
    "macro avg": {
        "precision": 0.8548869511832475,
        "recall": 0.8518518518518517,
        "f1-score": 0.8519414794904357,
        "support": 729.0
    },
    "weighted avg": {
        "precision": 0.8548869511832475,
        "recall": 0.8518518518518519,
        "f1-score": 0.8519414794904359,
        "support": 729.0
    }
}