{
    "1": {
        "precision": 1.0,
        "recall": 0.9996421542315262,
        "f1-score": 0.9998210450966356,
        "support": 5589.0
    },
    "2": {
        "precision": 0.9821207293326253,
        "recall": 0.9926641617462874,
        "f1-score": 0.9873642996974551,
        "support": 5589.0
    },
    "3": {
        "precision": 0.9538784067085954,
        "recall": 0.9769189479334407,
        "f1-score": 0.9652612039246884,
        "support": 5589.0
    },
    "4": {
        "precision": 0.9332862689728203,
        "recall": 0.9461442118446949,
        "f1-score": 0.9396712572190138,
        "support": 5589.0
    },
    "5": {
        "precision": 0.8039737171464331,
        "recall": 0.9194847020933977,
        "f1-score": 0.8578582756030382,
        "support": 5589.0
    },
    "6": {
        "precision": 0.6496093151524437,
        "recall": 0.7586330291644301,
        "f1-score": 0.699900957411687,
        "support": 5589.0
    },
    "7": {
        "precision": 0.6048714479025711,
        "recall": 0.559849704777241,
        "f1-score": 0.5814904292882364,
        "support": 5589.0
    },
    "8": {
        "precision": 0.5995260663507109,
        "recall": 0.588477366255144,
        "f1-score": 0.5939503386004514,
        "support": 5589.0
    },
    "9": {
        "precision": 0.8772727272727273,
        "recall": 0.5870459831812489,
        "f1-score": 0.7033980062171723,
        "support": 5589.0
    },
    "micro avg": {
        "precision": 0.8201385551818037,
        "recall": 0.8143178068030457,
        "f1-score": 0.8172178163499426,
        "support": 50301.0
    },
    "macro avg": {
        "precision": 0.8227265198709918,
        "recall": 0.8143178068030457,
        "f1-score": 0.8143017570064865,
        "support": 50301.0
    },
    "weighted avg": {
        "precision": 0.8227265198709918,
        "recall": 0.8143178068030457,
        "f1-score": 0.8143017570064865,
        "support": 50301.0
    },
    "accuracy": 0.8143178068030457
}