{
    "1": {
        "precision": 1.0,
        "recall": 1.0,
        "f1-score": 1.0,
        "support": 81.0
    },
    "2": {
        "precision": 1.0,
        "recall": 1.0,
        "f1-score": 1.0,
        "support": 81.0
    },
    "3": {
        "precision": 0.975609756097561,
        "recall": 0.9876543209876543,
        "f1-score": 0.9815950920245399,
        "support": 81.0
    },
    "4": {
        "precision": 0.5808823529411765,
        "recall": 0.9753086419753086,
        "f1-score": 0.728110599078341,
        "support": 81.0
    },
    "5": {
        "precision": 0.3048780487804878,
        "recall": 0.30864197530864196,
        "f1-score": 0.3067484662576687,
        "support": 81.0
    },
    "6": {
        "precision": 0.2184873949579832,
        "recall": 0.32098765432098764,
        "f1-score": 0.26,
        "support": 81.0
    },
    "7": {
        "precision": 0.010416666666666666,
        "recall": 0.012345679012345678,
        "f1-score": 0.011299435028248588,
        "support": 81.0
    },
    "8": {
        "precision": 0.019230769230769232,
        "recall": 0.012345679012345678,
        "f1-score": 0.015037593984962405,
        "support": 81.0
    },
    "9": {
        "precision": 0.0,
        "recall": 0.0,
        "f1-score": 0.0,
        "support": 81.0
    },
    "accuracy": 0.5130315500685871,
    "macro avg": {
        "precision": 0.45661166540829384,
        "recall": 0.5130315500685871,
        "f1-score": 0.47808790959708447,
        "support": 729.0
    },
    "weighted avg": {
        "precision": 0.45661166540829384,
        "recall": 0.5130315500685871,
        "f1-score": 0.4780879095970845,
        "support": 729.0
    }
}