{
    "1": {
        "precision": 1.0,
        "recall": 1.0,
        "f1-score": 1.0,
        "support": 5589.0
    },
    "2": {
        "precision": 0.9939512542252268,
        "recall": 0.9996421542315262,
        "f1-score": 0.9967885816235504,
        "support": 5589.0
    },
    "3": {
        "precision": 0.9817924695068058,
        "recall": 0.9937376990517087,
        "f1-score": 0.9877289703005513,
        "support": 5589.0
    },
    "4": {
        "precision": 0.9709912795871152,
        "recall": 0.9762032563964931,
        "f1-score": 0.9735902926481085,
        "support": 5589.0
    },
    "5": {
        "precision": 0.9602484472049689,
        "recall": 0.9681517266058329,
        "f1-score": 0.964183891660727,
        "support": 5589.0
    },
    "6": {
        "precision": 0.9624954922466643,
        "recall": 0.9550903560565396,
        "f1-score": 0.9587786259541985,
        "support": 5589.0
    },
    "7": {
        "precision": 0.9338119418665732,
        "recall": 0.9541957416353551,
        "f1-score": 0.9438938053097345,
        "support": 5589.0
    },
    "8": {
        "precision": 0.9265096511421994,
        "recall": 0.9361245303274289,
        "f1-score": 0.9312922748309007,
        "support": 5589.0
    },
    "9": {
        "precision": 0.9905968144310113,
        "recall": 0.9235999284308463,
        "f1-score": 0.955925925925926,
        "support": 5589.0
    },
    "micro avg": {
        "precision": 0.9686678875706665,
        "recall": 0.9674161547484146,
        "f1-score": 0.9680416165192914,
        "support": 50301.0
    },
    "macro avg": {
        "precision": 0.968933038912285,
        "recall": 0.9674161547484146,
        "f1-score": 0.9680202631392998,
        "support": 50301.0
    },
    "weighted avg": {
        "precision": 0.9689330389122849,
        "recall": 0.9674161547484146,
        "f1-score": 0.9680202631392996,
        "support": 50301.0
    },
    "accuracy": 0.9674161547484146
}