{
    "1": {
        "precision": 1.0,
        "recall": 0.9629629629629629,
        "f1-score": 0.9811320754716981,
        "support": 81.0
    },
    "2": {
        "precision": 0.9634146341463414,
        "recall": 0.9753086419753086,
        "f1-score": 0.9693251533742331,
        "support": 81.0
    },
    "3": {
        "precision": 1.0,
        "recall": 0.9629629629629629,
        "f1-score": 0.9811320754716981,
        "support": 81.0
    },
    "4": {
        "precision": 0.927536231884058,
        "recall": 0.7901234567901234,
        "f1-score": 0.8533333333333334,
        "support": 81.0
    },
    "5": {
        "precision": 0.77,
        "recall": 0.9506172839506173,
        "f1-score": 0.850828729281768,
        "support": 81.0
    },
    "6": {
        "precision": 0.8202247191011236,
        "recall": 0.9012345679012346,
        "f1-score": 0.8588235294117647,
        "support": 81.0
    },
    "7": {
        "precision": 0.9545454545454546,
        "recall": 0.7777777777777778,
        "f1-score": 0.8571428571428571,
        "support": 81.0
    },
    "8": {
        "precision": 0.7551020408163265,
        "recall": 0.9135802469135802,
        "f1-score": 0.8268156424581006,
        "support": 81.0
    },
    "9": {
        "precision": 0.9411764705882353,
        "recall": 0.7901234567901234,
        "f1-score": 0.8590604026845637,
        "support": 81.0
    },
    "micro avg": {
        "precision": 0.8928571428571429,
        "recall": 0.8916323731138546,
        "f1-score": 0.8922443376801648,
        "support": 729.0
    },
    "macro avg": {
        "precision": 0.9035555056757266,
        "recall": 0.8916323731138545,
        "f1-score": 0.8930659776255574,
        "support": 729.0
    },
    "weighted avg": {
        "precision": 0.9035555056757267,
        "recall": 0.8916323731138546,
        "f1-score": 0.8930659776255574,
        "support": 729.0
    },
    "accuracy": 0.8916323731138546
}