{
    "10": {
        "precision": 0.1657142857142857,
        "recall": 0.35802469135802467,
        "f1-score": 0.2265625,
        "support": 81.0
    },
    "11": {
        "precision": 0.0,
        "recall": 0.0,
        "f1-score": 0.0,
        "support": 81.0
    },
    "12": {
        "precision": 0.16455696202531644,
        "recall": 0.32098765432098764,
        "f1-score": 0.2175732217573222,
        "support": 81.0
    },
    "13": {
        "precision": 0.07142857142857142,
        "recall": 0.012345679012345678,
        "f1-score": 0.021052631578947368,
        "support": 81.0
    },
    "14": {
        "precision": 0.0,
        "recall": 0.0,
        "f1-score": 0.0,
        "support": 81.0
    },
    "15": {
        "precision": 0.22348484848484848,
        "recall": 0.7283950617283951,
        "f1-score": 0.34202898550724636,
        "support": 81.0
    },
    "16": {
        "precision": 0.0,
        "recall": 0.0,
        "f1-score": 0.0,
        "support": 81.0
    },
    "17": {
        "precision": 0.0,
        "recall": 0.0,
        "f1-score": 0.0,
        "support": 81.0
    },
    "18": {
        "precision": 0.0,
        "recall": 0.0,
        "f1-score": 0.0,
        "support": 81.0
    },
    "micro avg": {
        "precision": 0.18821603927986907,
        "recall": 0.15775034293552812,
        "f1-score": 0.17164179104477612,
        "support": 729.0
    },
    "macro avg": {
        "precision": 0.069464963072558,
        "recall": 0.15775034293552814,
        "f1-score": 0.08969081542705733,
        "support": 729.0
    },
    "weighted avg": {
        "precision": 0.069464963072558,
        "recall": 0.15775034293552812,
        "f1-score": 0.08969081542705731,
        "support": 729.0
    },
    "accuracy": 0.15775034293552812
}