{
    "1": {
        "precision": 1.0,
        "recall": 1.0,
        "f1-score": 1.0,
        "support": 1944.0
    },
    "2": {
        "precision": 0.9989561586638831,
        "recall": 0.9845679012345679,
        "f1-score": 0.9917098445595854,
        "support": 1944.0
    },
    "3": {
        "precision": 0.9271106449921342,
        "recall": 0.9094650205761317,
        "f1-score": 0.9182030641391846,
        "support": 1944.0
    },
    "4": {
        "precision": 0.8320503848845346,
        "recall": 0.6116255144032922,
        "f1-score": 0.7050103765194189,
        "support": 1944.0
    },
    "5": {
        "precision": 0.543788933675339,
        "recall": 0.7633744855967078,
        "f1-score": 0.6351380269634068,
        "support": 1944.0
    },
    "6": {
        "precision": 0.5548780487804879,
        "recall": 0.46810699588477367,
        "f1-score": 0.5078125,
        "support": 1944.0
    },
    "7": {
        "precision": 0.4510575504181013,
        "recall": 0.47170781893004116,
        "f1-score": 0.4611516218254966,
        "support": 1944.0
    },
    "8": {
        "precision": 0.44377939290295,
        "recall": 0.5339506172839507,
        "f1-score": 0.4847069810880224,
        "support": 1944.0
    },
    "9": {
        "precision": 0.6224611708482676,
        "recall": 0.26800411522633744,
        "f1-score": 0.37468536497662713,
        "support": 1944.0
    },
    "micro avg": {
        "precision": 0.6966138070823894,
        "recall": 0.6678669410150891,
        "f1-score": 0.6819375547125766,
        "support": 17496.0
    },
    "macro avg": {
        "precision": 0.7082313650184109,
        "recall": 0.6678669410150893,
        "f1-score": 0.6753797533413046,
        "support": 17496.0
    },
    "weighted avg": {
        "precision": 0.7082313650184109,
        "recall": 0.6678669410150891,
        "f1-score": 0.6753797533413046,
        "support": 17496.0
    },
    "accuracy": 0.6678669410150891
}