{
    "1": {
        "precision": 1.0,
        "recall": 1.0,
        "f1-score": 1.0,
        "support": 81.0
    },
    "2": {
        "precision": 1.0,
        "recall": 1.0,
        "f1-score": 1.0,
        "support": 81.0
    },
    "3": {
        "precision": 0.9204545454545454,
        "recall": 1.0,
        "f1-score": 0.9585798816568047,
        "support": 81.0
    },
    "4": {
        "precision": 0.8222222222222222,
        "recall": 0.9135802469135802,
        "f1-score": 0.8654970760233918,
        "support": 81.0
    },
    "5": {
        "precision": 0.6407766990291263,
        "recall": 0.8148148148148148,
        "f1-score": 0.717391304347826,
        "support": 81.0
    },
    "6": {
        "precision": 0.5542168674698795,
        "recall": 0.5679012345679012,
        "f1-score": 0.5609756097560976,
        "support": 81.0
    },
    "7": {
        "precision": 0.4666666666666667,
        "recall": 0.5185185185185185,
        "f1-score": 0.49122807017543857,
        "support": 81.0
    },
    "8": {
        "precision": 0.4117647058823529,
        "recall": 0.43209876543209874,
        "f1-score": 0.42168674698795183,
        "support": 81.0
    },
    "9": {
        "precision": 0.85,
        "recall": 0.20987654320987653,
        "f1-score": 0.33663366336633666,
        "support": 81.0
    },
    "micro avg": {
        "precision": 0.7253814147018031,
        "recall": 0.7174211248285323,
        "f1-score": 0.7213793103448276,
        "support": 729.0
    },
    "macro avg": {
        "precision": 0.7406779674138658,
        "recall": 0.7174211248285322,
        "f1-score": 0.7057769280348719,
        "support": 729.0
    },
    "weighted avg": {
        "precision": 0.7406779674138658,
        "recall": 0.7174211248285323,
        "f1-score": 0.7057769280348719,
        "support": 729.0
    },
    "accuracy": 0.7174211248285323
}