{
    "1": {
        "precision": 1.0,
        "recall": 1.0,
        "f1-score": 1.0,
        "support": 5589.0
    },
    "2": {
        "precision": 0.9939144442455701,
        "recall": 0.9935587761674718,
        "f1-score": 0.9937365783822477,
        "support": 5589.0
    },
    "3": {
        "precision": 0.9775824964131994,
        "recall": 0.9753086419753086,
        "f1-score": 0.9764442454097626,
        "support": 5589.0
    },
    "4": {
        "precision": 0.9576163738453178,
        "recall": 0.9459652889604581,
        "f1-score": 0.9517551755175517,
        "support": 5589.0
    },
    "5": {
        "precision": 0.9312048650703155,
        "recall": 0.8767221327607801,
        "f1-score": 0.9031425675052991,
        "support": 5589.0
    },
    "6": {
        "precision": 0.8154875717017208,
        "recall": 0.9157273215244229,
        "f1-score": 0.8627054361567635,
        "support": 5589.0
    },
    "7": {
        "precision": 0.7922077922077922,
        "recall": 0.8404007872606907,
        "f1-score": 0.8155929848932106,
        "support": 5589.0
    },
    "8": {
        "precision": 0.7451014094190443,
        "recall": 0.775630703166935,
        "f1-score": 0.7600596125186289,
        "support": 5589.0
    },
    "9": {
        "precision": 0.927472064094455,
        "recall": 0.7870817677580962,
        "f1-score": 0.85152922957801,
        "support": 5589.0
    },
    "accuracy": 0.9011550466193515,
    "macro avg": {
        "precision": 0.9045096685552684,
        "recall": 0.9011550466193516,
        "f1-score": 0.9016628699957193,
        "support": 50301.0
    },
    "weighted avg": {
        "precision": 0.9045096685552683,
        "recall": 0.9011550466193515,
        "f1-score": 0.9016628699957194,
        "support": 50301.0
    }
}