{
    "1": {
        "precision": 0.3333333333333333,
        "recall": 1.0,
        "f1-score": 0.5,
        "support": 81.0
    },
    "2": {
        "precision": 0.0,
        "recall": 0.0,
        "f1-score": 0.0,
        "support": 162.0
    },
    "3": {
        "precision": 0.019230769230769232,
        "recall": 0.024691358024691357,
        "f1-score": 0.021621621621621623,
        "support": 243.0
    },
    "4": {
        "precision": 0.04904632152588556,
        "recall": 0.05555555555555555,
        "f1-score": 0.05209840810419682,
        "support": 324.0
    },
    "5": {
        "precision": 0.11991434689507495,
        "recall": 0.1382716049382716,
        "f1-score": 0.12844036697247707,
        "support": 405.0
    },
    "6": {
        "precision": 0.11858974358974358,
        "recall": 0.1522633744855967,
        "f1-score": 0.13333333333333333,
        "support": 486.0
    },
    "7": {
        "precision": 0.025835866261398176,
        "recall": 0.029982363315696647,
        "f1-score": 0.027755102040816326,
        "support": 567.0
    },
    "8": {
        "precision": 0.010854816824966078,
        "recall": 0.012345679012345678,
        "f1-score": 0.011552346570397111,
        "support": 648.0
    },
    "9": {
        "precision": 0.0,
        "recall": 0.0,
        "f1-score": 0.0,
        "support": 729.0
    },
    "accuracy": 0.07133058984910837,
    "macro avg": {
        "precision": 0.07520057751790787,
        "recall": 0.15701221503690638,
        "f1-score": 0.09720013096031581,
        "support": 3645.0
    },
    "weighted avg": {
        "precision": 0.04813357159050079,
        "recall": 0.07133058984910837,
        "f1-score": 0.0556036626442873,
        "support": 3645.0
    }
}