{
    "10": {
        "precision": 0.85,
        "recall": 0.8395061728395061,
        "f1-score": 0.84472049689441,
        "support": 81.0
    },
    "11": {
        "precision": 0.0,
        "recall": 0.0,
        "f1-score": 0.0,
        "support": 81.0
    },
    "12": {
        "precision": 0.33653846153846156,
        "recall": 0.43209876543209874,
        "f1-score": 0.3783783783783784,
        "support": 81.0
    },
    "13": {
        "precision": 0.0,
        "recall": 0.0,
        "f1-score": 0.0,
        "support": 81.0
    },
    "14": {
        "precision": 0.0,
        "recall": 0.0,
        "f1-score": 0.0,
        "support": 81.0
    },
    "15": {
        "precision": 0.0,
        "recall": 0.0,
        "f1-score": 0.0,
        "support": 81.0
    },
    "16": {
        "precision": 0.2907488986784141,
        "recall": 0.8148148148148148,
        "f1-score": 0.42857142857142855,
        "support": 81.0
    },
    "17": {
        "precision": 0.3333333333333333,
        "recall": 0.012345679012345678,
        "f1-score": 0.023809523809523808,
        "support": 81.0
    },
    "18": {
        "precision": 0.0,
        "recall": 0.0,
        "f1-score": 0.0,
        "support": 81.0
    },
    "micro avg": {
        "precision": 0.2998236331569665,
        "recall": 0.23319615912208505,
        "f1-score": 0.2623456790123457,
        "support": 729.0
    },
    "macro avg": {
        "precision": 0.20118007706113433,
        "recall": 0.233196159122085,
        "f1-score": 0.18616442529486008,
        "support": 729.0
    },
    "weighted avg": {
        "precision": 0.2011800770611343,
        "recall": 0.23319615912208505,
        "f1-score": 0.18616442529486008,
        "support": 729.0
    },
    "accuracy": 0.23319615912208505
}