{
    "10": {
        "precision": 0.5242718446601942,
        "recall": 0.6666666666666666,
        "f1-score": 0.5869565217391305,
        "support": 81.0
    },
    "11": {
        "precision": 0.5614035087719298,
        "recall": 0.3950617283950617,
        "f1-score": 0.463768115942029,
        "support": 81.0
    },
    "12": {
        "precision": 0.5132743362831859,
        "recall": 0.7160493827160493,
        "f1-score": 0.5979381443298969,
        "support": 81.0
    },
    "13": {
        "precision": 0.2826086956521739,
        "recall": 0.32098765432098764,
        "f1-score": 0.30057803468208094,
        "support": 81.0
    },
    "14": {
        "precision": 0.3125,
        "recall": 0.24691358024691357,
        "f1-score": 0.27586206896551724,
        "support": 81.0
    },
    "15": {
        "precision": 0.3763440860215054,
        "recall": 0.43209876543209874,
        "f1-score": 0.40229885057471265,
        "support": 81.0
    },
    "16": {
        "precision": 0.2857142857142857,
        "recall": 0.2716049382716049,
        "f1-score": 0.27848101265822783,
        "support": 81.0
    },
    "17": {
        "precision": 0.29896907216494845,
        "recall": 0.35802469135802467,
        "f1-score": 0.3258426966292135,
        "support": 81.0
    },
    "18": {
        "precision": 1.0,
        "recall": 0.012345679012345678,
        "f1-score": 0.024390243902439025,
        "support": 81.0
    },
    "micro avg": {
        "precision": 0.39741750358680056,
        "recall": 0.37997256515775035,
        "f1-score": 0.3884992987377279,
        "support": 729.0
    },
    "macro avg": {
        "precision": 0.46167620325202485,
        "recall": 0.37997256515775024,
        "f1-score": 0.3617906321581386,
        "support": 729.0
    },
    "weighted avg": {
        "precision": 0.46167620325202474,
        "recall": 0.37997256515775035,
        "f1-score": 0.3617906321581387,
        "support": 729.0
    },
    "accuracy": 0.37997256515775035
}