{
    "10": {
        "precision": 0.5967812092214007,
        "recall": 0.7057613168724279,
        "f1-score": 0.6467122319113835,
        "support": 1944.0
    },
    "11": {
        "precision": 0.7600596125186289,
        "recall": 0.5246913580246914,
        "f1-score": 0.620815581253804,
        "support": 1944.0
    },
    "12": {
        "precision": 0.5569707401032702,
        "recall": 0.8323045267489712,
        "f1-score": 0.667354093627552,
        "support": 1944.0
    },
    "13": {
        "precision": 0.3211747986736144,
        "recall": 0.3487654320987654,
        "f1-score": 0.3344019728729963,
        "support": 1944.0
    },
    "14": {
        "precision": 0.4090267983074753,
        "recall": 0.29835390946502055,
        "f1-score": 0.3450327186198691,
        "support": 1944.0
    },
    "15": {
        "precision": 0.4716810149524241,
        "recall": 0.5354938271604939,
        "f1-score": 0.5015658877378945,
        "support": 1944.0
    },
    "16": {
        "precision": 0.4034718569174119,
        "recall": 0.39454732510288065,
        "f1-score": 0.39895968790637193,
        "support": 1944.0
    },
    "17": {
        "precision": 0.3701067615658363,
        "recall": 0.48148148148148145,
        "f1-score": 0.41851106639839036,
        "support": 1944.0
    },
    "18": {
        "precision": 0.9097222222222222,
        "recall": 0.06738683127572016,
        "f1-score": 0.12547892720306514,
        "support": 1944.0
    },
    "micro avg": {
        "precision": 0.4830920740389179,
        "recall": 0.4654206675811614,
        "f1-score": 0.4740917559385189,
        "support": 17496.0
    },
    "macro avg": {
        "precision": 0.5332216682758093,
        "recall": 0.46542066758116135,
        "f1-score": 0.45098135194792516,
        "support": 17496.0
    },
    "weighted avg": {
        "precision": 0.5332216682758094,
        "recall": 0.4654206675811614,
        "f1-score": 0.45098135194792527,
        "support": 17496.0
    },
    "accuracy": 0.4654206675811614
}