{
    "10": {
        "precision": 0.9826530612244898,
        "recall": 0.9907407407407407,
        "f1-score": 0.9866803278688525,
        "support": 1944.0
    },
    "11": {
        "precision": 0.9789959016393442,
        "recall": 0.9830246913580247,
        "f1-score": 0.981006160164271,
        "support": 1944.0
    },
    "12": {
        "precision": 0.9605861546235472,
        "recall": 0.977880658436214,
        "f1-score": 0.9691562579658425,
        "support": 1944.0
    },
    "13": {
        "precision": 0.9617768595041323,
        "recall": 0.9578189300411523,
        "f1-score": 0.9597938144329897,
        "support": 1944.0
    },
    "14": {
        "precision": 0.9535477284328739,
        "recall": 0.9609053497942387,
        "f1-score": 0.9572124007173969,
        "support": 1944.0
    },
    "15": {
        "precision": 0.9404699738903394,
        "recall": 0.926440329218107,
        "f1-score": 0.9334024358642136,
        "support": 1944.0
    },
    "16": {
        "precision": 0.9195696721311475,
        "recall": 0.9233539094650206,
        "f1-score": 0.9214579055441479,
        "support": 1944.0
    },
    "17": {
        "precision": 0.9193548387096774,
        "recall": 0.9089506172839507,
        "f1-score": 0.9141231246766683,
        "support": 1944.0
    },
    "18": {
        "precision": 0.9749582637729549,
        "recall": 0.9012345679012346,
        "f1-score": 0.9366479550922213,
        "support": 1944.0
    },
    "micro avg": {
        "precision": 0.9545820861155883,
        "recall": 0.9478166438042981,
        "f1-score": 0.9511873350923483,
        "support": 17496.0
    },
    "macro avg": {
        "precision": 0.9546569393253895,
        "recall": 0.9478166438042981,
        "f1-score": 0.9510533758140672,
        "support": 17496.0
    },
    "weighted avg": {
        "precision": 0.9546569393253896,
        "recall": 0.9478166438042981,
        "f1-score": 0.951053375814067,
        "support": 17496.0
    },
    "accuracy": 0.9478166438042981
}