{
    "10": {
        "precision": 0.4340605665906871,
        "recall": 0.6856995884773662,
        "f1-score": 0.53160518444666,
        "support": 1944.0
    },
    "11": {
        "precision": 0.26993865030674846,
        "recall": 0.11316872427983539,
        "f1-score": 0.1594780717651323,
        "support": 1944.0
    },
    "12": {
        "precision": 0.8363057324840765,
        "recall": 0.6754115226337448,
        "f1-score": 0.7472965281730222,
        "support": 1944.0
    },
    "13": {
        "precision": 0.9629384513567174,
        "recall": 0.7484567901234568,
        "f1-score": 0.8422575976845152,
        "support": 1944.0
    },
    "14": {
        "precision": 0.8432316746923488,
        "recall": 0.8106995884773662,
        "f1-score": 0.8266456858116968,
        "support": 1944.0
    },
    "15": {
        "precision": 0.7829241071428571,
        "recall": 0.7217078189300411,
        "f1-score": 0.7510706638115632,
        "support": 1944.0
    },
    "16": {
        "precision": 0.5355303810504635,
        "recall": 0.2674897119341564,
        "f1-score": 0.3567753001715266,
        "support": 1944.0
    },
    "17": {
        "precision": 0.09964726631393298,
        "recall": 0.058127572016460904,
        "f1-score": 0.07342430149447693,
        "support": 1944.0
    },
    "18": {
        "precision": 0.008287292817679558,
        "recall": 0.0030864197530864196,
        "f1-score": 0.004497751124437781,
        "support": 1944.0
    },
    "micro avg": {
        "precision": 0.589953184216393,
        "recall": 0.45376085962505713,
        "f1-score": 0.5129712790359577,
        "support": 17496.0
    },
    "macro avg": {
        "precision": 0.5303182358617236,
        "recall": 0.4537608596250571,
        "f1-score": 0.47700567605367006,
        "support": 17496.0
    },
    "weighted avg": {
        "precision": 0.5303182358617234,
        "recall": 0.45376085962505713,
        "f1-score": 0.47700567605367006,
        "support": 17496.0
    },
    "accuracy": 0.45376085962505713
}