{
    "10": {
        "precision": 0.18,
        "recall": 0.2222222222222222,
        "f1-score": 0.19889502762430938,
        "support": 81.0
    },
    "11": {
        "precision": 0.375,
        "recall": 0.037037037037037035,
        "f1-score": 0.06741573033707865,
        "support": 81.0
    },
    "12": {
        "precision": 0.69,
        "recall": 0.8518518518518519,
        "f1-score": 0.7624309392265194,
        "support": 81.0
    },
    "13": {
        "precision": 0.875,
        "recall": 0.5185185185185185,
        "f1-score": 0.6511627906976745,
        "support": 81.0
    },
    "14": {
        "precision": 0.75,
        "recall": 0.5185185185185185,
        "f1-score": 0.6131386861313869,
        "support": 81.0
    },
    "15": {
        "precision": 0.5725806451612904,
        "recall": 0.8765432098765432,
        "f1-score": 0.6926829268292682,
        "support": 81.0
    },
    "16": {
        "precision": 0.0,
        "recall": 0.0,
        "f1-score": 0.0,
        "support": 81.0
    },
    "17": {
        "precision": 0.05263157894736842,
        "recall": 0.012345679012345678,
        "f1-score": 0.02,
        "support": 81.0
    },
    "18": {
        "precision": 0.0,
        "recall": 0.0,
        "f1-score": 0.0,
        "support": 81.0
    },
    "micro avg": {
        "precision": 0.5222929936305732,
        "recall": 0.3374485596707819,
        "f1-score": 0.41,
        "support": 729.0
    },
    "macro avg": {
        "precision": 0.38835691378985104,
        "recall": 0.3374485596707819,
        "f1-score": 0.333969566760693,
        "support": 729.0
    },
    "weighted avg": {
        "precision": 0.3883569137898509,
        "recall": 0.3374485596707819,
        "f1-score": 0.333969566760693,
        "support": 729.0
    },
    "accuracy": 0.3374485596707819
}