{
    "10": {
        "precision": 0.10679611650485436,
        "recall": 0.13580246913580246,
        "f1-score": 0.11956521739130435,
        "support": 81.0
    },
    "11": {
        "precision": 0.5,
        "recall": 0.012345679012345678,
        "f1-score": 0.024096385542168676,
        "support": 81.0
    },
    "12": {
        "precision": 0.6190476190476191,
        "recall": 0.8024691358024691,
        "f1-score": 0.6989247311827957,
        "support": 81.0
    },
    "13": {
        "precision": 0.4782608695652174,
        "recall": 0.5432098765432098,
        "f1-score": 0.5086705202312138,
        "support": 81.0
    },
    "14": {
        "precision": 0.6666666666666666,
        "recall": 0.37037037037037035,
        "f1-score": 0.47619047619047616,
        "support": 81.0
    },
    "15": {
        "precision": 0.5294117647058824,
        "recall": 0.7777777777777778,
        "f1-score": 0.63,
        "support": 81.0
    },
    "16": {
        "precision": 0.5272727272727272,
        "recall": 0.35802469135802467,
        "f1-score": 0.4264705882352941,
        "support": 81.0
    },
    "17": {
        "precision": 1.0,
        "recall": 0.012345679012345678,
        "f1-score": 0.024390243902439025,
        "support": 81.0
    },
    "18": {
        "precision": 0.0,
        "recall": 0.0,
        "f1-score": 0.0,
        "support": 81.0
    },
    "micro avg": {
        "precision": 0.4674329501915709,
        "recall": 0.3347050754458162,
        "f1-score": 0.390087929656275,
        "support": 729.0
    },
    "macro avg": {
        "precision": 0.4919395293069964,
        "recall": 0.3347050754458162,
        "f1-score": 0.3231453514084102,
        "support": 729.0
    },
    "weighted avg": {
        "precision": 0.4919395293069963,
        "recall": 0.3347050754458162,
        "f1-score": 0.3231453514084102,
        "support": 729.0
    },
    "accuracy": 0.3347050754458162
}