{
    "10": {
        "precision": 0.7204301075268817,
        "recall": 0.8271604938271605,
        "f1-score": 0.7701149425287356,
        "support": 81.0
    },
    "11": {
        "precision": 0.0,
        "recall": 0.0,
        "f1-score": 0.0,
        "support": 81.0
    },
    "12": {
        "precision": 0.3333333333333333,
        "recall": 0.345679012345679,
        "f1-score": 0.3393939393939394,
        "support": 81.0
    },
    "13": {
        "precision": 0.18181818181818182,
        "recall": 0.12345679012345678,
        "f1-score": 0.14705882352941177,
        "support": 81.0
    },
    "14": {
        "precision": 0.0,
        "recall": 0.0,
        "f1-score": 0.0,
        "support": 81.0
    },
    "15": {
        "precision": 0.31,
        "recall": 0.7654320987654321,
        "f1-score": 0.4412811387900356,
        "support": 81.0
    },
    "16": {
        "precision": 0.45806451612903226,
        "recall": 0.8765432098765432,
        "f1-score": 0.6016949152542372,
        "support": 81.0
    },
    "17": {
        "precision": 0.2608695652173913,
        "recall": 0.2962962962962963,
        "f1-score": 0.2774566473988439,
        "support": 81.0
    },
    "18": {
        "precision": 1.0,
        "recall": 0.024691358024691357,
        "f1-score": 0.04819277108433735,
        "support": 81.0
    },
    "micro avg": {
        "precision": 0.37183098591549296,
        "recall": 0.36213991769547327,
        "f1-score": 0.3669214732453092,
        "support": 729.0
    },
    "macro avg": {
        "precision": 0.36272396711386895,
        "recall": 0.3621399176954732,
        "f1-score": 0.2916881308866157,
        "support": 729.0
    },
    "weighted avg": {
        "precision": 0.36272396711386895,
        "recall": 0.36213991769547327,
        "f1-score": 0.29168813088661566,
        "support": 729.0
    },
    "accuracy": 0.36213991769547327
}