{
    "1": {
        "precision": 1.0,
        "recall": 1.0,
        "f1-score": 1.0,
        "support": 81.0
    },
    "2": {
        "precision": 1.0,
        "recall": 1.0,
        "f1-score": 1.0,
        "support": 81.0
    },
    "3": {
        "precision": 0.9878048780487805,
        "recall": 1.0,
        "f1-score": 0.9938650306748467,
        "support": 81.0
    },
    "4": {
        "precision": 0.963855421686747,
        "recall": 0.9876543209876543,
        "f1-score": 0.975609756097561,
        "support": 81.0
    },
    "5": {
        "precision": 0.9397590361445783,
        "recall": 0.9629629629629629,
        "f1-score": 0.9512195121951219,
        "support": 81.0
    },
    "6": {
        "precision": 0.8987341772151899,
        "recall": 0.8765432098765432,
        "f1-score": 0.8875,
        "support": 81.0
    },
    "7": {
        "precision": 0.7631578947368421,
        "recall": 0.7160493827160493,
        "f1-score": 0.7388535031847133,
        "support": 81.0
    },
    "8": {
        "precision": 0.7108433734939759,
        "recall": 0.7283950617283951,
        "f1-score": 0.7195121951219512,
        "support": 81.0
    },
    "9": {
        "precision": 0.8620689655172413,
        "recall": 0.6172839506172839,
        "f1-score": 0.7194244604316546,
        "support": 81.0
    },
    "micro avg": {
        "precision": 0.9050991501416431,
        "recall": 0.8765432098765432,
        "f1-score": 0.8905923344947735,
        "support": 729.0
    },
    "macro avg": {
        "precision": 0.9029137496492616,
        "recall": 0.8765432098765431,
        "f1-score": 0.887331606411761,
        "support": 729.0
    },
    "weighted avg": {
        "precision": 0.9029137496492616,
        "recall": 0.8765432098765432,
        "f1-score": 0.8873316064117611,
        "support": 729.0
    },
    "accuracy": 0.8765432098765432
}