{
    "10": {
        "precision": 0.06796116504854369,
        "recall": 0.08641975308641975,
        "f1-score": 0.07608695652173914,
        "support": 81.0
    },
    "11": {
        "precision": 0.0,
        "recall": 0.0,
        "f1-score": 0.0,
        "support": 81.0
    },
    "12": {
        "precision": 0.6595744680851063,
        "recall": 0.7654320987654321,
        "f1-score": 0.7085714285714285,
        "support": 81.0
    },
    "13": {
        "precision": 0.5425531914893617,
        "recall": 0.6296296296296297,
        "f1-score": 0.5828571428571429,
        "support": 81.0
    },
    "14": {
        "precision": 0.5625,
        "recall": 0.4444444444444444,
        "f1-score": 0.496551724137931,
        "support": 81.0
    },
    "15": {
        "precision": 0.7419354838709677,
        "recall": 0.5679012345679012,
        "f1-score": 0.6433566433566433,
        "support": 81.0
    },
    "16": {
        "precision": 0.7936507936507936,
        "recall": 0.6172839506172839,
        "f1-score": 0.6944444444444444,
        "support": 81.0
    },
    "17": {
        "precision": 0.0,
        "recall": 0.0,
        "f1-score": 0.0,
        "support": 81.0
    },
    "18": {
        "precision": 0.0,
        "recall": 0.0,
        "f1-score": 0.0,
        "support": 81.0
    },
    "micro avg": {
        "precision": 0.525,
        "recall": 0.345679012345679,
        "f1-score": 0.41687344913151364,
        "support": 729.0
    },
    "macro avg": {
        "precision": 0.3742416780160859,
        "recall": 0.345679012345679,
        "f1-score": 0.35576314887659216,
        "support": 729.0
    },
    "weighted avg": {
        "precision": 0.37424167801608593,
        "recall": 0.345679012345679,
        "f1-score": 0.3557631488765921,
        "support": 729.0
    },
    "accuracy": 0.345679012345679
}