{
    "1": {
        "precision": 1.0,
        "recall": 1.0,
        "f1-score": 1.0,
        "support": 81.0
    },
    "2": {
        "precision": 1.0,
        "recall": 1.0,
        "f1-score": 1.0,
        "support": 81.0
    },
    "3": {
        "precision": 1.0,
        "recall": 1.0,
        "f1-score": 1.0,
        "support": 81.0
    },
    "4": {
        "precision": 1.0,
        "recall": 0.9753086419753086,
        "f1-score": 0.9875,
        "support": 81.0
    },
    "5": {
        "precision": 0.8850574712643678,
        "recall": 0.9506172839506173,
        "f1-score": 0.9166666666666666,
        "support": 81.0
    },
    "6": {
        "precision": 0.7439024390243902,
        "recall": 0.7530864197530864,
        "f1-score": 0.7484662576687117,
        "support": 81.0
    },
    "7": {
        "precision": 0.6395348837209303,
        "recall": 0.6790123456790124,
        "f1-score": 0.6586826347305389,
        "support": 81.0
    },
    "8": {
        "precision": 0.6470588235294118,
        "recall": 0.6790123456790124,
        "f1-score": 0.6626506024096386,
        "support": 81.0
    },
    "9": {
        "precision": 0.8939393939393939,
        "recall": 0.7283950617283951,
        "f1-score": 0.8027210884353742,
        "support": 81.0
    },
    "micro avg": {
        "precision": 0.864010989010989,
        "recall": 0.8628257887517147,
        "f1-score": 0.8634179821551132,
        "support": 729.0
    },
    "macro avg": {
        "precision": 0.8677214457198326,
        "recall": 0.8628257887517147,
        "f1-score": 0.8640763611012144,
        "support": 729.0
    },
    "weighted avg": {
        "precision": 0.8677214457198327,
        "recall": 0.8628257887517147,
        "f1-score": 0.8640763611012146,
        "support": 729.0
    },
    "accuracy": 0.8628257887517147
}