{
    "10": {
        "precision": 0.3790322580645161,
        "recall": 0.5802469135802469,
        "f1-score": 0.4585365853658537,
        "support": 81.0
    },
    "11": {
        "precision": 0.1,
        "recall": 0.04938271604938271,
        "f1-score": 0.06611570247933884,
        "support": 81.0
    },
    "12": {
        "precision": 0.8035714285714286,
        "recall": 0.5555555555555556,
        "f1-score": 0.656934306569343,
        "support": 81.0
    },
    "13": {
        "precision": 1.0,
        "recall": 0.8271604938271605,
        "f1-score": 0.9054054054054054,
        "support": 81.0
    },
    "14": {
        "precision": 0.9367088607594937,
        "recall": 0.9135802469135802,
        "f1-score": 0.925,
        "support": 81.0
    },
    "15": {
        "precision": 0.8961038961038961,
        "recall": 0.8518518518518519,
        "f1-score": 0.8734177215189873,
        "support": 81.0
    },
    "16": {
        "precision": 0.7,
        "recall": 0.25925925925925924,
        "f1-score": 0.3783783783783784,
        "support": 81.0
    },
    "17": {
        "precision": 0.08620689655172414,
        "recall": 0.06172839506172839,
        "f1-score": 0.07194244604316546,
        "support": 81.0
    },
    "18": {
        "precision": 0.0,
        "recall": 0.0,
        "f1-score": 0.0,
        "support": 81.0
    },
    "micro avg": {
        "precision": 0.59391771019678,
        "recall": 0.4554183813443073,
        "f1-score": 0.515527950310559,
        "support": 729.0
    },
    "macro avg": {
        "precision": 0.5446248155612287,
        "recall": 0.45541838134430734,
        "f1-score": 0.48174783841783025,
        "support": 729.0
    },
    "weighted avg": {
        "precision": 0.5446248155612288,
        "recall": 0.4554183813443073,
        "f1-score": 0.4817478384178303,
        "support": 729.0
    },
    "accuracy": 0.4554183813443073
}