{
    "10": {
        "precision": 0.384,
        "recall": 0.5925925925925926,
        "f1-score": 0.46601941747572817,
        "support": 81.0
    },
    "11": {
        "precision": 0.0,
        "recall": 0.0,
        "f1-score": 0.0,
        "support": 81.0
    },
    "12": {
        "precision": 0.29591836734693877,
        "recall": 0.35802469135802467,
        "f1-score": 0.3240223463687151,
        "support": 81.0
    },
    "13": {
        "precision": 0.16666666666666666,
        "recall": 0.024691358024691357,
        "f1-score": 0.043010752688172046,
        "support": 81.0
    },
    "14": {
        "precision": 0.0,
        "recall": 0.0,
        "f1-score": 0.0,
        "support": 81.0
    },
    "15": {
        "precision": 0.20912547528517111,
        "recall": 0.6790123456790124,
        "f1-score": 0.31976744186046513,
        "support": 81.0
    },
    "16": {
        "precision": 0.3333333333333333,
        "recall": 0.2716049382716049,
        "f1-score": 0.29931972789115646,
        "support": 81.0
    },
    "17": {
        "precision": 0.38235294117647056,
        "recall": 0.16049382716049382,
        "f1-score": 0.22608695652173913,
        "support": 81.0
    },
    "18": {
        "precision": 0.4175824175824176,
        "recall": 0.4691358024691358,
        "f1-score": 0.4418604651162791,
        "support": 81.0
    },
    "micro avg": {
        "precision": 0.2995658465991317,
        "recall": 0.2839506172839506,
        "f1-score": 0.2915492957746479,
        "support": 729.0
    },
    "macro avg": {
        "precision": 0.24321991126566644,
        "recall": 0.2839506172839506,
        "f1-score": 0.23556523421358389,
        "support": 729.0
    },
    "weighted avg": {
        "precision": 0.24321991126566642,
        "recall": 0.2839506172839506,
        "f1-score": 0.23556523421358389,
        "support": 729.0
    },
    "accuracy": 0.2839506172839506
}