{
    "1": {
        "precision": 1.0,
        "recall": 0.9753086419753086,
        "f1-score": 0.9875,
        "support": 81.0
    },
    "2": {
        "precision": 0.975,
        "recall": 0.9629629629629629,
        "f1-score": 0.968944099378882,
        "support": 81.0
    },
    "3": {
        "precision": 1.0,
        "recall": 0.9629629629629629,
        "f1-score": 0.9811320754716981,
        "support": 81.0
    },
    "4": {
        "precision": 0.9178082191780822,
        "recall": 0.8271604938271605,
        "f1-score": 0.8701298701298701,
        "support": 81.0
    },
    "5": {
        "precision": 0.79,
        "recall": 0.9753086419753086,
        "f1-score": 0.8729281767955801,
        "support": 81.0
    },
    "6": {
        "precision": 0.8705882352941177,
        "recall": 0.9135802469135802,
        "f1-score": 0.891566265060241,
        "support": 81.0
    },
    "7": {
        "precision": 0.967741935483871,
        "recall": 0.7407407407407407,
        "f1-score": 0.8391608391608392,
        "support": 81.0
    },
    "8": {
        "precision": 0.7524752475247525,
        "recall": 0.9382716049382716,
        "f1-score": 0.8351648351648352,
        "support": 81.0
    },
    "9": {
        "precision": 0.9552238805970149,
        "recall": 0.7901234567901234,
        "f1-score": 0.8648648648648649,
        "support": 81.0
    },
    "micro avg": {
        "precision": 0.903448275862069,
        "recall": 0.8984910836762688,
        "f1-score": 0.9009628610729024,
        "support": 729.0
    },
    "macro avg": {
        "precision": 0.9143152797864266,
        "recall": 0.8984910836762688,
        "f1-score": 0.9012656695585345,
        "support": 729.0
    },
    "weighted avg": {
        "precision": 0.9143152797864266,
        "recall": 0.8984910836762688,
        "f1-score": 0.9012656695585346,
        "support": 729.0
    },
    "accuracy": 0.8984910836762688
}