{
    "1": {
        "precision": 1.0,
        "recall": 0.9996421542315262,
        "f1-score": 0.9998210450966356,
        "support": 5589.0
    },
    "2": {
        "precision": 0.9631098086536805,
        "recall": 0.9996421542315262,
        "f1-score": 0.9810359964881475,
        "support": 5589.0
    },
    "3": {
        "precision": 0.9426315789473684,
        "recall": 0.961352657004831,
        "f1-score": 0.9519000797236248,
        "support": 5589.0
    },
    "4": {
        "precision": 0.9213523131672597,
        "recall": 0.9264626945786366,
        "f1-score": 0.9239004371487198,
        "support": 5589.0
    },
    "5": {
        "precision": 0.9008086253369272,
        "recall": 0.8969404186795491,
        "f1-score": 0.898870360408822,
        "support": 5589.0
    },
    "6": {
        "precision": 0.894054054054054,
        "recall": 0.8878153515834675,
        "f1-score": 0.8909237813089146,
        "support": 5589.0
    },
    "7": {
        "precision": 0.848365565634092,
        "recall": 0.886920737162283,
        "f1-score": 0.8672148355493352,
        "support": 5589.0
    },
    "8": {
        "precision": 0.8374910905203136,
        "recall": 0.8409375559134014,
        "f1-score": 0.8392107847513615,
        "support": 5589.0
    },
    "9": {
        "precision": 0.956686291000841,
        "recall": 0.8140991232778673,
        "f1-score": 0.8796520057999033,
        "support": 5589.0
    },
    "micro avg": {
        "precision": 0.9175160890594396,
        "recall": 0.9126458718514543,
        "f1-score": 0.915074500423581,
        "support": 50301.0
    },
    "macro avg": {
        "precision": 0.9182777030349486,
        "recall": 0.9126458718514541,
        "f1-score": 0.9147254806972739,
        "support": 50301.0
    },
    "weighted avg": {
        "precision": 0.9182777030349483,
        "recall": 0.9126458718514543,
        "f1-score": 0.9147254806972738,
        "support": 50301.0
    },
    "accuracy": 0.9126458718514543
}