{
    "10": {
        "precision": 0.32432432432432434,
        "recall": 0.4444444444444444,
        "f1-score": 0.375,
        "support": 81.0
    },
    "11": {
        "precision": 0.0,
        "recall": 0.0,
        "f1-score": 0.0,
        "support": 81.0
    },
    "12": {
        "precision": 0.8928571428571429,
        "recall": 0.9259259259259259,
        "f1-score": 0.9090909090909091,
        "support": 81.0
    },
    "13": {
        "precision": 0.8765432098765432,
        "recall": 0.8765432098765432,
        "f1-score": 0.8765432098765432,
        "support": 81.0
    },
    "14": {
        "precision": 0.7941176470588235,
        "recall": 0.3333333333333333,
        "f1-score": 0.46956521739130436,
        "support": 81.0
    },
    "15": {
        "precision": 0.5142857142857142,
        "recall": 0.6666666666666666,
        "f1-score": 0.5806451612903226,
        "support": 81.0
    },
    "16": {
        "precision": 0.46,
        "recall": 0.2839506172839506,
        "f1-score": 0.3511450381679389,
        "support": 81.0
    },
    "17": {
        "precision": 0.0,
        "recall": 0.0,
        "f1-score": 0.0,
        "support": 81.0
    },
    "18": {
        "precision": 0.0,
        "recall": 0.0,
        "f1-score": 0.0,
        "support": 81.0
    },
    "micro avg": {
        "precision": 0.6111111111111112,
        "recall": 0.39231824417009603,
        "f1-score": 0.4778613199665831,
        "support": 729.0
    },
    "macro avg": {
        "precision": 0.4291253376002831,
        "recall": 0.39231824417009603,
        "f1-score": 0.39577661509077977,
        "support": 729.0
    },
    "weighted avg": {
        "precision": 0.42912533760028304,
        "recall": 0.39231824417009603,
        "f1-score": 0.3957766150907798,
        "support": 729.0
    },
    "accuracy": 0.39231824417009603
}