{
    "10": {
        "precision": 0.16506477225240285,
        "recall": 0.20318930041152264,
        "f1-score": 0.18215356237030206,
        "support": 1944.0
    },
    "11": {
        "precision": 0.40725806451612906,
        "recall": 0.051954732510288065,
        "f1-score": 0.09215328467153285,
        "support": 1944.0
    },
    "12": {
        "precision": 0.8352769679300291,
        "recall": 0.29475308641975306,
        "f1-score": 0.4357414448669201,
        "support": 1944.0
    },
    "13": {
        "precision": 0.49089253187613846,
        "recall": 0.2772633744855967,
        "f1-score": 0.35437212360289283,
        "support": 1944.0
    },
    "14": {
        "precision": 0.13131313131313133,
        "recall": 0.073559670781893,
        "f1-score": 0.09429607649192219,
        "support": 1944.0
    },
    "15": {
        "precision": 0.08779931584948689,
        "recall": 0.07921810699588477,
        "f1-score": 0.08328826392644673,
        "support": 1944.0
    },
    "16": {
        "precision": 0.14732888146911519,
        "recall": 0.1815843621399177,
        "f1-score": 0.16267281105990783,
        "support": 1944.0
    },
    "17": {
        "precision": 0.0,
        "recall": 0.0,
        "f1-score": 0.0,
        "support": 1944.0
    },
    "18": {
        "precision": 0.11233034940802772,
        "recall": 0.2001028806584362,
        "f1-score": 0.14388755317181431,
        "support": 1944.0
    },
    "micro avg": {
        "precision": 0.20158403777320844,
        "recall": 0.15129172382258801,
        "f1-score": 0.17285401769680347,
        "support": 17496.0
    },
    "macro avg": {
        "precision": 0.26414044606827347,
        "recall": 0.15129172382258801,
        "f1-score": 0.1720627911290821,
        "support": 17496.0
    },
    "weighted avg": {
        "precision": 0.2641404460682734,
        "recall": 0.15129172382258801,
        "f1-score": 0.17206279112908213,
        "support": 17496.0
    },
    "accuracy": 0.15129172382258801
}