{
    "10": {
        "precision": 0.16506477225240285,
        "recall": 0.20318930041152264,
        "f1-score": 0.18215356237030206,
        "support": 1944.0
    },
    "11": {
        "precision": 0.3209169054441261,
        "recall": 0.05761316872427984,
        "f1-score": 0.09768861753161796,
        "support": 1944.0
    },
    "12": {
        "precision": 0.8306122448979592,
        "recall": 0.20936213991769548,
        "f1-score": 0.33442892358258014,
        "support": 1944.0
    },
    "13": {
        "precision": 0.2841068917018284,
        "recall": 0.10390946502057613,
        "f1-score": 0.15216572504708098,
        "support": 1944.0
    },
    "14": {
        "precision": 0.08831521739130435,
        "recall": 0.0668724279835391,
        "f1-score": 0.07611241217798595,
        "support": 1944.0
    },
    "15": {
        "precision": 0.08056042031523643,
        "recall": 0.07098765432098765,
        "f1-score": 0.07547169811320754,
        "support": 1944.0
    },
    "16": {
        "precision": 0.10407461953853707,
        "recall": 0.10905349794238683,
        "f1-score": 0.10650590303943733,
        "support": 1944.0
    },
    "17": {
        "precision": 0.2588970388481391,
        "recall": 0.49022633744855965,
        "f1-score": 0.33884444444444445,
        "support": 1944.0
    },
    "18": {
        "precision": 0.4939914163090129,
        "recall": 0.5920781893004116,
        "f1-score": 0.5386055217594758,
        "support": 1944.0
    },
    "micro avg": {
        "precision": 0.24380600948866632,
        "recall": 0.21147690900777322,
        "f1-score": 0.22649363369245837,
        "support": 17496.0
    },
    "macro avg": {
        "precision": 0.29183772518872736,
        "recall": 0.21147690900777322,
        "f1-score": 0.21133075645179247,
        "support": 17496.0
    },
    "weighted avg": {
        "precision": 0.29183772518872736,
        "recall": 0.21147690900777322,
        "f1-score": 0.21133075645179245,
        "support": 17496.0
    },
    "accuracy": 0.21147690900777322
}