{
    "1": {
        "precision": 1.0,
        "recall": 1.0,
        "f1-score": 1.0,
        "support": 81.0
    },
    "2": {
        "precision": 1.0,
        "recall": 1.0,
        "f1-score": 1.0,
        "support": 81.0
    },
    "3": {
        "precision": 1.0,
        "recall": 1.0,
        "f1-score": 1.0,
        "support": 81.0
    },
    "4": {
        "precision": 0.9876543209876543,
        "recall": 0.9876543209876543,
        "f1-score": 0.9876543209876543,
        "support": 81.0
    },
    "5": {
        "precision": 0.8681318681318682,
        "recall": 0.9753086419753086,
        "f1-score": 0.9186046511627907,
        "support": 81.0
    },
    "6": {
        "precision": 0.7469879518072289,
        "recall": 0.7654320987654321,
        "f1-score": 0.7560975609756098,
        "support": 81.0
    },
    "7": {
        "precision": 0.6206896551724138,
        "recall": 0.6666666666666666,
        "f1-score": 0.6428571428571429,
        "support": 81.0
    },
    "8": {
        "precision": 0.6190476190476191,
        "recall": 0.6419753086419753,
        "f1-score": 0.6303030303030303,
        "support": 81.0
    },
    "9": {
        "precision": 0.9333333333333333,
        "recall": 0.691358024691358,
        "f1-score": 0.7943262411347518,
        "support": 81.0
    },
    "accuracy": 0.8587105624142661,
    "macro avg": {
        "precision": 0.8639827498311242,
        "recall": 0.8587105624142661,
        "f1-score": 0.8588714386023311,
        "support": 729.0
    },
    "weighted avg": {
        "precision": 0.8639827498311241,
        "recall": 0.8587105624142661,
        "f1-score": 0.8588714386023311,
        "support": 729.0
    }
}