{
    "1": {
        "precision": 1.0,
        "recall": 0.9506172839506173,
        "f1-score": 0.9746835443037974,
        "support": 81.0
    },
    "2": {
        "precision": 1.0,
        "recall": 1.0,
        "f1-score": 1.0,
        "support": 81.0
    },
    "3": {
        "precision": 1.0,
        "recall": 1.0,
        "f1-score": 1.0,
        "support": 81.0
    },
    "4": {
        "precision": 1.0,
        "recall": 1.0,
        "f1-score": 1.0,
        "support": 81.0
    },
    "5": {
        "precision": 0.9759036144578314,
        "recall": 1.0,
        "f1-score": 0.9878048780487805,
        "support": 81.0
    },
    "6": {
        "precision": 0.8494623655913979,
        "recall": 0.9753086419753086,
        "f1-score": 0.9080459770114943,
        "support": 81.0
    },
    "7": {
        "precision": 0.873015873015873,
        "recall": 0.6790123456790124,
        "f1-score": 0.7638888888888888,
        "support": 81.0
    },
    "8": {
        "precision": 0.8674698795180723,
        "recall": 0.8888888888888888,
        "f1-score": 0.8780487804878049,
        "support": 81.0
    },
    "9": {
        "precision": 1.0,
        "recall": 0.8641975308641975,
        "f1-score": 0.9271523178807947,
        "support": 81.0
    },
    "micro avg": {
        "precision": 0.9508426966292135,
        "recall": 0.9286694101508917,
        "f1-score": 0.9396252602359473,
        "support": 729.0
    },
    "macro avg": {
        "precision": 0.9517613036203527,
        "recall": 0.9286694101508915,
        "f1-score": 0.9377360429579511,
        "support": 729.0
    },
    "weighted avg": {
        "precision": 0.9517613036203528,
        "recall": 0.9286694101508917,
        "f1-score": 0.9377360429579512,
        "support": 729.0
    },
    "accuracy": 0.9286694101508917
}