{
    "1": {
        "precision": 1.0,
        "recall": 0.9996421542315262,
        "f1-score": 0.9998210450966356,
        "support": 5589.0
    },
    "2": {
        "precision": 0.9996422822393132,
        "recall": 1.0,
        "f1-score": 0.9998211091234347,
        "support": 5589.0
    },
    "3": {
        "precision": 1.0,
        "recall": 1.0,
        "f1-score": 1.0,
        "support": 5589.0
    },
    "4": {
        "precision": 1.0,
        "recall": 0.9998210771157631,
        "f1-score": 0.9999105305538158,
        "support": 5589.0
    },
    "5": {
        "precision": 0.9969669937555754,
        "recall": 0.9998210771157631,
        "f1-score": 0.9983919957119886,
        "support": 5589.0
    },
    "6": {
        "precision": 0.9719169719169719,
        "recall": 0.9969583109679728,
        "f1-score": 0.984278396043102,
        "support": 5589.0
    },
    "7": {
        "precision": 0.9474511173184358,
        "recall": 0.9710144927536232,
        "f1-score": 0.9590880975523549,
        "support": 5589.0
    },
    "8": {
        "precision": 0.9223656664340544,
        "recall": 0.9459652889604581,
        "f1-score": 0.9340164296440244,
        "support": 5589.0
    },
    "9": {
        "precision": 0.9996114996114996,
        "recall": 0.920737162283056,
        "f1-score": 0.9585545310608178,
        "support": 5589.0
    },
    "accuracy": 0.9815510626031292,
    "macro avg": {
        "precision": 0.9819949479195391,
        "recall": 0.9815510626031292,
        "f1-score": 0.9815424594206861,
        "support": 50301.0
    },
    "weighted avg": {
        "precision": 0.981994947919539,
        "recall": 0.9815510626031292,
        "f1-score": 0.9815424594206861,
        "support": 50301.0
    }
}