{
    "1": {
        "precision": 1.0,
        "recall": 1.0,
        "f1-score": 1.0,
        "support": 81.0
    },
    "2": {
        "precision": 1.0,
        "recall": 0.8148148148148148,
        "f1-score": 0.8979591836734694,
        "support": 81.0
    },
    "3": {
        "precision": 0.7611940298507462,
        "recall": 0.6296296296296297,
        "f1-score": 0.6891891891891891,
        "support": 81.0
    },
    "4": {
        "precision": 0.48,
        "recall": 0.2962962962962963,
        "f1-score": 0.366412213740458,
        "support": 81.0
    },
    "5": {
        "precision": 0.41509433962264153,
        "recall": 0.5432098765432098,
        "f1-score": 0.47058823529411764,
        "support": 81.0
    },
    "6": {
        "precision": 0.4222222222222222,
        "recall": 0.2345679012345679,
        "f1-score": 0.30158730158730157,
        "support": 81.0
    },
    "7": {
        "precision": 0.31868131868131866,
        "recall": 0.35802469135802467,
        "f1-score": 0.3372093023255814,
        "support": 81.0
    },
    "8": {
        "precision": 0.3902439024390244,
        "recall": 0.3950617283950617,
        "f1-score": 0.39263803680981596,
        "support": 81.0
    },
    "9": {
        "precision": 0.30434782608695654,
        "recall": 0.1728395061728395,
        "f1-score": 0.2204724409448819,
        "support": 81.0
    },
    "micro avg": {
        "precision": 0.5678233438485805,
        "recall": 0.49382716049382713,
        "f1-score": 0.5282465150403521,
        "support": 729.0
    },
    "macro avg": {
        "precision": 0.5657537376558788,
        "recall": 0.4938271604938272,
        "f1-score": 0.5195617670627573,
        "support": 729.0
    },
    "weighted avg": {
        "precision": 0.5657537376558789,
        "recall": 0.49382716049382713,
        "f1-score": 0.5195617670627573,
        "support": 729.0
    },
    "accuracy": 0.49382716049382713
}