{
    "10": {
        "precision": 0.49624060150375937,
        "recall": 0.8148148148148148,
        "f1-score": 0.616822429906542,
        "support": 81.0
    },
    "11": {
        "precision": 0.0,
        "recall": 0.0,
        "f1-score": 0.0,
        "support": 81.0
    },
    "12": {
        "precision": 0.3898305084745763,
        "recall": 0.2839506172839506,
        "f1-score": 0.32857142857142857,
        "support": 81.0
    },
    "13": {
        "precision": 0.4,
        "recall": 0.6172839506172839,
        "f1-score": 0.4854368932038835,
        "support": 81.0
    },
    "14": {
        "precision": 0.0,
        "recall": 0.0,
        "f1-score": 0.0,
        "support": 81.0
    },
    "15": {
        "precision": 0.28859060402684567,
        "recall": 0.5308641975308642,
        "f1-score": 0.3739130434782609,
        "support": 81.0
    },
    "16": {
        "precision": 0.5,
        "recall": 0.04938271604938271,
        "f1-score": 0.0898876404494382,
        "support": 81.0
    },
    "17": {
        "precision": 0.28846153846153844,
        "recall": 0.18518518518518517,
        "f1-score": 0.22556390977443608,
        "support": 81.0
    },
    "18": {
        "precision": 0.3,
        "recall": 0.037037037037037035,
        "f1-score": 0.06593406593406594,
        "support": 81.0
    },
    "micro avg": {
        "precision": 0.37988826815642457,
        "recall": 0.27983539094650206,
        "f1-score": 0.3222748815165877,
        "support": 729.0
    },
    "macro avg": {
        "precision": 0.2959025836074132,
        "recall": 0.2798353909465021,
        "f1-score": 0.24290326792422834,
        "support": 729.0
    },
    "weighted avg": {
        "precision": 0.29590258360741334,
        "recall": 0.27983539094650206,
        "f1-score": 0.24290326792422834,
        "support": 729.0
    },
    "accuracy": 0.27983539094650206
}