{
    "1": {
        "precision": 1.0,
        "recall": 1.0,
        "f1-score": 1.0,
        "support": 81.0
    },
    "2": {
        "precision": 0.9878048780487805,
        "recall": 1.0,
        "f1-score": 0.9938650306748467,
        "support": 81.0
    },
    "3": {
        "precision": 0.9080459770114943,
        "recall": 0.9753086419753086,
        "f1-score": 0.9404761904761905,
        "support": 81.0
    },
    "4": {
        "precision": 0.5177304964539007,
        "recall": 0.9012345679012346,
        "f1-score": 0.6576576576576577,
        "support": 81.0
    },
    "5": {
        "precision": 0.1827956989247312,
        "recall": 0.20987654320987653,
        "f1-score": 0.19540229885057472,
        "support": 81.0
    },
    "6": {
        "precision": 0.09821428571428571,
        "recall": 0.13580246913580246,
        "f1-score": 0.11398963730569948,
        "support": 81.0
    },
    "7": {
        "precision": 0.010526315789473684,
        "recall": 0.012345679012345678,
        "f1-score": 0.011363636363636364,
        "support": 81.0
    },
    "8": {
        "precision": 0.0,
        "recall": 0.0,
        "f1-score": 0.0,
        "support": 81.0
    },
    "9": {
        "precision": 0.0,
        "recall": 0.0,
        "f1-score": 0.0,
        "support": 81.0
    },
    "accuracy": 0.47050754458161864,
    "macro avg": {
        "precision": 0.41167973910474065,
        "recall": 0.4705075445816187,
        "f1-score": 0.43475049459206727,
        "support": 729.0
    },
    "weighted avg": {
        "precision": 0.41167973910474065,
        "recall": 0.47050754458161864,
        "f1-score": 0.43475049459206727,
        "support": 729.0
    }
}