{
    "1": {
        "precision": 1.0,
        "recall": 1.0,
        "f1-score": 1.0,
        "support": 81.0
    },
    "2": {
        "precision": 1.0,
        "recall": 1.0,
        "f1-score": 1.0,
        "support": 81.0
    },
    "3": {
        "precision": 1.0,
        "recall": 1.0,
        "f1-score": 1.0,
        "support": 81.0
    },
    "4": {
        "precision": 1.0,
        "recall": 1.0,
        "f1-score": 1.0,
        "support": 81.0
    },
    "5": {
        "precision": 1.0,
        "recall": 0.9629629629629629,
        "f1-score": 0.9811320754716981,
        "support": 81.0
    },
    "6": {
        "precision": 0.963855421686747,
        "recall": 0.9876543209876543,
        "f1-score": 0.975609756097561,
        "support": 81.0
    },
    "7": {
        "precision": 0.9866666666666667,
        "recall": 0.9135802469135802,
        "f1-score": 0.9487179487179487,
        "support": 81.0
    },
    "8": {
        "precision": 0.9204545454545454,
        "recall": 1.0,
        "f1-score": 0.9585798816568047,
        "support": 81.0
    },
    "9": {
        "precision": 1.0,
        "recall": 1.0,
        "f1-score": 1.0,
        "support": 81.0
    },
    "accuracy": 0.9849108367626886,
    "macro avg": {
        "precision": 0.9856640704231067,
        "recall": 0.9849108367626886,
        "f1-score": 0.9848932957715569,
        "support": 729.0
    },
    "weighted avg": {
        "precision": 0.9856640704231064,
        "recall": 0.9849108367626886,
        "f1-score": 0.984893295771557,
        "support": 729.0
    }
}