{
    "1": {
        "precision": 1.0,
        "recall": 0.9382716049382716,
        "f1-score": 0.9681528662420382,
        "support": 81.0
    },
    "2": {
        "precision": 1.0,
        "recall": 1.0,
        "f1-score": 1.0,
        "support": 81.0
    },
    "3": {
        "precision": 1.0,
        "recall": 1.0,
        "f1-score": 1.0,
        "support": 81.0
    },
    "4": {
        "precision": 1.0,
        "recall": 1.0,
        "f1-score": 1.0,
        "support": 81.0
    },
    "5": {
        "precision": 1.0,
        "recall": 1.0,
        "f1-score": 1.0,
        "support": 81.0
    },
    "6": {
        "precision": 1.0,
        "recall": 1.0,
        "f1-score": 1.0,
        "support": 81.0
    },
    "7": {
        "precision": 1.0,
        "recall": 1.0,
        "f1-score": 1.0,
        "support": 81.0
    },
    "8": {
        "precision": 1.0,
        "recall": 1.0,
        "f1-score": 1.0,
        "support": 81.0
    },
    "9": {
        "precision": 1.0,
        "recall": 1.0,
        "f1-score": 1.0,
        "support": 81.0
    },
    "micro avg": {
        "precision": 1.0,
        "recall": 0.9931412894375857,
        "f1-score": 0.9965588437715073,
        "support": 729.0
    },
    "macro avg": {
        "precision": 1.0,
        "recall": 0.9931412894375858,
        "f1-score": 0.9964614295824487,
        "support": 729.0
    },
    "weighted avg": {
        "precision": 1.0,
        "recall": 0.9931412894375857,
        "f1-score": 0.9964614295824488,
        "support": 729.0
    },
    "accuracy": 0.9931412894375857
}