{
    "10": {
        "precision": 0.31683168316831684,
        "recall": 0.3950617283950617,
        "f1-score": 0.3516483516483517,
        "support": 81.0
    },
    "11": {
        "precision": 0.5,
        "recall": 0.012345679012345678,
        "f1-score": 0.024096385542168676,
        "support": 81.0
    },
    "12": {
        "precision": 0.7282608695652174,
        "recall": 0.8271604938271605,
        "f1-score": 0.7745664739884393,
        "support": 81.0
    },
    "13": {
        "precision": 0.5,
        "recall": 0.12345679012345678,
        "f1-score": 0.19801980198019803,
        "support": 81.0
    },
    "14": {
        "precision": 0.061224489795918366,
        "recall": 0.037037037037037035,
        "f1-score": 0.046153846153846156,
        "support": 81.0
    },
    "15": {
        "precision": 0.12087912087912088,
        "recall": 0.13580246913580246,
        "f1-score": 0.12790697674418605,
        "support": 81.0
    },
    "16": {
        "precision": 0.36199095022624433,
        "recall": 0.9876543209876543,
        "f1-score": 0.5298013245033113,
        "support": 81.0
    },
    "17": {
        "precision": 0.75,
        "recall": 0.14814814814814814,
        "f1-score": 0.24742268041237114,
        "support": 81.0
    },
    "18": {
        "precision": 0.6666666666666666,
        "recall": 0.04938271604938271,
        "f1-score": 0.09195402298850575,
        "support": 81.0
    },
    "micro avg": {
        "precision": 0.36789297658862874,
        "recall": 0.3017832647462277,
        "f1-score": 0.3315749811605124,
        "support": 729.0
    },
    "macro avg": {
        "precision": 0.4450948644779428,
        "recall": 0.30178326474622774,
        "f1-score": 0.26572998488459754,
        "support": 729.0
    },
    "weighted avg": {
        "precision": 0.4450948644779427,
        "recall": 0.3017832647462277,
        "f1-score": 0.26572998488459754,
        "support": 729.0
    },
    "accuracy": 0.3017832647462277
}