{
    "1": {
        "precision": 1.0,
        "recall": 1.0,
        "f1-score": 1.0,
        "support": 81.0
    },
    "2": {
        "precision": 1.0,
        "recall": 1.0,
        "f1-score": 1.0,
        "support": 81.0
    },
    "3": {
        "precision": 0.9397590361445783,
        "recall": 0.9629629629629629,
        "f1-score": 0.9512195121951219,
        "support": 81.0
    },
    "4": {
        "precision": 0.847457627118644,
        "recall": 0.6172839506172839,
        "f1-score": 0.7142857142857143,
        "support": 81.0
    },
    "5": {
        "precision": 0.5714285714285714,
        "recall": 0.691358024691358,
        "f1-score": 0.6256983240223464,
        "support": 81.0
    },
    "6": {
        "precision": 0.5280898876404494,
        "recall": 0.5802469135802469,
        "f1-score": 0.5529411764705883,
        "support": 81.0
    },
    "7": {
        "precision": 0.46153846153846156,
        "recall": 0.4444444444444444,
        "f1-score": 0.4528301886792453,
        "support": 81.0
    },
    "8": {
        "precision": 0.44036697247706424,
        "recall": 0.5925925925925926,
        "f1-score": 0.5052631578947369,
        "support": 81.0
    },
    "9": {
        "precision": 0.75,
        "recall": 0.37037037037037035,
        "f1-score": 0.49586776859504134,
        "support": 81.0
    },
    "micro avg": {
        "precision": 0.7061281337047354,
        "recall": 0.6954732510288066,
        "f1-score": 0.7007601935038009,
        "support": 729.0
    },
    "macro avg": {
        "precision": 0.7265156173719743,
        "recall": 0.6954732510288065,
        "f1-score": 0.6997895380158661,
        "support": 729.0
    },
    "weighted avg": {
        "precision": 0.7265156173719742,
        "recall": 0.6954732510288066,
        "f1-score": 0.699789538015866,
        "support": 729.0
    },
    "accuracy": 0.6954732510288066
}