{
    "1": {
        "precision": 1.0,
        "recall": 0.9656468062265163,
        "f1-score": 0.9825232113599126,
        "support": 5589.0
    },
    "2": {
        "precision": 0.9659340659340659,
        "recall": 0.9436392914653784,
        "f1-score": 0.9546565300027152,
        "support": 5589.0
    },
    "3": {
        "precision": 0.9413632119514472,
        "recall": 0.9019502594381822,
        "f1-score": 0.921235380116959,
        "support": 5589.0
    },
    "4": {
        "precision": 0.8901160614002246,
        "recall": 0.8507783145464305,
        "f1-score": 0.870002744488153,
        "support": 5589.0
    },
    "5": {
        "precision": 0.8303824362606232,
        "recall": 0.8391483270710324,
        "f1-score": 0.8347423689596868,
        "support": 5589.0
    },
    "6": {
        "precision": 0.8028718312355966,
        "recall": 0.8103417427088925,
        "f1-score": 0.8065894924309884,
        "support": 5589.0
    },
    "7": {
        "precision": 0.7162806539509536,
        "recall": 0.3762748255501879,
        "f1-score": 0.4933724340175953,
        "support": 5589.0
    },
    "8": {
        "precision": 0.488086537055986,
        "recall": 0.5974235104669887,
        "f1-score": 0.5372485921158487,
        "support": 5589.0
    },
    "9": {
        "precision": 0.5776096235933256,
        "recall": 0.5326534263732331,
        "f1-score": 0.5542213534394489,
        "support": 5589.0
    },
    "micro avg": {
        "precision": 0.7976095784317829,
        "recall": 0.757539611538538,
        "f1-score": 0.7770583736936019,
        "support": 50301.0
    },
    "macro avg": {
        "precision": 0.8014049357091358,
        "recall": 0.757539611538538,
        "f1-score": 0.7727324563257009,
        "support": 50301.0
    },
    "weighted avg": {
        "precision": 0.801404935709136,
        "recall": 0.757539611538538,
        "f1-score": 0.772732456325701,
        "support": 50301.0
    },
    "accuracy": 0.757539611538538
}