{
    "1": {
        "precision": 1.0,
        "recall": 0.9012345679012346,
        "f1-score": 0.948051948051948,
        "support": 81.0
    },
    "2": {
        "precision": 0.9058823529411765,
        "recall": 0.9506172839506173,
        "f1-score": 0.927710843373494,
        "support": 81.0
    },
    "3": {
        "precision": 0.9736842105263158,
        "recall": 0.9135802469135802,
        "f1-score": 0.9426751592356688,
        "support": 81.0
    },
    "4": {
        "precision": 0.9024390243902439,
        "recall": 0.9135802469135802,
        "f1-score": 0.9079754601226994,
        "support": 81.0
    },
    "5": {
        "precision": 0.8837209302325582,
        "recall": 0.9382716049382716,
        "f1-score": 0.9101796407185628,
        "support": 81.0
    },
    "6": {
        "precision": 0.8387096774193549,
        "recall": 0.9629629629629629,
        "f1-score": 0.896551724137931,
        "support": 81.0
    },
    "7": {
        "precision": 1.0,
        "recall": 0.6049382716049383,
        "f1-score": 0.7538461538461538,
        "support": 81.0
    },
    "8": {
        "precision": 0.6608695652173913,
        "recall": 0.9382716049382716,
        "f1-score": 0.7755102040816326,
        "support": 81.0
    },
    "9": {
        "precision": 0.921875,
        "recall": 0.7283950617283951,
        "f1-score": 0.8137931034482758,
        "support": 81.0
    },
    "micro avg": {
        "precision": 0.8796680497925311,
        "recall": 0.8724279835390947,
        "f1-score": 0.8760330578512396,
        "support": 729.0
    },
    "macro avg": {
        "precision": 0.8985756400807823,
        "recall": 0.8724279835390947,
        "f1-score": 0.8751438041129297,
        "support": 729.0
    },
    "weighted avg": {
        "precision": 0.8985756400807822,
        "recall": 0.8724279835390947,
        "f1-score": 0.8751438041129296,
        "support": 729.0
    },
    "accuracy": 0.8724279835390947
}