{
    "1": {
        "precision": 1.0,
        "recall": 1.0,
        "f1-score": 1.0,
        "support": 81.0
    },
    "2": {
        "precision": 1.0,
        "recall": 1.0,
        "f1-score": 1.0,
        "support": 81.0
    },
    "3": {
        "precision": 0.9878048780487805,
        "recall": 1.0,
        "f1-score": 0.9938650306748467,
        "support": 81.0
    },
    "4": {
        "precision": 0.9629629629629629,
        "recall": 0.9629629629629629,
        "f1-score": 0.9629629629629629,
        "support": 81.0
    },
    "5": {
        "precision": 0.8387096774193549,
        "recall": 0.9629629629629629,
        "f1-score": 0.896551724137931,
        "support": 81.0
    },
    "6": {
        "precision": 0.8243243243243243,
        "recall": 0.7530864197530864,
        "f1-score": 0.7870967741935484,
        "support": 81.0
    },
    "7": {
        "precision": 0.7794117647058824,
        "recall": 0.654320987654321,
        "f1-score": 0.7114093959731543,
        "support": 81.0
    },
    "8": {
        "precision": 0.6923076923076923,
        "recall": 0.6666666666666666,
        "f1-score": 0.6792452830188679,
        "support": 81.0
    },
    "9": {
        "precision": 0.6976744186046512,
        "recall": 0.37037037037037035,
        "f1-score": 0.4838709677419355,
        "support": 81.0
    },
    "micro avg": {
        "precision": 0.8766519823788547,
        "recall": 0.8189300411522634,
        "f1-score": 0.8468085106382979,
        "support": 729.0
    },
    "macro avg": {
        "precision": 0.8647995242637387,
        "recall": 0.8189300411522633,
        "f1-score": 0.8350002376336941,
        "support": 729.0
    },
    "weighted avg": {
        "precision": 0.8647995242637387,
        "recall": 0.8189300411522634,
        "f1-score": 0.8350002376336941,
        "support": 729.0
    },
    "accuracy": 0.8189300411522634
}