{
    "1": {
        "precision": 1.0,
        "recall": 1.0,
        "f1-score": 1.0,
        "support": 5589.0
    },
    "2": {
        "precision": 1.0,
        "recall": 1.0,
        "f1-score": 1.0,
        "support": 5589.0
    },
    "3": {
        "precision": 1.0,
        "recall": 1.0,
        "f1-score": 1.0,
        "support": 5589.0
    },
    "4": {
        "precision": 1.0,
        "recall": 1.0,
        "f1-score": 1.0,
        "support": 5589.0
    },
    "5": {
        "precision": 0.9966119828815977,
        "recall": 1.0,
        "f1-score": 0.9983031169063142,
        "support": 5589.0
    },
    "6": {
        "precision": 0.9693699965193178,
        "recall": 0.996600465199499,
        "f1-score": 0.9827966475518306,
        "support": 5589.0
    },
    "7": {
        "precision": 0.9555163283318623,
        "recall": 0.9685095723743067,
        "f1-score": 0.961969077661276,
        "support": 5589.0
    },
    "8": {
        "precision": 0.9151089007031384,
        "recall": 0.9547325102880658,
        "f1-score": 0.9345008756567426,
        "support": 5589.0
    },
    "9": {
        "precision": 0.9998037291462217,
        "recall": 0.9114331723027376,
        "f1-score": 0.953575439910146,
        "support": 5589.0
    },
    "accuracy": 0.9812528577960676,
    "macro avg": {
        "precision": 0.9818234375091266,
        "recall": 0.9812528577960676,
        "f1-score": 0.9812383508540344,
        "support": 50301.0
    },
    "weighted avg": {
        "precision": 0.9818234375091264,
        "recall": 0.9812528577960676,
        "f1-score": 0.9812383508540344,
        "support": 50301.0
    }
}