{
    "10": {
        "precision": 0.9058823529411765,
        "recall": 0.9506172839506173,
        "f1-score": 0.927710843373494,
        "support": 81.0
    },
    "11": {
        "precision": 0.9605263157894737,
        "recall": 0.9012345679012346,
        "f1-score": 0.9299363057324841,
        "support": 81.0
    },
    "12": {
        "precision": 0.7222222222222222,
        "recall": 0.9629629629629629,
        "f1-score": 0.8253968253968254,
        "support": 81.0
    },
    "13": {
        "precision": 0.5346534653465347,
        "recall": 0.6666666666666666,
        "f1-score": 0.5934065934065934,
        "support": 81.0
    },
    "14": {
        "precision": 0.35294117647058826,
        "recall": 0.4444444444444444,
        "f1-score": 0.39344262295081966,
        "support": 81.0
    },
    "15": {
        "precision": 0.6415094339622641,
        "recall": 0.41975308641975306,
        "f1-score": 0.5074626865671642,
        "support": 81.0
    },
    "16": {
        "precision": 0.6714285714285714,
        "recall": 0.5802469135802469,
        "f1-score": 0.6225165562913907,
        "support": 81.0
    },
    "17": {
        "precision": 0.8888888888888888,
        "recall": 0.5925925925925926,
        "f1-score": 0.7111111111111111,
        "support": 81.0
    },
    "18": {
        "precision": 0.9019607843137255,
        "recall": 0.5679012345679012,
        "f1-score": 0.696969696969697,
        "support": 81.0
    },
    "micro avg": {
        "precision": 0.7042857142857143,
        "recall": 0.6762688614540466,
        "f1-score": 0.6899930020993702,
        "support": 729.0
    },
    "macro avg": {
        "precision": 0.7311125790403827,
        "recall": 0.6762688614540466,
        "f1-score": 0.6897725824221754,
        "support": 729.0
    },
    "weighted avg": {
        "precision": 0.7311125790403826,
        "recall": 0.6762688614540466,
        "f1-score": 0.6897725824221754,
        "support": 729.0
    },
    "accuracy": 0.6762688614540466
}