{
    "1": {
        "precision": 0.9992848203111032,
        "recall": 1.0,
        "f1-score": 0.9996422822393132,
        "support": 5589.0
    },
    "2": {
        "precision": 0.9994631352899069,
        "recall": 0.9992843084630524,
        "f1-score": 0.9993737138767111,
        "support": 5589.0
    },
    "3": {
        "precision": 0.9998209810239885,
        "recall": 0.9992843084630524,
        "f1-score": 0.9995525727069351,
        "support": 5589.0
    },
    "4": {
        "precision": 0.9996422182468694,
        "recall": 0.9998210771157631,
        "f1-score": 0.9997316396815458,
        "support": 5589.0
    },
    "5": {
        "precision": 0.9989274222381123,
        "recall": 0.9998210771157631,
        "f1-score": 0.9993740498971654,
        "support": 5589.0
    },
    "6": {
        "precision": 0.9992839240959541,
        "recall": 0.9987475398103417,
        "f1-score": 0.9990156599552573,
        "support": 5589.0
    },
    "7": {
        "precision": 0.9987484355444305,
        "recall": 0.9994632313472893,
        "f1-score": 0.9991057055982829,
        "support": 5589.0
    },
    "8": {
        "precision": 0.9948315808233826,
        "recall": 0.9987475398103417,
        "f1-score": 0.9967857142857143,
        "support": 5589.0
    },
    "9": {
        "precision": 1.0,
        "recall": 0.9948112363571301,
        "f1-score": 0.9973988698537986,
        "support": 5589.0
    },
    "accuracy": 0.998886702053637,
    "macro avg": {
        "precision": 0.9988891686193053,
        "recall": 0.9988867020536372,
        "f1-score": 0.9988866897883025,
        "support": 50301.0
    },
    "weighted avg": {
        "precision": 0.9988891686193052,
        "recall": 0.998886702053637,
        "f1-score": 0.9988866897883028,
        "support": 50301.0
    }
}