{
    "1": {
        "precision": 1.0,
        "recall": 0.9992843084630524,
        "f1-score": 0.9996420261320924,
        "support": 5589.0
    },
    "2": {
        "precision": 0.9996415770609319,
        "recall": 0.9980318482733942,
        "f1-score": 0.9988360641060077,
        "support": 5589.0
    },
    "3": {
        "precision": 0.9971428571428571,
        "recall": 0.9991053855788156,
        "f1-score": 0.9981231566717311,
        "support": 5589.0
    },
    "4": {
        "precision": 0.9967747715463179,
        "recall": 0.9953480050098408,
        "f1-score": 0.9960608773500448,
        "support": 5589.0
    },
    "5": {
        "precision": 0.9799182512884308,
        "recall": 0.986580783682233,
        "f1-score": 0.9832382310984308,
        "support": 5589.0
    },
    "6": {
        "precision": 0.9395613883612502,
        "recall": 0.9735194131329397,
        "f1-score": 0.9562390158172231,
        "support": 5589.0
    },
    "7": {
        "precision": 0.9380369219521111,
        "recall": 0.9182322419037395,
        "f1-score": 0.9280289330922242,
        "support": 5589.0
    },
    "8": {
        "precision": 0.8787673552319675,
        "recall": 0.9286097691894794,
        "f1-score": 0.9030013049151805,
        "support": 5589.0
    },
    "9": {
        "precision": 0.9775019394879751,
        "recall": 0.9017713365539453,
        "f1-score": 0.9381107491856677,
        "support": 5589.0
    },
    "micro avg": {
        "precision": 0.9667972244865499,
        "recall": 0.9667203435319377,
        "f1-score": 0.9667587824807651,
        "support": 50301.0
    },
    "macro avg": {
        "precision": 0.9674827846746492,
        "recall": 0.9667203435319378,
        "f1-score": 0.9668089287076226,
        "support": 50301.0
    },
    "weighted avg": {
        "precision": 0.967482784674649,
        "recall": 0.9667203435319377,
        "f1-score": 0.9668089287076225,
        "support": 50301.0
    },
    "accuracy": 0.9667203435319377
}