{
    "1": {
        "precision": 1.0,
        "recall": 0.9989711934156379,
        "f1-score": 0.9994853319608852,
        "support": 1944.0
    },
    "2": {
        "precision": 0.9953917050691244,
        "recall": 1.0,
        "f1-score": 0.9976905311778291,
        "support": 1944.0
    },
    "3": {
        "precision": 0.9837150127226463,
        "recall": 0.9943415637860082,
        "f1-score": 0.9889997441800972,
        "support": 1944.0
    },
    "4": {
        "precision": 0.9555555555555556,
        "recall": 0.9511316872427984,
        "f1-score": 0.9533384893013663,
        "support": 1944.0
    },
    "5": {
        "precision": 0.8653081510934394,
        "recall": 0.8955761316872428,
        "f1-score": 0.8801820020222447,
        "support": 1944.0
    },
    "6": {
        "precision": 0.8232530827950675,
        "recall": 0.7211934156378601,
        "f1-score": 0.7688511105017823,
        "support": 1944.0
    },
    "7": {
        "precision": 0.7093469910371318,
        "recall": 0.5699588477366255,
        "f1-score": 0.6320593268682259,
        "support": 1944.0
    },
    "8": {
        "precision": 0.592375366568915,
        "recall": 0.5195473251028807,
        "f1-score": 0.5535763222800767,
        "support": 1944.0
    },
    "9": {
        "precision": 0.6572614107883817,
        "recall": 0.4074074074074074,
        "f1-score": 0.5030168307399174,
        "support": 1944.0
    },
    "micro avg": {
        "precision": 0.8585283443874359,
        "recall": 0.7842363968907179,
        "f1-score": 0.819702491188243,
        "support": 17496.0
    },
    "macro avg": {
        "precision": 0.8424674750700292,
        "recall": 0.784236396890718,
        "f1-score": 0.808577743225825,
        "support": 17496.0
    },
    "weighted avg": {
        "precision": 0.8424674750700291,
        "recall": 0.7842363968907179,
        "f1-score": 0.808577743225825,
        "support": 17496.0
    },
    "accuracy": 0.7842363968907179
}