{
    "1": {
        "precision": 1.0,
        "recall": 1.0,
        "f1-score": 1.0,
        "support": 81.0
    },
    "2": {
        "precision": 0.6477732793522267,
        "recall": 0.9876543209876543,
        "f1-score": 0.78239608801956,
        "support": 162.0
    },
    "3": {
        "precision": 0.40431266846361186,
        "recall": 0.6172839506172839,
        "f1-score": 0.48859934853420195,
        "support": 243.0
    },
    "4": {
        "precision": 0.2327790973871734,
        "recall": 0.30246913580246915,
        "f1-score": 0.26308724832214764,
        "support": 324.0
    },
    "5": {
        "precision": 0.14774774774774774,
        "recall": 0.20246913580246914,
        "f1-score": 0.17083333333333334,
        "support": 405.0
    },
    "6": {
        "precision": 0.04500978473581213,
        "recall": 0.047325102880658436,
        "f1-score": 0.04613841524573721,
        "support": 486.0
    },
    "7": {
        "precision": 0.11172413793103449,
        "recall": 0.14285714285714285,
        "f1-score": 0.12538699690402477,
        "support": 567.0
    },
    "8": {
        "precision": 0.006811989100817439,
        "recall": 0.007716049382716049,
        "f1-score": 0.00723589001447178,
        "support": 648.0
    },
    "9": {
        "precision": 0.0,
        "recall": 0.0,
        "f1-score": 0.0,
        "support": 729.0
    },
    "accuracy": 0.18655692729766804,
    "macro avg": {
        "precision": 0.28846207830204706,
        "recall": 0.36753053759226595,
        "f1-score": 0.3204085911526085,
        "support": 3645.0
    },
    "weighted avg": {
        "precision": 0.13966585064714165,
        "recall": 0.18655692729766804,
        "f1-score": 0.15887849936700787,
        "support": 3645.0
    }
}