{
    "1": {
        "precision": 1.0,
        "recall": 1.0,
        "f1-score": 1.0,
        "support": 1944.0
    },
    "2": {
        "precision": 1.0,
        "recall": 1.0,
        "f1-score": 1.0,
        "support": 1944.0
    },
    "3": {
        "precision": 1.0,
        "recall": 1.0,
        "f1-score": 1.0,
        "support": 1944.0
    },
    "4": {
        "precision": 1.0,
        "recall": 0.9994855967078189,
        "f1-score": 0.9997427321842037,
        "support": 1944.0
    },
    "5": {
        "precision": 0.9863013698630136,
        "recall": 1.0,
        "f1-score": 0.993103448275862,
        "support": 1944.0
    },
    "6": {
        "precision": 0.9779600205023065,
        "recall": 0.9814814814814815,
        "f1-score": 0.9797175866495507,
        "support": 1944.0
    },
    "7": {
        "precision": 0.9477422628107559,
        "recall": 0.9609053497942387,
        "f1-score": 0.9542784163473819,
        "support": 1944.0
    },
    "8": {
        "precision": 0.9524572649572649,
        "recall": 0.9171810699588477,
        "f1-score": 0.9344863731656184,
        "support": 1944.0
    },
    "9": {
        "precision": 0.9652351738241309,
        "recall": 0.9711934156378601,
        "f1-score": 0.9682051282051282,
        "support": 1944.0
    },
    "accuracy": 0.9811385459533608,
    "macro avg": {
        "precision": 0.9810773435508303,
        "recall": 0.9811385459533608,
        "f1-score": 0.9810592983141938,
        "support": 17496.0
    },
    "weighted avg": {
        "precision": 0.9810773435508302,
        "recall": 0.9811385459533608,
        "f1-score": 0.9810592983141939,
        "support": 17496.0
    }
}