{
    "red_squares": {
        "accuracy": 0.9725651577503429
    },
    "green_squares": {
        "accuracy": 0.9492455418381345
    },
    "blue_squares": {
        "accuracy": 0.9396433470507545
    },
    "magenta_squares": {
        "accuracy": 0.9382716049382716
    },
    "yellow_squares": {
        "accuracy": 0.9753086419753086
    },
    "cyan_squares": {
        "accuracy": 0.9780521262002744
    },
    "red_circles": {
        "accuracy": 0.9753086419753086
    },
    "green_circles": {
        "accuracy": 0.9835390946502057
    },
    "blue_circles": {
        "accuracy": 0.9876543209876543
    },
    "magenta_circles": {
        "accuracy": 0.9835390946502057
    },
    "yellow_circles": {
        "accuracy": 0.9821673525377229
    },
    "cyan_circles": {
        "accuracy": 0.9917695473251029
    },
    "red_triangles": {
        "accuracy": 0.9986282578875172
    },
    "green_triangles": {
        "accuracy": 0.9890260631001372
    },
    "blue_triangles": {
        "accuracy": 0.9849108367626886
    },
    "magenta_triangles": {
        "accuracy": 0.9643347050754458
    },
    "yellow_triangles": {
        "accuracy": 0.9972565157750343
    },
    "cyan_triangles": {
        "accuracy": 0.9945130315500685
    },
    "red_stars": {
        "accuracy": 0.9862825788751715
    },
    "green_stars": {
        "accuracy": 0.9931412894375857
    },
    "blue_stars": {
        "accuracy": 0.9958847736625515
    },
    "magenta_stars": {
        "accuracy": 0.9945130315500685
    },
    "yellow_stars": {
        "accuracy": 0.9958847736625515
    },
    "cyan_stars": {
        "accuracy": 0.9958847736625515
    }
}