{
    "1": {
        "precision": 1.0,
        "recall": 1.0,
        "f1-score": 1.0,
        "support": 81.0
    },
    "2": {
        "precision": 1.0,
        "recall": 0.9259259259259259,
        "f1-score": 0.9615384615384616,
        "support": 81.0
    },
    "3": {
        "precision": 0.9014084507042254,
        "recall": 0.7901234567901234,
        "f1-score": 0.8421052631578947,
        "support": 81.0
    },
    "4": {
        "precision": 0.7368421052631579,
        "recall": 0.5185185185185185,
        "f1-score": 0.6086956521739131,
        "support": 81.0
    },
    "5": {
        "precision": 0.5543478260869565,
        "recall": 0.6296296296296297,
        "f1-score": 0.5895953757225434,
        "support": 81.0
    },
    "6": {
        "precision": 0.5254237288135594,
        "recall": 0.38271604938271603,
        "f1-score": 0.44285714285714284,
        "support": 81.0
    },
    "7": {
        "precision": 0.4177215189873418,
        "recall": 0.4074074074074074,
        "f1-score": 0.4125,
        "support": 81.0
    },
    "8": {
        "precision": 0.4065934065934066,
        "recall": 0.4567901234567901,
        "f1-score": 0.43023255813953487,
        "support": 81.0
    },
    "9": {
        "precision": 0.2553191489361702,
        "recall": 0.14814814814814814,
        "f1-score": 0.1875,
        "support": 81.0
    },
    "micro avg": {
        "precision": 0.6533742331288344,
        "recall": 0.5843621399176955,
        "f1-score": 0.6169442433019551,
        "support": 729.0
    },
    "macro avg": {
        "precision": 0.644184020598313,
        "recall": 0.5843621399176954,
        "f1-score": 0.6083360503988323,
        "support": 729.0
    },
    "weighted avg": {
        "precision": 0.644184020598313,
        "recall": 0.5843621399176955,
        "f1-score": 0.6083360503988323,
        "support": 729.0
    },
    "accuracy": 0.5843621399176955
}