{
    "10": {
        "precision": 0.926829268292683,
        "recall": 0.9382716049382716,
        "f1-score": 0.9325153374233128,
        "support": 81.0
    },
    "11": {
        "precision": 0.9259259259259259,
        "recall": 0.9259259259259259,
        "f1-score": 0.9259259259259259,
        "support": 81.0
    },
    "12": {
        "precision": 0.7352941176470589,
        "recall": 0.9259259259259259,
        "f1-score": 0.819672131147541,
        "support": 81.0
    },
    "13": {
        "precision": 0.6060606060606061,
        "recall": 0.7407407407407407,
        "f1-score": 0.6666666666666666,
        "support": 81.0
    },
    "14": {
        "precision": 0.4574468085106383,
        "recall": 0.5308641975308642,
        "f1-score": 0.49142857142857144,
        "support": 81.0
    },
    "15": {
        "precision": 0.7407407407407407,
        "recall": 0.49382716049382713,
        "f1-score": 0.5925925925925926,
        "support": 81.0
    },
    "16": {
        "precision": 0.725,
        "recall": 0.7160493827160493,
        "f1-score": 0.7204968944099379,
        "support": 81.0
    },
    "17": {
        "precision": 0.8846153846153846,
        "recall": 0.5679012345679012,
        "f1-score": 0.6917293233082706,
        "support": 81.0
    },
    "18": {
        "precision": 0.7457627118644068,
        "recall": 0.5432098765432098,
        "f1-score": 0.6285714285714286,
        "support": 81.0
    },
    "micro avg": {
        "precision": 0.7354196301564723,
        "recall": 0.7091906721536351,
        "f1-score": 0.7220670391061452,
        "support": 729.0
    },
    "macro avg": {
        "precision": 0.7497417292952715,
        "recall": 0.7091906721536351,
        "f1-score": 0.7188443190526941,
        "support": 729.0
    },
    "weighted avg": {
        "precision": 0.7497417292952716,
        "recall": 0.7091906721536351,
        "f1-score": 0.7188443190526942,
        "support": 729.0
    },
    "accuracy": 0.7091906721536351
}