{
    "1": {
        "precision": 1.0,
        "recall": 0.14814814814814814,
        "f1-score": 0.25806451612903225,
        "support": 81.0
    },
    "2": {
        "precision": 1.0,
        "recall": 1.0,
        "f1-score": 1.0,
        "support": 81.0
    },
    "3": {
        "precision": 1.0,
        "recall": 1.0,
        "f1-score": 1.0,
        "support": 81.0
    },
    "4": {
        "precision": 1.0,
        "recall": 1.0,
        "f1-score": 1.0,
        "support": 81.0
    },
    "5": {
        "precision": 1.0,
        "recall": 1.0,
        "f1-score": 1.0,
        "support": 81.0
    },
    "6": {
        "precision": 1.0,
        "recall": 1.0,
        "f1-score": 1.0,
        "support": 81.0
    },
    "7": {
        "precision": 1.0,
        "recall": 1.0,
        "f1-score": 1.0,
        "support": 81.0
    },
    "8": {
        "precision": 1.0,
        "recall": 1.0,
        "f1-score": 1.0,
        "support": 81.0
    },
    "9": {
        "precision": 1.0,
        "recall": 1.0,
        "f1-score": 1.0,
        "support": 81.0
    },
    "micro avg": {
        "precision": 1.0,
        "recall": 0.9053497942386831,
        "f1-score": 0.9503239740820735,
        "support": 729.0
    },
    "macro avg": {
        "precision": 1.0,
        "recall": 0.9053497942386832,
        "f1-score": 0.9175627240143369,
        "support": 729.0
    },
    "weighted avg": {
        "precision": 1.0,
        "recall": 0.9053497942386831,
        "f1-score": 0.9175627240143369,
        "support": 729.0
    },
    "accuracy": 0.9053497942386831
}