{
    "1": {
        "precision": 1.0,
        "recall": 1.0,
        "f1-score": 1.0,
        "support": 81.0
    },
    "2": {
        "precision": 1.0,
        "recall": 1.0,
        "f1-score": 1.0,
        "support": 81.0
    },
    "3": {
        "precision": 0.9733333333333334,
        "recall": 0.9012345679012346,
        "f1-score": 0.9358974358974359,
        "support": 81.0
    },
    "4": {
        "precision": 0.8571428571428571,
        "recall": 0.5925925925925926,
        "f1-score": 0.7007299270072993,
        "support": 81.0
    },
    "5": {
        "precision": 0.594059405940594,
        "recall": 0.7407407407407407,
        "f1-score": 0.6593406593406593,
        "support": 81.0
    },
    "6": {
        "precision": 0.6,
        "recall": 0.5555555555555556,
        "f1-score": 0.5769230769230769,
        "support": 81.0
    },
    "7": {
        "precision": 0.4666666666666667,
        "recall": 0.43209876543209874,
        "f1-score": 0.44871794871794873,
        "support": 81.0
    },
    "8": {
        "precision": 0.4214876033057851,
        "recall": 0.6296296296296297,
        "f1-score": 0.504950495049505,
        "support": 81.0
    },
    "9": {
        "precision": 0.6206896551724138,
        "recall": 0.2222222222222222,
        "f1-score": 0.32727272727272727,
        "support": 81.0
    },
    "micro avg": {
        "precision": 0.7089337175792507,
        "recall": 0.6748971193415638,
        "f1-score": 0.691496837666901,
        "support": 729.0
    },
    "macro avg": {
        "precision": 0.7259310579512944,
        "recall": 0.6748971193415637,
        "f1-score": 0.6837591411342947,
        "support": 729.0
    },
    "weighted avg": {
        "precision": 0.7259310579512943,
        "recall": 0.6748971193415638,
        "f1-score": 0.6837591411342947,
        "support": 729.0
    },
    "accuracy": 0.6748971193415638
}