{
    "10": {
        "precision": 0.18006430868167203,
        "recall": 0.691358024691358,
        "f1-score": 0.2857142857142857,
        "support": 81.0
    },
    "11": {
        "precision": 0.0,
        "recall": 0.0,
        "f1-score": 0.0,
        "support": 81.0
    },
    "12": {
        "precision": 0.05102040816326531,
        "recall": 0.06172839506172839,
        "f1-score": 0.055865921787709494,
        "support": 81.0
    },
    "13": {
        "precision": 0.3333333333333333,
        "recall": 0.024691358024691357,
        "f1-score": 0.04597701149425287,
        "support": 81.0
    },
    "14": {
        "precision": 0.0,
        "recall": 0.0,
        "f1-score": 0.0,
        "support": 81.0
    },
    "15": {
        "precision": 0.14130434782608695,
        "recall": 0.48148148148148145,
        "f1-score": 0.2184873949579832,
        "support": 81.0
    },
    "16": {
        "precision": 0.0,
        "recall": 0.0,
        "f1-score": 0.0,
        "support": 81.0
    },
    "17": {
        "precision": 0.5,
        "recall": 0.012345679012345678,
        "f1-score": 0.024096385542168676,
        "support": 81.0
    },
    "18": {
        "precision": 0.0,
        "recall": 0.0,
        "f1-score": 0.0,
        "support": 81.0
    },
    "micro avg": {
        "precision": 0.14777618364418937,
        "recall": 0.1412894375857339,
        "f1-score": 0.14446002805049088,
        "support": 729.0
    },
    "macro avg": {
        "precision": 0.1339691553338175,
        "recall": 0.14128943758573387,
        "f1-score": 0.0700156666107111,
        "support": 729.0
    },
    "weighted avg": {
        "precision": 0.13396915533381754,
        "recall": 0.1412894375857339,
        "f1-score": 0.07001566661071111,
        "support": 729.0
    },
    "accuracy": 0.1412894375857339
}