{
    "10": {
        "precision": 0.23278370514064015,
        "recall": 0.6172839506172839,
        "f1-score": 0.3380757853218763,
        "support": 1944.0
    },
    "11": {
        "precision": 0.0,
        "recall": 0.0,
        "f1-score": 0.0,
        "support": 1944.0
    },
    "12": {
        "precision": 0.24528301886792453,
        "recall": 0.2741769547325103,
        "f1-score": 0.2589264027204275,
        "support": 1944.0
    },
    "13": {
        "precision": 0.2584745762711864,
        "recall": 0.06275720164609054,
        "f1-score": 0.10099337748344371,
        "support": 1944.0
    },
    "14": {
        "precision": 0.09818181818181818,
        "recall": 0.013888888888888888,
        "f1-score": 0.02433528616493916,
        "support": 1944.0
    },
    "15": {
        "precision": 0.1843584656084656,
        "recall": 0.573559670781893,
        "f1-score": 0.27902902902902904,
        "support": 1944.0
    },
    "16": {
        "precision": 0.2584692597239649,
        "recall": 0.10596707818930041,
        "f1-score": 0.15031010580080262,
        "support": 1944.0
    },
    "17": {
        "precision": 0.31194690265486724,
        "recall": 0.14506172839506173,
        "f1-score": 0.19803370786516855,
        "support": 1944.0
    },
    "18": {
        "precision": 0.4652241112828439,
        "recall": 0.15483539094650206,
        "f1-score": 0.2323427248166731,
        "support": 1944.0
    },
    "micro avg": {
        "precision": 0.22985853925080443,
        "recall": 0.2163923182441701,
        "f1-score": 0.2229222480642977,
        "support": 17496.0
    },
    "macro avg": {
        "precision": 0.22830242863685676,
        "recall": 0.2163923182441701,
        "f1-score": 0.17578293546692889,
        "support": 17496.0
    },
    "weighted avg": {
        "precision": 0.22830242863685676,
        "recall": 0.2163923182441701,
        "f1-score": 0.17578293546692889,
        "support": 17496.0
    },
    "accuracy": 0.2163923182441701
}