{
    "10": {
        "precision": 0.4476744186046512,
        "recall": 0.9506172839506173,
        "f1-score": 0.6086956521739131,
        "support": 81.0
    },
    "11": {
        "precision": 0.1497584541062802,
        "recall": 0.38271604938271603,
        "f1-score": 0.2152777777777778,
        "support": 81.0
    },
    "12": {
        "precision": 0.23636363636363636,
        "recall": 0.16049382716049382,
        "f1-score": 0.19117647058823528,
        "support": 81.0
    },
    "13": {
        "precision": 0.13138686131386862,
        "recall": 0.2222222222222222,
        "f1-score": 0.1651376146788991,
        "support": 81.0
    },
    "14": {
        "precision": 0.0,
        "recall": 0.0,
        "f1-score": 0.0,
        "support": 81.0
    },
    "15": {
        "precision": 0.12,
        "recall": 0.037037037037037035,
        "f1-score": 0.05660377358490566,
        "support": 81.0
    },
    "16": {
        "precision": 0.07692307692307693,
        "recall": 0.06172839506172839,
        "f1-score": 0.0684931506849315,
        "support": 81.0
    },
    "17": {
        "precision": 0.3333333333333333,
        "recall": 0.012345679012345678,
        "f1-score": 0.023809523809523808,
        "support": 81.0
    },
    "18": {
        "precision": 1.0,
        "recall": 0.12345679012345678,
        "f1-score": 0.21978021978021978,
        "support": 81.0
    },
    "micro avg": {
        "precision": 0.21823204419889503,
        "recall": 0.2167352537722908,
        "f1-score": 0.2174810736407433,
        "support": 729.0
    },
    "macro avg": {
        "precision": 0.2772710867383163,
        "recall": 0.21673525377229078,
        "f1-score": 0.17210824256426735,
        "support": 729.0
    },
    "weighted avg": {
        "precision": 0.2772710867383163,
        "recall": 0.2167352537722908,
        "f1-score": 0.17210824256426735,
        "support": 729.0
    },
    "accuracy": 0.2167352537722908
}