{
    "10": {
        "precision": 0.008333333333333333,
        "recall": 0.012345679012345678,
        "f1-score": 0.009950248756218905,
        "support": 81.0
    },
    "11": {
        "precision": 0.0,
        "recall": 0.0,
        "f1-score": 0.0,
        "support": 81.0
    },
    "12": {
        "precision": 0.422680412371134,
        "recall": 0.5061728395061729,
        "f1-score": 0.4606741573033708,
        "support": 81.0
    },
    "13": {
        "precision": 0.2988505747126437,
        "recall": 0.32098765432098764,
        "f1-score": 0.30952380952380953,
        "support": 81.0
    },
    "14": {
        "precision": 0.28,
        "recall": 0.25925925925925924,
        "f1-score": 0.2692307692307692,
        "support": 81.0
    },
    "15": {
        "precision": 0.3783783783783784,
        "recall": 0.345679012345679,
        "f1-score": 0.36129032258064514,
        "support": 81.0
    },
    "16": {
        "precision": 0.625,
        "recall": 0.06172839506172839,
        "f1-score": 0.11235955056179775,
        "support": 81.0
    },
    "17": {
        "precision": 0.0,
        "recall": 0.0,
        "f1-score": 0.0,
        "support": 81.0
    },
    "18": {
        "precision": 0.0,
        "recall": 0.0,
        "f1-score": 0.0,
        "support": 81.0
    },
    "micro avg": {
        "precision": 0.2646420824295011,
        "recall": 0.1673525377229081,
        "f1-score": 0.20504201680672268,
        "support": 729.0
    },
    "macro avg": {
        "precision": 0.22369363319949884,
        "recall": 0.1673525377229081,
        "f1-score": 0.1692254286618457,
        "support": 729.0
    },
    "weighted avg": {
        "precision": 0.22369363319949884,
        "recall": 0.1673525377229081,
        "f1-score": 0.16922542866184573,
        "support": 729.0
    },
    "accuracy": 0.1673525377229081
}