{
    "1": {
        "precision": 0.9349062918340026,
        "recall": 0.9996421542315262,
        "f1-score": 0.966191093817553,
        "support": 5589.0
    },
    "2": {
        "precision": 0.9392515230635335,
        "recall": 0.9654678833422795,
        "f1-score": 0.9521792835715546,
        "support": 5589.0
    },
    "3": {
        "precision": 0.9421780773323873,
        "recall": 0.9504383610663804,
        "f1-score": 0.9462901932840474,
        "support": 5589.0
    },
    "4": {
        "precision": 0.9450767841011743,
        "recall": 0.935945607443192,
        "f1-score": 0.9404890327220424,
        "support": 5589.0
    },
    "5": {
        "precision": 0.9442746719396009,
        "recall": 0.9398819108964036,
        "f1-score": 0.9420731707317073,
        "support": 5589.0
    },
    "6": {
        "precision": 0.949638989169675,
        "recall": 0.9413132939702988,
        "f1-score": 0.9454578129211969,
        "support": 5589.0
    },
    "7": {
        "precision": 0.9576440647155062,
        "recall": 0.942565754159957,
        "f1-score": 0.9500450856627592,
        "support": 5589.0
    },
    "8": {
        "precision": 0.9598246895544192,
        "recall": 0.9404186795491143,
        "f1-score": 0.9500225937641211,
        "support": 5589.0
    },
    "9": {
        "precision": 0.9950645406226272,
        "recall": 0.9379137591697978,
        "f1-score": 0.965644284793221,
        "support": 5589.0
    },
    "micro avg": {
        "precision": 0.9515146690020302,
        "recall": 0.9503986004254389,
        "f1-score": 0.9509563072516237,
        "support": 50301.0
    },
    "macro avg": {
        "precision": 0.9519844035925473,
        "recall": 0.9503986004254388,
        "f1-score": 0.9509325056964669,
        "support": 50301.0
    },
    "weighted avg": {
        "precision": 0.9519844035925474,
        "recall": 0.9503986004254389,
        "f1-score": 0.9509325056964671,
        "support": 50301.0
    },
    "accuracy": 0.9503986004254389
}