{
    "10": {
        "precision": 0.03333333333333333,
        "recall": 0.037037037037037035,
        "f1-score": 0.03508771929824561,
        "support": 81.0
    },
    "11": {
        "precision": 0.0,
        "recall": 0.0,
        "f1-score": 0.0,
        "support": 81.0
    },
    "12": {
        "precision": 0.0,
        "recall": 0.0,
        "f1-score": 0.0,
        "support": 81.0
    },
    "13": {
        "precision": 0.0,
        "recall": 0.0,
        "f1-score": 0.0,
        "support": 81.0
    },
    "14": {
        "precision": 0.006493506493506494,
        "recall": 0.012345679012345678,
        "f1-score": 0.00851063829787234,
        "support": 81.0
    },
    "15": {
        "precision": 0.0,
        "recall": 0.0,
        "f1-score": 0.0,
        "support": 81.0
    },
    "16": {
        "precision": 0.0,
        "recall": 0.0,
        "f1-score": 0.0,
        "support": 81.0
    },
    "17": {
        "precision": 0.0,
        "recall": 0.0,
        "f1-score": 0.0,
        "support": 81.0
    },
    "18": {
        "precision": 0.0,
        "recall": 0.0,
        "f1-score": 0.0,
        "support": 81.0
    },
    "micro avg": {
        "precision": 0.00686106346483705,
        "recall": 0.0054869684499314125,
        "f1-score": 0.006097560975609756,
        "support": 729.0
    },
    "macro avg": {
        "precision": 0.004425204425204426,
        "recall": 0.0054869684499314125,
        "f1-score": 0.004844261955124217,
        "support": 729.0
    },
    "weighted avg": {
        "precision": 0.004425204425204426,
        "recall": 0.0054869684499314125,
        "f1-score": 0.004844261955124217,
        "support": 729.0
    },
    "accuracy": 0.0054869684499314125
}