{
    "1": {
        "precision": 0.9970617042115573,
        "recall": 0.91071748076579,
        "f1-score": 0.9519356648587993,
        "support": 5589.0
    },
    "2": {
        "precision": 0.9768542872172541,
        "recall": 0.9967793880837359,
        "f1-score": 0.9867162592986185,
        "support": 5589.0
    },
    "3": {
        "precision": 0.9769150052465897,
        "recall": 0.9994632313472893,
        "f1-score": 0.988060493499602,
        "support": 5589.0
    },
    "4": {
        "precision": 0.981387181738367,
        "recall": 1.0,
        "f1-score": 0.9906061680255228,
        "support": 5589.0
    },
    "5": {
        "precision": 0.9876215738284704,
        "recall": 0.9992843084630524,
        "f1-score": 0.9934187122020633,
        "support": 5589.0
    },
    "6": {
        "precision": 0.9898954086154937,
        "recall": 0.9991053855788156,
        "f1-score": 0.9944790739091719,
        "support": 5589.0
    },
    "7": {
        "precision": 0.9978459881529348,
        "recall": 0.9946323134728932,
        "f1-score": 0.9962365591397849,
        "support": 5589.0
    },
    "8": {
        "precision": 0.9955404923296468,
        "recall": 0.9985686169261049,
        "f1-score": 0.9970522554711925,
        "support": 5589.0
    },
    "9": {
        "precision": 0.9992810927390366,
        "recall": 0.9948112363571301,
        "f1-score": 0.9970411548462297,
        "support": 5589.0
    },
    "micro avg": {
        "precision": 0.9889967766325759,
        "recall": 0.9881513289994235,
        "f1-score": 0.9885738720552114,
        "support": 50301.0
    },
    "macro avg": {
        "precision": 0.9891558593421501,
        "recall": 0.9881513289994235,
        "f1-score": 0.988394037916776,
        "support": 50301.0
    },
    "weighted avg": {
        "precision": 0.98915585934215,
        "recall": 0.9881513289994235,
        "f1-score": 0.9883940379167759,
        "support": 50301.0
    },
    "accuracy": 0.9881513289994235
}