{
    "1": {
        "precision": 1.0,
        "recall": 1.0,
        "f1-score": 1.0,
        "support": 81.0
    },
    "2": {
        "precision": 1.0,
        "recall": 1.0,
        "f1-score": 1.0,
        "support": 81.0
    },
    "3": {
        "precision": 0.975609756097561,
        "recall": 0.9876543209876543,
        "f1-score": 0.9815950920245399,
        "support": 81.0
    },
    "4": {
        "precision": 0.9285714285714286,
        "recall": 0.9629629629629629,
        "f1-score": 0.9454545454545454,
        "support": 81.0
    },
    "5": {
        "precision": 0.7916666666666666,
        "recall": 0.9382716049382716,
        "f1-score": 0.8587570621468926,
        "support": 81.0
    },
    "6": {
        "precision": 0.8194444444444444,
        "recall": 0.7283950617283951,
        "f1-score": 0.7712418300653595,
        "support": 81.0
    },
    "7": {
        "precision": 0.7078651685393258,
        "recall": 0.7777777777777778,
        "f1-score": 0.7411764705882353,
        "support": 81.0
    },
    "8": {
        "precision": 0.6153846153846154,
        "recall": 0.691358024691358,
        "f1-score": 0.6511627906976745,
        "support": 81.0
    },
    "9": {
        "precision": 0.9090909090909091,
        "recall": 0.24691358024691357,
        "f1-score": 0.3883495145631068,
        "support": 81.0
    },
    "micro avg": {
        "precision": 0.8510028653295129,
        "recall": 0.8148148148148148,
        "f1-score": 0.8325157673440785,
        "support": 729.0
    },
    "macro avg": {
        "precision": 0.8608481098661057,
        "recall": 0.8148148148148148,
        "f1-score": 0.8153041450600393,
        "support": 729.0
    },
    "weighted avg": {
        "precision": 0.8608481098661056,
        "recall": 0.8148148148148148,
        "f1-score": 0.8153041450600392,
        "support": 729.0
    },
    "accuracy": 0.8148148148148148
}