{
    "10": {
        "precision": 0.46564885496183206,
        "recall": 0.7530864197530864,
        "f1-score": 0.5754716981132075,
        "support": 81.0
    },
    "11": {
        "precision": 0.45454545454545453,
        "recall": 0.12345679012345678,
        "f1-score": 0.1941747572815534,
        "support": 81.0
    },
    "12": {
        "precision": 0.8717948717948718,
        "recall": 0.8395061728395061,
        "f1-score": 0.8553459119496856,
        "support": 81.0
    },
    "13": {
        "precision": 0.9552238805970149,
        "recall": 0.7901234567901234,
        "f1-score": 0.8648648648648649,
        "support": 81.0
    },
    "14": {
        "precision": 0.881578947368421,
        "recall": 0.8271604938271605,
        "f1-score": 0.8535031847133758,
        "support": 81.0
    },
    "15": {
        "precision": 0.8243243243243243,
        "recall": 0.7530864197530864,
        "f1-score": 0.7870967741935484,
        "support": 81.0
    },
    "16": {
        "precision": 0.5681818181818182,
        "recall": 0.30864197530864196,
        "f1-score": 0.4,
        "support": 81.0
    },
    "17": {
        "precision": 0.11363636363636363,
        "recall": 0.06172839506172839,
        "f1-score": 0.08,
        "support": 81.0
    },
    "18": {
        "precision": 0.03225806451612903,
        "recall": 0.012345679012345678,
        "f1-score": 0.017857142857142856,
        "support": 81.0
    },
    "micro avg": {
        "precision": 0.6384479717813051,
        "recall": 0.49657064471879286,
        "f1-score": 0.558641975308642,
        "support": 729.0
    },
    "macro avg": {
        "precision": 0.5741325088806922,
        "recall": 0.4965706447187928,
        "f1-score": 0.5142571482192644,
        "support": 729.0
    },
    "weighted avg": {
        "precision": 0.5741325088806922,
        "recall": 0.49657064471879286,
        "f1-score": 0.5142571482192642,
        "support": 729.0
    },
    "accuracy": 0.49657064471879286
}