{
    "1": {
        "precision": 1.0,
        "recall": 0.9998210771157631,
        "f1-score": 0.9999105305538158,
        "support": 5589.0
    },
    "2": {
        "precision": 1.0,
        "recall": 0.9996421542315262,
        "f1-score": 0.9998210450966356,
        "support": 5589.0
    },
    "3": {
        "precision": 0.9996422182468694,
        "recall": 0.9998210771157631,
        "f1-score": 0.9997316396815458,
        "support": 5589.0
    },
    "4": {
        "precision": 0.9987475398103417,
        "recall": 0.9987475398103417,
        "f1-score": 0.9987475398103417,
        "support": 5589.0
    },
    "5": {
        "precision": 0.993215497232637,
        "recall": 0.9953480050098408,
        "f1-score": 0.9942806076854335,
        "support": 5589.0
    },
    "6": {
        "precision": 0.9560117302052786,
        "recall": 0.991590624440866,
        "f1-score": 0.9734761988406815,
        "support": 5589.0
    },
    "7": {
        "precision": 0.9548144163528779,
        "recall": 0.95276435856146,
        "f1-score": 0.9537882858678131,
        "support": 5589.0
    },
    "8": {
        "precision": 0.8892220556388473,
        "recall": 0.9550903560565396,
        "f1-score": 0.9209799861973775,
        "support": 5589.0
    },
    "9": {
        "precision": 0.9969806763285024,
        "recall": 0.8862050456253355,
        "f1-score": 0.9383347541915317,
        "support": 5589.0
    },
    "micro avg": {
        "precision": 0.9754671968190854,
        "recall": 0.975447804218604,
        "f1-score": 0.975457500422461,
        "support": 50301.0
    },
    "macro avg": {
        "precision": 0.9765149037572617,
        "recall": 0.9754478042186039,
        "f1-score": 0.9754522875472418,
        "support": 50301.0
    },
    "weighted avg": {
        "precision": 0.9765149037572617,
        "recall": 0.975447804218604,
        "f1-score": 0.9754522875472418,
        "support": 50301.0
    },
    "accuracy": 0.975447804218604
}