{
    "10": {
        "precision": 0.45774647887323944,
        "recall": 0.8024691358024691,
        "f1-score": 0.5829596412556054,
        "support": 81.0
    },
    "11": {
        "precision": 0.0,
        "recall": 0.0,
        "f1-score": 0.0,
        "support": 81.0
    },
    "12": {
        "precision": 0.39215686274509803,
        "recall": 0.24691358024691357,
        "f1-score": 0.30303030303030304,
        "support": 81.0
    },
    "13": {
        "precision": 0.3900709219858156,
        "recall": 0.6790123456790124,
        "f1-score": 0.4954954954954955,
        "support": 81.0
    },
    "14": {
        "precision": 0.0,
        "recall": 0.0,
        "f1-score": 0.0,
        "support": 81.0
    },
    "15": {
        "precision": 0.27450980392156865,
        "recall": 0.5185185185185185,
        "f1-score": 0.358974358974359,
        "support": 81.0
    },
    "16": {
        "precision": 0.1111111111111111,
        "recall": 0.012345679012345678,
        "f1-score": 0.022222222222222223,
        "support": 81.0
    },
    "17": {
        "precision": 0.2727272727272727,
        "recall": 0.1111111111111111,
        "f1-score": 0.15789473684210525,
        "support": 81.0
    },
    "18": {
        "precision": 0.4,
        "recall": 0.024691358024691357,
        "f1-score": 0.046511627906976744,
        "support": 81.0
    },
    "micro avg": {
        "precision": 0.36329588014981273,
        "recall": 0.2661179698216735,
        "f1-score": 0.3072050673000792,
        "support": 729.0
    },
    "macro avg": {
        "precision": 0.2553691612626784,
        "recall": 0.2661179698216735,
        "f1-score": 0.21856537619189634,
        "support": 729.0
    },
    "weighted avg": {
        "precision": 0.2553691612626784,
        "recall": 0.2661179698216735,
        "f1-score": 0.21856537619189634,
        "support": 729.0
    },
    "accuracy": 0.2661179698216735
}