{
    "1": {
        "precision": 0.9834215167548501,
        "recall": 0.9976740025049203,
        "f1-score": 0.9904964916955324,
        "support": 5589.0
    },
    "2": {
        "precision": 0.8553399589840669,
        "recall": 0.9701198783324387,
        "f1-score": 0.909121395036888,
        "support": 5589.0
    },
    "3": {
        "precision": 0.7457921221585979,
        "recall": 0.76901055645017,
        "f1-score": 0.7572233967582804,
        "support": 5589.0
    },
    "4": {
        "precision": 0.5927252167357708,
        "recall": 0.5627124709250313,
        "f1-score": 0.5773290500229463,
        "support": 5589.0
    },
    "5": {
        "precision": 0.36769498153378233,
        "recall": 0.6056539631418858,
        "f1-score": 0.4575870226427847,
        "support": 5589.0
    },
    "6": {
        "precision": 0.23590592128590002,
        "recall": 0.35713007693684024,
        "f1-score": 0.28412811387900355,
        "support": 5589.0
    },
    "7": {
        "precision": 0.1811357074109721,
        "recall": 0.16836643406691715,
        "f1-score": 0.17451780415430268,
        "support": 5589.0
    },
    "8": {
        "precision": 0.3274567417564479,
        "recall": 0.17945965288960458,
        "f1-score": 0.23185390661118815,
        "support": 5589.0
    },
    "9": {
        "precision": 0.7116564417177914,
        "recall": 0.020755054571479692,
        "f1-score": 0.04033379694019471,
        "support": 5589.0
    },
    "micro avg": {
        "precision": 0.5264206972297929,
        "recall": 0.5145424544243653,
        "f1-score": 0.5204138055837615,
        "support": 50301.0
    },
    "macro avg": {
        "precision": 0.55568095648202,
        "recall": 0.5145424544243654,
        "f1-score": 0.4913989975267913,
        "support": 50301.0
    },
    "weighted avg": {
        "precision": 0.5556809564820199,
        "recall": 0.5145424544243653,
        "f1-score": 0.4913989975267912,
        "support": 50301.0
    },
    "accuracy": 0.5145424544243653
}