{
    "1": {
        "precision": 1.0,
        "recall": 1.0,
        "f1-score": 1.0,
        "support": 81.0
    },
    "2": {
        "precision": 0.6113207547169811,
        "recall": 1.0,
        "f1-score": 0.7587822014051522,
        "support": 162.0
    },
    "3": {
        "precision": 0.3341288782816229,
        "recall": 0.5761316872427984,
        "f1-score": 0.4229607250755287,
        "support": 243.0
    },
    "4": {
        "precision": 0.1053864168618267,
        "recall": 0.1388888888888889,
        "f1-score": 0.11984021304926765,
        "support": 324.0
    },
    "5": {
        "precision": 0.046,
        "recall": 0.056790123456790124,
        "f1-score": 0.05082872928176796,
        "support": 405.0
    },
    "6": {
        "precision": 0.015873015873015872,
        "recall": 0.018518518518518517,
        "f1-score": 0.017094017094017096,
        "support": 486.0
    },
    "7": {
        "precision": 0.013719512195121951,
        "recall": 0.015873015873015872,
        "f1-score": 0.014717906786590351,
        "support": 567.0
    },
    "8": {
        "precision": 0.0013698630136986301,
        "recall": 0.0015432098765432098,
        "f1-score": 0.001451378809869376,
        "support": 648.0
    },
    "9": {
        "precision": 0.0,
        "recall": 0.0,
        "f1-score": 0.0,
        "support": 729.0
    },
    "accuracy": 0.1289437585733882,
    "macro avg": {
        "precision": 0.2364220489935852,
        "recall": 0.31197171598406165,
        "f1-score": 0.2650750190557993,
        "support": 3645.0
    },
    "weighted avg": {
        "precision": 0.09064016436532614,
        "recall": 0.1289437585733882,
        "f1-score": 0.10527003460426647,
        "support": 3645.0
    }
}