{
    "10": {
        "precision": 0.3969465648854962,
        "recall": 0.6419753086419753,
        "f1-score": 0.49056603773584906,
        "support": 81.0
    },
    "11": {
        "precision": 0.08333333333333333,
        "recall": 0.04938271604938271,
        "f1-score": 0.06201550387596899,
        "support": 81.0
    },
    "12": {
        "precision": 0.5737704918032787,
        "recall": 0.43209876543209874,
        "f1-score": 0.49295774647887325,
        "support": 81.0
    },
    "13": {
        "precision": 0.8666666666666667,
        "recall": 0.6419753086419753,
        "f1-score": 0.7375886524822695,
        "support": 81.0
    },
    "14": {
        "precision": 0.8255813953488372,
        "recall": 0.8765432098765432,
        "f1-score": 0.8502994011976048,
        "support": 81.0
    },
    "15": {
        "precision": 0.8481012658227848,
        "recall": 0.8271604938271605,
        "f1-score": 0.8375,
        "support": 81.0
    },
    "16": {
        "precision": 0.9583333333333334,
        "recall": 0.5679012345679012,
        "f1-score": 0.7131782945736435,
        "support": 81.0
    },
    "17": {
        "precision": 0.45,
        "recall": 0.2222222222222222,
        "f1-score": 0.2975206611570248,
        "support": 81.0
    },
    "18": {
        "precision": 0.08333333333333333,
        "recall": 0.024691358024691357,
        "f1-score": 0.0380952380952381,
        "support": 81.0
    },
    "micro avg": {
        "precision": 0.6013864818024264,
        "recall": 0.47599451303155005,
        "f1-score": 0.5313935681470138,
        "support": 729.0
    },
    "macro avg": {
        "precision": 0.5651184871696737,
        "recall": 0.4759945130315501,
        "f1-score": 0.5021912817329414,
        "support": 729.0
    },
    "weighted avg": {
        "precision": 0.5651184871696737,
        "recall": 0.47599451303155005,
        "f1-score": 0.5021912817329414,
        "support": 729.0
    },
    "accuracy": 0.47599451303155005
}