{
    "1": {
        "precision": 1.0,
        "recall": 1.0,
        "f1-score": 1.0,
        "support": 81.0
    },
    "2": {
        "precision": 1.0,
        "recall": 1.0,
        "f1-score": 1.0,
        "support": 81.0
    },
    "3": {
        "precision": 0.9759036144578314,
        "recall": 1.0,
        "f1-score": 0.9878048780487805,
        "support": 81.0
    },
    "4": {
        "precision": 0.9634146341463414,
        "recall": 0.9753086419753086,
        "f1-score": 0.9693251533742331,
        "support": 81.0
    },
    "5": {
        "precision": 0.8588235294117647,
        "recall": 0.9012345679012346,
        "f1-score": 0.8795180722891566,
        "support": 81.0
    },
    "6": {
        "precision": 0.8055555555555556,
        "recall": 0.7160493827160493,
        "f1-score": 0.7581699346405228,
        "support": 81.0
    },
    "7": {
        "precision": 0.7341772151898734,
        "recall": 0.7160493827160493,
        "f1-score": 0.725,
        "support": 81.0
    },
    "8": {
        "precision": 0.6626506024096386,
        "recall": 0.6790123456790124,
        "f1-score": 0.6707317073170732,
        "support": 81.0
    },
    "9": {
        "precision": 0.5333333333333333,
        "recall": 0.19753086419753085,
        "f1-score": 0.2882882882882883,
        "support": 81.0
    },
    "micro avg": {
        "precision": 0.8609467455621301,
        "recall": 0.7983539094650206,
        "f1-score": 0.8284697508896797,
        "support": 729.0
    },
    "macro avg": {
        "precision": 0.8370953871671487,
        "recall": 0.7983539094650206,
        "f1-score": 0.8087597815508949,
        "support": 729.0
    },
    "weighted avg": {
        "precision": 0.8370953871671487,
        "recall": 0.7983539094650206,
        "f1-score": 0.808759781550895,
        "support": 729.0
    },
    "accuracy": 0.7983539094650206
}