{
    "10": {
        "precision": 0.5773195876288659,
        "recall": 0.691358024691358,
        "f1-score": 0.6292134831460674,
        "support": 81.0
    },
    "11": {
        "precision": 0.8235294117647058,
        "recall": 0.5185185185185185,
        "f1-score": 0.6363636363636364,
        "support": 81.0
    },
    "12": {
        "precision": 0.552,
        "recall": 0.8518518518518519,
        "f1-score": 0.6699029126213593,
        "support": 81.0
    },
    "13": {
        "precision": 0.32142857142857145,
        "recall": 0.3333333333333333,
        "f1-score": 0.32727272727272727,
        "support": 81.0
    },
    "14": {
        "precision": 0.45454545454545453,
        "recall": 0.30864197530864196,
        "f1-score": 0.36764705882352944,
        "support": 81.0
    },
    "15": {
        "precision": 0.49504950495049505,
        "recall": 0.6172839506172839,
        "f1-score": 0.5494505494505495,
        "support": 81.0
    },
    "16": {
        "precision": 0.38372093023255816,
        "recall": 0.4074074074074074,
        "f1-score": 0.39520958083832336,
        "support": 81.0
    },
    "17": {
        "precision": 0.36,
        "recall": 0.4444444444444444,
        "f1-score": 0.39779005524861877,
        "support": 81.0
    },
    "18": {
        "precision": 1.0,
        "recall": 0.04938271604938271,
        "f1-score": 0.09411764705882353,
        "support": 81.0
    },
    "micro avg": {
        "precision": 0.4864864864864865,
        "recall": 0.4691358024691358,
        "f1-score": 0.4776536312849162,
        "support": 729.0
    },
    "macro avg": {
        "precision": 0.5519548289500723,
        "recall": 0.46913580246913583,
        "f1-score": 0.45188529453595944,
        "support": 729.0
    },
    "weighted avg": {
        "precision": 0.5519548289500723,
        "recall": 0.4691358024691358,
        "f1-score": 0.45188529453595944,
        "support": 729.0
    },
    "accuracy": 0.4691358024691358
}