{
    "10": {
        "precision": 0.24,
        "recall": 0.2962962962962963,
        "f1-score": 0.26519337016574585,
        "support": 81.0
    },
    "11": {
        "precision": 1.0,
        "recall": 0.037037037037037035,
        "f1-score": 0.07142857142857142,
        "support": 81.0
    },
    "12": {
        "precision": 0.8426966292134831,
        "recall": 0.9259259259259259,
        "f1-score": 0.8823529411764706,
        "support": 81.0
    },
    "13": {
        "precision": 0.88,
        "recall": 0.5432098765432098,
        "f1-score": 0.6717557251908397,
        "support": 81.0
    },
    "14": {
        "precision": 0.42105263157894735,
        "recall": 0.19753086419753085,
        "f1-score": 0.2689075630252101,
        "support": 81.0
    },
    "15": {
        "precision": 0.48951048951048953,
        "recall": 0.8641975308641975,
        "f1-score": 0.625,
        "support": 81.0
    },
    "16": {
        "precision": 0.0,
        "recall": 0.0,
        "f1-score": 0.0,
        "support": 81.0
    },
    "17": {
        "precision": 0.05263157894736842,
        "recall": 0.012345679012345678,
        "f1-score": 0.02,
        "support": 81.0
    },
    "18": {
        "precision": 0.0,
        "recall": 0.0,
        "f1-score": 0.0,
        "support": 81.0
    },
    "micro avg": {
        "precision": 0.5259593679458239,
        "recall": 0.3196159122085048,
        "f1-score": 0.39761092150170646,
        "support": 729.0
    },
    "macro avg": {
        "precision": 0.43621014769447647,
        "recall": 0.3196159122085047,
        "f1-score": 0.31162646344298195,
        "support": 729.0
    },
    "weighted avg": {
        "precision": 0.43621014769447647,
        "recall": 0.3196159122085048,
        "f1-score": 0.31162646344298195,
        "support": 729.0
    },
    "accuracy": 0.3196159122085048
}