{
    "10": {
        "precision": 0.15151515151515152,
        "recall": 0.12345679012345678,
        "f1-score": 0.1360544217687075,
        "support": 81.0
    },
    "11": {
        "precision": 0.0,
        "recall": 0.0,
        "f1-score": 0.0,
        "support": 81.0
    },
    "12": {
        "precision": 0.41304347826086957,
        "recall": 0.2345679012345679,
        "f1-score": 0.2992125984251969,
        "support": 81.0
    },
    "13": {
        "precision": 0.15942028985507245,
        "recall": 0.13580246913580246,
        "f1-score": 0.14666666666666667,
        "support": 81.0
    },
    "14": {
        "precision": 0.0,
        "recall": 0.0,
        "f1-score": 0.0,
        "support": 81.0
    },
    "15": {
        "precision": 0.0,
        "recall": 0.0,
        "f1-score": 0.0,
        "support": 81.0
    },
    "16": {
        "precision": 0.0,
        "recall": 0.0,
        "f1-score": 0.0,
        "support": 81.0
    },
    "17": {
        "precision": 0.0,
        "recall": 0.0,
        "f1-score": 0.0,
        "support": 81.0
    },
    "18": {
        "precision": 0.0,
        "recall": 0.0,
        "f1-score": 0.0,
        "support": 81.0
    },
    "micro avg": {
        "precision": 0.11428571428571428,
        "recall": 0.05486968449931413,
        "f1-score": 0.07414272474513438,
        "support": 729.0
    },
    "macro avg": {
        "precision": 0.08044210218123261,
        "recall": 0.05486968449931413,
        "f1-score": 0.06465929854006344,
        "support": 729.0
    },
    "weighted avg": {
        "precision": 0.08044210218123261,
        "recall": 0.05486968449931413,
        "f1-score": 0.06465929854006346,
        "support": 729.0
    },
    "accuracy": 0.05486968449931413
}