{
    "10": {
        "precision": 1.0,
        "recall": 0.7407407407407407,
        "f1-score": 0.851063829787234,
        "support": 81.0
    },
    "11": {
        "precision": 0.9642857142857143,
        "recall": 0.6666666666666666,
        "f1-score": 0.7883211678832117,
        "support": 81.0
    },
    "12": {
        "precision": 0.686046511627907,
        "recall": 0.7283950617283951,
        "f1-score": 0.7065868263473054,
        "support": 81.0
    },
    "13": {
        "precision": 0.5217391304347826,
        "recall": 0.2962962962962963,
        "f1-score": 0.3779527559055118,
        "support": 81.0
    },
    "14": {
        "precision": 0.0,
        "recall": 0.0,
        "f1-score": 0.0,
        "support": 81.0
    },
    "15": {
        "precision": 0.0,
        "recall": 0.0,
        "f1-score": 0.0,
        "support": 81.0
    },
    "16": {
        "precision": 0.03361344537815126,
        "recall": 0.04938271604938271,
        "f1-score": 0.04,
        "support": 81.0
    },
    "17": {
        "precision": 0.0,
        "recall": 0.0,
        "f1-score": 0.0,
        "support": 81.0
    },
    "18": {
        "precision": 0.0,
        "recall": 0.0,
        "f1-score": 0.0,
        "support": 81.0
    },
    "micro avg": {
        "precision": 0.4276595744680851,
        "recall": 0.2757201646090535,
        "f1-score": 0.33527939949958296,
        "support": 729.0
    },
    "macro avg": {
        "precision": 0.35618720019183947,
        "recall": 0.2757201646090535,
        "f1-score": 0.3071027311025848,
        "support": 729.0
    },
    "weighted avg": {
        "precision": 0.3561872001918394,
        "recall": 0.2757201646090535,
        "f1-score": 0.3071027311025848,
        "support": 729.0
    },
    "accuracy": 0.2757201646090535
}