{
    "10": {
        "precision": 0.6181818181818182,
        "recall": 0.8395061728395061,
        "f1-score": 0.7120418848167539,
        "support": 81.0
    },
    "11": {
        "precision": 0.0,
        "recall": 0.0,
        "f1-score": 0.0,
        "support": 81.0
    },
    "12": {
        "precision": 0.4444444444444444,
        "recall": 0.24691358024691357,
        "f1-score": 0.31746031746031744,
        "support": 81.0
    },
    "13": {
        "precision": 0.3305785123966942,
        "recall": 0.49382716049382713,
        "f1-score": 0.39603960396039606,
        "support": 81.0
    },
    "14": {
        "precision": 0.3333333333333333,
        "recall": 0.012345679012345678,
        "f1-score": 0.023809523809523808,
        "support": 81.0
    },
    "15": {
        "precision": 0.13541666666666666,
        "recall": 0.16049382716049382,
        "f1-score": 0.14689265536723164,
        "support": 81.0
    },
    "16": {
        "precision": 0.07407407407407407,
        "recall": 0.024691358024691357,
        "f1-score": 0.037037037037037035,
        "support": 81.0
    },
    "17": {
        "precision": 0.06666666666666667,
        "recall": 0.012345679012345678,
        "f1-score": 0.020833333333333332,
        "support": 81.0
    },
    "18": {
        "precision": 0.0,
        "recall": 0.0,
        "f1-score": 0.0,
        "support": 81.0
    },
    "micro avg": {
        "precision": 0.34772182254196643,
        "recall": 0.19890260631001372,
        "f1-score": 0.2530541012216405,
        "support": 729.0
    },
    "macro avg": {
        "precision": 0.22252172397374417,
        "recall": 0.19890260631001372,
        "f1-score": 0.1837904839760659,
        "support": 729.0
    },
    "weighted avg": {
        "precision": 0.22252172397374417,
        "recall": 0.19890260631001372,
        "f1-score": 0.1837904839760659,
        "support": 729.0
    },
    "accuracy": 0.19890260631001372
}