{
    "1": {
        "precision": 1.0,
        "recall": 1.0,
        "f1-score": 1.0,
        "support": 81.0
    },
    "2": {
        "precision": 1.0,
        "recall": 1.0,
        "f1-score": 1.0,
        "support": 81.0
    },
    "3": {
        "precision": 0.9759036144578314,
        "recall": 1.0,
        "f1-score": 0.9878048780487805,
        "support": 81.0
    },
    "4": {
        "precision": 0.9518072289156626,
        "recall": 0.9753086419753086,
        "f1-score": 0.9634146341463414,
        "support": 81.0
    },
    "5": {
        "precision": 0.8369565217391305,
        "recall": 0.9506172839506173,
        "f1-score": 0.8901734104046243,
        "support": 81.0
    },
    "6": {
        "precision": 0.7674418604651163,
        "recall": 0.8148148148148148,
        "f1-score": 0.7904191616766467,
        "support": 81.0
    },
    "7": {
        "precision": 0.6853932584269663,
        "recall": 0.7530864197530864,
        "f1-score": 0.7176470588235294,
        "support": 81.0
    },
    "8": {
        "precision": 0.6385542168674698,
        "recall": 0.654320987654321,
        "f1-score": 0.6463414634146342,
        "support": 81.0
    },
    "9": {
        "precision": 1.0,
        "recall": 0.6296296296296297,
        "f1-score": 0.7727272727272727,
        "support": 81.0
    },
    "accuracy": 0.8641975308641975,
    "macro avg": {
        "precision": 0.8728951889857974,
        "recall": 0.8641975308641975,
        "f1-score": 0.8631697643602032,
        "support": 729.0
    },
    "weighted avg": {
        "precision": 0.8728951889857974,
        "recall": 0.8641975308641975,
        "f1-score": 0.8631697643602033,
        "support": 729.0
    }
}