{
    "1": {
        "precision": 1.0,
        "recall": 1.0,
        "f1-score": 1.0,
        "support": 81.0
    },
    "2": {
        "precision": 0.6,
        "recall": 1.0,
        "f1-score": 0.75,
        "support": 162.0
    },
    "3": {
        "precision": 0.30405405405405406,
        "recall": 0.5555555555555556,
        "f1-score": 0.3930131004366812,
        "support": 243.0
    },
    "4": {
        "precision": 0.036231884057971016,
        "recall": 0.046296296296296294,
        "f1-score": 0.04065040650406504,
        "support": 324.0
    },
    "5": {
        "precision": 0.012219959266802444,
        "recall": 0.014814814814814815,
        "f1-score": 0.013392857142857142,
        "support": 405.0
    },
    "6": {
        "precision": 0.0017667844522968198,
        "recall": 0.00205761316872428,
        "f1-score": 0.0019011406844106464,
        "support": 486.0
    },
    "7": {
        "precision": 0.0030816640986132513,
        "recall": 0.003527336860670194,
        "f1-score": 0.003289473684210526,
        "support": 567.0
    },
    "8": {
        "precision": 0.0013698630136986301,
        "recall": 0.0015432098765432098,
        "f1-score": 0.001451378809869376,
        "support": 648.0
    },
    "9": {
        "precision": 0.0,
        "recall": 0.0,
        "f1-score": 0.0,
        "support": 729.0
    },
    "accuracy": 0.11056241426611797,
    "macro avg": {
        "precision": 0.2176360232159374,
        "recall": 0.2915327585080672,
        "f1-score": 0.24485537302912158,
        "support": 3645.0
    },
    "weighted avg": {
        "precision": 0.07469601676092713,
        "recall": 0.11056241426611797,
        "f1-score": 0.08788109785367737,
        "support": 3645.0
    }
}