{
    "10": {
        "precision": 0.6039603960396039,
        "recall": 0.7530864197530864,
        "f1-score": 0.6703296703296703,
        "support": 81.0
    },
    "11": {
        "precision": 0.7777777777777778,
        "recall": 0.25925925925925924,
        "f1-score": 0.3888888888888889,
        "support": 81.0
    },
    "12": {
        "precision": 0.6363636363636364,
        "recall": 0.5185185185185185,
        "f1-score": 0.5714285714285714,
        "support": 81.0
    },
    "13": {
        "precision": 0.5865384615384616,
        "recall": 0.7530864197530864,
        "f1-score": 0.6594594594594595,
        "support": 81.0
    },
    "14": {
        "precision": 0.6052631578947368,
        "recall": 0.2839506172839506,
        "f1-score": 0.3865546218487395,
        "support": 81.0
    },
    "15": {
        "precision": 0.46551724137931033,
        "recall": 0.6666666666666666,
        "f1-score": 0.5482233502538071,
        "support": 81.0
    },
    "16": {
        "precision": 0.0,
        "recall": 0.0,
        "f1-score": 0.0,
        "support": 81.0
    },
    "17": {
        "precision": 0.3146853146853147,
        "recall": 0.5555555555555556,
        "f1-score": 0.4017857142857143,
        "support": 81.0
    },
    "18": {
        "precision": 0.8333333333333334,
        "recall": 0.06172839506172839,
        "f1-score": 0.11494252873563218,
        "support": 81.0
    },
    "micro avg": {
        "precision": 0.519134775374376,
        "recall": 0.4279835390946502,
        "f1-score": 0.4691729323308271,
        "support": 729.0
    },
    "macro avg": {
        "precision": 0.5359377021124638,
        "recall": 0.4279835390946502,
        "f1-score": 0.41573475613672034,
        "support": 729.0
    },
    "weighted avg": {
        "precision": 0.5359377021124639,
        "recall": 0.4279835390946502,
        "f1-score": 0.4157347561367204,
        "support": 729.0
    },
    "accuracy": 0.4279835390946502
}