{
    "10": {
        "precision": 0.40458015267175573,
        "recall": 0.654320987654321,
        "f1-score": 0.5,
        "support": 81.0
    },
    "11": {
        "precision": 0.14285714285714285,
        "recall": 0.04938271604938271,
        "f1-score": 0.07339449541284404,
        "support": 81.0
    },
    "12": {
        "precision": 0.8484848484848485,
        "recall": 0.691358024691358,
        "f1-score": 0.7619047619047619,
        "support": 81.0
    },
    "13": {
        "precision": 1.0,
        "recall": 0.8024691358024691,
        "f1-score": 0.8904109589041096,
        "support": 81.0
    },
    "14": {
        "precision": 0.8974358974358975,
        "recall": 0.8641975308641975,
        "f1-score": 0.8805031446540881,
        "support": 81.0
    },
    "15": {
        "precision": 0.85,
        "recall": 0.8395061728395061,
        "f1-score": 0.84472049689441,
        "support": 81.0
    },
    "16": {
        "precision": 0.6206896551724138,
        "recall": 0.2222222222222222,
        "f1-score": 0.32727272727272727,
        "support": 81.0
    },
    "17": {
        "precision": 0.03636363636363636,
        "recall": 0.024691358024691357,
        "f1-score": 0.029411764705882353,
        "support": 81.0
    },
    "18": {
        "precision": 0.0,
        "recall": 0.0,
        "f1-score": 0.0,
        "support": 81.0
    },
    "micro avg": {
        "precision": 0.5989304812834224,
        "recall": 0.4609053497942387,
        "f1-score": 0.5209302325581395,
        "support": 729.0
    },
    "macro avg": {
        "precision": 0.5333790369984105,
        "recall": 0.46090534979423864,
        "f1-score": 0.4786242610832026,
        "support": 729.0
    },
    "weighted avg": {
        "precision": 0.5333790369984106,
        "recall": 0.4609053497942387,
        "f1-score": 0.4786242610832025,
        "support": 729.0
    },
    "accuracy": 0.4609053497942387
}