{
    "10": {
        "precision": 0.4807692307692308,
        "recall": 0.6172839506172839,
        "f1-score": 0.5405405405405406,
        "support": 81.0
    },
    "11": {
        "precision": 0.47058823529411764,
        "recall": 0.3950617283950617,
        "f1-score": 0.42953020134228187,
        "support": 81.0
    },
    "12": {
        "precision": 0.6333333333333333,
        "recall": 0.4691358024691358,
        "f1-score": 0.5390070921985816,
        "support": 81.0
    },
    "13": {
        "precision": 0.5346534653465347,
        "recall": 0.6666666666666666,
        "f1-score": 0.5934065934065934,
        "support": 81.0
    },
    "14": {
        "precision": 0.48717948717948717,
        "recall": 0.4691358024691358,
        "f1-score": 0.4779874213836478,
        "support": 81.0
    },
    "15": {
        "precision": 0.4367816091954023,
        "recall": 0.4691358024691358,
        "f1-score": 0.4523809523809524,
        "support": 81.0
    },
    "16": {
        "precision": 0.5434782608695652,
        "recall": 0.30864197530864196,
        "f1-score": 0.3937007874015748,
        "support": 81.0
    },
    "17": {
        "precision": 0.43548387096774194,
        "recall": 0.6666666666666666,
        "f1-score": 0.526829268292683,
        "support": 81.0
    },
    "18": {
        "precision": 0.9444444444444444,
        "recall": 0.20987654320987653,
        "f1-score": 0.3434343434343434,
        "support": 81.0
    },
    "micro avg": {
        "precision": 0.5043731778425656,
        "recall": 0.47462277091906724,
        "f1-score": 0.4890459363957597,
        "support": 729.0
    },
    "macro avg": {
        "precision": 0.5518568819333175,
        "recall": 0.4746227709190671,
        "f1-score": 0.47742413337568873,
        "support": 729.0
    },
    "weighted avg": {
        "precision": 0.5518568819333175,
        "recall": 0.47462277091906724,
        "f1-score": 0.47742413337568873,
        "support": 729.0
    },
    "accuracy": 0.47462277091906724
}