{
    "1": {
        "precision": 0.3333333333333333,
        "recall": 1.0,
        "f1-score": 0.5,
        "support": 81.0
    },
    "2": {
        "precision": 0.0,
        "recall": 0.0,
        "f1-score": 0.0,
        "support": 162.0
    },
    "3": {
        "precision": 0.012307692307692308,
        "recall": 0.01646090534979424,
        "f1-score": 0.014084507042253521,
        "support": 243.0
    },
    "4": {
        "precision": 0.007978723404255319,
        "recall": 0.009259259259259259,
        "f1-score": 0.008571428571428572,
        "support": 324.0
    },
    "5": {
        "precision": 0.07823960880195599,
        "recall": 0.07901234567901234,
        "f1-score": 0.07862407862407862,
        "support": 405.0
    },
    "6": {
        "precision": 0.16615384615384615,
        "recall": 0.2222222222222222,
        "f1-score": 0.19014084507042253,
        "support": 486.0
    },
    "7": {
        "precision": 0.038109756097560975,
        "recall": 0.04409171075837742,
        "f1-score": 0.04088307440719542,
        "support": 567.0
    },
    "8": {
        "precision": 0.024128686327077747,
        "recall": 0.027777777777777776,
        "f1-score": 0.02582496413199426,
        "support": 648.0
    },
    "9": {
        "precision": 1.0,
        "recall": 0.0013717421124828531,
        "f1-score": 0.0027397260273972603,
        "support": 729.0
    },
    "accuracy": 0.07462277091906722,
    "macro avg": {
        "precision": 0.18447240515841354,
        "recall": 0.15557732923988066,
        "f1-score": 0.0956520693194189,
        "support": 3645.0
    },
    "weighted avg": {
        "precision": 0.25000200462457417,
        "recall": 0.07462277091906722,
        "f1-score": 0.05839874371351779,
        "support": 3645.0
    }
}