{
    "10": {
        "precision": 0.02727272727272727,
        "recall": 0.037037037037037035,
        "f1-score": 0.031413612565445025,
        "support": 81.0
    },
    "11": {
        "precision": 0.0,
        "recall": 0.0,
        "f1-score": 0.0,
        "support": 81.0
    },
    "12": {
        "precision": 0.008333333333333333,
        "recall": 0.012345679012345678,
        "f1-score": 0.009950248756218905,
        "support": 81.0
    },
    "13": {
        "precision": 0.0,
        "recall": 0.0,
        "f1-score": 0.0,
        "support": 81.0
    },
    "14": {
        "precision": 0.007936507936507936,
        "recall": 0.012345679012345678,
        "f1-score": 0.00966183574879227,
        "support": 81.0
    },
    "15": {
        "precision": 0.0,
        "recall": 0.0,
        "f1-score": 0.0,
        "support": 81.0
    },
    "16": {
        "precision": 0.0,
        "recall": 0.0,
        "f1-score": 0.0,
        "support": 81.0
    },
    "17": {
        "precision": 0.0,
        "recall": 0.0,
        "f1-score": 0.0,
        "support": 81.0
    },
    "18": {
        "precision": 0.0,
        "recall": 0.0,
        "f1-score": 0.0,
        "support": 81.0
    },
    "micro avg": {
        "precision": 0.008849557522123894,
        "recall": 0.006858710562414266,
        "f1-score": 0.0077279752704791345,
        "support": 729.0
    },
    "macro avg": {
        "precision": 0.004838063171396505,
        "recall": 0.006858710562414266,
        "f1-score": 0.005669521896717356,
        "support": 729.0
    },
    "weighted avg": {
        "precision": 0.004838063171396504,
        "recall": 0.006858710562414266,
        "f1-score": 0.005669521896717356,
        "support": 729.0
    },
    "accuracy": 0.006858710562414266
}