{
    "1": {
        "precision": 1.0,
        "recall": 1.0,
        "f1-score": 1.0,
        "support": 81.0
    },
    "2": {
        "precision": 1.0,
        "recall": 1.0,
        "f1-score": 1.0,
        "support": 81.0
    },
    "3": {
        "precision": 0.9759036144578314,
        "recall": 1.0,
        "f1-score": 0.9878048780487805,
        "support": 81.0
    },
    "4": {
        "precision": 0.9186046511627907,
        "recall": 0.9753086419753086,
        "f1-score": 0.9461077844311377,
        "support": 81.0
    },
    "5": {
        "precision": 0.8314606741573034,
        "recall": 0.9135802469135802,
        "f1-score": 0.8705882352941177,
        "support": 81.0
    },
    "6": {
        "precision": 0.717391304347826,
        "recall": 0.8148148148148148,
        "f1-score": 0.7630057803468208,
        "support": 81.0
    },
    "7": {
        "precision": 0.6043956043956044,
        "recall": 0.6790123456790124,
        "f1-score": 0.6395348837209303,
        "support": 81.0
    },
    "8": {
        "precision": 0.6,
        "recall": 0.5555555555555556,
        "f1-score": 0.5769230769230769,
        "support": 81.0
    },
    "9": {
        "precision": 1.0,
        "recall": 0.6296296296296297,
        "f1-score": 0.7727272727272727,
        "support": 81.0
    },
    "accuracy": 0.840877914951989,
    "macro avg": {
        "precision": 0.8497506498357063,
        "recall": 0.840877914951989,
        "f1-score": 0.8396324346102374,
        "support": 729.0
    },
    "weighted avg": {
        "precision": 0.8497506498357063,
        "recall": 0.840877914951989,
        "f1-score": 0.8396324346102374,
        "support": 729.0
    }
}