{
    "1": {
        "precision": 1.0,
        "recall": 1.0,
        "f1-score": 1.0,
        "support": 81.0
    },
    "2": {
        "precision": 1.0,
        "recall": 1.0,
        "f1-score": 1.0,
        "support": 81.0
    },
    "3": {
        "precision": 1.0,
        "recall": 1.0,
        "f1-score": 1.0,
        "support": 81.0
    },
    "4": {
        "precision": 1.0,
        "recall": 1.0,
        "f1-score": 1.0,
        "support": 81.0
    },
    "5": {
        "precision": 0.9642857142857143,
        "recall": 1.0,
        "f1-score": 0.9818181818181818,
        "support": 81.0
    },
    "6": {
        "precision": 0.9069767441860465,
        "recall": 0.9629629629629629,
        "f1-score": 0.9341317365269461,
        "support": 81.0
    },
    "7": {
        "precision": 0.9012345679012346,
        "recall": 0.9012345679012346,
        "f1-score": 0.9012345679012346,
        "support": 81.0
    },
    "8": {
        "precision": 0.9240506329113924,
        "recall": 0.9012345679012346,
        "f1-score": 0.9125,
        "support": 81.0
    },
    "9": {
        "precision": 1.0,
        "recall": 0.9259259259259259,
        "f1-score": 0.9615384615384616,
        "support": 81.0
    },
    "accuracy": 0.9657064471879286,
    "macro avg": {
        "precision": 0.9662830732538209,
        "recall": 0.9657064471879286,
        "f1-score": 0.9656914386427583,
        "support": 729.0
    },
    "weighted avg": {
        "precision": 0.9662830732538208,
        "recall": 0.9657064471879286,
        "f1-score": 0.9656914386427582,
        "support": 729.0
    }
}