{
    "1": {
        "precision": 1.0,
        "recall": 1.0,
        "f1-score": 1.0,
        "support": 81.0
    },
    "2": {
        "precision": 1.0,
        "recall": 1.0,
        "f1-score": 1.0,
        "support": 81.0
    },
    "3": {
        "precision": 0.9878048780487805,
        "recall": 1.0,
        "f1-score": 0.9938650306748467,
        "support": 81.0
    },
    "4": {
        "precision": 0.9523809523809523,
        "recall": 0.9876543209876543,
        "f1-score": 0.9696969696969697,
        "support": 81.0
    },
    "5": {
        "precision": 0.8105263157894737,
        "recall": 0.9506172839506173,
        "f1-score": 0.875,
        "support": 81.0
    },
    "6": {
        "precision": 0.7411764705882353,
        "recall": 0.7777777777777778,
        "f1-score": 0.7590361445783133,
        "support": 81.0
    },
    "7": {
        "precision": 0.7108433734939759,
        "recall": 0.7283950617283951,
        "f1-score": 0.7195121951219512,
        "support": 81.0
    },
    "8": {
        "precision": 0.7402597402597403,
        "recall": 0.7037037037037037,
        "f1-score": 0.7215189873417721,
        "support": 81.0
    },
    "9": {
        "precision": 1.0,
        "recall": 0.7530864197530864,
        "f1-score": 0.8591549295774648,
        "support": 81.0
    },
    "accuracy": 0.877914951989026,
    "macro avg": {
        "precision": 0.8825546367290175,
        "recall": 0.8779149519890261,
        "f1-score": 0.8775315841101464,
        "support": 729.0
    },
    "weighted avg": {
        "precision": 0.8825546367290176,
        "recall": 0.877914951989026,
        "f1-score": 0.8775315841101463,
        "support": 729.0
    }
}