{
    "1": {
        "precision": 1.0,
        "recall": 0.8271604938271605,
        "f1-score": 0.9054054054054054,
        "support": 81.0
    },
    "2": {
        "precision": 0.8372093023255814,
        "recall": 0.8888888888888888,
        "f1-score": 0.8622754491017964,
        "support": 81.0
    },
    "3": {
        "precision": 0.958904109589041,
        "recall": 0.8641975308641975,
        "f1-score": 0.9090909090909091,
        "support": 81.0
    },
    "4": {
        "precision": 0.7926829268292683,
        "recall": 0.8024691358024691,
        "f1-score": 0.7975460122699386,
        "support": 81.0
    },
    "5": {
        "precision": 0.8295454545454546,
        "recall": 0.9012345679012346,
        "f1-score": 0.863905325443787,
        "support": 81.0
    },
    "6": {
        "precision": 0.8387096774193549,
        "recall": 0.9629629629629629,
        "f1-score": 0.896551724137931,
        "support": 81.0
    },
    "7": {
        "precision": 0.8983050847457628,
        "recall": 0.654320987654321,
        "f1-score": 0.7571428571428571,
        "support": 81.0
    },
    "8": {
        "precision": 0.6893203883495146,
        "recall": 0.8765432098765432,
        "f1-score": 0.7717391304347826,
        "support": 81.0
    },
    "9": {
        "precision": 0.9090909090909091,
        "recall": 0.8641975308641975,
        "f1-score": 0.8860759493670886,
        "support": 81.0
    },
    "micro avg": {
        "precision": 0.8502747252747253,
        "recall": 0.8491083676268861,
        "f1-score": 0.849691146190803,
        "support": 729.0
    },
    "macro avg": {
        "precision": 0.8615297614327653,
        "recall": 0.8491083676268861,
        "f1-score": 0.8499703069327218,
        "support": 729.0
    },
    "weighted avg": {
        "precision": 0.8615297614327652,
        "recall": 0.8491083676268861,
        "f1-score": 0.8499703069327217,
        "support": 729.0
    },
    "accuracy": 0.8491083676268861
}