{
    "10": {
        "precision": 0.631578947368421,
        "recall": 0.2962962962962963,
        "f1-score": 0.40336134453781514,
        "support": 81.0
    },
    "11": {
        "precision": 0.5454545454545454,
        "recall": 0.14814814814814814,
        "f1-score": 0.23300970873786409,
        "support": 81.0
    },
    "12": {
        "precision": 0.3430232558139535,
        "recall": 0.7283950617283951,
        "f1-score": 0.466403162055336,
        "support": 81.0
    },
    "13": {
        "precision": 0.5783132530120482,
        "recall": 0.5925925925925926,
        "f1-score": 0.5853658536585366,
        "support": 81.0
    },
    "14": {
        "precision": 0.6086956521739131,
        "recall": 0.5185185185185185,
        "f1-score": 0.56,
        "support": 81.0
    },
    "15": {
        "precision": 0.5362318840579711,
        "recall": 0.4567901234567901,
        "f1-score": 0.49333333333333335,
        "support": 81.0
    },
    "16": {
        "precision": 0.5555555555555556,
        "recall": 0.43209876543209874,
        "f1-score": 0.4861111111111111,
        "support": 81.0
    },
    "17": {
        "precision": 0.4226190476190476,
        "recall": 0.8765432098765432,
        "f1-score": 0.570281124497992,
        "support": 81.0
    },
    "18": {
        "precision": 0.9166666666666666,
        "recall": 0.13580246913580246,
        "f1-score": 0.23655913978494625,
        "support": 81.0
    },
    "micro avg": {
        "precision": 0.4870689655172414,
        "recall": 0.46502057613168724,
        "f1-score": 0.47578947368421054,
        "support": 729.0
    },
    "macro avg": {
        "precision": 0.5709043119691247,
        "recall": 0.46502057613168724,
        "f1-score": 0.448269419746326,
        "support": 729.0
    },
    "weighted avg": {
        "precision": 0.5709043119691247,
        "recall": 0.46502057613168724,
        "f1-score": 0.4482694197463261,
        "support": 729.0
    },
    "accuracy": 0.46502057613168724
}