{
    "10": {
        "precision": 0.875,
        "recall": 0.5185185185185185,
        "f1-score": 0.6511627906976745,
        "support": 81.0
    },
    "11": {
        "precision": 1.0,
        "recall": 0.6172839506172839,
        "f1-score": 0.7633587786259542,
        "support": 81.0
    },
    "12": {
        "precision": 0.7272727272727273,
        "recall": 0.8888888888888888,
        "f1-score": 0.8,
        "support": 81.0
    },
    "13": {
        "precision": 0.8135593220338984,
        "recall": 0.5925925925925926,
        "f1-score": 0.6857142857142857,
        "support": 81.0
    },
    "14": {
        "precision": 0.0,
        "recall": 0.0,
        "f1-score": 0.0,
        "support": 81.0
    },
    "15": {
        "precision": 0.03296703296703297,
        "recall": 0.037037037037037035,
        "f1-score": 0.03488372093023256,
        "support": 81.0
    },
    "16": {
        "precision": 0.17647058823529413,
        "recall": 0.25925925925925924,
        "f1-score": 0.21,
        "support": 81.0
    },
    "17": {
        "precision": 0.0,
        "recall": 0.0,
        "f1-score": 0.0,
        "support": 81.0
    },
    "18": {
        "precision": 0.0,
        "recall": 0.0,
        "f1-score": 0.0,
        "support": 81.0
    },
    "micro avg": {
        "precision": 0.4777327935222672,
        "recall": 0.32373113854595337,
        "f1-score": 0.3859362224039248,
        "support": 729.0
    },
    "macro avg": {
        "precision": 0.4028077411676614,
        "recall": 0.32373113854595337,
        "f1-score": 0.34945773066312746,
        "support": 729.0
    },
    "weighted avg": {
        "precision": 0.4028077411676614,
        "recall": 0.32373113854595337,
        "f1-score": 0.3494577306631274,
        "support": 729.0
    },
    "accuracy": 0.32373113854595337
}