{
    "1": {
        "precision": 1.0,
        "recall": 1.0,
        "f1-score": 1.0,
        "support": 81.0
    },
    "2": {
        "precision": 0.9878048780487805,
        "recall": 1.0,
        "f1-score": 0.9938650306748467,
        "support": 81.0
    },
    "3": {
        "precision": 0.7017543859649122,
        "recall": 0.9876543209876543,
        "f1-score": 0.8205128205128205,
        "support": 81.0
    },
    "4": {
        "precision": 0.3673469387755102,
        "recall": 0.8888888888888888,
        "f1-score": 0.51985559566787,
        "support": 81.0
    },
    "5": {
        "precision": 0.5813953488372093,
        "recall": 0.6172839506172839,
        "f1-score": 0.5988023952095808,
        "support": 81.0
    },
    "6": {
        "precision": 0.5081967213114754,
        "recall": 0.38271604938271603,
        "f1-score": 0.43661971830985913,
        "support": 81.0
    },
    "7": {
        "precision": 0.5454545454545454,
        "recall": 0.2222222222222222,
        "f1-score": 0.3157894736842105,
        "support": 81.0
    },
    "8": {
        "precision": 0.5526315789473685,
        "recall": 0.25925925925925924,
        "f1-score": 0.35294117647058826,
        "support": 81.0
    },
    "9": {
        "precision": 0.6,
        "recall": 0.1111111111111111,
        "f1-score": 0.1875,
        "support": 81.0
    },
    "micro avg": {
        "precision": 0.6274787535410765,
        "recall": 0.607681755829904,
        "f1-score": 0.6174216027874564,
        "support": 729.0
    },
    "macro avg": {
        "precision": 0.649398266371089,
        "recall": 0.6076817558299039,
        "f1-score": 0.5806540233921973,
        "support": 729.0
    },
    "weighted avg": {
        "precision": 0.6493982663710891,
        "recall": 0.607681755829904,
        "f1-score": 0.5806540233921973,
        "support": 729.0
    },
    "accuracy": 0.607681755829904
}