{
    "10": {
        "precision": 0.02631578947368421,
        "recall": 0.037037037037037035,
        "f1-score": 0.03076923076923077,
        "support": 81.0
    },
    "11": {
        "precision": 0.0,
        "recall": 0.0,
        "f1-score": 0.0,
        "support": 81.0
    },
    "12": {
        "precision": 0.5050505050505051,
        "recall": 0.6172839506172839,
        "f1-score": 0.5555555555555556,
        "support": 81.0
    },
    "13": {
        "precision": 0.5079365079365079,
        "recall": 0.3950617283950617,
        "f1-score": 0.4444444444444444,
        "support": 81.0
    },
    "14": {
        "precision": 0.5050505050505051,
        "recall": 0.6172839506172839,
        "f1-score": 0.5555555555555556,
        "support": 81.0
    },
    "15": {
        "precision": 0.6226415094339622,
        "recall": 0.4074074074074074,
        "f1-score": 0.4925373134328358,
        "support": 81.0
    },
    "16": {
        "precision": 0.8461538461538461,
        "recall": 0.13580246913580246,
        "f1-score": 0.23404255319148937,
        "support": 81.0
    },
    "17": {
        "precision": 0.0,
        "recall": 0.0,
        "f1-score": 0.0,
        "support": 81.0
    },
    "18": {
        "precision": 0.0,
        "recall": 0.0,
        "f1-score": 0.0,
        "support": 81.0
    },
    "micro avg": {
        "precision": 0.40589569160997735,
        "recall": 0.24554183813443073,
        "f1-score": 0.305982905982906,
        "support": 729.0
    },
    "macro avg": {
        "precision": 0.33479429589989007,
        "recall": 0.24554183813443073,
        "f1-score": 0.2569894058832346,
        "support": 729.0
    },
    "weighted avg": {
        "precision": 0.3347942958998901,
        "recall": 0.24554183813443073,
        "f1-score": 0.2569894058832346,
        "support": 729.0
    },
    "accuracy": 0.24554183813443073
}