{
    "1": {
        "precision": 0.3333333333333333,
        "recall": 1.0,
        "f1-score": 0.5,
        "support": 81.0
    },
    "2": {
        "precision": 0.0,
        "recall": 0.0,
        "f1-score": 0.0,
        "support": 162.0
    },
    "3": {
        "precision": 0.00625,
        "recall": 0.00823045267489712,
        "f1-score": 0.007104795737122558,
        "support": 243.0
    },
    "4": {
        "precision": 0.015584415584415584,
        "recall": 0.018518518518518517,
        "f1-score": 0.01692524682651622,
        "support": 324.0
    },
    "5": {
        "precision": 0.055674518201284794,
        "recall": 0.06419753086419754,
        "f1-score": 0.05963302752293578,
        "support": 405.0
    },
    "6": {
        "precision": 0.07445008460236886,
        "recall": 0.09053497942386832,
        "f1-score": 0.08170844939647168,
        "support": 486.0
    },
    "7": {
        "precision": 0.030165912518853696,
        "recall": 0.03527336860670194,
        "f1-score": 0.032520325203252036,
        "support": 567.0
    },
    "8": {
        "precision": 0.00816326530612245,
        "recall": 0.009259259259259259,
        "f1-score": 0.008676789587852495,
        "support": 648.0
    },
    "9": {
        "precision": 0.0,
        "recall": 0.0,
        "f1-score": 0.0,
        "support": 729.0
    },
    "accuracy": 0.05075445816186557,
    "macro avg": {
        "precision": 0.05818016994959763,
        "recall": 0.13622378992749365,
        "f1-score": 0.0785076260304612,
        "support": 3645.0
    },
    "weighted avg": {
        "precision": 0.031465813430501956,
        "recall": 0.05075445816186557,
        "f1-score": 0.03721084003636724,
        "support": 3645.0
    }
}