{
    "10": {
        "precision": 0.35714285714285715,
        "recall": 0.5555555555555556,
        "f1-score": 0.43478260869565216,
        "support": 81.0
    },
    "11": {
        "precision": 0.043478260869565216,
        "recall": 0.024691358024691357,
        "f1-score": 0.031496062992125984,
        "support": 81.0
    },
    "12": {
        "precision": 0.7142857142857143,
        "recall": 0.43209876543209874,
        "f1-score": 0.5384615384615384,
        "support": 81.0
    },
    "13": {
        "precision": 0.9846153846153847,
        "recall": 0.7901234567901234,
        "f1-score": 0.8767123287671232,
        "support": 81.0
    },
    "14": {
        "precision": 0.948051948051948,
        "recall": 0.9012345679012346,
        "f1-score": 0.9240506329113924,
        "support": 81.0
    },
    "15": {
        "precision": 0.875,
        "recall": 0.7777777777777778,
        "f1-score": 0.8235294117647058,
        "support": 81.0
    },
    "16": {
        "precision": 0.575,
        "recall": 0.2839506172839506,
        "f1-score": 0.38016528925619836,
        "support": 81.0
    },
    "17": {
        "precision": 0.06,
        "recall": 0.037037037037037035,
        "f1-score": 0.04580152671755725,
        "support": 81.0
    },
    "18": {
        "precision": 0.0,
        "recall": 0.0,
        "f1-score": 0.0,
        "support": 81.0
    },
    "micro avg": {
        "precision": 0.5490196078431373,
        "recall": 0.4224965706447188,
        "f1-score": 0.47751937984496123,
        "support": 729.0
    },
    "macro avg": {
        "precision": 0.5063971294406078,
        "recall": 0.4224965706447188,
        "f1-score": 0.4505554888406993,
        "support": 729.0
    },
    "weighted avg": {
        "precision": 0.5063971294406078,
        "recall": 0.4224965706447188,
        "f1-score": 0.4505554888406993,
        "support": 729.0
    },
    "accuracy": 0.4224965706447188
}