{
    "10": {
        "precision": 0.9493670886075949,
        "recall": 0.9259259259259259,
        "f1-score": 0.9375,
        "support": 81.0
    },
    "11": {
        "precision": 0.0,
        "recall": 0.0,
        "f1-score": 0.0,
        "support": 81.0
    },
    "12": {
        "precision": 0.07317073170731707,
        "recall": 0.07407407407407407,
        "f1-score": 0.0736196319018405,
        "support": 81.0
    },
    "13": {
        "precision": 0.0,
        "recall": 0.0,
        "f1-score": 0.0,
        "support": 81.0
    },
    "14": {
        "precision": 0.0,
        "recall": 0.0,
        "f1-score": 0.0,
        "support": 81.0
    },
    "15": {
        "precision": 0.008849557522123894,
        "recall": 0.012345679012345678,
        "f1-score": 0.010309278350515464,
        "support": 81.0
    },
    "16": {
        "precision": 0.28217821782178215,
        "recall": 0.7037037037037037,
        "f1-score": 0.4028268551236749,
        "support": 81.0
    },
    "17": {
        "precision": 0.0,
        "recall": 0.0,
        "f1-score": 0.0,
        "support": 81.0
    },
    "18": {
        "precision": 0.2127659574468085,
        "recall": 0.24691358024691357,
        "f1-score": 0.22857142857142856,
        "support": 81.0
    },
    "micro avg": {
        "precision": 0.2434915773353752,
        "recall": 0.21810699588477367,
        "f1-score": 0.2301013024602026,
        "support": 729.0
    },
    "macro avg": {
        "precision": 0.16959239478951407,
        "recall": 0.21810699588477367,
        "f1-score": 0.18364746599416215,
        "support": 729.0
    },
    "weighted avg": {
        "precision": 0.16959239478951407,
        "recall": 0.21810699588477367,
        "f1-score": 0.18364746599416215,
        "support": 729.0
    },
    "accuracy": 0.21810699588477367
}