{
    "10": {
        "precision": 0.4491525423728814,
        "recall": 0.654320987654321,
        "f1-score": 0.5326633165829145,
        "support": 81.0
    },
    "11": {
        "precision": 0.0,
        "recall": 0.0,
        "f1-score": 0.0,
        "support": 81.0
    },
    "12": {
        "precision": 0.36046511627906974,
        "recall": 0.38271604938271603,
        "f1-score": 0.3712574850299401,
        "support": 81.0
    },
    "13": {
        "precision": 0.5,
        "recall": 0.08641975308641975,
        "f1-score": 0.14736842105263157,
        "support": 81.0
    },
    "14": {
        "precision": 0.0,
        "recall": 0.0,
        "f1-score": 0.0,
        "support": 81.0
    },
    "15": {
        "precision": 0.19305019305019305,
        "recall": 0.6172839506172839,
        "f1-score": 0.29411764705882354,
        "support": 81.0
    },
    "16": {
        "precision": 0.4117647058823529,
        "recall": 0.1728395061728395,
        "f1-score": 0.24347826086956523,
        "support": 81.0
    },
    "17": {
        "precision": 0.2923076923076923,
        "recall": 0.2345679012345679,
        "f1-score": 0.2602739726027397,
        "support": 81.0
    },
    "18": {
        "precision": 0.37719298245614036,
        "recall": 0.5308641975308642,
        "f1-score": 0.441025641025641,
        "support": 81.0
    },
    "micro avg": {
        "precision": 0.31313131313131315,
        "recall": 0.29766803840877915,
        "f1-score": 0.30520393811533053,
        "support": 729.0
    },
    "macro avg": {
        "precision": 0.28710369248314777,
        "recall": 0.29766803840877915,
        "f1-score": 0.2544649715802506,
        "support": 729.0
    },
    "weighted avg": {
        "precision": 0.28710369248314777,
        "recall": 0.29766803840877915,
        "f1-score": 0.2544649715802506,
        "support": 729.0
    },
    "accuracy": 0.29766803840877915
}