{
    "10": {
        "precision": 0.609375,
        "recall": 0.48148148148148145,
        "f1-score": 0.5379310344827586,
        "support": 81.0
    },
    "11": {
        "precision": 0.5853658536585366,
        "recall": 0.2962962962962963,
        "f1-score": 0.39344262295081966,
        "support": 81.0
    },
    "12": {
        "precision": 0.4811320754716981,
        "recall": 0.6296296296296297,
        "f1-score": 0.5454545454545454,
        "support": 81.0
    },
    "13": {
        "precision": 0.6236559139784946,
        "recall": 0.7160493827160493,
        "f1-score": 0.6666666666666666,
        "support": 81.0
    },
    "14": {
        "precision": 0.734375,
        "recall": 0.5802469135802469,
        "f1-score": 0.6482758620689655,
        "support": 81.0
    },
    "15": {
        "precision": 0.5975609756097561,
        "recall": 0.6049382716049383,
        "f1-score": 0.6012269938650306,
        "support": 81.0
    },
    "16": {
        "precision": 0.576271186440678,
        "recall": 0.41975308641975306,
        "f1-score": 0.4857142857142857,
        "support": 81.0
    },
    "17": {
        "precision": 0.4176470588235294,
        "recall": 0.8765432098765432,
        "f1-score": 0.5657370517928287,
        "support": 81.0
    },
    "18": {
        "precision": 1.0,
        "recall": 0.09876543209876543,
        "f1-score": 0.1797752808988764,
        "support": 81.0
    },
    "micro avg": {
        "precision": 0.5545851528384279,
        "recall": 0.522633744855967,
        "f1-score": 0.538135593220339,
        "support": 729.0
    },
    "macro avg": {
        "precision": 0.6250425626647437,
        "recall": 0.5226337448559671,
        "f1-score": 0.5138027048771975,
        "support": 729.0
    },
    "weighted avg": {
        "precision": 0.6250425626647437,
        "recall": 0.522633744855967,
        "f1-score": 0.5138027048771975,
        "support": 729.0
    },
    "accuracy": 0.522633744855967
}