{
    "10": {
        "precision": 0.6732673267326733,
        "recall": 0.8395061728395061,
        "f1-score": 0.7472527472527473,
        "support": 81.0
    },
    "11": {
        "precision": 0.0,
        "recall": 0.0,
        "f1-score": 0.0,
        "support": 81.0
    },
    "12": {
        "precision": 0.23076923076923078,
        "recall": 0.1111111111111111,
        "f1-score": 0.15,
        "support": 81.0
    },
    "13": {
        "precision": 0.2459016393442623,
        "recall": 0.37037037037037035,
        "f1-score": 0.2955665024630542,
        "support": 81.0
    },
    "14": {
        "precision": 0.16666666666666666,
        "recall": 0.012345679012345678,
        "f1-score": 0.022988505747126436,
        "support": 81.0
    },
    "15": {
        "precision": 0.11009174311926606,
        "recall": 0.14814814814814814,
        "f1-score": 0.12631578947368421,
        "support": 81.0
    },
    "16": {
        "precision": 0.0625,
        "recall": 0.012345679012345678,
        "f1-score": 0.020618556701030927,
        "support": 81.0
    },
    "17": {
        "precision": 0.041666666666666664,
        "recall": 0.012345679012345678,
        "f1-score": 0.01904761904761905,
        "support": 81.0
    },
    "18": {
        "precision": 0.0,
        "recall": 0.0,
        "f1-score": 0.0,
        "support": 81.0
    },
    "micro avg": {
        "precision": 0.29256594724220625,
        "recall": 0.1673525377229081,
        "f1-score": 0.21291448516579406,
        "support": 729.0
    },
    "macro avg": {
        "precision": 0.17009591925541842,
        "recall": 0.16735253772290806,
        "f1-score": 0.15353219118725134,
        "support": 729.0
    },
    "weighted avg": {
        "precision": 0.17009591925541842,
        "recall": 0.1673525377229081,
        "f1-score": 0.15353219118725134,
        "support": 729.0
    },
    "accuracy": 0.1673525377229081
}