{
    "1": {
        "precision": 1.0,
        "recall": 1.0,
        "f1-score": 1.0,
        "support": 81.0
    },
    "2": {
        "precision": 1.0,
        "recall": 1.0,
        "f1-score": 1.0,
        "support": 81.0
    },
    "3": {
        "precision": 1.0,
        "recall": 1.0,
        "f1-score": 1.0,
        "support": 81.0
    },
    "4": {
        "precision": 1.0,
        "recall": 1.0,
        "f1-score": 1.0,
        "support": 81.0
    },
    "5": {
        "precision": 1.0,
        "recall": 1.0,
        "f1-score": 1.0,
        "support": 81.0
    },
    "6": {
        "precision": 0.9529411764705882,
        "recall": 1.0,
        "f1-score": 0.9759036144578314,
        "support": 81.0
    },
    "7": {
        "precision": 0.9871794871794872,
        "recall": 0.9506172839506173,
        "f1-score": 0.9685534591194969,
        "support": 81.0
    },
    "8": {
        "precision": 0.9876543209876543,
        "recall": 0.9876543209876543,
        "f1-score": 0.9876543209876543,
        "support": 81.0
    },
    "9": {
        "precision": 1.0,
        "recall": 0.9876543209876543,
        "f1-score": 0.9937888198757764,
        "support": 81.0
    },
    "accuracy": 0.9917695473251029,
    "macro avg": {
        "precision": 0.991974998293081,
        "recall": 0.9917695473251028,
        "f1-score": 0.9917666904934177,
        "support": 729.0
    },
    "weighted avg": {
        "precision": 0.991974998293081,
        "recall": 0.9917695473251029,
        "f1-score": 0.9917666904934176,
        "support": 729.0
    }
}