{
    "1": {
        "precision": 0.9960693228515276,
        "recall": 0.9974950796206835,
        "f1-score": 0.9967816913999642,
        "support": 5589.0
    },
    "2": {
        "precision": 0.9480635373906836,
        "recall": 0.9504383610663804,
        "f1-score": 0.9492494639027877,
        "support": 5589.0
    },
    "3": {
        "precision": 0.8368928368928369,
        "recall": 0.7922705314009661,
        "f1-score": 0.8139705882352941,
        "support": 5589.0
    },
    "4": {
        "precision": 0.6571180555555556,
        "recall": 0.6772231168366434,
        "f1-score": 0.667019120627368,
        "support": 5589.0
    },
    "5": {
        "precision": 0.4779237023139462,
        "recall": 0.6836643406691716,
        "f1-score": 0.5625736160188457,
        "support": 5589.0
    },
    "6": {
        "precision": 0.3459323254139669,
        "recall": 0.5158346752549651,
        "f1-score": 0.41413488472312004,
        "support": 5589.0
    },
    "7": {
        "precision": 0.23957554924525482,
        "recall": 0.2868133834317409,
        "f1-score": 0.2610749185667752,
        "support": 5589.0
    },
    "8": {
        "precision": 0.3331717954930943,
        "recall": 0.2460189658257291,
        "f1-score": 0.2830382873610539,
        "support": 5589.0
    },
    "9": {
        "precision": 0.8043478260869565,
        "recall": 0.03972088030059045,
        "f1-score": 0.07570332480818415,
        "support": 5589.0
    },
    "micro avg": {
        "precision": 0.5838869428674961,
        "recall": 0.5766088149340968,
        "f1-score": 0.5802250562640661,
        "support": 50301.0
    },
    "macro avg": {
        "precision": 0.6265661056937579,
        "recall": 0.5766088149340968,
        "f1-score": 0.5581717661825992,
        "support": 50301.0
    },
    "weighted avg": {
        "precision": 0.626566105693758,
        "recall": 0.5766088149340968,
        "f1-score": 0.5581717661825993,
        "support": 50301.0
    },
    "accuracy": 0.5766088149340968
}