{
    "10": {
        "precision": 0.053763440860215055,
        "recall": 0.06172839506172839,
        "f1-score": 0.05747126436781609,
        "support": 81.0
    },
    "11": {
        "precision": 0.125,
        "recall": 0.012345679012345678,
        "f1-score": 0.02247191011235955,
        "support": 81.0
    },
    "12": {
        "precision": 0.5603448275862069,
        "recall": 0.8024691358024691,
        "f1-score": 0.6598984771573604,
        "support": 81.0
    },
    "13": {
        "precision": 0.6944444444444444,
        "recall": 0.30864197530864196,
        "f1-score": 0.42735042735042733,
        "support": 81.0
    },
    "14": {
        "precision": 0.8148148148148148,
        "recall": 0.5432098765432098,
        "f1-score": 0.6518518518518519,
        "support": 81.0
    },
    "15": {
        "precision": 0.6481481481481481,
        "recall": 0.8641975308641975,
        "f1-score": 0.7407407407407407,
        "support": 81.0
    },
    "16": {
        "precision": 1.0,
        "recall": 0.024691358024691357,
        "f1-score": 0.04819277108433735,
        "support": 81.0
    },
    "17": {
        "precision": 0.06818181818181818,
        "recall": 0.037037037037037035,
        "f1-score": 0.048,
        "support": 81.0
    },
    "18": {
        "precision": 0.0,
        "recall": 0.0,
        "f1-score": 0.0,
        "support": 81.0
    },
    "micro avg": {
        "precision": 0.4334677419354839,
        "recall": 0.29492455418381347,
        "f1-score": 0.3510204081632653,
        "support": 729.0
    },
    "macro avg": {
        "precision": 0.4405219437817386,
        "recall": 0.29492455418381347,
        "f1-score": 0.2951086047405437,
        "support": 729.0
    },
    "weighted avg": {
        "precision": 0.4405219437817386,
        "recall": 0.29492455418381347,
        "f1-score": 0.29510860474054373,
        "support": 729.0
    },
    "accuracy": 0.29492455418381347
}