{
    "1": {
        "precision": 0.9310344827586207,
        "recall": 1.0,
        "f1-score": 0.9642857142857143,
        "support": 81.0
    },
    "2": {
        "precision": 0.4574780058651026,
        "recall": 0.9629629629629629,
        "f1-score": 0.6202783300198808,
        "support": 162.0
    },
    "3": {
        "precision": 0.1518324607329843,
        "recall": 0.23868312757201646,
        "f1-score": 0.1856,
        "support": 243.0
    },
    "4": {
        "precision": 0.0,
        "recall": 0.0,
        "f1-score": 0.0,
        "support": 324.0
    },
    "5": {
        "precision": 0.0,
        "recall": 0.0,
        "f1-score": 0.0,
        "support": 405.0
    },
    "6": {
        "precision": 0.0,
        "recall": 0.0,
        "f1-score": 0.0,
        "support": 486.0
    },
    "7": {
        "precision": 0.0,
        "recall": 0.0,
        "f1-score": 0.0,
        "support": 567.0
    },
    "8": {
        "precision": 0.0,
        "recall": 0.0,
        "f1-score": 0.0,
        "support": 648.0
    },
    "9": {
        "precision": 0.0,
        "recall": 0.0,
        "f1-score": 0.0,
        "support": 729.0
    },
    "accuracy": 0.08093278463648834,
    "macro avg": {
        "precision": 0.17114943881741196,
        "recall": 0.24462734339277548,
        "f1-score": 0.1966848938117328,
        "support": 3645.0
    },
    "weighted avg": {
        "precision": 0.05114417503750619,
        "recall": 0.08093278463648834,
        "f1-score": 0.061369830540566134,
        "support": 3645.0
    }
}