{
    "10": {
        "precision": 0.9322033898305084,
        "recall": 0.6790123456790124,
        "f1-score": 0.7857142857142857,
        "support": 81.0
    },
    "11": {
        "precision": 0.9473684210526315,
        "recall": 0.6666666666666666,
        "f1-score": 0.782608695652174,
        "support": 81.0
    },
    "12": {
        "precision": 0.7125,
        "recall": 0.7037037037037037,
        "f1-score": 0.7080745341614907,
        "support": 81.0
    },
    "13": {
        "precision": 0.6190476190476191,
        "recall": 0.48148148148148145,
        "f1-score": 0.5416666666666666,
        "support": 81.0
    },
    "14": {
        "precision": 0.0,
        "recall": 0.0,
        "f1-score": 0.0,
        "support": 81.0
    },
    "15": {
        "precision": 0.009523809523809525,
        "recall": 0.012345679012345678,
        "f1-score": 0.010752688172043012,
        "support": 81.0
    },
    "16": {
        "precision": 0.07766990291262135,
        "recall": 0.09876543209876543,
        "f1-score": 0.08695652173913043,
        "support": 81.0
    },
    "17": {
        "precision": 0.0,
        "recall": 0.0,
        "f1-score": 0.0,
        "support": 81.0
    },
    "18": {
        "precision": 0.0,
        "recall": 0.0,
        "f1-score": 0.0,
        "support": 81.0
    },
    "micro avg": {
        "precision": 0.4385245901639344,
        "recall": 0.2935528120713306,
        "f1-score": 0.35168447000821695,
        "support": 729.0
    },
    "macro avg": {
        "precision": 0.36647923804079885,
        "recall": 0.29355281207133055,
        "f1-score": 0.32397482134508787,
        "support": 729.0
    },
    "weighted avg": {
        "precision": 0.3664792380407989,
        "recall": 0.2935528120713306,
        "f1-score": 0.3239748213450878,
        "support": 729.0
    },
    "accuracy": 0.2935528120713306
}