{
    "1": {
        "precision": 1.0,
        "recall": 1.0,
        "f1-score": 1.0,
        "support": 81.0
    },
    "2": {
        "precision": 1.0,
        "recall": 1.0,
        "f1-score": 1.0,
        "support": 81.0
    },
    "3": {
        "precision": 1.0,
        "recall": 1.0,
        "f1-score": 1.0,
        "support": 81.0
    },
    "4": {
        "precision": 0.9759036144578314,
        "recall": 1.0,
        "f1-score": 0.9878048780487805,
        "support": 81.0
    },
    "5": {
        "precision": 0.9634146341463414,
        "recall": 0.9753086419753086,
        "f1-score": 0.9693251533742331,
        "support": 81.0
    },
    "6": {
        "precision": 0.9397590361445783,
        "recall": 0.9629629629629629,
        "f1-score": 0.9512195121951219,
        "support": 81.0
    },
    "7": {
        "precision": 0.926829268292683,
        "recall": 0.9382716049382716,
        "f1-score": 0.9325153374233128,
        "support": 81.0
    },
    "8": {
        "precision": 0.9615384615384616,
        "recall": 0.9259259259259259,
        "f1-score": 0.9433962264150944,
        "support": 81.0
    },
    "9": {
        "precision": 1.0,
        "recall": 0.9629629629629629,
        "f1-score": 0.9811320754716981,
        "support": 81.0
    },
    "accuracy": 0.9739368998628258,
    "macro avg": {
        "precision": 0.9741605571755438,
        "recall": 0.9739368998628257,
        "f1-score": 0.9739325758809156,
        "support": 729.0
    },
    "weighted avg": {
        "precision": 0.9741605571755441,
        "recall": 0.9739368998628258,
        "f1-score": 0.9739325758809156,
        "support": 729.0
    }
}