{
    "1": {
        "precision": 0.998570662855101,
        "recall": 1.0,
        "f1-score": 0.9992848203111032,
        "support": 5589.0
    },
    "2": {
        "precision": 0.9964292090698089,
        "recall": 0.9985686169261049,
        "f1-score": 0.9974977658623772,
        "support": 5589.0
    },
    "3": {
        "precision": 0.9987448448986911,
        "recall": 0.996600465199499,
        "f1-score": 0.9976715027762851,
        "support": 5589.0
    },
    "4": {
        "precision": 0.9985686169261049,
        "recall": 0.9985686169261049,
        "f1-score": 0.9985686169261049,
        "support": 5589.0
    },
    "5": {
        "precision": 0.9971408148677627,
        "recall": 0.998389694041868,
        "f1-score": 0.997764863656683,
        "support": 5589.0
    },
    "6": {
        "precision": 0.9974941829246465,
        "recall": 0.9971372338522096,
        "f1-score": 0.9973156764495347,
        "support": 5589.0
    },
    "7": {
        "precision": 0.9948232774009282,
        "recall": 0.9971372338522096,
        "f1-score": 0.9959789116254133,
        "support": 5589.0
    },
    "8": {
        "precision": 0.9891304347826086,
        "recall": 0.993200930398998,
        "f1-score": 0.9911615034371931,
        "support": 5589.0
    },
    "9": {
        "precision": 0.998374571067365,
        "recall": 0.9890857040615495,
        "f1-score": 0.9937084307028582,
        "support": 5589.0
    },
    "micro avg": {
        "precision": 0.9965803809296593,
        "recall": 0.9965209439176159,
        "f1-score": 0.996550661537391,
        "support": 50301.0
    },
    "macro avg": {
        "precision": 0.9965862905325574,
        "recall": 0.9965209439176159,
        "f1-score": 0.9965502324163948,
        "support": 50301.0
    },
    "weighted avg": {
        "precision": 0.9965862905325574,
        "recall": 0.9965209439176159,
        "f1-score": 0.9965502324163947,
        "support": 50301.0
    },
    "accuracy": 0.9965209439176159
}