{
    "10": {
        "precision": 0.0,
        "recall": 0.0,
        "f1-score": 0.0,
        "support": 81.0
    },
    "11": {
        "precision": 0.0,
        "recall": 0.0,
        "f1-score": 0.0,
        "support": 81.0
    },
    "12": {
        "precision": 0.6428571428571429,
        "recall": 0.2222222222222222,
        "f1-score": 0.3302752293577982,
        "support": 81.0
    },
    "13": {
        "precision": 0.896551724137931,
        "recall": 0.32098765432098764,
        "f1-score": 0.4727272727272727,
        "support": 81.0
    },
    "14": {
        "precision": 0.3880597014925373,
        "recall": 0.32098765432098764,
        "f1-score": 0.35135135135135137,
        "support": 81.0
    },
    "15": {
        "precision": 0.3291139240506329,
        "recall": 0.32098765432098764,
        "f1-score": 0.325,
        "support": 81.0
    },
    "16": {
        "precision": 0.4105263157894737,
        "recall": 0.48148148148148145,
        "f1-score": 0.4431818181818182,
        "support": 81.0
    },
    "17": {
        "precision": 0.0,
        "recall": 0.0,
        "f1-score": 0.0,
        "support": 81.0
    },
    "18": {
        "precision": 0.24183006535947713,
        "recall": 0.4567901234567901,
        "f1-score": 0.3162393162393162,
        "support": 81.0
    },
    "micro avg": {
        "precision": 0.29965156794425085,
        "recall": 0.23593964334705075,
        "f1-score": 0.2640061396776669,
        "support": 729.0
    },
    "macro avg": {
        "precision": 0.3232154304096883,
        "recall": 0.23593964334705073,
        "f1-score": 0.24875277642861743,
        "support": 729.0
    },
    "weighted avg": {
        "precision": 0.3232154304096883,
        "recall": 0.23593964334705075,
        "f1-score": 0.24875277642861737,
        "support": 729.0
    },
    "accuracy": 0.23593964334705075
}