{
    "1": {
        "precision": 1.0,
        "recall": 1.0,
        "f1-score": 1.0,
        "support": 81.0
    },
    "2": {
        "precision": 1.0,
        "recall": 1.0,
        "f1-score": 1.0,
        "support": 81.0
    },
    "3": {
        "precision": 1.0,
        "recall": 1.0,
        "f1-score": 1.0,
        "support": 81.0
    },
    "4": {
        "precision": 1.0,
        "recall": 1.0,
        "f1-score": 1.0,
        "support": 81.0
    },
    "5": {
        "precision": 1.0,
        "recall": 1.0,
        "f1-score": 1.0,
        "support": 81.0
    },
    "6": {
        "precision": 1.0,
        "recall": 1.0,
        "f1-score": 1.0,
        "support": 81.0
    },
    "7": {
        "precision": 1.0,
        "recall": 1.0,
        "f1-score": 1.0,
        "support": 81.0
    },
    "8": {
        "precision": 0.9759036144578314,
        "recall": 1.0,
        "f1-score": 0.9878048780487805,
        "support": 81.0
    },
    "9": {
        "precision": 1.0,
        "recall": 0.9753086419753086,
        "f1-score": 0.9875,
        "support": 81.0
    },
    "accuracy": 0.9972565157750343,
    "macro avg": {
        "precision": 0.9973226238286479,
        "recall": 0.9972565157750343,
        "f1-score": 0.9972560975609758,
        "support": 729.0
    },
    "weighted avg": {
        "precision": 0.997322623828648,
        "recall": 0.9972565157750343,
        "f1-score": 0.9972560975609756,
        "support": 729.0
    }
}