{
    "10": {
        "precision": 0.36231884057971014,
        "recall": 0.9259259259259259,
        "f1-score": 0.5208333333333334,
        "support": 81.0
    },
    "11": {
        "precision": 0.07177033492822966,
        "recall": 0.18518518518518517,
        "f1-score": 0.10344827586206896,
        "support": 81.0
    },
    "12": {
        "precision": 0.15517241379310345,
        "recall": 0.1111111111111111,
        "f1-score": 0.12949640287769784,
        "support": 81.0
    },
    "13": {
        "precision": 0.056451612903225805,
        "recall": 0.08641975308641975,
        "f1-score": 0.06829268292682927,
        "support": 81.0
    },
    "14": {
        "precision": 0.0,
        "recall": 0.0,
        "f1-score": 0.0,
        "support": 81.0
    },
    "15": {
        "precision": 0.045454545454545456,
        "recall": 0.012345679012345678,
        "f1-score": 0.019417475728155338,
        "support": 81.0
    },
    "16": {
        "precision": 0.02,
        "recall": 0.012345679012345678,
        "f1-score": 0.015267175572519083,
        "support": 81.0
    },
    "17": {
        "precision": 0.0,
        "recall": 0.0,
        "f1-score": 0.0,
        "support": 81.0
    },
    "18": {
        "precision": 1.0,
        "recall": 0.08641975308641975,
        "f1-score": 0.1590909090909091,
        "support": 81.0
    },
    "micro avg": {
        "precision": 0.15950069348127602,
        "recall": 0.15775034293552812,
        "f1-score": 0.15862068965517243,
        "support": 729.0
    },
    "macro avg": {
        "precision": 0.1901297497398683,
        "recall": 0.15775034293552814,
        "f1-score": 0.11287180615461256,
        "support": 729.0
    },
    "weighted avg": {
        "precision": 0.19012974973986832,
        "recall": 0.15775034293552812,
        "f1-score": 0.11287180615461256,
        "support": 729.0
    },
    "accuracy": 0.15775034293552812
}