{
    "10": {
        "precision": 0.08695652173913043,
        "recall": 0.09876543209876543,
        "f1-score": 0.09248554913294797,
        "support": 81.0
    },
    "11": {
        "precision": 0.0,
        "recall": 0.0,
        "f1-score": 0.0,
        "support": 81.0
    },
    "12": {
        "precision": 0.6634615384615384,
        "recall": 0.8518518518518519,
        "f1-score": 0.745945945945946,
        "support": 81.0
    },
    "13": {
        "precision": 0.8125,
        "recall": 0.48148148148148145,
        "f1-score": 0.6046511627906976,
        "support": 81.0
    },
    "14": {
        "precision": 0.6888888888888889,
        "recall": 0.38271604938271603,
        "f1-score": 0.49206349206349204,
        "support": 81.0
    },
    "15": {
        "precision": 0.5488721804511278,
        "recall": 0.9012345679012346,
        "f1-score": 0.6822429906542056,
        "support": 81.0
    },
    "16": {
        "precision": 0.0,
        "recall": 0.0,
        "f1-score": 0.0,
        "support": 81.0
    },
    "17": {
        "precision": 0.125,
        "recall": 0.037037037037037035,
        "f1-score": 0.05714285714285714,
        "support": 81.0
    },
    "18": {
        "precision": 0.023809523809523808,
        "recall": 0.012345679012345678,
        "f1-score": 0.016260162601626018,
        "support": 81.0
    },
    "micro avg": {
        "precision": 0.4543610547667343,
        "recall": 0.30727023319615915,
        "f1-score": 0.36661211129296234,
        "support": 729.0
    },
    "macro avg": {
        "precision": 0.32772096148335655,
        "recall": 0.3072702331961591,
        "f1-score": 0.2989769067035303,
        "support": 729.0
    },
    "weighted avg": {
        "precision": 0.3277209614833566,
        "recall": 0.30727023319615915,
        "f1-score": 0.2989769067035303,
        "support": 729.0
    },
    "accuracy": 0.30727023319615915
}