{
    "1": {
        "precision": 1.0,
        "recall": 1.0,
        "f1-score": 1.0,
        "support": 5589.0
    },
    "2": {
        "precision": 0.9973050664750269,
        "recall": 0.993200930398998,
        "f1-score": 0.9952487673688929,
        "support": 5589.0
    },
    "3": {
        "precision": 0.9868823000898472,
        "recall": 0.9826444802290213,
        "f1-score": 0.984758830912677,
        "support": 5589.0
    },
    "4": {
        "precision": 0.9635909334285204,
        "recall": 0.9660046519949902,
        "f1-score": 0.9647962830593281,
        "support": 5589.0
    },
    "5": {
        "precision": 0.943061149761992,
        "recall": 0.9216317767042405,
        "f1-score": 0.9322233282055923,
        "support": 5589.0
    },
    "6": {
        "precision": 0.8625992063492064,
        "recall": 0.9334406870638755,
        "f1-score": 0.8966228409383862,
        "support": 5589.0
    },
    "7": {
        "precision": 0.8303267528931245,
        "recall": 0.8729647521918054,
        "f1-score": 0.8511120802442216,
        "support": 5589.0
    },
    "8": {
        "precision": 0.7796349991471943,
        "recall": 0.817856503846842,
        "f1-score": 0.7982885085574573,
        "support": 5589.0
    },
    "9": {
        "precision": 0.9498836963417213,
        "recall": 0.8037215959921274,
        "f1-score": 0.8707113781740647,
        "support": 5589.0
    },
    "accuracy": 0.9212739309357667,
    "macro avg": {
        "precision": 0.9236982338318482,
        "recall": 0.9212739309357667,
        "f1-score": 0.92152911305118,
        "support": 50301.0
    },
    "weighted avg": {
        "precision": 0.923698233831848,
        "recall": 0.9212739309357667,
        "f1-score": 0.92152911305118,
        "support": 50301.0
    }
}