{
    "10": {
        "precision": 0.34285714285714286,
        "recall": 0.2962962962962963,
        "f1-score": 0.31788079470198677,
        "support": 81.0
    },
    "11": {
        "precision": 1.0,
        "recall": 0.07407407407407407,
        "f1-score": 0.13793103448275862,
        "support": 81.0
    },
    "12": {
        "precision": 0.4918032786885246,
        "recall": 0.37037037037037035,
        "f1-score": 0.4225352112676056,
        "support": 81.0
    },
    "13": {
        "precision": 0.2835820895522388,
        "recall": 0.2345679012345679,
        "f1-score": 0.25675675675675674,
        "support": 81.0
    },
    "14": {
        "precision": 0.06896551724137931,
        "recall": 0.024691358024691357,
        "f1-score": 0.03636363636363636,
        "support": 81.0
    },
    "15": {
        "precision": 0.0,
        "recall": 0.0,
        "f1-score": 0.0,
        "support": 81.0
    },
    "16": {
        "precision": 0.0,
        "recall": 0.0,
        "f1-score": 0.0,
        "support": 81.0
    },
    "17": {
        "precision": 0.0,
        "recall": 0.0,
        "f1-score": 0.0,
        "support": 81.0
    },
    "18": {
        "precision": 0.0,
        "recall": 0.0,
        "f1-score": 0.0,
        "support": 81.0
    },
    "micro avg": {
        "precision": 0.22252747252747251,
        "recall": 0.1111111111111111,
        "f1-score": 0.14821591948764867,
        "support": 729.0
    },
    "macro avg": {
        "precision": 0.24302311425992068,
        "recall": 0.1111111111111111,
        "f1-score": 0.13016304817474933,
        "support": 729.0
    },
    "weighted avg": {
        "precision": 0.2430231142599206,
        "recall": 0.1111111111111111,
        "f1-score": 0.13016304817474936,
        "support": 729.0
    },
    "accuracy": 0.1111111111111111
}