{
    "1": {
        "precision": 0.9571771154504968,
        "recall": 0.9998210771157631,
        "f1-score": 0.9780344797409644,
        "support": 5589.0
    },
    "2": {
        "precision": 0.9642541143160502,
        "recall": 0.9749507962068349,
        "f1-score": 0.9695729537366548,
        "support": 5589.0
    },
    "3": {
        "precision": 0.9674243780204045,
        "recall": 0.9670781893004116,
        "f1-score": 0.9672512526843235,
        "support": 5589.0
    },
    "4": {
        "precision": 0.968817591925018,
        "recall": 0.9617105027733047,
        "f1-score": 0.9652509652509652,
        "support": 5589.0
    },
    "5": {
        "precision": 0.9699153305710683,
        "recall": 0.9633208087314368,
        "f1-score": 0.9666068222621185,
        "support": 5589.0
    },
    "6": {
        "precision": 0.9760446685878963,
        "recall": 0.969583109679728,
        "f1-score": 0.9728031595009424,
        "support": 5589.0
    },
    "7": {
        "precision": 0.9799711295561169,
        "recall": 0.9717301842905708,
        "f1-score": 0.9758332584673435,
        "support": 5589.0
    },
    "8": {
        "precision": 0.9763610315186246,
        "recall": 0.9754875648595456,
        "f1-score": 0.9759241027476954,
        "support": 5589.0
    },
    "9": {
        "precision": 0.9990796981409903,
        "recall": 0.9711934156378601,
        "f1-score": 0.9849392124841226,
        "support": 5589.0
    },
    "micro avg": {
        "precision": 0.9730541303742593,
        "recall": 0.9727639609550506,
        "f1-score": 0.9729090240289501,
        "support": 50301.0
    },
    "macro avg": {
        "precision": 0.9732272286762963,
        "recall": 0.9727639609550506,
        "f1-score": 0.9729129118750145,
        "support": 50301.0
    },
    "weighted avg": {
        "precision": 0.9732272286762963,
        "recall": 0.9727639609550506,
        "f1-score": 0.9729129118750144,
        "support": 50301.0
    },
    "accuracy": 0.9727639609550506
}