{
    "1": {
        "precision": 0.3333333333333333,
        "recall": 1.0,
        "f1-score": 0.5,
        "support": 81.0
    },
    "2": {
        "precision": 0.0,
        "recall": 0.0,
        "f1-score": 0.0,
        "support": 162.0
    },
    "3": {
        "precision": 0.0,
        "recall": 0.0,
        "f1-score": 0.0,
        "support": 243.0
    },
    "4": {
        "precision": 0.005141388174807198,
        "recall": 0.006172839506172839,
        "f1-score": 0.005610098176718092,
        "support": 324.0
    },
    "5": {
        "precision": 0.04072398190045249,
        "recall": 0.044444444444444446,
        "f1-score": 0.04250295159386069,
        "support": 405.0
    },
    "6": {
        "precision": 0.10032362459546926,
        "recall": 0.12757201646090535,
        "f1-score": 0.11231884057971014,
        "support": 486.0
    },
    "7": {
        "precision": 0.01687116564417178,
        "recall": 0.019400352733686066,
        "f1-score": 0.01804757998359311,
        "support": 567.0
    },
    "8": {
        "precision": 0.009510869565217392,
        "recall": 0.010802469135802469,
        "f1-score": 0.010115606936416185,
        "support": 648.0
    },
    "9": {
        "precision": 0.0,
        "recall": 0.0,
        "f1-score": 0.0,
        "support": 729.0
    },
    "accuracy": 0.049657064471879286,
    "macro avg": {
        "precision": 0.056211595912605716,
        "recall": 0.1342657913645568,
        "f1-score": 0.07651056414114425,
        "support": 3645.0
    },
    "weighted avg": {
        "precision": 0.030081014647524038,
        "recall": 0.049657064471879286,
        "f1-score": 0.03591391354513151,
        "support": 3645.0
    }
}