{
    "1": {
        "precision": 1.0,
        "recall": 0.9989711934156379,
        "f1-score": 0.9994853319608852,
        "support": 1944.0
    },
    "2": {
        "precision": 0.998972250770812,
        "recall": 1.0,
        "f1-score": 0.9994858611825193,
        "support": 1944.0
    },
    "3": {
        "precision": 0.9524509803921568,
        "recall": 0.9994855967078189,
        "f1-score": 0.9754016064257028,
        "support": 1944.0
    },
    "4": {
        "precision": 0.8656646312822922,
        "recall": 0.948045267489712,
        "f1-score": 0.9049840412472379,
        "support": 1944.0
    },
    "5": {
        "precision": 0.7257217847769029,
        "recall": 0.8533950617283951,
        "f1-score": 0.7843971631205674,
        "support": 1944.0
    },
    "6": {
        "precision": 0.6941828254847645,
        "recall": 0.6445473251028807,
        "f1-score": 0.668444918644972,
        "support": 1944.0
    },
    "7": {
        "precision": 0.6236406619385343,
        "recall": 0.6784979423868313,
        "f1-score": 0.6499137718649913,
        "support": 1944.0
    },
    "8": {
        "precision": 0.587356893977103,
        "recall": 0.6069958847736625,
        "f1-score": 0.5970149253731343,
        "support": 1944.0
    },
    "9": {
        "precision": 0.8330605564648118,
        "recall": 0.2618312757201646,
        "f1-score": 0.3984344422700587,
        "support": 1944.0
    },
    "micro avg": {
        "precision": 0.805070188947462,
        "recall": 0.7768632830361225,
        "f1-score": 0.7907152622240321,
        "support": 17496.0
    },
    "macro avg": {
        "precision": 0.8090056205652641,
        "recall": 0.7768632830361226,
        "f1-score": 0.7752846735655632,
        "support": 17496.0
    },
    "weighted avg": {
        "precision": 0.8090056205652641,
        "recall": 0.7768632830361225,
        "f1-score": 0.7752846735655631,
        "support": 17496.0
    },
    "accuracy": 0.7768632830361225
}