{
    "1": {
        "precision": 0.9952172180151455,
        "recall": 0.8935408838790482,
        "f1-score": 0.9416423116809653,
        "support": 5589.0
    },
    "2": {
        "precision": 0.9706908583391486,
        "recall": 0.9955269278940777,
        "f1-score": 0.9829520360392191,
        "support": 5589.0
    },
    "3": {
        "precision": 0.9762112996326745,
        "recall": 0.9985686169261049,
        "f1-score": 0.9872633999646205,
        "support": 5589.0
    },
    "4": {
        "precision": 0.9743500261734427,
        "recall": 0.9991053855788156,
        "f1-score": 0.9865724381625441,
        "support": 5589.0
    },
    "5": {
        "precision": 0.9849876368774285,
        "recall": 0.9978529253891573,
        "f1-score": 0.9913785441294107,
        "support": 5589.0
    },
    "6": {
        "precision": 0.9896943852167733,
        "recall": 0.996600465199499,
        "f1-score": 0.9931354194526165,
        "support": 5589.0
    },
    "7": {
        "precision": 0.9924906132665833,
        "recall": 0.993200930398998,
        "f1-score": 0.9928456447862637,
        "support": 5589.0
    },
    "8": {
        "precision": 0.9921273930935767,
        "recall": 0.9921273930935767,
        "f1-score": 0.9921273930935767,
        "support": 5589.0
    },
    "9": {
        "precision": 0.9965771932985048,
        "recall": 0.989801395598497,
        "f1-score": 0.9931777378815081,
        "support": 5589.0
    },
    "micro avg": {
        "precision": 0.9856036319467951,
        "recall": 0.9840361026619749,
        "f1-score": 0.9848192435486759,
        "support": 50301.0
    },
    "macro avg": {
        "precision": 0.9858162915459199,
        "recall": 0.984036102661975,
        "f1-score": 0.9845661027989695,
        "support": 50301.0
    },
    "weighted avg": {
        "precision": 0.9858162915459198,
        "recall": 0.9840361026619749,
        "f1-score": 0.9845661027989695,
        "support": 50301.0
    },
    "accuracy": 0.9840361026619749
}