{
    "1": {
        "precision": 1.0,
        "recall": 1.0,
        "f1-score": 1.0,
        "support": 81.0
    },
    "2": {
        "precision": 1.0,
        "recall": 1.0,
        "f1-score": 1.0,
        "support": 81.0
    },
    "3": {
        "precision": 1.0,
        "recall": 1.0,
        "f1-score": 1.0,
        "support": 81.0
    },
    "4": {
        "precision": 1.0,
        "recall": 0.9753086419753086,
        "f1-score": 0.9875,
        "support": 81.0
    },
    "5": {
        "precision": 0.8804347826086957,
        "recall": 1.0,
        "f1-score": 0.9364161849710982,
        "support": 81.0
    },
    "6": {
        "precision": 0.8309859154929577,
        "recall": 0.7283950617283951,
        "f1-score": 0.7763157894736842,
        "support": 81.0
    },
    "7": {
        "precision": 0.6956521739130435,
        "recall": 0.7901234567901234,
        "f1-score": 0.7398843930635838,
        "support": 81.0
    },
    "8": {
        "precision": 0.7682926829268293,
        "recall": 0.7777777777777778,
        "f1-score": 0.7730061349693251,
        "support": 81.0
    },
    "9": {
        "precision": 0.9571428571428572,
        "recall": 0.8271604938271605,
        "f1-score": 0.8874172185430463,
        "support": 81.0
    },
    "accuracy": 0.8998628257887518,
    "macro avg": {
        "precision": 0.9036120457871536,
        "recall": 0.8998628257887515,
        "f1-score": 0.9000599690023042,
        "support": 729.0
    },
    "weighted avg": {
        "precision": 0.9036120457871537,
        "recall": 0.8998628257887518,
        "f1-score": 0.9000599690023043,
        "support": 729.0
    }
}