{
    "1": {
        "precision": 0.3333333333333333,
        "recall": 1.0,
        "f1-score": 0.5,
        "support": 81.0
    },
    "2": {
        "precision": 0.0,
        "recall": 0.0,
        "f1-score": 0.0,
        "support": 162.0
    },
    "3": {
        "precision": 0.003105590062111801,
        "recall": 0.00411522633744856,
        "f1-score": 0.0035398230088495575,
        "support": 243.0
    },
    "4": {
        "precision": 0.007594936708860759,
        "recall": 0.009259259259259259,
        "f1-score": 0.008344923504867872,
        "support": 324.0
    },
    "5": {
        "precision": 0.02947845804988662,
        "recall": 0.03209876543209877,
        "f1-score": 0.030732860520094562,
        "support": 405.0
    },
    "6": {
        "precision": 0.09405940594059406,
        "recall": 0.11728395061728394,
        "f1-score": 0.1043956043956044,
        "support": 486.0
    },
    "7": {
        "precision": 0.0273972602739726,
        "recall": 0.031746031746031744,
        "f1-score": 0.029411764705882353,
        "support": 567.0
    },
    "8": {
        "precision": 0.013550135501355014,
        "recall": 0.015432098765432098,
        "f1-score": 0.01443001443001443,
        "support": 648.0
    },
    "9": {
        "precision": 1.0,
        "recall": 0.0013717421124828531,
        "f1-score": 0.0027397260273972603,
        "support": 729.0
    },
    "accuracy": 0.050480109739369,
    "macro avg": {
        "precision": 0.1676132355411238,
        "recall": 0.134589674918893,
        "f1-score": 0.07706607962141226,
        "support": 3645.0
    },
    "weighted avg": {
        "precision": 0.23077689960392794,
        "recall": 0.050480109739369,
        "f1-score": 0.03711149099217748,
        "support": 3645.0
    }
}