{
    "10": {
        "precision": 0.057692307692307696,
        "recall": 0.037037037037037035,
        "f1-score": 0.045112781954887216,
        "support": 81.0
    },
    "11": {
        "precision": 0.06521739130434782,
        "recall": 0.07407407407407407,
        "f1-score": 0.06936416184971098,
        "support": 81.0
    },
    "12": {
        "precision": 0.041666666666666664,
        "recall": 0.06172839506172839,
        "f1-score": 0.04975124378109453,
        "support": 81.0
    },
    "13": {
        "precision": 0.02631578947368421,
        "recall": 0.012345679012345678,
        "f1-score": 0.01680672268907563,
        "support": 81.0
    },
    "14": {
        "precision": 0.058394160583941604,
        "recall": 0.09876543209876543,
        "f1-score": 0.07339449541284404,
        "support": 81.0
    },
    "15": {
        "precision": 0.014184397163120567,
        "recall": 0.024691358024691357,
        "f1-score": 0.018018018018018018,
        "support": 81.0
    },
    "16": {
        "precision": 0.0,
        "recall": 0.0,
        "f1-score": 0.0,
        "support": 81.0
    },
    "17": {
        "precision": 0.0,
        "recall": 0.0,
        "f1-score": 0.0,
        "support": 81.0
    },
    "18": {
        "precision": 0.0,
        "recall": 0.0,
        "f1-score": 0.0,
        "support": 81.0
    },
    "micro avg": {
        "precision": 0.04251700680272109,
        "recall": 0.03429355281207133,
        "f1-score": 0.037965072133637055,
        "support": 729.0
    },
    "macro avg": {
        "precision": 0.029274523653785394,
        "recall": 0.03429355281207133,
        "f1-score": 0.030271935967292267,
        "support": 729.0
    },
    "weighted avg": {
        "precision": 0.029274523653785398,
        "recall": 0.03429355281207133,
        "f1-score": 0.030271935967292267,
        "support": 729.0
    },
    "accuracy": 0.03429355281207133
}