{
    "10": {
        "precision": 0.2662921348314607,
        "recall": 0.24382716049382716,
        "f1-score": 0.2545649838882922,
        "support": 1944.0
    },
    "11": {
        "precision": 0.9887640449438202,
        "recall": 0.04526748971193416,
        "f1-score": 0.08657156910969012,
        "support": 1944.0
    },
    "12": {
        "precision": 0.5833940276766205,
        "recall": 0.41203703703703703,
        "f1-score": 0.48296653602653,
        "support": 1944.0
    },
    "13": {
        "precision": 0.22764227642276422,
        "recall": 0.15843621399176955,
        "f1-score": 0.18683651804670912,
        "support": 1944.0
    },
    "14": {
        "precision": 0.015189873417721518,
        "recall": 0.006172839506172839,
        "f1-score": 0.008778346744696415,
        "support": 1944.0
    },
    "15": {
        "precision": 0.0,
        "recall": 0.0,
        "f1-score": 0.0,
        "support": 1944.0
    },
    "16": {
        "precision": 0.0,
        "recall": 0.0,
        "f1-score": 0.0,
        "support": 1944.0
    },
    "17": {
        "precision": 0.0,
        "recall": 0.0,
        "f1-score": 0.0,
        "support": 1944.0
    },
    "18": {
        "precision": 0.0,
        "recall": 0.0,
        "f1-score": 0.0,
        "support": 1944.0
    },
    "micro avg": {
        "precision": 0.19387167377030295,
        "recall": 0.09619341563786009,
        "f1-score": 0.12858616342590823,
        "support": 17496.0
    },
    "macro avg": {
        "precision": 0.23125359525470968,
        "recall": 0.09619341563786009,
        "f1-score": 0.11330199486843531,
        "support": 17496.0
    },
    "weighted avg": {
        "precision": 0.2312535952547097,
        "recall": 0.09619341563786009,
        "f1-score": 0.11330199486843531,
        "support": 17496.0
    },
    "accuracy": 0.09619341563786009
}