{
    "10": {
        "precision": 0.9466019417475728,
        "recall": 0.2006172839506173,
        "f1-score": 0.3310696095076401,
        "support": 1944.0
    },
    "11": {
        "precision": 0.9279341111873713,
        "recall": 0.6954732510288066,
        "f1-score": 0.7950602763892972,
        "support": 1944.0
    },
    "12": {
        "precision": 0.5833940276766205,
        "recall": 0.41203703703703703,
        "f1-score": 0.48296653602653,
        "support": 1944.0
    },
    "13": {
        "precision": 0.2247774480712166,
        "recall": 0.1558641975308642,
        "f1-score": 0.18408262454434993,
        "support": 1944.0
    },
    "14": {
        "precision": 0.013924050632911392,
        "recall": 0.00565843621399177,
        "f1-score": 0.008046817849305048,
        "support": 1944.0
    },
    "15": {
        "precision": 0.0,
        "recall": 0.0,
        "f1-score": 0.0,
        "support": 1944.0
    },
    "16": {
        "precision": 0.0,
        "recall": 0.0,
        "f1-score": 0.0,
        "support": 1944.0
    },
    "17": {
        "precision": 0.0,
        "recall": 0.0,
        "f1-score": 0.0,
        "support": 1944.0
    },
    "18": {
        "precision": 0.0,
        "recall": 0.0,
        "f1-score": 0.0,
        "support": 1944.0
    },
    "micro avg": {
        "precision": 0.28905301497369484,
        "recall": 0.163294467306813,
        "f1-score": 0.20869247626004384,
        "support": 17496.0
    },
    "macro avg": {
        "precision": 0.29962573103507695,
        "recall": 0.16329446730681296,
        "f1-score": 0.20013620714634692,
        "support": 17496.0
    },
    "weighted avg": {
        "precision": 0.299625731035077,
        "recall": 0.163294467306813,
        "f1-score": 0.20013620714634692,
        "support": 17496.0
    },
    "accuracy": 0.163294467306813
}