{
    "1": {
        "precision": 0.986233674549947,
        "recall": 0.9998210771157631,
        "f1-score": 0.9929808973789427,
        "support": 5589.0
    },
    "2": {
        "precision": 0.8858520900321544,
        "recall": 0.9858650921452854,
        "f1-score": 0.9331865526293505,
        "support": 5589.0
    },
    "3": {
        "precision": 0.8538337223918118,
        "recall": 0.8507783145464305,
        "f1-score": 0.8523032801577344,
        "support": 5589.0
    },
    "4": {
        "precision": 0.7880326382592928,
        "recall": 0.7775988548935409,
        "f1-score": 0.7827809798270894,
        "support": 5589.0
    },
    "5": {
        "precision": 0.5804412160344363,
        "recall": 0.7720522454821972,
        "f1-score": 0.6626737310911465,
        "support": 5589.0
    },
    "6": {
        "precision": 0.46237255219291146,
        "recall": 0.5111826802648058,
        "f1-score": 0.48555404486743714,
        "support": 5589.0
    },
    "7": {
        "precision": 0.4415218412400188,
        "recall": 0.33637502236536054,
        "f1-score": 0.381842185437189,
        "support": 5589.0
    },
    "8": {
        "precision": 0.5046448906203177,
        "recall": 0.3013061370549293,
        "f1-score": 0.3773246695048174,
        "support": 5589.0
    },
    "9": {
        "precision": 0.5,
        "recall": 0.0001789228842368939,
        "f1-score": 0.0003577177606868181,
        "support": 5589.0
    },
    "micro avg": {
        "precision": 0.7002263467632412,
        "recall": 0.6150175940836167,
        "f1-score": 0.654861824070448,
        "support": 50301.0
    },
    "macro avg": {
        "precision": 0.6669925139245433,
        "recall": 0.6150175940836166,
        "f1-score": 0.607667117628266,
        "support": 50301.0
    },
    "weighted avg": {
        "precision": 0.6669925139245434,
        "recall": 0.6150175940836167,
        "f1-score": 0.607667117628266,
        "support": 50301.0
    },
    "accuracy": 0.6150175940836167
}