{
    "10": {
        "precision": 0.9069767441860465,
        "recall": 0.9629629629629629,
        "f1-score": 0.9341317365269461,
        "support": 81.0
    },
    "11": {
        "precision": 0.948051948051948,
        "recall": 0.9012345679012346,
        "f1-score": 0.9240506329113924,
        "support": 81.0
    },
    "12": {
        "precision": 0.7572815533980582,
        "recall": 0.9629629629629629,
        "f1-score": 0.8478260869565217,
        "support": 81.0
    },
    "13": {
        "precision": 0.5576923076923077,
        "recall": 0.7160493827160493,
        "f1-score": 0.6270270270270271,
        "support": 81.0
    },
    "14": {
        "precision": 0.41237113402061853,
        "recall": 0.49382716049382713,
        "f1-score": 0.449438202247191,
        "support": 81.0
    },
    "15": {
        "precision": 0.6666666666666666,
        "recall": 0.4691358024691358,
        "f1-score": 0.5507246376811594,
        "support": 81.0
    },
    "16": {
        "precision": 0.75,
        "recall": 0.6666666666666666,
        "f1-score": 0.7058823529411765,
        "support": 81.0
    },
    "17": {
        "precision": 0.8181818181818182,
        "recall": 0.5555555555555556,
        "f1-score": 0.6617647058823529,
        "support": 81.0
    },
    "18": {
        "precision": 0.8518518518518519,
        "recall": 0.5679012345679012,
        "f1-score": 0.6814814814814815,
        "support": 81.0
    },
    "micro avg": {
        "precision": 0.723404255319149,
        "recall": 0.6995884773662552,
        "f1-score": 0.7112970711297071,
        "support": 729.0
    },
    "macro avg": {
        "precision": 0.7410082248943684,
        "recall": 0.6995884773662551,
        "f1-score": 0.7091474292950276,
        "support": 729.0
    },
    "weighted avg": {
        "precision": 0.7410082248943685,
        "recall": 0.6995884773662552,
        "f1-score": 0.7091474292950278,
        "support": 729.0
    },
    "accuracy": 0.6995884773662552
}