{
    "1": {
        "precision": 1.0,
        "recall": 1.0,
        "f1-score": 1.0,
        "support": 81.0
    },
    "2": {
        "precision": 1.0,
        "recall": 1.0,
        "f1-score": 1.0,
        "support": 81.0
    },
    "3": {
        "precision": 0.9310344827586207,
        "recall": 1.0,
        "f1-score": 0.9642857142857143,
        "support": 81.0
    },
    "4": {
        "precision": 0.8152173913043478,
        "recall": 0.9259259259259259,
        "f1-score": 0.8670520231213873,
        "support": 81.0
    },
    "5": {
        "precision": 0.7065217391304348,
        "recall": 0.8024691358024691,
        "f1-score": 0.7514450867052023,
        "support": 81.0
    },
    "6": {
        "precision": 0.7,
        "recall": 0.6049382716049383,
        "f1-score": 0.6490066225165563,
        "support": 81.0
    },
    "7": {
        "precision": 0.6404494382022472,
        "recall": 0.7037037037037037,
        "f1-score": 0.6705882352941176,
        "support": 81.0
    },
    "8": {
        "precision": 0.6428571428571429,
        "recall": 0.6666666666666666,
        "f1-score": 0.6545454545454545,
        "support": 81.0
    },
    "9": {
        "precision": 0.8888888888888888,
        "recall": 0.19753086419753085,
        "f1-score": 0.32323232323232326,
        "support": 81.0
    },
    "micro avg": {
        "precision": 0.8054755043227666,
        "recall": 0.766803840877915,
        "f1-score": 0.7856640899508082,
        "support": 729.0
    },
    "macro avg": {
        "precision": 0.8138854536824093,
        "recall": 0.766803840877915,
        "f1-score": 0.7644617177445284,
        "support": 729.0
    },
    "weighted avg": {
        "precision": 0.813885453682409,
        "recall": 0.766803840877915,
        "f1-score": 0.7644617177445283,
        "support": 729.0
    },
    "accuracy": 0.766803840877915
}