{
    "1": {
        "precision": 1.0,
        "recall": 1.0,
        "f1-score": 1.0,
        "support": 81.0
    },
    "2": {
        "precision": 0.9878048780487805,
        "recall": 1.0,
        "f1-score": 0.9938650306748467,
        "support": 81.0
    },
    "3": {
        "precision": 0.8586956521739131,
        "recall": 0.9753086419753086,
        "f1-score": 0.9132947976878613,
        "support": 81.0
    },
    "4": {
        "precision": 0.5074626865671642,
        "recall": 0.8395061728395061,
        "f1-score": 0.6325581395348837,
        "support": 81.0
    },
    "5": {
        "precision": 0.17307692307692307,
        "recall": 0.2222222222222222,
        "f1-score": 0.1945945945945946,
        "support": 81.0
    },
    "6": {
        "precision": 0.02912621359223301,
        "recall": 0.037037037037037035,
        "f1-score": 0.03260869565217391,
        "support": 81.0
    },
    "7": {
        "precision": 0.02197802197802198,
        "recall": 0.024691358024691357,
        "f1-score": 0.023255813953488372,
        "support": 81.0
    },
    "8": {
        "precision": 0.047619047619047616,
        "recall": 0.024691358024691357,
        "f1-score": 0.032520325203252036,
        "support": 81.0
    },
    "9": {
        "precision": 0.0,
        "recall": 0.0,
        "f1-score": 0.0,
        "support": 81.0
    },
    "accuracy": 0.45816186556927296,
    "macro avg": {
        "precision": 0.4028626025617871,
        "recall": 0.45816186556927296,
        "f1-score": 0.4247441552556779,
        "support": 729.0
    },
    "weighted avg": {
        "precision": 0.402862602561787,
        "recall": 0.45816186556927296,
        "f1-score": 0.42474415525567777,
        "support": 729.0
    }
}