{
    "1": {
        "precision": 1.0,
        "recall": 0.9840534979423868,
        "f1-score": 0.9919626652838994,
        "support": 1944.0
    },
    "2": {
        "precision": 0.9953917050691244,
        "recall": 1.0,
        "f1-score": 0.9976905311778291,
        "support": 1944.0
    },
    "3": {
        "precision": 0.9994858611825193,
        "recall": 1.0,
        "f1-score": 0.999742864489586,
        "support": 1944.0
    },
    "4": {
        "precision": 0.9953893442622951,
        "recall": 0.9994855967078189,
        "f1-score": 0.9974332648870636,
        "support": 1944.0
    },
    "5": {
        "precision": 0.9857361181864494,
        "recall": 0.9953703703703703,
        "f1-score": 0.9905298182748912,
        "support": 1944.0
    },
    "6": {
        "precision": 0.9341784495368113,
        "recall": 0.98559670781893,
        "f1-score": 0.9591989987484355,
        "support": 1944.0
    },
    "7": {
        "precision": 0.9543478260869566,
        "recall": 0.9032921810699589,
        "f1-score": 0.9281183932346723,
        "support": 1944.0
    },
    "8": {
        "precision": 0.9540949400104329,
        "recall": 0.940843621399177,
        "f1-score": 0.9474229474229474,
        "support": 1944.0
    },
    "9": {
        "precision": 0.9851380042462845,
        "recall": 0.9547325102880658,
        "f1-score": 0.9696969696969697,
        "support": 1944.0
    },
    "micro avg": {
        "precision": 0.9780686645998392,
        "recall": 0.973708276177412,
        "f1-score": 0.9758835997021252,
        "support": 17496.0
    },
    "macro avg": {
        "precision": 0.9781958053978749,
        "recall": 0.9737082761774118,
        "f1-score": 0.9757551614684772,
        "support": 17496.0
    },
    "weighted avg": {
        "precision": 0.9781958053978748,
        "recall": 0.973708276177412,
        "f1-score": 0.9757551614684772,
        "support": 17496.0
    },
    "accuracy": 0.973708276177412
}