{
    "1": {
        "precision": 1.0,
        "recall": 0.9629629629629629,
        "f1-score": 0.9811320754716981,
        "support": 81.0
    },
    "2": {
        "precision": 0.9629629629629629,
        "recall": 0.9629629629629629,
        "f1-score": 0.9629629629629629,
        "support": 81.0
    },
    "3": {
        "precision": 0.9861111111111112,
        "recall": 0.8765432098765432,
        "f1-score": 0.9281045751633987,
        "support": 81.0
    },
    "4": {
        "precision": 0.8513513513513513,
        "recall": 0.7777777777777778,
        "f1-score": 0.8129032258064516,
        "support": 81.0
    },
    "5": {
        "precision": 0.7625,
        "recall": 0.7530864197530864,
        "f1-score": 0.7577639751552795,
        "support": 81.0
    },
    "6": {
        "precision": 0.7733333333333333,
        "recall": 0.7160493827160493,
        "f1-score": 0.7435897435897436,
        "support": 81.0
    },
    "7": {
        "precision": 0.7058823529411765,
        "recall": 0.5925925925925926,
        "f1-score": 0.6442953020134228,
        "support": 81.0
    },
    "8": {
        "precision": 0.5652173913043478,
        "recall": 0.48148148148148145,
        "f1-score": 0.52,
        "support": 81.0
    },
    "9": {
        "precision": 0.5,
        "recall": 0.35802469135802467,
        "f1-score": 0.4172661870503597,
        "support": 81.0
    },
    "micro avg": {
        "precision": 0.8015267175572519,
        "recall": 0.720164609053498,
        "f1-score": 0.7586705202312138,
        "support": 729.0
    },
    "macro avg": {
        "precision": 0.7897065003338093,
        "recall": 0.7201646090534979,
        "f1-score": 0.7520020052459241,
        "support": 729.0
    },
    "weighted avg": {
        "precision": 0.7897065003338092,
        "recall": 0.720164609053498,
        "f1-score": 0.7520020052459242,
        "support": 729.0
    },
    "accuracy": 0.720164609053498
}