{
    "10": {
        "precision": 0.23,
        "recall": 0.2839506172839506,
        "f1-score": 0.2541436464088398,
        "support": 81.0
    },
    "11": {
        "precision": 0.4,
        "recall": 0.024691358024691357,
        "f1-score": 0.046511627906976744,
        "support": 81.0
    },
    "12": {
        "precision": 0.7281553398058253,
        "recall": 0.9259259259259259,
        "f1-score": 0.8152173913043478,
        "support": 81.0
    },
    "13": {
        "precision": 0.9534883720930233,
        "recall": 0.5061728395061729,
        "f1-score": 0.6612903225806451,
        "support": 81.0
    },
    "14": {
        "precision": 0.5789473684210527,
        "recall": 0.2716049382716049,
        "f1-score": 0.3697478991596639,
        "support": 81.0
    },
    "15": {
        "precision": 0.4883720930232558,
        "recall": 0.7777777777777778,
        "f1-score": 0.6,
        "support": 81.0
    },
    "16": {
        "precision": 0.0,
        "recall": 0.0,
        "f1-score": 0.0,
        "support": 81.0
    },
    "17": {
        "precision": 0.029411764705882353,
        "recall": 0.012345679012345678,
        "f1-score": 0.017391304347826087,
        "support": 81.0
    },
    "18": {
        "precision": 0.0,
        "recall": 0.0,
        "f1-score": 0.0,
        "support": 81.0
    },
    "micro avg": {
        "precision": 0.5011037527593819,
        "recall": 0.3113854595336077,
        "f1-score": 0.3840947546531303,
        "support": 729.0
    },
    "macro avg": {
        "precision": 0.3787083264498932,
        "recall": 0.3113854595336077,
        "f1-score": 0.3071446879675888,
        "support": 729.0
    },
    "weighted avg": {
        "precision": 0.3787083264498932,
        "recall": 0.3113854595336077,
        "f1-score": 0.3071446879675888,
        "support": 729.0
    },
    "accuracy": 0.3113854595336077
}