{
    "10": {
        "precision": 0.049586776859504134,
        "recall": 0.07407407407407407,
        "f1-score": 0.0594059405940594,
        "support": 81.0
    },
    "11": {
        "precision": 0.0,
        "recall": 0.0,
        "f1-score": 0.0,
        "support": 81.0
    },
    "12": {
        "precision": 0.21710526315789475,
        "recall": 0.4074074074074074,
        "f1-score": 0.2832618025751073,
        "support": 81.0
    },
    "13": {
        "precision": 0.17647058823529413,
        "recall": 0.037037037037037035,
        "f1-score": 0.061224489795918366,
        "support": 81.0
    },
    "14": {
        "precision": 0.36666666666666664,
        "recall": 0.13580246913580246,
        "f1-score": 0.1981981981981982,
        "support": 81.0
    },
    "15": {
        "precision": 0.26842105263157895,
        "recall": 0.6296296296296297,
        "f1-score": 0.3763837638376384,
        "support": 81.0
    },
    "16": {
        "precision": 0.0,
        "recall": 0.0,
        "f1-score": 0.0,
        "support": 81.0
    },
    "17": {
        "precision": 0.45652173913043476,
        "recall": 0.25925925925925924,
        "f1-score": 0.33070866141732286,
        "support": 81.0
    },
    "18": {
        "precision": 0.3333333333333333,
        "recall": 0.012345679012345678,
        "f1-score": 0.023809523809523808,
        "support": 81.0
    },
    "micro avg": {
        "precision": 0.22540250447227192,
        "recall": 0.1728395061728395,
        "f1-score": 0.1956521739130435,
        "support": 729.0
    },
    "macro avg": {
        "precision": 0.20756726889052296,
        "recall": 0.17283950617283952,
        "f1-score": 0.14811026446975203,
        "support": 729.0
    },
    "weighted avg": {
        "precision": 0.207567268890523,
        "recall": 0.1728395061728395,
        "f1-score": 0.14811026446975203,
        "support": 729.0
    },
    "accuracy": 0.1728395061728395
}