{
    "1": {
        "precision": 1.0,
        "recall": 1.0,
        "f1-score": 1.0,
        "support": 81.0
    },
    "2": {
        "precision": 0.6952789699570815,
        "recall": 1.0,
        "f1-score": 0.8202531645569621,
        "support": 162.0
    },
    "3": {
        "precision": 0.3722943722943723,
        "recall": 0.7078189300411523,
        "f1-score": 0.4879432624113475,
        "support": 243.0
    },
    "4": {
        "precision": 0.08232445520581114,
        "recall": 0.10493827160493827,
        "f1-score": 0.09226594301221167,
        "support": 324.0
    },
    "5": {
        "precision": 0.052,
        "recall": 0.06419753086419754,
        "f1-score": 0.057458563535911604,
        "support": 405.0
    },
    "6": {
        "precision": 0.020833333333333332,
        "recall": 0.024691358024691357,
        "f1-score": 0.022598870056497175,
        "support": 486.0
    },
    "7": {
        "precision": 0.004622496147919877,
        "recall": 0.005291005291005291,
        "f1-score": 0.004934210526315789,
        "support": 567.0
    },
    "8": {
        "precision": 0.0027359781121751026,
        "recall": 0.0030864197530864196,
        "f1-score": 0.0029006526468455403,
        "support": 648.0
    },
    "9": {
        "precision": 0.0,
        "recall": 0.0,
        "f1-score": 0.0,
        "support": 729.0
    },
    "accuracy": 0.13497942386831277,
    "macro avg": {
        "precision": 0.24778773389452147,
        "recall": 0.32333594617545236,
        "f1-score": 0.27648385186067675,
        "support": 3645.0
    },
    "weighted avg": {
        "precision": 0.09502187056785255,
        "recall": 0.13497942386831277,
        "f1-score": 0.11008956936165178,
        "support": 3645.0
    }
}