{
    "10": {
        "precision": 0.8157894736842105,
        "recall": 0.38271604938271603,
        "f1-score": 0.5210084033613446,
        "support": 81.0
    },
    "11": {
        "precision": 0.7931034482758621,
        "recall": 0.2839506172839506,
        "f1-score": 0.41818181818181815,
        "support": 81.0
    },
    "12": {
        "precision": 0.3711340206185567,
        "recall": 0.4444444444444444,
        "f1-score": 0.4044943820224719,
        "support": 81.0
    },
    "13": {
        "precision": 0.4666666666666667,
        "recall": 0.5185185185185185,
        "f1-score": 0.49122807017543857,
        "support": 81.0
    },
    "14": {
        "precision": 0.0,
        "recall": 0.0,
        "f1-score": 0.0,
        "support": 81.0
    },
    "15": {
        "precision": 0.3430232558139535,
        "recall": 0.7283950617283951,
        "f1-score": 0.466403162055336,
        "support": 81.0
    },
    "16": {
        "precision": 0.0,
        "recall": 0.0,
        "f1-score": 0.0,
        "support": 81.0
    },
    "17": {
        "precision": 0.017857142857142856,
        "recall": 0.012345679012345678,
        "f1-score": 0.014598540145985401,
        "support": 81.0
    },
    "18": {
        "precision": 0.0,
        "recall": 0.0,
        "f1-score": 0.0,
        "support": 81.0
    },
    "micro avg": {
        "precision": 0.3950617283950617,
        "recall": 0.26337448559670784,
        "f1-score": 0.3160493827160494,
        "support": 729.0
    },
    "macro avg": {
        "precision": 0.3119526675462658,
        "recall": 0.2633744855967078,
        "f1-score": 0.25732381954915495,
        "support": 729.0
    },
    "weighted avg": {
        "precision": 0.3119526675462658,
        "recall": 0.26337448559670784,
        "f1-score": 0.25732381954915495,
        "support": 729.0
    },
    "accuracy": 0.26337448559670784
}