{
    "1": {
        "precision": 1.0,
        "recall": 1.0,
        "f1-score": 1.0,
        "support": 81.0
    },
    "2": {
        "precision": 1.0,
        "recall": 1.0,
        "f1-score": 1.0,
        "support": 81.0
    },
    "3": {
        "precision": 0.9875,
        "recall": 0.9753086419753086,
        "f1-score": 0.9813664596273292,
        "support": 81.0
    },
    "4": {
        "precision": 0.64,
        "recall": 0.9876543209876543,
        "f1-score": 0.7766990291262136,
        "support": 81.0
    },
    "5": {
        "precision": 0.4222222222222222,
        "recall": 0.4691358024691358,
        "f1-score": 0.4444444444444444,
        "support": 81.0
    },
    "6": {
        "precision": 0.28846153846153844,
        "recall": 0.37037037037037035,
        "f1-score": 0.32432432432432434,
        "support": 81.0
    },
    "7": {
        "precision": 0.1134020618556701,
        "recall": 0.13580246913580246,
        "f1-score": 0.12359550561797752,
        "support": 81.0
    },
    "8": {
        "precision": 0.12121212121212122,
        "recall": 0.09876543209876543,
        "f1-score": 0.10884353741496598,
        "support": 81.0
    },
    "9": {
        "precision": 1.0,
        "recall": 0.06172839506172839,
        "f1-score": 0.11627906976744186,
        "support": 81.0
    },
    "accuracy": 0.5665294924554184,
    "macro avg": {
        "precision": 0.6191997715279502,
        "recall": 0.5665294924554183,
        "f1-score": 0.5417280411469663,
        "support": 729.0
    },
    "weighted avg": {
        "precision": 0.6191997715279502,
        "recall": 0.5665294924554184,
        "f1-score": 0.5417280411469663,
        "support": 729.0
    }
}