{
    "10": {
        "precision": 0.56,
        "recall": 0.691358024691358,
        "f1-score": 0.6187845303867403,
        "support": 81.0
    },
    "11": {
        "precision": 0.7450980392156863,
        "recall": 0.4691358024691358,
        "f1-score": 0.5757575757575758,
        "support": 81.0
    },
    "12": {
        "precision": 0.5403225806451613,
        "recall": 0.8271604938271605,
        "f1-score": 0.6536585365853659,
        "support": 81.0
    },
    "13": {
        "precision": 0.2804878048780488,
        "recall": 0.2839506172839506,
        "f1-score": 0.2822085889570552,
        "support": 81.0
    },
    "14": {
        "precision": 0.43103448275862066,
        "recall": 0.30864197530864196,
        "f1-score": 0.3597122302158273,
        "support": 81.0
    },
    "15": {
        "precision": 0.5,
        "recall": 0.5555555555555556,
        "f1-score": 0.5263157894736842,
        "support": 81.0
    },
    "16": {
        "precision": 0.4375,
        "recall": 0.43209876543209874,
        "f1-score": 0.43478260869565216,
        "support": 81.0
    },
    "17": {
        "precision": 0.375,
        "recall": 0.5185185185185185,
        "f1-score": 0.43523316062176165,
        "support": 81.0
    },
    "18": {
        "precision": 0.8,
        "recall": 0.04938271604938271,
        "f1-score": 0.09302325581395349,
        "support": 81.0
    },
    "micro avg": {
        "precision": 0.4772079772079772,
        "recall": 0.45953360768175583,
        "f1-score": 0.46820405310971347,
        "support": 729.0
    },
    "macro avg": {
        "precision": 0.5188269897219464,
        "recall": 0.4595336076817558,
        "f1-score": 0.4421640307230685,
        "support": 729.0
    },
    "weighted avg": {
        "precision": 0.5188269897219463,
        "recall": 0.45953360768175583,
        "f1-score": 0.4421640307230684,
        "support": 729.0
    },
    "accuracy": 0.45953360768175583
}