{
    "10": {
        "precision": 0.54,
        "recall": 0.6666666666666666,
        "f1-score": 0.5966850828729282,
        "support": 81.0
    },
    "11": {
        "precision": 0.625,
        "recall": 0.43209876543209874,
        "f1-score": 0.5109489051094891,
        "support": 81.0
    },
    "12": {
        "precision": 0.5299145299145299,
        "recall": 0.7654320987654321,
        "f1-score": 0.6262626262626263,
        "support": 81.0
    },
    "13": {
        "precision": 0.28888888888888886,
        "recall": 0.32098765432098764,
        "f1-score": 0.30409356725146197,
        "support": 81.0
    },
    "14": {
        "precision": 0.39285714285714285,
        "recall": 0.2716049382716049,
        "f1-score": 0.32116788321167883,
        "support": 81.0
    },
    "15": {
        "precision": 0.4606741573033708,
        "recall": 0.5061728395061729,
        "f1-score": 0.4823529411764706,
        "support": 81.0
    },
    "16": {
        "precision": 0.4166666666666667,
        "recall": 0.43209876543209874,
        "f1-score": 0.42424242424242425,
        "support": 81.0
    },
    "17": {
        "precision": 0.36538461538461536,
        "recall": 0.4691358024691358,
        "f1-score": 0.41081081081081083,
        "support": 81.0
    },
    "18": {
        "precision": 1.0,
        "recall": 0.037037037037037035,
        "f1-score": 0.07142857142857142,
        "support": 81.0
    },
    "micro avg": {
        "precision": 0.4520743919885551,
        "recall": 0.4334705075445816,
        "f1-score": 0.4425770308123249,
        "support": 729.0
    },
    "macro avg": {
        "precision": 0.5132651112239127,
        "recall": 0.4334705075445816,
        "f1-score": 0.41644364581849574,
        "support": 729.0
    },
    "weighted avg": {
        "precision": 0.5132651112239127,
        "recall": 0.4334705075445816,
        "f1-score": 0.41644364581849574,
        "support": 729.0
    },
    "accuracy": 0.4334705075445816
}