{
    "1": {
        "precision": 1.0,
        "recall": 1.0,
        "f1-score": 1.0,
        "support": 81.0
    },
    "2": {
        "precision": 1.0,
        "recall": 1.0,
        "f1-score": 1.0,
        "support": 81.0
    },
    "3": {
        "precision": 0.9629629629629629,
        "recall": 0.9629629629629629,
        "f1-score": 0.9629629629629629,
        "support": 81.0
    },
    "4": {
        "precision": 0.9038461538461539,
        "recall": 0.5802469135802469,
        "f1-score": 0.706766917293233,
        "support": 81.0
    },
    "5": {
        "precision": 0.5978260869565217,
        "recall": 0.6790123456790124,
        "f1-score": 0.6358381502890174,
        "support": 81.0
    },
    "6": {
        "precision": 0.5465116279069767,
        "recall": 0.5802469135802469,
        "f1-score": 0.562874251497006,
        "support": 81.0
    },
    "7": {
        "precision": 0.4507042253521127,
        "recall": 0.3950617283950617,
        "f1-score": 0.42105263157894735,
        "support": 81.0
    },
    "8": {
        "precision": 0.44036697247706424,
        "recall": 0.5925925925925926,
        "f1-score": 0.5052631578947369,
        "support": 81.0
    },
    "9": {
        "precision": 0.6346153846153846,
        "recall": 0.4074074074074074,
        "f1-score": 0.49624060150375937,
        "support": 81.0
    },
    "micro avg": {
        "precision": 0.7120567375886525,
        "recall": 0.6886145404663924,
        "f1-score": 0.700139470013947,
        "support": 729.0
    },
    "macro avg": {
        "precision": 0.7263148237907975,
        "recall": 0.6886145404663924,
        "f1-score": 0.6989998525577403,
        "support": 729.0
    },
    "weighted avg": {
        "precision": 0.7263148237907975,
        "recall": 0.6886145404663924,
        "f1-score": 0.6989998525577404,
        "support": 729.0
    },
    "accuracy": 0.6886145404663924
}