{
    "1": {
        "precision": 1.0,
        "recall": 1.0,
        "f1-score": 1.0,
        "support": 81.0
    },
    "2": {
        "precision": 1.0,
        "recall": 1.0,
        "f1-score": 1.0,
        "support": 81.0
    },
    "3": {
        "precision": 1.0,
        "recall": 1.0,
        "f1-score": 1.0,
        "support": 81.0
    },
    "4": {
        "precision": 0.9642857142857143,
        "recall": 1.0,
        "f1-score": 0.9818181818181818,
        "support": 81.0
    },
    "5": {
        "precision": 0.8279569892473119,
        "recall": 0.9506172839506173,
        "f1-score": 0.8850574712643678,
        "support": 81.0
    },
    "6": {
        "precision": 0.7023809523809523,
        "recall": 0.7283950617283951,
        "f1-score": 0.7151515151515152,
        "support": 81.0
    },
    "7": {
        "precision": 0.5824175824175825,
        "recall": 0.654320987654321,
        "f1-score": 0.6162790697674418,
        "support": 81.0
    },
    "8": {
        "precision": 0.5795454545454546,
        "recall": 0.6296296296296297,
        "f1-score": 0.6035502958579881,
        "support": 81.0
    },
    "9": {
        "precision": 1.0,
        "recall": 0.5679012345679012,
        "f1-score": 0.7244094488188977,
        "support": 81.0
    },
    "accuracy": 0.8367626886145405,
    "macro avg": {
        "precision": 0.8507318547641128,
        "recall": 0.8367626886145404,
        "f1-score": 0.8362517758531547,
        "support": 729.0
    },
    "weighted avg": {
        "precision": 0.850731854764113,
        "recall": 0.8367626886145405,
        "f1-score": 0.8362517758531547,
        "support": 729.0
    }
}