{
    "1": {
        "precision": 1.0,
        "recall": 0.9506172839506173,
        "f1-score": 0.9746835443037974,
        "support": 81.0
    },
    "2": {
        "precision": 0.948051948051948,
        "recall": 0.9012345679012346,
        "f1-score": 0.9240506329113924,
        "support": 81.0
    },
    "3": {
        "precision": 0.9333333333333333,
        "recall": 0.8641975308641975,
        "f1-score": 0.8974358974358975,
        "support": 81.0
    },
    "4": {
        "precision": 0.8414634146341463,
        "recall": 0.8518518518518519,
        "f1-score": 0.8466257668711656,
        "support": 81.0
    },
    "5": {
        "precision": 0.8831168831168831,
        "recall": 0.8395061728395061,
        "f1-score": 0.8607594936708861,
        "support": 81.0
    },
    "6": {
        "precision": 0.8395061728395061,
        "recall": 0.8395061728395061,
        "f1-score": 0.8395061728395061,
        "support": 81.0
    },
    "7": {
        "precision": 0.82,
        "recall": 0.5061728395061729,
        "f1-score": 0.6259541984732825,
        "support": 81.0
    },
    "8": {
        "precision": 0.5545454545454546,
        "recall": 0.7530864197530864,
        "f1-score": 0.6387434554973822,
        "support": 81.0
    },
    "9": {
        "precision": 0.7831325301204819,
        "recall": 0.8024691358024691,
        "f1-score": 0.7926829268292683,
        "support": 81.0
    },
    "micro avg": {
        "precision": 0.8314606741573034,
        "recall": 0.8120713305898491,
        "f1-score": 0.8216516308119362,
        "support": 729.0
    },
    "macro avg": {
        "precision": 0.844794415182417,
        "recall": 0.812071330589849,
        "f1-score": 0.8222713432036198,
        "support": 729.0
    },
    "weighted avg": {
        "precision": 0.844794415182417,
        "recall": 0.8120713305898491,
        "f1-score": 0.8222713432036198,
        "support": 729.0
    },
    "accuracy": 0.8120713305898491
}