{
    "1": {
        "precision": 0.9878048780487805,
        "recall": 1.0,
        "f1-score": 0.9938650306748467,
        "support": 81.0
    },
    "2": {
        "precision": 0.7385321100917431,
        "recall": 0.9938271604938271,
        "f1-score": 0.8473684210526315,
        "support": 162.0
    },
    "3": {
        "precision": 0.4189189189189189,
        "recall": 0.7654320987654321,
        "f1-score": 0.5414847161572053,
        "support": 243.0
    },
    "4": {
        "precision": 0.15789473684210525,
        "recall": 0.2037037037037037,
        "f1-score": 0.1778975741239892,
        "support": 324.0
    },
    "5": {
        "precision": 0.10331384015594541,
        "recall": 0.1308641975308642,
        "f1-score": 0.11546840958605664,
        "support": 405.0
    },
    "6": {
        "precision": 0.04569420035149385,
        "recall": 0.053497942386831275,
        "f1-score": 0.04928909952606635,
        "support": 486.0
    },
    "7": {
        "precision": 0.035982008995502246,
        "recall": 0.042328042328042326,
        "f1-score": 0.03889789303079417,
        "support": 567.0
    },
    "8": {
        "precision": 0.006811989100817439,
        "recall": 0.007716049382716049,
        "f1-score": 0.00723589001447178,
        "support": 648.0
    },
    "9": {
        "precision": 0.0,
        "recall": 0.0,
        "f1-score": 0.0,
        "support": 729.0
    },
    "accuracy": 0.16515775034293553,
    "macro avg": {
        "precision": 0.2772169647228118,
        "recall": 0.3552632438434908,
        "f1-score": 0.3079452260184513,
        "support": 3645.0
    },
    "weighted avg": {
        "precision": 0.1211179818004709,
        "recall": 0.16515775034293553,
        "f1-score": 0.13839767409257103,
        "support": 3645.0
    }
}