{
    "10": {
        "precision": 0.40963855421686746,
        "recall": 0.41975308641975306,
        "f1-score": 0.4146341463414634,
        "support": 81.0
    },
    "11": {
        "precision": 1.0,
        "recall": 0.024691358024691357,
        "f1-score": 0.04819277108433735,
        "support": 81.0
    },
    "12": {
        "precision": 0.5,
        "recall": 0.35802469135802467,
        "f1-score": 0.4172661870503597,
        "support": 81.0
    },
    "13": {
        "precision": 0.2033898305084746,
        "recall": 0.14814814814814814,
        "f1-score": 0.17142857142857143,
        "support": 81.0
    },
    "14": {
        "precision": 0.02702702702702703,
        "recall": 0.012345679012345678,
        "f1-score": 0.01694915254237288,
        "support": 81.0
    },
    "15": {
        "precision": 0.0,
        "recall": 0.0,
        "f1-score": 0.0,
        "support": 81.0
    },
    "16": {
        "precision": 0.0,
        "recall": 0.0,
        "f1-score": 0.0,
        "support": 81.0
    },
    "17": {
        "precision": 0.0,
        "recall": 0.0,
        "f1-score": 0.0,
        "support": 81.0
    },
    "18": {
        "precision": 0.0,
        "recall": 0.0,
        "f1-score": 0.0,
        "support": 81.0
    },
    "micro avg": {
        "precision": 0.21081081081081082,
        "recall": 0.10699588477366255,
        "f1-score": 0.14194722474977253,
        "support": 729.0
    },
    "macro avg": {
        "precision": 0.23778393463915215,
        "recall": 0.10699588477366256,
        "f1-score": 0.1187189809385672,
        "support": 729.0
    },
    "weighted avg": {
        "precision": 0.23778393463915212,
        "recall": 0.10699588477366255,
        "f1-score": 0.1187189809385672,
        "support": 729.0
    },
    "accuracy": 0.10699588477366255
}