{
    "1": {
        "precision": 1.0,
        "recall": 1.0,
        "f1-score": 1.0,
        "support": 81.0
    },
    "2": {
        "precision": 1.0,
        "recall": 0.9876543209876543,
        "f1-score": 0.9937888198757764,
        "support": 81.0
    },
    "3": {
        "precision": 0.9629629629629629,
        "recall": 0.9629629629629629,
        "f1-score": 0.9629629629629629,
        "support": 81.0
    },
    "4": {
        "precision": 0.9310344827586207,
        "recall": 0.6666666666666666,
        "f1-score": 0.7769784172661871,
        "support": 81.0
    },
    "5": {
        "precision": 0.6744186046511628,
        "recall": 0.7160493827160493,
        "f1-score": 0.6946107784431138,
        "support": 81.0
    },
    "6": {
        "precision": 0.5512820512820513,
        "recall": 0.5308641975308642,
        "f1-score": 0.5408805031446541,
        "support": 81.0
    },
    "7": {
        "precision": 0.43373493975903615,
        "recall": 0.4444444444444444,
        "f1-score": 0.43902439024390244,
        "support": 81.0
    },
    "8": {
        "precision": 0.4639175257731959,
        "recall": 0.5555555555555556,
        "f1-score": 0.5056179775280899,
        "support": 81.0
    },
    "9": {
        "precision": 0.6363636363636364,
        "recall": 0.43209876543209874,
        "f1-score": 0.5147058823529411,
        "support": 81.0
    },
    "micro avg": {
        "precision": 0.7296137339055794,
        "recall": 0.6995884773662552,
        "f1-score": 0.7142857142857143,
        "support": 729.0
    },
    "macro avg": {
        "precision": 0.7393015781722964,
        "recall": 0.6995884773662552,
        "f1-score": 0.7142855257575141,
        "support": 729.0
    },
    "weighted avg": {
        "precision": 0.7393015781722962,
        "recall": 0.6995884773662552,
        "f1-score": 0.7142855257575143,
        "support": 729.0
    },
    "accuracy": 0.6995884773662552
}