{
    "1": {
        "precision": 0.9998211091234347,
        "recall": 1.0,
        "f1-score": 0.9999105465605153,
        "support": 5589.0
    },
    "2": {
        "precision": 0.9855379188712522,
        "recall": 0.9998210771157631,
        "f1-score": 0.992628119726441,
        "support": 5589.0
    },
    "3": {
        "precision": 0.9727963257375022,
        "recall": 0.9853283234925747,
        "f1-score": 0.9790222222222222,
        "support": 5589.0
    },
    "4": {
        "precision": 0.9879671832269826,
        "recall": 0.969583109679728,
        "f1-score": 0.9786888206610078,
        "support": 5589.0
    },
    "5": {
        "precision": 0.9786210582576162,
        "recall": 0.9828234031132582,
        "f1-score": 0.9807177289769684,
        "support": 5589.0
    },
    "6": {
        "precision": 0.9432465068138692,
        "recall": 0.9783503310073358,
        "f1-score": 0.9604777797294923,
        "support": 5589.0
    },
    "7": {
        "precision": 0.9388928828181164,
        "recall": 0.9346931472535337,
        "f1-score": 0.9367883080785439,
        "support": 5589.0
    },
    "8": {
        "precision": 0.9362780593772628,
        "recall": 0.9253891572732152,
        "f1-score": 0.930801763700171,
        "support": 5589.0
    },
    "9": {
        "precision": 0.9825829164350565,
        "recall": 0.9488280551082483,
        "f1-score": 0.9654105224831604,
        "support": 5589.0
    },
    "accuracy": 0.969424067115962,
    "macro avg": {
        "precision": 0.9695271067401214,
        "recall": 0.9694240671159619,
        "f1-score": 0.9693828680153914,
        "support": 50301.0
    },
    "weighted avg": {
        "precision": 0.9695271067401215,
        "recall": 0.969424067115962,
        "f1-score": 0.9693828680153913,
        "support": 50301.0
    }
}