{
    "1": {
        "precision": 1.0,
        "recall": 1.0,
        "f1-score": 1.0,
        "support": 81.0
    },
    "2": {
        "precision": 0.6982758620689655,
        "recall": 1.0,
        "f1-score": 0.8223350253807107,
        "support": 162.0
    },
    "3": {
        "precision": 0.3905191873589165,
        "recall": 0.7119341563786008,
        "f1-score": 0.5043731778425656,
        "support": 243.0
    },
    "4": {
        "precision": 0.12529002320185614,
        "recall": 0.16666666666666666,
        "f1-score": 0.14304635761589404,
        "support": 324.0
    },
    "5": {
        "precision": 0.055666003976143144,
        "recall": 0.0691358024691358,
        "f1-score": 0.06167400881057269,
        "support": 405.0
    },
    "6": {
        "precision": 0.019400352733686066,
        "recall": 0.02263374485596708,
        "f1-score": 0.020892687559354226,
        "support": 486.0
    },
    "7": {
        "precision": 0.0167427701674277,
        "recall": 0.019400352733686066,
        "f1-score": 0.017973856209150325,
        "support": 567.0
    },
    "8": {
        "precision": 0.0027359781121751026,
        "recall": 0.0030864197530864196,
        "f1-score": 0.0029006526468455403,
        "support": 648.0
    },
    "9": {
        "precision": 0.0,
        "recall": 0.0,
        "f1-score": 0.0,
        "support": 729.0
    },
    "accuracy": 0.14320987654320988,
    "macro avg": {
        "precision": 0.25651446417990775,
        "recall": 0.3325396825396825,
        "f1-score": 0.2859106406738992,
        "support": 3645.0
    },
    "weighted avg": {
        "precision": 0.10229086069720737,
        "recall": 0.14320987654320988,
        "f1-score": 0.11806051997334445,
        "support": 3645.0
    }
}