{
    "1": {
        "precision": 1.0,
        "recall": 1.0,
        "f1-score": 1.0,
        "support": 81.0
    },
    "2": {
        "precision": 1.0,
        "recall": 1.0,
        "f1-score": 1.0,
        "support": 81.0
    },
    "3": {
        "precision": 1.0,
        "recall": 1.0,
        "f1-score": 1.0,
        "support": 81.0
    },
    "4": {
        "precision": 1.0,
        "recall": 0.9876543209876543,
        "f1-score": 0.9937888198757764,
        "support": 81.0
    },
    "5": {
        "precision": 0.9512195121951219,
        "recall": 0.9629629629629629,
        "f1-score": 0.9570552147239264,
        "support": 81.0
    },
    "6": {
        "precision": 0.9113924050632911,
        "recall": 0.8888888888888888,
        "f1-score": 0.9,
        "support": 81.0
    },
    "7": {
        "precision": 0.84,
        "recall": 0.7777777777777778,
        "f1-score": 0.8076923076923077,
        "support": 81.0
    },
    "8": {
        "precision": 0.7105263157894737,
        "recall": 0.6666666666666666,
        "f1-score": 0.6878980891719745,
        "support": 81.0
    },
    "9": {
        "precision": 0.7727272727272727,
        "recall": 0.41975308641975306,
        "f1-score": 0.544,
        "support": 81.0
    },
    "micro avg": {
        "precision": 0.9189985272459499,
        "recall": 0.8559670781893004,
        "f1-score": 0.8863636363636364,
        "support": 729.0
    },
    "macro avg": {
        "precision": 0.9095406117527955,
        "recall": 0.8559670781893004,
        "f1-score": 0.8767149368293317,
        "support": 729.0
    },
    "weighted avg": {
        "precision": 0.9095406117527954,
        "recall": 0.8559670781893004,
        "f1-score": 0.8767149368293318,
        "support": 729.0
    },
    "accuracy": 0.8559670781893004
}