{
    "10": {
        "precision": 0.24444444444444444,
        "recall": 0.4074074074074074,
        "f1-score": 0.3055555555555556,
        "support": 81.0
    },
    "11": {
        "precision": 0.0,
        "recall": 0.0,
        "f1-score": 0.0,
        "support": 81.0
    },
    "12": {
        "precision": 0.39097744360902253,
        "recall": 0.6419753086419753,
        "f1-score": 0.48598130841121495,
        "support": 81.0
    },
    "13": {
        "precision": 0.46153846153846156,
        "recall": 0.07407407407407407,
        "f1-score": 0.1276595744680851,
        "support": 81.0
    },
    "14": {
        "precision": 0.36363636363636365,
        "recall": 0.04938271604938271,
        "f1-score": 0.08695652173913043,
        "support": 81.0
    },
    "15": {
        "precision": 0.29707112970711297,
        "recall": 0.8765432098765432,
        "f1-score": 0.44375,
        "support": 81.0
    },
    "16": {
        "precision": 0.0,
        "recall": 0.0,
        "f1-score": 0.0,
        "support": 81.0
    },
    "17": {
        "precision": 0.0,
        "recall": 0.0,
        "f1-score": 0.0,
        "support": 81.0
    },
    "18": {
        "precision": 0.0,
        "recall": 0.0,
        "f1-score": 0.0,
        "support": 81.0
    },
    "micro avg": {
        "precision": 0.31144465290806755,
        "recall": 0.22770919067215364,
        "f1-score": 0.2630744849445325,
        "support": 729.0
    },
    "macro avg": {
        "precision": 0.1952964269928228,
        "recall": 0.22770919067215362,
        "f1-score": 0.16110032890822068,
        "support": 729.0
    },
    "weighted avg": {
        "precision": 0.1952964269928228,
        "recall": 0.22770919067215364,
        "f1-score": 0.16110032890822068,
        "support": 729.0
    },
    "accuracy": 0.22770919067215364
}