{
    "1": {
        "precision": 0.9642857142857143,
        "recall": 1.0,
        "f1-score": 0.9818181818181818,
        "support": 81.0
    },
    "2": {
        "precision": 0.6437246963562753,
        "recall": 0.9814814814814815,
        "f1-score": 0.7775061124694377,
        "support": 162.0
    },
    "3": {
        "precision": 0.33695652173913043,
        "recall": 0.6378600823045267,
        "f1-score": 0.44096728307254623,
        "support": 243.0
    },
    "4": {
        "precision": 0.0472636815920398,
        "recall": 0.05864197530864197,
        "f1-score": 0.05234159779614325,
        "support": 324.0
    },
    "5": {
        "precision": 0.04435483870967742,
        "recall": 0.05432098765432099,
        "f1-score": 0.048834628190899,
        "support": 405.0
    },
    "6": {
        "precision": 0.02097902097902098,
        "recall": 0.024691358024691357,
        "f1-score": 0.022684310018903593,
        "support": 486.0
    },
    "7": {
        "precision": 0.010736196319018405,
        "recall": 0.012345679012345678,
        "f1-score": 0.011484823625922888,
        "support": 567.0
    },
    "8": {
        "precision": 0.004098360655737705,
        "recall": 0.004629629629629629,
        "f1-score": 0.004347826086956522,
        "support": 648.0
    },
    "9": {
        "precision": 0.0,
        "recall": 0.0,
        "f1-score": 0.0,
        "support": 729.0
    },
    "accuracy": 0.12565157750342937,
    "macro avg": {
        "precision": 0.23026655895962378,
        "recall": 0.3082190214906264,
        "f1-score": 0.2599983070087768,
        "support": 3645.0
    },
    "weighted avg": {
        "precision": 0.08682773283300797,
        "recall": 0.12565157750342937,
        "f1-score": 0.10143453382898439,
        "support": 3645.0
    }
}