{
    "1": {
        "precision": 1.0,
        "recall": 0.9622472714260154,
        "f1-score": 0.9807604632078052,
        "support": 5589.0
    },
    "2": {
        "precision": 0.9606915377616014,
        "recall": 0.9445339058865629,
        "f1-score": 0.952544207867196,
        "support": 5589.0
    },
    "3": {
        "precision": 0.9343580470162749,
        "recall": 0.9244945428520308,
        "f1-score": 0.9294001259106035,
        "support": 5589.0
    },
    "4": {
        "precision": 0.8930471473124197,
        "recall": 0.8709966004651994,
        "f1-score": 0.8818840579710145,
        "support": 5589.0
    },
    "5": {
        "precision": 0.7874917053749171,
        "recall": 0.8493469314725354,
        "f1-score": 0.8172505810450202,
        "support": 5589.0
    },
    "6": {
        "precision": 0.7379201680672269,
        "recall": 0.7541599570585078,
        "f1-score": 0.7459516856915317,
        "support": 5589.0
    },
    "7": {
        "precision": 0.7444884115319389,
        "recall": 0.4712828770799785,
        "f1-score": 0.5771885614111976,
        "support": 5589.0
    },
    "8": {
        "precision": 0.556194989844279,
        "recall": 0.5879405976024333,
        "f1-score": 0.5716273810559276,
        "support": 5589.0
    },
    "9": {
        "precision": 0.611479486116867,
        "recall": 0.5280014313830739,
        "f1-score": 0.5666826692270763,
        "support": 5589.0
    },
    "micro avg": {
        "precision": 0.804851042493628,
        "recall": 0.7658893461362597,
        "f1-score": 0.7848869783124676,
        "support": 50301.0
    },
    "macro avg": {
        "precision": 0.8028523881139472,
        "recall": 0.7658893461362597,
        "f1-score": 0.7803655259319303,
        "support": 50301.0
    },
    "weighted avg": {
        "precision": 0.8028523881139471,
        "recall": 0.7658893461362597,
        "f1-score": 0.7803655259319303,
        "support": 50301.0
    },
    "accuracy": 0.7658893461362597
}