{
    "1": {
        "precision": 1.0,
        "recall": 1.0,
        "f1-score": 1.0,
        "support": 81.0
    },
    "2": {
        "precision": 1.0,
        "recall": 1.0,
        "f1-score": 1.0,
        "support": 81.0
    },
    "3": {
        "precision": 0.9529411764705882,
        "recall": 1.0,
        "f1-score": 0.9759036144578314,
        "support": 81.0
    },
    "4": {
        "precision": 0.5833333333333334,
        "recall": 0.9506172839506173,
        "f1-score": 0.7230046948356808,
        "support": 81.0
    },
    "5": {
        "precision": 0.27956989247311825,
        "recall": 0.32098765432098764,
        "f1-score": 0.2988505747126437,
        "support": 81.0
    },
    "6": {
        "precision": 0.1836734693877551,
        "recall": 0.2222222222222222,
        "f1-score": 0.2011173184357542,
        "support": 81.0
    },
    "7": {
        "precision": 0.10256410256410256,
        "recall": 0.09876543209876543,
        "f1-score": 0.10062893081761007,
        "support": 81.0
    },
    "8": {
        "precision": 0.1375,
        "recall": 0.13580246913580246,
        "f1-score": 0.13664596273291926,
        "support": 81.0
    },
    "9": {
        "precision": 1.0,
        "recall": 0.012345679012345678,
        "f1-score": 0.024390243902439025,
        "support": 81.0
    },
    "accuracy": 0.5267489711934157,
    "macro avg": {
        "precision": 0.5821757749143219,
        "recall": 0.5267489711934156,
        "f1-score": 0.49561570443276426,
        "support": 729.0
    },
    "weighted avg": {
        "precision": 0.5821757749143219,
        "recall": 0.5267489711934157,
        "f1-score": 0.4956157044327643,
        "support": 729.0
    }
}