{
    "10": {
        "precision": 0.08450704225352113,
        "recall": 0.07407407407407407,
        "f1-score": 0.07894736842105263,
        "support": 81.0
    },
    "11": {
        "precision": 1.0,
        "recall": 0.037037037037037035,
        "f1-score": 0.07142857142857142,
        "support": 81.0
    },
    "12": {
        "precision": 0.75,
        "recall": 0.5185185185185185,
        "f1-score": 0.6131386861313869,
        "support": 81.0
    },
    "13": {
        "precision": 0.3584905660377358,
        "recall": 0.2345679012345679,
        "f1-score": 0.2835820895522388,
        "support": 81.0
    },
    "14": {
        "precision": 0.0,
        "recall": 0.0,
        "f1-score": 0.0,
        "support": 81.0
    },
    "15": {
        "precision": 0.0,
        "recall": 0.0,
        "f1-score": 0.0,
        "support": 81.0
    },
    "16": {
        "precision": 0.0,
        "recall": 0.0,
        "f1-score": 0.0,
        "support": 81.0
    },
    "17": {
        "precision": 0.0,
        "recall": 0.0,
        "f1-score": 0.0,
        "support": 81.0
    },
    "18": {
        "precision": 0.0,
        "recall": 0.0,
        "f1-score": 0.0,
        "support": 81.0
    },
    "micro avg": {
        "precision": 0.19444444444444445,
        "recall": 0.09602194787379972,
        "f1-score": 0.1285583103764922,
        "support": 729.0
    },
    "macro avg": {
        "precision": 0.24366640092125072,
        "recall": 0.09602194787379974,
        "f1-score": 0.11634407950369442,
        "support": 729.0
    },
    "weighted avg": {
        "precision": 0.24366640092125078,
        "recall": 0.09602194787379972,
        "f1-score": 0.11634407950369442,
        "support": 729.0
    },
    "accuracy": 0.09602194787379972
}