{
    "1": {
        "precision": 0.9962627852084972,
        "recall": 0.9062444086598676,
        "f1-score": 0.9491239576501452,
        "support": 5589.0
    },
    "2": {
        "precision": 0.9746148459383753,
        "recall": 0.9960636965467883,
        "f1-score": 0.9852225466772851,
        "support": 5589.0
    },
    "3": {
        "precision": 0.9776027996500437,
        "recall": 0.9996421542315262,
        "f1-score": 0.9884996461429583,
        "support": 5589.0
    },
    "4": {
        "precision": 0.980688202247191,
        "recall": 0.9994632313472893,
        "f1-score": 0.989986708019495,
        "support": 5589.0
    },
    "5": {
        "precision": 0.9865700653825764,
        "recall": 0.9989264626945786,
        "f1-score": 0.9927098150782361,
        "support": 5589.0
    },
    "6": {
        "precision": 0.9884853852967228,
        "recall": 0.998389694041868,
        "f1-score": 0.9934128538365675,
        "support": 5589.0
    },
    "7": {
        "precision": 0.9969424460431655,
        "recall": 0.9917695473251029,
        "f1-score": 0.9943492689927348,
        "support": 5589.0
    },
    "8": {
        "precision": 0.9912718204488778,
        "recall": 0.9957058507783145,
        "f1-score": 0.9934838882442203,
        "support": 5589.0
    },
    "9": {
        "precision": 0.9978417266187051,
        "recall": 0.9926641617462874,
        "f1-score": 0.9952462104224594,
        "support": 5589.0
    },
    "micro avg": {
        "precision": 0.9876405612498756,
        "recall": 0.9865410230412914,
        "f1-score": 0.9870904859467309,
        "support": 50301.0
    },
    "macro avg": {
        "precision": 0.9878088974260173,
        "recall": 0.9865410230412915,
        "f1-score": 0.9868927661182335,
        "support": 50301.0
    },
    "weighted avg": {
        "precision": 0.9878088974260173,
        "recall": 0.9865410230412914,
        "f1-score": 0.9868927661182336,
        "support": 50301.0
    },
    "accuracy": 0.9865410230412914
}