{
    "10": {
        "precision": 0.927710843373494,
        "recall": 0.9506172839506173,
        "f1-score": 0.9390243902439024,
        "support": 81.0
    },
    "11": {
        "precision": 0.9620253164556962,
        "recall": 0.9382716049382716,
        "f1-score": 0.95,
        "support": 81.0
    },
    "12": {
        "precision": 0.7857142857142857,
        "recall": 0.9506172839506173,
        "f1-score": 0.8603351955307262,
        "support": 81.0
    },
    "13": {
        "precision": 0.62,
        "recall": 0.7654320987654321,
        "f1-score": 0.6850828729281768,
        "support": 81.0
    },
    "14": {
        "precision": 0.5176470588235295,
        "recall": 0.5432098765432098,
        "f1-score": 0.5301204819277109,
        "support": 81.0
    },
    "15": {
        "precision": 0.7313432835820896,
        "recall": 0.6049382716049383,
        "f1-score": 0.6621621621621622,
        "support": 81.0
    },
    "16": {
        "precision": 0.7272727272727273,
        "recall": 0.691358024691358,
        "f1-score": 0.7088607594936709,
        "support": 81.0
    },
    "17": {
        "precision": 0.8870967741935484,
        "recall": 0.6790123456790124,
        "f1-score": 0.7692307692307693,
        "support": 81.0
    },
    "18": {
        "precision": 0.9433962264150944,
        "recall": 0.6172839506172839,
        "f1-score": 0.746268656716418,
        "support": 81.0
    },
    "micro avg": {
        "precision": 0.7755681818181818,
        "recall": 0.7489711934156379,
        "f1-score": 0.7620376831821354,
        "support": 729.0
    },
    "macro avg": {
        "precision": 0.7891340573144962,
        "recall": 0.7489711934156378,
        "f1-score": 0.7612316986926152,
        "support": 729.0
    },
    "weighted avg": {
        "precision": 0.789134057314496,
        "recall": 0.7489711934156379,
        "f1-score": 0.7612316986926151,
        "support": 729.0
    },
    "accuracy": 0.7489711934156379
}