{
    "10": {
        "precision": 0.2562814070351759,
        "recall": 0.6296296296296297,
        "f1-score": 0.36428571428571427,
        "support": 81.0
    },
    "11": {
        "precision": 0.0,
        "recall": 0.0,
        "f1-score": 0.0,
        "support": 81.0
    },
    "12": {
        "precision": 0.21649484536082475,
        "recall": 0.25925925925925924,
        "f1-score": 0.23595505617977527,
        "support": 81.0
    },
    "13": {
        "precision": 0.3,
        "recall": 0.037037037037037035,
        "f1-score": 0.06593406593406594,
        "support": 81.0
    },
    "14": {
        "precision": 0.0,
        "recall": 0.0,
        "f1-score": 0.0,
        "support": 81.0
    },
    "15": {
        "precision": 0.19938650306748465,
        "recall": 0.8024691358024691,
        "f1-score": 0.3194103194103194,
        "support": 81.0
    },
    "16": {
        "precision": 0.030303030303030304,
        "recall": 0.012345679012345678,
        "f1-score": 0.017543859649122806,
        "support": 81.0
    },
    "17": {
        "precision": 0.25,
        "recall": 0.037037037037037035,
        "f1-score": 0.06451612903225806,
        "support": 81.0
    },
    "18": {
        "precision": 0.5714285714285714,
        "recall": 0.09876543209876543,
        "f1-score": 0.16842105263157894,
        "support": 81.0
    },
    "micro avg": {
        "precision": 0.2199710564399421,
        "recall": 0.2085048010973937,
        "f1-score": 0.2140845070422535,
        "support": 729.0
    },
    "macro avg": {
        "precision": 0.20265492857723186,
        "recall": 0.20850480109739367,
        "f1-score": 0.13734068856920384,
        "support": 729.0
    },
    "weighted avg": {
        "precision": 0.20265492857723189,
        "recall": 0.2085048010973937,
        "f1-score": 0.13734068856920387,
        "support": 729.0
    },
    "accuracy": 0.2085048010973937
}