{
    "1": {
        "precision": 1.0,
        "recall": 1.0,
        "f1-score": 1.0,
        "support": 81.0
    },
    "2": {
        "precision": 1.0,
        "recall": 1.0,
        "f1-score": 1.0,
        "support": 81.0
    },
    "3": {
        "precision": 1.0,
        "recall": 1.0,
        "f1-score": 1.0,
        "support": 81.0
    },
    "4": {
        "precision": 1.0,
        "recall": 1.0,
        "f1-score": 1.0,
        "support": 81.0
    },
    "5": {
        "precision": 0.9759036144578314,
        "recall": 1.0,
        "f1-score": 0.9878048780487805,
        "support": 81.0
    },
    "6": {
        "precision": 0.9518072289156626,
        "recall": 0.9753086419753086,
        "f1-score": 0.9634146341463414,
        "support": 81.0
    },
    "7": {
        "precision": 0.927710843373494,
        "recall": 0.9506172839506173,
        "f1-score": 0.9390243902439024,
        "support": 81.0
    },
    "8": {
        "precision": 0.9375,
        "recall": 0.9259259259259259,
        "f1-score": 0.9316770186335404,
        "support": 81.0
    },
    "9": {
        "precision": 1.0,
        "recall": 0.9382716049382716,
        "f1-score": 0.9681528662420382,
        "support": 81.0
    },
    "accuracy": 0.9766803840877915,
    "macro avg": {
        "precision": 0.9769912985274432,
        "recall": 0.9766803840877915,
        "f1-score": 0.9766748652571781,
        "support": 729.0
    },
    "weighted avg": {
        "precision": 0.9769912985274432,
        "recall": 0.9766803840877915,
        "f1-score": 0.9766748652571782,
        "support": 729.0
    }
}