{
    "1": {
        "precision": 1.0,
        "recall": 1.0,
        "f1-score": 1.0,
        "support": 81.0
    },
    "2": {
        "precision": 1.0,
        "recall": 1.0,
        "f1-score": 1.0,
        "support": 81.0
    },
    "3": {
        "precision": 1.0,
        "recall": 1.0,
        "f1-score": 1.0,
        "support": 81.0
    },
    "4": {
        "precision": 1.0,
        "recall": 1.0,
        "f1-score": 1.0,
        "support": 81.0
    },
    "5": {
        "precision": 1.0,
        "recall": 0.9753086419753086,
        "f1-score": 0.9875,
        "support": 81.0
    },
    "6": {
        "precision": 0.9746835443037974,
        "recall": 0.9506172839506173,
        "f1-score": 0.9625,
        "support": 81.0
    },
    "7": {
        "precision": 0.9459459459459459,
        "recall": 0.8641975308641975,
        "f1-score": 0.9032258064516129,
        "support": 81.0
    },
    "8": {
        "precision": 0.8791208791208791,
        "recall": 0.9876543209876543,
        "f1-score": 0.9302325581395349,
        "support": 81.0
    },
    "9": {
        "precision": 0.9878048780487805,
        "recall": 1.0,
        "f1-score": 0.9938650306748467,
        "support": 81.0
    },
    "accuracy": 0.9753086419753086,
    "macro avg": {
        "precision": 0.9763950274910448,
        "recall": 0.9753086419753088,
        "f1-score": 0.975258155029555,
        "support": 729.0
    },
    "weighted avg": {
        "precision": 0.9763950274910449,
        "recall": 0.9753086419753086,
        "f1-score": 0.9752581550295549,
        "support": 729.0
    }
}