{
    "1": {
        "precision": 0.3333333333333333,
        "recall": 1.0,
        "f1-score": 0.5,
        "support": 81.0
    },
    "2": {
        "precision": 0.0,
        "recall": 0.0,
        "f1-score": 0.0,
        "support": 162.0
    },
    "3": {
        "precision": 0.003105590062111801,
        "recall": 0.00411522633744856,
        "f1-score": 0.0035398230088495575,
        "support": 243.0
    },
    "4": {
        "precision": 0.007731958762886598,
        "recall": 0.009259259259259259,
        "f1-score": 0.008426966292134831,
        "support": 324.0
    },
    "5": {
        "precision": 0.046189376443418015,
        "recall": 0.04938271604938271,
        "f1-score": 0.0477326968973747,
        "support": 405.0
    },
    "6": {
        "precision": 0.11812297734627832,
        "recall": 0.15020576131687244,
        "f1-score": 0.1322463768115942,
        "support": 486.0
    },
    "7": {
        "precision": 0.0334855403348554,
        "recall": 0.03880070546737213,
        "f1-score": 0.03594771241830065,
        "support": 567.0
    },
    "8": {
        "precision": 0.01752021563342318,
        "recall": 0.020061728395061727,
        "f1-score": 0.01870503597122302,
        "support": 648.0
    },
    "9": {
        "precision": 0.0,
        "recall": 0.0,
        "f1-score": 0.0,
        "support": 729.0
    },
    "accuracy": 0.05843621399176955,
    "macro avg": {
        "precision": 0.06216544354625629,
        "recall": 0.14131393298059963,
        "f1-score": 0.08295540126660855,
        "support": 3645.0
    },
    "weighted avg": {
        "precision": 0.03750718205060774,
        "recall": 0.05843621399176955,
        "f1-score": 0.043949852316653666,
        "support": 3645.0
    }
}