{
    "1": {
        "precision": 0.3333333333333333,
        "recall": 1.0,
        "f1-score": 0.5,
        "support": 81.0
    },
    "2": {
        "precision": 0.0,
        "recall": 0.0,
        "f1-score": 0.0,
        "support": 162.0
    },
    "3": {
        "precision": 0.0,
        "recall": 0.0,
        "f1-score": 0.0,
        "support": 243.0
    },
    "4": {
        "precision": 0.0024937655860349127,
        "recall": 0.0030864197530864196,
        "f1-score": 0.002758620689655172,
        "support": 324.0
    },
    "5": {
        "precision": 0.011235955056179775,
        "recall": 0.012345679012345678,
        "f1-score": 0.011764705882352941,
        "support": 405.0
    },
    "6": {
        "precision": 0.07692307692307693,
        "recall": 0.09465020576131687,
        "f1-score": 0.08487084870848709,
        "support": 486.0
    },
    "7": {
        "precision": 0.022900763358778626,
        "recall": 0.026455026455026454,
        "f1-score": 0.024549918166939442,
        "support": 567.0
    },
    "8": {
        "precision": 0.010854816824966078,
        "recall": 0.012345679012345678,
        "f1-score": 0.011552346570397111,
        "support": 648.0
    },
    "9": {
        "precision": 0.0,
        "recall": 0.0,
        "f1-score": 0.0,
        "support": 729.0
    },
    "accuracy": 0.04279835390946502,
    "macro avg": {
        "precision": 0.0508601901202633,
        "recall": 0.12765366777712459,
        "f1-score": 0.07061071555753687,
        "support": 3645.0
    },
    "weighted avg": {
        "precision": 0.024626011346844723,
        "recall": 0.04279835390946502,
        "f1-score": 0.029852251203401355,
        "support": 3645.0
    }
}