{
    "1": {
        "precision": 1.0,
        "recall": 0.9506172839506173,
        "f1-score": 0.9746835443037974,
        "support": 81.0
    },
    "2": {
        "precision": 0.9512195121951219,
        "recall": 0.9629629629629629,
        "f1-score": 0.9570552147239264,
        "support": 81.0
    },
    "3": {
        "precision": 1.0,
        "recall": 0.9382716049382716,
        "f1-score": 0.9681528662420382,
        "support": 81.0
    },
    "4": {
        "precision": 0.8888888888888888,
        "recall": 0.7901234567901234,
        "f1-score": 0.8366013071895425,
        "support": 81.0
    },
    "5": {
        "precision": 0.8095238095238095,
        "recall": 0.8395061728395061,
        "f1-score": 0.8242424242424242,
        "support": 81.0
    },
    "6": {
        "precision": 0.8414634146341463,
        "recall": 0.8518518518518519,
        "f1-score": 0.8466257668711656,
        "support": 81.0
    },
    "7": {
        "precision": 0.803030303030303,
        "recall": 0.654320987654321,
        "f1-score": 0.7210884353741497,
        "support": 81.0
    },
    "8": {
        "precision": 0.6756756756756757,
        "recall": 0.6172839506172839,
        "f1-score": 0.6451612903225806,
        "support": 81.0
    },
    "9": {
        "precision": 0.625,
        "recall": 0.43209876543209874,
        "f1-score": 0.5109489051094891,
        "support": 81.0
    },
    "micro avg": {
        "precision": 0.852017937219731,
        "recall": 0.7818930041152263,
        "f1-score": 0.8154506437768241,
        "support": 729.0
    },
    "macro avg": {
        "precision": 0.843866844883105,
        "recall": 0.7818930041152263,
        "f1-score": 0.8093955282643459,
        "support": 729.0
    },
    "weighted avg": {
        "precision": 0.8438668448831051,
        "recall": 0.7818930041152263,
        "f1-score": 0.809395528264346,
        "support": 729.0
    },
    "accuracy": 0.7818930041152263
}