{
    "1": {
        "precision": 1.0,
        "recall": 1.0,
        "f1-score": 1.0,
        "support": 81.0
    },
    "2": {
        "precision": 0.7902439024390244,
        "recall": 1.0,
        "f1-score": 0.8828337874659401,
        "support": 162.0
    },
    "3": {
        "precision": 0.4291845493562232,
        "recall": 0.823045267489712,
        "f1-score": 0.5641748942172073,
        "support": 243.0
    },
    "4": {
        "precision": 0.13647058823529412,
        "recall": 0.17901234567901234,
        "f1-score": 0.1548731642189586,
        "support": 324.0
    },
    "5": {
        "precision": 0.07480314960629922,
        "recall": 0.09382716049382717,
        "f1-score": 0.0832420591456736,
        "support": 405.0
    },
    "6": {
        "precision": 0.028119507908611598,
        "recall": 0.03292181069958848,
        "f1-score": 0.03033175355450237,
        "support": 486.0
    },
    "7": {
        "precision": 0.02127659574468085,
        "recall": 0.024691358024691357,
        "f1-score": 0.022857142857142857,
        "support": 567.0
    },
    "8": {
        "precision": 0.005457025920873124,
        "recall": 0.006172839506172839,
        "f1-score": 0.005792903692976104,
        "support": 648.0
    },
    "9": {
        "precision": 0.0,
        "recall": 0.0,
        "f1-score": 0.0,
        "support": 729.0
    },
    "accuracy": 0.15720164609053497,
    "macro avg": {
        "precision": 0.27617281324566734,
        "recall": 0.35107453132144495,
        "f1-score": 0.30490063390582234,
        "support": 3645.0
    },
    "weighted avg": {
        "precision": 0.11442775508779583,
        "recall": 0.15720164609053497,
        "f1-score": 0.13071619913463395,
        "support": 3645.0
    }
}