{
    "1": {
        "precision": 0.3333333333333333,
        "recall": 1.0,
        "f1-score": 0.5,
        "support": 81.0
    },
    "2": {
        "precision": 0.0,
        "recall": 0.0,
        "f1-score": 0.0,
        "support": 162.0
    },
    "3": {
        "precision": 0.003105590062111801,
        "recall": 0.00411522633744856,
        "f1-score": 0.0035398230088495575,
        "support": 243.0
    },
    "4": {
        "precision": 0.007832898172323759,
        "recall": 0.009259259259259259,
        "f1-score": 0.008486562942008486,
        "support": 324.0
    },
    "5": {
        "precision": 0.06097560975609756,
        "recall": 0.06172839506172839,
        "f1-score": 0.06134969325153374,
        "support": 405.0
    },
    "6": {
        "precision": 0.1578125,
        "recall": 0.20781893004115226,
        "f1-score": 0.17939609236234458,
        "support": 486.0
    },
    "7": {
        "precision": 0.04242424242424243,
        "recall": 0.04938271604938271,
        "f1-score": 0.045639771801140996,
        "support": 567.0
    },
    "8": {
        "precision": 0.021476510067114093,
        "recall": 0.024691358024691357,
        "f1-score": 0.02297200287150036,
        "support": 648.0
    },
    "9": {
        "precision": 0.0,
        "recall": 0.0,
        "f1-score": 0.0,
        "support": 729.0
    },
    "accuracy": 0.06995884773662552,
    "macro avg": {
        "precision": 0.06966229820169142,
        "recall": 0.15077732053040693,
        "f1-score": 0.09126488291526419,
        "support": 3645.0
    },
    "weighted avg": {
        "precision": 0.046544811611023584,
        "recall": 0.06995884773662552,
        "f1-score": 0.05402100370680686,
        "support": 3645.0
    }
}