{
    "1": {
        "precision": 0.3333333333333333,
        "recall": 1.0,
        "f1-score": 0.5,
        "support": 81.0
    },
    "2": {
        "precision": 0.0,
        "recall": 0.0,
        "f1-score": 0.0,
        "support": 162.0
    },
    "3": {
        "precision": 0.0030959752321981426,
        "recall": 0.00411522633744856,
        "f1-score": 0.0035335689045936395,
        "support": 243.0
    },
    "4": {
        "precision": 0.005076142131979695,
        "recall": 0.006172839506172839,
        "f1-score": 0.005571030640668524,
        "support": 324.0
    },
    "5": {
        "precision": 0.031476997578692496,
        "recall": 0.03209876543209877,
        "f1-score": 0.03178484107579462,
        "support": 405.0
    },
    "6": {
        "precision": 0.13672496025437203,
        "recall": 0.17695473251028807,
        "f1-score": 0.15426008968609867,
        "support": 486.0
    },
    "7": {
        "precision": 0.0364741641337386,
        "recall": 0.042328042328042326,
        "f1-score": 0.03918367346938775,
        "support": 567.0
    },
    "8": {
        "precision": 0.018842530282637954,
        "recall": 0.021604938271604937,
        "f1-score": 0.020129403306973402,
        "support": 648.0
    },
    "9": {
        "precision": 0.0,
        "recall": 0.0,
        "f1-score": 0.0,
        "support": 729.0
    },
    "accuracy": 0.06063100137174211,
    "macro avg": {
        "precision": 0.06278045588299469,
        "recall": 0.14258606048729505,
        "f1-score": 0.08382917856483518,
        "support": 3645.0
    },
    "weighted avg": {
        "precision": 0.03881599929277367,
        "recall": 0.06063100137174211,
        "f1-score": 0.04561534474474492,
        "support": 3645.0
    }
}