{
    "1": {
        "precision": 1.0,
        "recall": 1.0,
        "f1-score": 1.0,
        "support": 81.0
    },
    "2": {
        "precision": 1.0,
        "recall": 1.0,
        "f1-score": 1.0,
        "support": 81.0
    },
    "3": {
        "precision": 0.9878048780487805,
        "recall": 1.0,
        "f1-score": 0.9938650306748467,
        "support": 81.0
    },
    "4": {
        "precision": 0.9523809523809523,
        "recall": 0.9876543209876543,
        "f1-score": 0.9696969696969697,
        "support": 81.0
    },
    "5": {
        "precision": 0.8461538461538461,
        "recall": 0.9506172839506173,
        "f1-score": 0.8953488372093024,
        "support": 81.0
    },
    "6": {
        "precision": 0.7701149425287356,
        "recall": 0.8271604938271605,
        "f1-score": 0.7976190476190477,
        "support": 81.0
    },
    "7": {
        "precision": 0.7011494252873564,
        "recall": 0.7530864197530864,
        "f1-score": 0.7261904761904762,
        "support": 81.0
    },
    "8": {
        "precision": 0.7051282051282052,
        "recall": 0.6790123456790124,
        "f1-score": 0.6918238993710691,
        "support": 81.0
    },
    "9": {
        "precision": 1.0,
        "recall": 0.7160493827160493,
        "f1-score": 0.8345323741007195,
        "support": 81.0
    },
    "accuracy": 0.879286694101509,
    "macro avg": {
        "precision": 0.8847480277253195,
        "recall": 0.8792866941015088,
        "f1-score": 0.8787862927624924,
        "support": 729.0
    },
    "weighted avg": {
        "precision": 0.8847480277253196,
        "recall": 0.879286694101509,
        "f1-score": 0.8787862927624924,
        "support": 729.0
    }
}