{
    "1": {
        "precision": 1.0,
        "recall": 0.9012345679012346,
        "f1-score": 0.948051948051948,
        "support": 81.0
    },
    "2": {
        "precision": 0.9080459770114943,
        "recall": 0.9753086419753086,
        "f1-score": 0.9404761904761905,
        "support": 81.0
    },
    "3": {
        "precision": 1.0,
        "recall": 0.9876543209876543,
        "f1-score": 0.9937888198757764,
        "support": 81.0
    },
    "4": {
        "precision": 0.9620253164556962,
        "recall": 0.9382716049382716,
        "f1-score": 0.95,
        "support": 81.0
    },
    "5": {
        "precision": 0.9473684210526315,
        "recall": 0.8888888888888888,
        "f1-score": 0.9171974522292994,
        "support": 81.0
    },
    "6": {
        "precision": 0.872093023255814,
        "recall": 0.9259259259259259,
        "f1-score": 0.8982035928143712,
        "support": 81.0
    },
    "7": {
        "precision": 0.88,
        "recall": 0.8148148148148148,
        "f1-score": 0.8461538461538461,
        "support": 81.0
    },
    "8": {
        "precision": 0.835820895522388,
        "recall": 0.691358024691358,
        "f1-score": 0.7567567567567568,
        "support": 81.0
    },
    "9": {
        "precision": 0.7833333333333333,
        "recall": 0.5802469135802469,
        "f1-score": 0.6666666666666666,
        "support": 81.0
    },
    "micro avg": {
        "precision": 0.9136163982430454,
        "recall": 0.8559670781893004,
        "f1-score": 0.8838526912181303,
        "support": 729.0
    },
    "macro avg": {
        "precision": 0.909854107403484,
        "recall": 0.8559670781893005,
        "f1-score": 0.8796994747805394,
        "support": 729.0
    },
    "weighted avg": {
        "precision": 0.9098541074034842,
        "recall": 0.8559670781893004,
        "f1-score": 0.8796994747805394,
        "support": 729.0
    },
    "accuracy": 0.8559670781893004
}