{
    "1": {
        "precision": 1.0,
        "recall": 1.0,
        "f1-score": 1.0,
        "support": 81.0
    },
    "2": {
        "precision": 1.0,
        "recall": 1.0,
        "f1-score": 1.0,
        "support": 81.0
    },
    "3": {
        "precision": 1.0,
        "recall": 1.0,
        "f1-score": 1.0,
        "support": 81.0
    },
    "4": {
        "precision": 0.9759036144578314,
        "recall": 1.0,
        "f1-score": 0.9878048780487805,
        "support": 81.0
    },
    "5": {
        "precision": 0.8210526315789474,
        "recall": 0.9629629629629629,
        "f1-score": 0.8863636363636364,
        "support": 81.0
    },
    "6": {
        "precision": 0.7142857142857143,
        "recall": 0.6790123456790124,
        "f1-score": 0.6962025316455697,
        "support": 81.0
    },
    "7": {
        "precision": 0.5842696629213483,
        "recall": 0.6419753086419753,
        "f1-score": 0.611764705882353,
        "support": 81.0
    },
    "8": {
        "precision": 0.5888888888888889,
        "recall": 0.654320987654321,
        "f1-score": 0.6198830409356725,
        "support": 81.0
    },
    "9": {
        "precision": 0.9807692307692307,
        "recall": 0.6296296296296297,
        "f1-score": 0.7669172932330827,
        "support": 81.0
    },
    "accuracy": 0.840877914951989,
    "macro avg": {
        "precision": 0.8516855269891068,
        "recall": 0.840877914951989,
        "f1-score": 0.8409928984565661,
        "support": 729.0
    },
    "weighted avg": {
        "precision": 0.8516855269891069,
        "recall": 0.840877914951989,
        "f1-score": 0.840992898456566,
        "support": 729.0
    }
}