{
    "1": {
        "precision": 1.0,
        "recall": 0.904835390946502,
        "f1-score": 0.9500405076964623,
        "support": 1944.0
    },
    "2": {
        "precision": 0.907035175879397,
        "recall": 0.9284979423868313,
        "f1-score": 0.9176410777834265,
        "support": 1944.0
    },
    "3": {
        "precision": 0.963948973932335,
        "recall": 0.8940329218106996,
        "f1-score": 0.9276754737123032,
        "support": 1944.0
    },
    "4": {
        "precision": 0.8721052631578947,
        "recall": 0.852366255144033,
        "f1-score": 0.8621227887617066,
        "support": 1944.0
    },
    "5": {
        "precision": 0.8521363418146903,
        "recall": 0.9130658436213992,
        "f1-score": 0.8815495406009436,
        "support": 1944.0
    },
    "6": {
        "precision": 0.8545882352941176,
        "recall": 0.934156378600823,
        "f1-score": 0.892602605062669,
        "support": 1944.0
    },
    "7": {
        "precision": 0.926950354609929,
        "recall": 0.6723251028806584,
        "f1-score": 0.7793679189028027,
        "support": 1944.0
    },
    "8": {
        "precision": 0.6769539078156313,
        "recall": 0.8688271604938271,
        "f1-score": 0.7609822031989186,
        "support": 1944.0
    },
    "9": {
        "precision": 0.878622197922362,
        "recall": 0.8266460905349794,
        "f1-score": 0.8518420355155049,
        "support": 1944.0
    },
    "micro avg": {
        "precision": 0.8711624698171784,
        "recall": 0.8660836762688614,
        "f1-score": 0.868615649183147,
        "support": 17496.0
    },
    "macro avg": {
        "precision": 0.8813711611584841,
        "recall": 0.8660836762688615,
        "f1-score": 0.8693137945816374,
        "support": 17496.0
    },
    "weighted avg": {
        "precision": 0.881371161158484,
        "recall": 0.8660836762688614,
        "f1-score": 0.8693137945816374,
        "support": 17496.0
    },
    "accuracy": 0.8660836762688614
}