{
    "red_squares": {
        "accuracy": 0.8395061728395061
    },
    "green_squares": {
        "accuracy": 0.7613168724279835
    },
    "blue_squares": {
        "accuracy": 0.813443072702332
    },
    "magenta_squares": {
        "accuracy": 0.8120713305898491
    },
    "yellow_squares": {
        "accuracy": 0.8106995884773662
    },
    "cyan_squares": {
        "accuracy": 0.8710562414266118
    },
    "red_circles": {
        "accuracy": 0.8340192043895748
    },
    "green_circles": {
        "accuracy": 0.803840877914952
    },
    "blue_circles": {
        "accuracy": 0.8203017832647462
    },
    "magenta_circles": {
        "accuracy": 0.8737997256515775
    },
    "yellow_circles": {
        "accuracy": 0.8491083676268861
    },
    "cyan_circles": {
        "accuracy": 0.877914951989026
    },
    "red_triangles": {
        "accuracy": 0.8724279835390947
    },
    "green_triangles": {
        "accuracy": 0.9176954732510288
    },
    "blue_triangles": {
        "accuracy": 0.8861454046639232
    },
    "magenta_triangles": {
        "accuracy": 0.9039780521262003
    },
    "yellow_triangles": {
        "accuracy": 0.9026063100137174
    },
    "cyan_triangles": {
        "accuracy": 0.9314128943758574
    },
    "red_stars": {
        "accuracy": 0.8984910836762688
    },
    "green_stars": {
        "accuracy": 0.8916323731138546
    },
    "blue_stars": {
        "accuracy": 0.8957475994513031
    },
    "magenta_stars": {
        "accuracy": 0.9382716049382716
    },
    "yellow_stars": {
        "accuracy": 0.8449931412894376
    },
    "cyan_stars": {
        "accuracy": 0.9355281207133059
    }
}