{
    "10": {
        "precision": 0.6041666666666666,
        "recall": 0.7160493827160493,
        "f1-score": 0.655367231638418,
        "support": 81.0
    },
    "11": {
        "precision": 0.7288135593220338,
        "recall": 0.5308641975308642,
        "f1-score": 0.6142857142857143,
        "support": 81.0
    },
    "12": {
        "precision": 0.5038759689922481,
        "recall": 0.8024691358024691,
        "f1-score": 0.6190476190476191,
        "support": 81.0
    },
    "13": {
        "precision": 0.21978021978021978,
        "recall": 0.24691358024691357,
        "f1-score": 0.23255813953488372,
        "support": 81.0
    },
    "14": {
        "precision": 0.25862068965517243,
        "recall": 0.18518518518518517,
        "f1-score": 0.2158273381294964,
        "support": 81.0
    },
    "15": {
        "precision": 0.35051546391752575,
        "recall": 0.41975308641975306,
        "f1-score": 0.38202247191011235,
        "support": 81.0
    },
    "16": {
        "precision": 0.323943661971831,
        "recall": 0.2839506172839506,
        "f1-score": 0.3026315789473684,
        "support": 81.0
    },
    "17": {
        "precision": 0.3402061855670103,
        "recall": 0.4074074074074074,
        "f1-score": 0.3707865168539326,
        "support": 81.0
    },
    "18": {
        "precision": 0.8,
        "recall": 0.04938271604938271,
        "f1-score": 0.09302325581395349,
        "support": 81.0
    },
    "micro avg": {
        "precision": 0.41963015647226176,
        "recall": 0.4046639231824417,
        "f1-score": 0.41201117318435754,
        "support": 729.0
    },
    "macro avg": {
        "precision": 0.45888026843030083,
        "recall": 0.4046639231824417,
        "f1-score": 0.3872833184623887,
        "support": 729.0
    },
    "weighted avg": {
        "precision": 0.45888026843030083,
        "recall": 0.4046639231824417,
        "f1-score": 0.3872833184623887,
        "support": 729.0
    },
    "accuracy": 0.4046639231824417
}