{
    "10": {
        "precision": 0.896551724137931,
        "recall": 0.9629629629629629,
        "f1-score": 0.9285714285714286,
        "support": 81.0
    },
    "11": {
        "precision": 0.9230769230769231,
        "recall": 0.8888888888888888,
        "f1-score": 0.9056603773584906,
        "support": 81.0
    },
    "12": {
        "precision": 0.7075471698113207,
        "recall": 0.9259259259259259,
        "f1-score": 0.8021390374331551,
        "support": 81.0
    },
    "13": {
        "precision": 0.5757575757575758,
        "recall": 0.7037037037037037,
        "f1-score": 0.6333333333333333,
        "support": 81.0
    },
    "14": {
        "precision": 0.41414141414141414,
        "recall": 0.5061728395061729,
        "f1-score": 0.45555555555555555,
        "support": 81.0
    },
    "15": {
        "precision": 0.7222222222222222,
        "recall": 0.48148148148148145,
        "f1-score": 0.5777777777777777,
        "support": 81.0
    },
    "16": {
        "precision": 0.6136363636363636,
        "recall": 0.6666666666666666,
        "f1-score": 0.6390532544378699,
        "support": 81.0
    },
    "17": {
        "precision": 0.8333333333333334,
        "recall": 0.49382716049382713,
        "f1-score": 0.6201550387596899,
        "support": 81.0
    },
    "18": {
        "precision": 0.8163265306122449,
        "recall": 0.49382716049382713,
        "f1-score": 0.6153846153846154,
        "support": 81.0
    },
    "micro avg": {
        "precision": 0.7005649717514124,
        "recall": 0.6803840877914952,
        "f1-score": 0.6903270702853166,
        "support": 729.0
    },
    "macro avg": {
        "precision": 0.7225103618588142,
        "recall": 0.6803840877914953,
        "f1-score": 0.6864033798457684,
        "support": 729.0
    },
    "weighted avg": {
        "precision": 0.7225103618588143,
        "recall": 0.6803840877914952,
        "f1-score": 0.6864033798457685,
        "support": 729.0
    },
    "accuracy": 0.6803840877914952
}