{
    "10": {
        "precision": 0.21052631578947367,
        "recall": 0.19753086419753085,
        "f1-score": 0.20382165605095542,
        "support": 81.0
    },
    "11": {
        "precision": 1.0,
        "recall": 0.012345679012345678,
        "f1-score": 0.024390243902439025,
        "support": 81.0
    },
    "12": {
        "precision": 0.6153846153846154,
        "recall": 0.3950617283950617,
        "f1-score": 0.48120300751879697,
        "support": 81.0
    },
    "13": {
        "precision": 0.3472222222222222,
        "recall": 0.30864197530864196,
        "f1-score": 0.32679738562091504,
        "support": 81.0
    },
    "14": {
        "precision": 0.0,
        "recall": 0.0,
        "f1-score": 0.0,
        "support": 81.0
    },
    "15": {
        "precision": 0.0,
        "recall": 0.0,
        "f1-score": 0.0,
        "support": 81.0
    },
    "16": {
        "precision": 0.0,
        "recall": 0.0,
        "f1-score": 0.0,
        "support": 81.0
    },
    "17": {
        "precision": 0.0,
        "recall": 0.0,
        "f1-score": 0.0,
        "support": 81.0
    },
    "18": {
        "precision": 0.0,
        "recall": 0.0,
        "f1-score": 0.0,
        "support": 81.0
    },
    "micro avg": {
        "precision": 0.2016348773841962,
        "recall": 0.10150891632373114,
        "f1-score": 0.13503649635036497,
        "support": 729.0
    },
    "macro avg": {
        "precision": 0.2414592392662568,
        "recall": 0.10150891632373114,
        "f1-score": 0.11513469923256738,
        "support": 729.0
    },
    "weighted avg": {
        "precision": 0.24145923926625681,
        "recall": 0.10150891632373114,
        "f1-score": 0.11513469923256738,
        "support": 729.0
    },
    "accuracy": 0.10150891632373114
}