{
    "10": {
        "precision": 0.9753086419753086,
        "recall": 0.9753086419753086,
        "f1-score": 0.9753086419753086,
        "support": 81.0
    },
    "11": {
        "precision": 0.9294117647058824,
        "recall": 0.9753086419753086,
        "f1-score": 0.9518072289156626,
        "support": 81.0
    },
    "12": {
        "precision": 0.8105263157894737,
        "recall": 0.9506172839506173,
        "f1-score": 0.875,
        "support": 81.0
    },
    "13": {
        "precision": 0.6568627450980392,
        "recall": 0.8271604938271605,
        "f1-score": 0.73224043715847,
        "support": 81.0
    },
    "14": {
        "precision": 0.5106382978723404,
        "recall": 0.5925925925925926,
        "f1-score": 0.5485714285714286,
        "support": 81.0
    },
    "15": {
        "precision": 0.7258064516129032,
        "recall": 0.5555555555555556,
        "f1-score": 0.6293706293706294,
        "support": 81.0
    },
    "16": {
        "precision": 0.7361111111111112,
        "recall": 0.654320987654321,
        "f1-score": 0.6928104575163399,
        "support": 81.0
    },
    "17": {
        "precision": 0.90625,
        "recall": 0.7160493827160493,
        "f1-score": 0.8,
        "support": 81.0
    },
    "18": {
        "precision": 0.9629629629629629,
        "recall": 0.6419753086419753,
        "f1-score": 0.7703703703703704,
        "support": 81.0
    },
    "micro avg": {
        "precision": 0.7870239774330042,
        "recall": 0.7654320987654321,
        "f1-score": 0.7760778859527121,
        "support": 729.0
    },
    "macro avg": {
        "precision": 0.8015420323475579,
        "recall": 0.7654320987654321,
        "f1-score": 0.7750532437642454,
        "support": 729.0
    },
    "weighted avg": {
        "precision": 0.8015420323475579,
        "recall": 0.7654320987654321,
        "f1-score": 0.7750532437642454,
        "support": 729.0
    },
    "accuracy": 0.7654320987654321
}