{
    "1": {
        "precision": 1.0,
        "recall": 1.0,
        "f1-score": 1.0,
        "support": 81.0
    },
    "2": {
        "precision": 1.0,
        "recall": 1.0,
        "f1-score": 1.0,
        "support": 81.0
    },
    "3": {
        "precision": 0.9878048780487805,
        "recall": 1.0,
        "f1-score": 0.9938650306748467,
        "support": 81.0
    },
    "4": {
        "precision": 0.9876543209876543,
        "recall": 0.9876543209876543,
        "f1-score": 0.9876543209876543,
        "support": 81.0
    },
    "5": {
        "precision": 0.8876404494382022,
        "recall": 0.9753086419753086,
        "f1-score": 0.9294117647058824,
        "support": 81.0
    },
    "6": {
        "precision": 0.85,
        "recall": 0.8395061728395061,
        "f1-score": 0.84472049689441,
        "support": 81.0
    },
    "7": {
        "precision": 0.7945205479452054,
        "recall": 0.7160493827160493,
        "f1-score": 0.7532467532467533,
        "support": 81.0
    },
    "8": {
        "precision": 0.7027027027027027,
        "recall": 0.6419753086419753,
        "f1-score": 0.6709677419354839,
        "support": 81.0
    },
    "9": {
        "precision": 0.796875,
        "recall": 0.6296296296296297,
        "f1-score": 0.7034482758620689,
        "support": 81.0
    },
    "micro avg": {
        "precision": 0.8950354609929078,
        "recall": 0.8655692729766804,
        "f1-score": 0.8800557880055788,
        "support": 729.0
    },
    "macro avg": {
        "precision": 0.8896886554580605,
        "recall": 0.8655692729766804,
        "f1-score": 0.8759238204785667,
        "support": 729.0
    },
    "weighted avg": {
        "precision": 0.8896886554580605,
        "recall": 0.8655692729766804,
        "f1-score": 0.8759238204785665,
        "support": 729.0
    },
    "accuracy": 0.8655692729766804
}