{
    "1": {
        "precision": 1.0,
        "recall": 0.6172839506172839,
        "f1-score": 0.7633587786259542,
        "support": 81.0
    },
    "2": {
        "precision": 1.0,
        "recall": 1.0,
        "f1-score": 1.0,
        "support": 81.0
    },
    "3": {
        "precision": 1.0,
        "recall": 1.0,
        "f1-score": 1.0,
        "support": 81.0
    },
    "4": {
        "precision": 1.0,
        "recall": 1.0,
        "f1-score": 1.0,
        "support": 81.0
    },
    "5": {
        "precision": 1.0,
        "recall": 1.0,
        "f1-score": 1.0,
        "support": 81.0
    },
    "6": {
        "precision": 1.0,
        "recall": 1.0,
        "f1-score": 1.0,
        "support": 81.0
    },
    "7": {
        "precision": 1.0,
        "recall": 1.0,
        "f1-score": 1.0,
        "support": 81.0
    },
    "8": {
        "precision": 1.0,
        "recall": 1.0,
        "f1-score": 1.0,
        "support": 81.0
    },
    "9": {
        "precision": 1.0,
        "recall": 1.0,
        "f1-score": 1.0,
        "support": 81.0
    },
    "micro avg": {
        "precision": 1.0,
        "recall": 0.9574759945130316,
        "f1-score": 0.9782761037140855,
        "support": 729.0
    },
    "macro avg": {
        "precision": 1.0,
        "recall": 0.9574759945130317,
        "f1-score": 0.9737065309584393,
        "support": 729.0
    },
    "weighted avg": {
        "precision": 1.0,
        "recall": 0.9574759945130316,
        "f1-score": 0.9737065309584393,
        "support": 729.0
    },
    "accuracy": 0.9574759945130316
}