{
    "10": {
        "precision": 0.5490196078431373,
        "recall": 0.691358024691358,
        "f1-score": 0.6120218579234973,
        "support": 81.0
    },
    "11": {
        "precision": 0.6481481481481481,
        "recall": 0.43209876543209874,
        "f1-score": 0.5185185185185185,
        "support": 81.0
    },
    "12": {
        "precision": 0.5431034482758621,
        "recall": 0.7777777777777778,
        "f1-score": 0.6395939086294417,
        "support": 81.0
    },
    "13": {
        "precision": 0.32954545454545453,
        "recall": 0.35802469135802467,
        "f1-score": 0.3431952662721893,
        "support": 81.0
    },
    "14": {
        "precision": 0.3939393939393939,
        "recall": 0.32098765432098764,
        "f1-score": 0.35374149659863946,
        "support": 81.0
    },
    "15": {
        "precision": 0.4482758620689655,
        "recall": 0.48148148148148145,
        "f1-score": 0.4642857142857143,
        "support": 81.0
    },
    "16": {
        "precision": 0.36585365853658536,
        "recall": 0.37037037037037035,
        "f1-score": 0.36809815950920244,
        "support": 81.0
    },
    "17": {
        "precision": 0.33663366336633666,
        "recall": 0.41975308641975306,
        "f1-score": 0.37362637362637363,
        "support": 81.0
    },
    "18": {
        "precision": 0.6666666666666666,
        "recall": 0.024691358024691357,
        "f1-score": 0.047619047619047616,
        "support": 81.0
    },
    "micro avg": {
        "precision": 0.4492131616595136,
        "recall": 0.43072702331961593,
        "f1-score": 0.43977591036414565,
        "support": 729.0
    },
    "macro avg": {
        "precision": 0.4756873225989501,
        "recall": 0.4307270233196159,
        "f1-score": 0.41341114922029154,
        "support": 729.0
    },
    "weighted avg": {
        "precision": 0.4756873225989501,
        "recall": 0.43072702331961593,
        "f1-score": 0.41341114922029154,
        "support": 729.0
    },
    "accuracy": 0.43072702331961593
}