{
    "1": {
        "precision": 1.0,
        "recall": 1.0,
        "f1-score": 1.0,
        "support": 81.0
    },
    "2": {
        "precision": 1.0,
        "recall": 1.0,
        "f1-score": 1.0,
        "support": 81.0
    },
    "3": {
        "precision": 0.6818181818181818,
        "recall": 0.9259259259259259,
        "f1-score": 0.7853403141361257,
        "support": 81.0
    },
    "4": {
        "precision": 0.4,
        "recall": 0.4444444444444444,
        "f1-score": 0.42105263157894735,
        "support": 81.0
    },
    "5": {
        "precision": 0.28,
        "recall": 0.345679012345679,
        "f1-score": 0.30939226519337015,
        "support": 81.0
    },
    "6": {
        "precision": 0.3469387755102041,
        "recall": 0.20987654320987653,
        "f1-score": 0.26153846153846155,
        "support": 81.0
    },
    "7": {
        "precision": 0.5,
        "recall": 0.13580246913580246,
        "f1-score": 0.21359223300970873,
        "support": 81.0
    },
    "8": {
        "precision": 0.3235294117647059,
        "recall": 0.13580246913580246,
        "f1-score": 0.19130434782608696,
        "support": 81.0
    },
    "9": {
        "precision": 0.36666666666666664,
        "recall": 0.13580246913580246,
        "f1-score": 0.1981981981981982,
        "support": 81.0
    },
    "micro avg": {
        "precision": 0.5879396984924623,
        "recall": 0.48148148148148145,
        "f1-score": 0.5294117647058824,
        "support": 729.0
    },
    "macro avg": {
        "precision": 0.5443281150844176,
        "recall": 0.48148148148148145,
        "f1-score": 0.4867131612756554,
        "support": 729.0
    },
    "weighted avg": {
        "precision": 0.5443281150844176,
        "recall": 0.48148148148148145,
        "f1-score": 0.48671316127565545,
        "support": 729.0
    },
    "accuracy": 0.48148148148148145
}