{
    "1": {
        "precision": 1.0,
        "recall": 1.0,
        "f1-score": 1.0,
        "support": 81.0
    },
    "2": {
        "precision": 1.0,
        "recall": 1.0,
        "f1-score": 1.0,
        "support": 81.0
    },
    "3": {
        "precision": 1.0,
        "recall": 1.0,
        "f1-score": 1.0,
        "support": 81.0
    },
    "4": {
        "precision": 1.0,
        "recall": 1.0,
        "f1-score": 1.0,
        "support": 81.0
    },
    "5": {
        "precision": 1.0,
        "recall": 1.0,
        "f1-score": 1.0,
        "support": 81.0
    },
    "6": {
        "precision": 0.9642857142857143,
        "recall": 1.0,
        "f1-score": 0.9818181818181818,
        "support": 81.0
    },
    "7": {
        "precision": 0.975,
        "recall": 0.9629629629629629,
        "f1-score": 0.968944099378882,
        "support": 81.0
    },
    "8": {
        "precision": 0.9753086419753086,
        "recall": 0.9753086419753086,
        "f1-score": 0.9753086419753086,
        "support": 81.0
    },
    "9": {
        "precision": 1.0,
        "recall": 0.9753086419753086,
        "f1-score": 0.9875,
        "support": 81.0
    },
    "accuracy": 0.99039780521262,
    "macro avg": {
        "precision": 0.9905104840290027,
        "recall": 0.9903978052126201,
        "f1-score": 0.9903967692413747,
        "support": 729.0
    },
    "weighted avg": {
        "precision": 0.9905104840290024,
        "recall": 0.99039780521262,
        "f1-score": 0.9903967692413747,
        "support": 729.0
    }
}