{
    "1": {
        "precision": 1.0,
        "recall": 0.8765432098765432,
        "f1-score": 0.9342105263157895,
        "support": 81.0
    },
    "2": {
        "precision": 0.453781512605042,
        "recall": 1.0,
        "f1-score": 0.6242774566473989,
        "support": 162.0
    },
    "3": {
        "precision": 0.12903225806451613,
        "recall": 0.19753086419753085,
        "f1-score": 0.15609756097560976,
        "support": 243.0
    },
    "4": {
        "precision": 0.0,
        "recall": 0.0,
        "f1-score": 0.0,
        "support": 324.0
    },
    "5": {
        "precision": 0.0,
        "recall": 0.0,
        "f1-score": 0.0,
        "support": 405.0
    },
    "6": {
        "precision": 0.0,
        "recall": 0.0,
        "f1-score": 0.0,
        "support": 486.0
    },
    "7": {
        "precision": 0.0,
        "recall": 0.0,
        "f1-score": 0.0,
        "support": 567.0
    },
    "8": {
        "precision": 0.0,
        "recall": 0.0,
        "f1-score": 0.0,
        "support": 648.0
    },
    "9": {
        "precision": 0.0,
        "recall": 0.0,
        "f1-score": 0.0,
        "support": 729.0
    },
    "accuracy": 0.07709190672153635,
    "macro avg": {
        "precision": 0.17586819674106202,
        "recall": 0.23045267489711932,
        "f1-score": 0.19050950488208868,
        "support": 3645.0
    },
    "weighted avg": {
        "precision": 0.05099243998674738,
        "recall": 0.07709190672153635,
        "f1-score": 0.058912402723053696,
        "support": 3645.0
    }
}