{
    "10": {
        "precision": 0.42748091603053434,
        "recall": 0.691358024691358,
        "f1-score": 0.5283018867924528,
        "support": 81.0
    },
    "11": {
        "precision": 0.16279069767441862,
        "recall": 0.08641975308641975,
        "f1-score": 0.11290322580645161,
        "support": 81.0
    },
    "12": {
        "precision": 0.7857142857142857,
        "recall": 0.5432098765432098,
        "f1-score": 0.6423357664233577,
        "support": 81.0
    },
    "13": {
        "precision": 0.9841269841269841,
        "recall": 0.7654320987654321,
        "f1-score": 0.8611111111111112,
        "support": 81.0
    },
    "14": {
        "precision": 0.9012345679012346,
        "recall": 0.9012345679012346,
        "f1-score": 0.9012345679012346,
        "support": 81.0
    },
    "15": {
        "precision": 0.8974358974358975,
        "recall": 0.8641975308641975,
        "f1-score": 0.8805031446540881,
        "support": 81.0
    },
    "16": {
        "precision": 0.7222222222222222,
        "recall": 0.32098765432098764,
        "f1-score": 0.4444444444444444,
        "support": 81.0
    },
    "17": {
        "precision": 0.08333333333333333,
        "recall": 0.04938271604938271,
        "f1-score": 0.06201550387596899,
        "support": 81.0
    },
    "18": {
        "precision": 0.03571428571428571,
        "recall": 0.012345679012345678,
        "f1-score": 0.01834862385321101,
        "support": 81.0
    },
    "micro avg": {
        "precision": 0.6081560283687943,
        "recall": 0.47050754458161864,
        "f1-score": 0.5305491105955144,
        "support": 729.0
    },
    "macro avg": {
        "precision": 0.5555614655725774,
        "recall": 0.4705075445816186,
        "f1-score": 0.49457758609581337,
        "support": 729.0
    },
    "weighted avg": {
        "precision": 0.5555614655725774,
        "recall": 0.47050754458161864,
        "f1-score": 0.4945775860958133,
        "support": 729.0
    },
    "accuracy": 0.47050754458161864
}