{
    "1": {
        "precision": 1.0,
        "recall": 1.0,
        "f1-score": 1.0,
        "support": 81.0
    },
    "2": {
        "precision": 0.9878048780487805,
        "recall": 1.0,
        "f1-score": 0.9938650306748467,
        "support": 81.0
    },
    "3": {
        "precision": 0.9411764705882353,
        "recall": 0.9876543209876543,
        "f1-score": 0.963855421686747,
        "support": 81.0
    },
    "4": {
        "precision": 0.8658536585365854,
        "recall": 0.8765432098765432,
        "f1-score": 0.8711656441717791,
        "support": 81.0
    },
    "5": {
        "precision": 0.7631578947368421,
        "recall": 0.7160493827160493,
        "f1-score": 0.7388535031847133,
        "support": 81.0
    },
    "6": {
        "precision": 0.6379310344827587,
        "recall": 0.4567901234567901,
        "f1-score": 0.5323741007194245,
        "support": 81.0
    },
    "7": {
        "precision": 0.4528301886792453,
        "recall": 0.2962962962962963,
        "f1-score": 0.3582089552238806,
        "support": 81.0
    },
    "8": {
        "precision": 0.4461538461538462,
        "recall": 0.35802469135802467,
        "f1-score": 0.3972602739726027,
        "support": 81.0
    },
    "9": {
        "precision": 0.42105263157894735,
        "recall": 0.19753086419753085,
        "f1-score": 0.2689075630252101,
        "support": 81.0
    },
    "micro avg": {
        "precision": 0.7693548387096775,
        "recall": 0.654320987654321,
        "f1-score": 0.7071905114899926,
        "support": 729.0
    },
    "macro avg": {
        "precision": 0.7239956225339156,
        "recall": 0.6543209876543209,
        "f1-score": 0.6804989436288005,
        "support": 729.0
    },
    "weighted avg": {
        "precision": 0.7239956225339156,
        "recall": 0.654320987654321,
        "f1-score": 0.6804989436288005,
        "support": 729.0
    },
    "accuracy": 0.654320987654321
}