{
    "1": {
        "precision": 1.0,
        "recall": 1.0,
        "f1-score": 1.0,
        "support": 81.0
    },
    "2": {
        "precision": 0.9878048780487805,
        "recall": 1.0,
        "f1-score": 0.9938650306748467,
        "support": 81.0
    },
    "3": {
        "precision": 0.8901098901098901,
        "recall": 1.0,
        "f1-score": 0.9418604651162791,
        "support": 81.0
    },
    "4": {
        "precision": 0.46296296296296297,
        "recall": 0.9259259259259259,
        "f1-score": 0.6172839506172839,
        "support": 81.0
    },
    "5": {
        "precision": 0.5740740740740741,
        "recall": 0.7654320987654321,
        "f1-score": 0.656084656084656,
        "support": 81.0
    },
    "6": {
        "precision": 0.5384615384615384,
        "recall": 0.43209876543209874,
        "f1-score": 0.4794520547945205,
        "support": 81.0
    },
    "7": {
        "precision": 0.4888888888888889,
        "recall": 0.2716049382716049,
        "f1-score": 0.3492063492063492,
        "support": 81.0
    },
    "8": {
        "precision": 0.574468085106383,
        "recall": 0.3333333333333333,
        "f1-score": 0.421875,
        "support": 81.0
    },
    "9": {
        "precision": 0.6521739130434783,
        "recall": 0.18518518518518517,
        "f1-score": 0.28846153846153844,
        "support": 81.0
    },
    "micro avg": {
        "precision": 0.6803977272727273,
        "recall": 0.6570644718792867,
        "f1-score": 0.6685275645498954,
        "support": 729.0
    },
    "macro avg": {
        "precision": 0.6854382478551106,
        "recall": 0.6570644718792867,
        "f1-score": 0.6386765605506083,
        "support": 729.0
    },
    "weighted avg": {
        "precision": 0.6854382478551106,
        "recall": 0.6570644718792867,
        "f1-score": 0.6386765605506083,
        "support": 729.0
    },
    "accuracy": 0.6570644718792867
}