{
    "1": {
        "precision": 1.0,
        "recall": 0.7901234567901234,
        "f1-score": 0.8827586206896552,
        "support": 81.0
    },
    "2": {
        "precision": 0.8089887640449438,
        "recall": 0.8888888888888888,
        "f1-score": 0.8470588235294118,
        "support": 81.0
    },
    "3": {
        "precision": 0.9710144927536232,
        "recall": 0.8271604938271605,
        "f1-score": 0.8933333333333333,
        "support": 81.0
    },
    "4": {
        "precision": 0.813953488372093,
        "recall": 0.8641975308641975,
        "f1-score": 0.8383233532934131,
        "support": 81.0
    },
    "5": {
        "precision": 0.8734177215189873,
        "recall": 0.8518518518518519,
        "f1-score": 0.8625,
        "support": 81.0
    },
    "6": {
        "precision": 0.84,
        "recall": 0.7777777777777778,
        "f1-score": 0.8076923076923077,
        "support": 81.0
    },
    "7": {
        "precision": 0.717948717948718,
        "recall": 0.691358024691358,
        "f1-score": 0.7044025157232704,
        "support": 81.0
    },
    "8": {
        "precision": 0.7105263157894737,
        "recall": 0.6666666666666666,
        "f1-score": 0.6878980891719745,
        "support": 81.0
    },
    "9": {
        "precision": 0.7,
        "recall": 0.5185185185185185,
        "f1-score": 0.5957446808510638,
        "support": 81.0
    },
    "micro avg": {
        "precision": 0.8239644970414202,
        "recall": 0.7640603566529492,
        "f1-score": 0.79288256227758,
        "support": 729.0
    },
    "macro avg": {
        "precision": 0.8262055000475377,
        "recall": 0.7640603566529491,
        "f1-score": 0.7910790804760478,
        "support": 729.0
    },
    "weighted avg": {
        "precision": 0.8262055000475377,
        "recall": 0.7640603566529492,
        "f1-score": 0.7910790804760478,
        "support": 729.0
    },
    "accuracy": 0.7640603566529492
}