{
    "10": {
        "precision": 0.25301204819277107,
        "recall": 0.25925925925925924,
        "f1-score": 0.25609756097560976,
        "support": 81.0
    },
    "11": {
        "precision": 1.0,
        "recall": 0.07407407407407407,
        "f1-score": 0.13793103448275862,
        "support": 81.0
    },
    "12": {
        "precision": 0.7169811320754716,
        "recall": 0.4691358024691358,
        "f1-score": 0.5671641791044776,
        "support": 81.0
    },
    "13": {
        "precision": 0.26785714285714285,
        "recall": 0.18518518518518517,
        "f1-score": 0.21897810218978103,
        "support": 81.0
    },
    "14": {
        "precision": 0.0,
        "recall": 0.0,
        "f1-score": 0.0,
        "support": 81.0
    },
    "15": {
        "precision": 0.0,
        "recall": 0.0,
        "f1-score": 0.0,
        "support": 81.0
    },
    "16": {
        "precision": 0.0,
        "recall": 0.0,
        "f1-score": 0.0,
        "support": 81.0
    },
    "17": {
        "precision": 0.0,
        "recall": 0.0,
        "f1-score": 0.0,
        "support": 81.0
    },
    "18": {
        "precision": 0.0,
        "recall": 0.0,
        "f1-score": 0.0,
        "support": 81.0
    },
    "micro avg": {
        "precision": 0.22160664819944598,
        "recall": 0.10973936899862825,
        "f1-score": 0.14678899082568808,
        "support": 729.0
    },
    "macro avg": {
        "precision": 0.24865003590282064,
        "recall": 0.10973936899862825,
        "f1-score": 0.13113009741695858,
        "support": 729.0
    },
    "weighted avg": {
        "precision": 0.24865003590282064,
        "recall": 0.10973936899862825,
        "f1-score": 0.13113009741695855,
        "support": 729.0
    },
    "accuracy": 0.10973936899862825
}