{
    "10": {
        "precision": 0.6304347826086957,
        "recall": 0.7160493827160493,
        "f1-score": 0.6705202312138728,
        "support": 81.0
    },
    "11": {
        "precision": 0.8421052631578947,
        "recall": 0.5925925925925926,
        "f1-score": 0.6956521739130435,
        "support": 81.0
    },
    "12": {
        "precision": 0.5590551181102362,
        "recall": 0.8765432098765432,
        "f1-score": 0.6826923076923077,
        "support": 81.0
    },
    "13": {
        "precision": 0.313953488372093,
        "recall": 0.3333333333333333,
        "f1-score": 0.32335329341317365,
        "support": 81.0
    },
    "14": {
        "precision": 0.46296296296296297,
        "recall": 0.30864197530864196,
        "f1-score": 0.37037037037037035,
        "support": 81.0
    },
    "15": {
        "precision": 0.5161290322580645,
        "recall": 0.5925925925925926,
        "f1-score": 0.5517241379310345,
        "support": 81.0
    },
    "16": {
        "precision": 0.4266666666666667,
        "recall": 0.3950617283950617,
        "f1-score": 0.41025641025641024,
        "support": 81.0
    },
    "17": {
        "precision": 0.3644067796610169,
        "recall": 0.5308641975308642,
        "f1-score": 0.4321608040201005,
        "support": 81.0
    },
    "18": {
        "precision": 0.75,
        "recall": 0.037037037037037035,
        "f1-score": 0.07058823529411765,
        "support": 81.0
    },
    "micro avg": {
        "precision": 0.5028328611898017,
        "recall": 0.4869684499314129,
        "f1-score": 0.49477351916376305,
        "support": 729.0
    },
    "macro avg": {
        "precision": 0.5406348993108478,
        "recall": 0.48696844993141286,
        "f1-score": 0.4674797737893811,
        "support": 729.0
    },
    "weighted avg": {
        "precision": 0.5406348993108478,
        "recall": 0.4869684499314129,
        "f1-score": 0.4674797737893812,
        "support": 729.0
    },
    "accuracy": 0.4869684499314129
}