{
    "1": {
        "precision": 1.0,
        "recall": 0.9135802469135802,
        "f1-score": 0.9548387096774194,
        "support": 81.0
    },
    "2": {
        "precision": 0.9186046511627907,
        "recall": 0.9753086419753086,
        "f1-score": 0.9461077844311377,
        "support": 81.0
    },
    "3": {
        "precision": 0.9878048780487805,
        "recall": 1.0,
        "f1-score": 0.9938650306748467,
        "support": 81.0
    },
    "4": {
        "precision": 0.9871794871794872,
        "recall": 0.9506172839506173,
        "f1-score": 0.9685534591194969,
        "support": 81.0
    },
    "5": {
        "precision": 0.9156626506024096,
        "recall": 0.9382716049382716,
        "f1-score": 0.926829268292683,
        "support": 81.0
    },
    "6": {
        "precision": 0.8846153846153846,
        "recall": 0.8518518518518519,
        "f1-score": 0.8679245283018868,
        "support": 81.0
    },
    "7": {
        "precision": 0.8271604938271605,
        "recall": 0.8271604938271605,
        "f1-score": 0.8271604938271605,
        "support": 81.0
    },
    "8": {
        "precision": 0.8666666666666667,
        "recall": 0.6419753086419753,
        "f1-score": 0.7375886524822695,
        "support": 81.0
    },
    "9": {
        "precision": 0.7192982456140351,
        "recall": 0.5061728395061729,
        "f1-score": 0.5942028985507246,
        "support": 81.0
    },
    "micro avg": {
        "precision": 0.9072164948453608,
        "recall": 0.8449931412894376,
        "f1-score": 0.875,
        "support": 729.0
    },
    "macro avg": {
        "precision": 0.9007769397463016,
        "recall": 0.8449931412894376,
        "f1-score": 0.8685634250397362,
        "support": 729.0
    },
    "weighted avg": {
        "precision": 0.9007769397463018,
        "recall": 0.8449931412894376,
        "f1-score": 0.8685634250397362,
        "support": 729.0
    },
    "accuracy": 0.8449931412894376
}