{
    "1": {
        "precision": 1.0,
        "recall": 1.0,
        "f1-score": 1.0,
        "support": 5589.0
    },
    "2": {
        "precision": 0.9991060253888789,
        "recall": 0.9998210771157631,
        "f1-score": 0.9994634233589698,
        "support": 5589.0
    },
    "3": {
        "precision": 0.9989241527703067,
        "recall": 0.9967793880837359,
        "f1-score": 0.9978506179473401,
        "support": 5589.0
    },
    "4": {
        "precision": 0.9965716347888849,
        "recall": 0.988191089640365,
        "f1-score": 0.9923636690324319,
        "support": 5589.0
    },
    "5": {
        "precision": 0.9840232389251997,
        "recall": 0.969762032563965,
        "f1-score": 0.9768405875461836,
        "support": 5589.0
    },
    "6": {
        "precision": 0.964381979206777,
        "recall": 0.8962247271426015,
        "f1-score": 0.929054993971993,
        "support": 5589.0
    },
    "7": {
        "precision": 0.8790849673202614,
        "recall": 0.7219538378958669,
        "f1-score": 0.7928087238432066,
        "support": 5589.0
    },
    "8": {
        "precision": 0.6922462030375699,
        "recall": 0.6197888709966005,
        "f1-score": 0.6540168035495139,
        "support": 5589.0
    },
    "9": {
        "precision": 0.7102497611573632,
        "recall": 0.9311146895687958,
        "f1-score": 0.8058222359863735,
        "support": 5589.0
    },
    "micro avg": {
        "precision": 0.9094423523756109,
        "recall": 0.9026261903341882,
        "f1-score": 0.9060214517335994,
        "support": 50301.0
    },
    "macro avg": {
        "precision": 0.9138431069550269,
        "recall": 0.9026261903341882,
        "f1-score": 0.9053578950262234,
        "support": 50301.0
    },
    "weighted avg": {
        "precision": 0.9138431069550268,
        "recall": 0.9026261903341882,
        "f1-score": 0.9053578950262235,
        "support": 50301.0
    },
    "accuracy": 0.9026261903341882
}