{
    "10": {
        "precision": 0.36633663366336633,
        "recall": 0.9135802469135802,
        "f1-score": 0.5229681978798587,
        "support": 81.0
    },
    "11": {
        "precision": 0.0730593607305936,
        "recall": 0.19753086419753085,
        "f1-score": 0.10666666666666667,
        "support": 81.0
    },
    "12": {
        "precision": 0.16666666666666666,
        "recall": 0.09876543209876543,
        "f1-score": 0.12403100775193798,
        "support": 81.0
    },
    "13": {
        "precision": 0.128,
        "recall": 0.19753086419753085,
        "f1-score": 0.1553398058252427,
        "support": 81.0
    },
    "14": {
        "precision": 0.0,
        "recall": 0.0,
        "f1-score": 0.0,
        "support": 81.0
    },
    "15": {
        "precision": 0.13333333333333333,
        "recall": 0.024691358024691357,
        "f1-score": 0.041666666666666664,
        "support": 81.0
    },
    "16": {
        "precision": 0.05660377358490566,
        "recall": 0.037037037037037035,
        "f1-score": 0.04477611940298507,
        "support": 81.0
    },
    "17": {
        "precision": 0.5,
        "recall": 0.012345679012345678,
        "f1-score": 0.024096385542168676,
        "support": 81.0
    },
    "18": {
        "precision": 0.875,
        "recall": 0.08641975308641975,
        "f1-score": 0.15730337078651685,
        "support": 81.0
    },
    "micro avg": {
        "precision": 0.17737430167597765,
        "recall": 0.17421124828532236,
        "f1-score": 0.17577854671280277,
        "support": 729.0
    },
    "macro avg": {
        "precision": 0.2554444186643184,
        "recall": 0.17421124828532233,
        "f1-score": 0.13076091339133816,
        "support": 729.0
    },
    "weighted avg": {
        "precision": 0.2554444186643184,
        "recall": 0.17421124828532236,
        "f1-score": 0.13076091339133816,
        "support": 729.0
    },
    "accuracy": 0.17421124828532236
}