{
    "10": {
        "precision": 0.9545454545454546,
        "recall": 0.5185185185185185,
        "f1-score": 0.672,
        "support": 81.0
    },
    "11": {
        "precision": 0.9574468085106383,
        "recall": 0.5555555555555556,
        "f1-score": 0.703125,
        "support": 81.0
    },
    "12": {
        "precision": 0.6046511627906976,
        "recall": 0.6419753086419753,
        "f1-score": 0.6227544910179641,
        "support": 81.0
    },
    "13": {
        "precision": 0.5245901639344263,
        "recall": 0.3950617283950617,
        "f1-score": 0.4507042253521127,
        "support": 81.0
    },
    "14": {
        "precision": 0.0,
        "recall": 0.0,
        "f1-score": 0.0,
        "support": 81.0
    },
    "15": {
        "precision": 0.019801980198019802,
        "recall": 0.024691358024691357,
        "f1-score": 0.02197802197802198,
        "support": 81.0
    },
    "16": {
        "precision": 0.09565217391304348,
        "recall": 0.13580246913580246,
        "f1-score": 0.11224489795918367,
        "support": 81.0
    },
    "17": {
        "precision": 0.0,
        "recall": 0.0,
        "f1-score": 0.0,
        "support": 81.0
    },
    "18": {
        "precision": 0.0,
        "recall": 0.0,
        "f1-score": 0.0,
        "support": 81.0
    },
    "micro avg": {
        "precision": 0.3857442348008386,
        "recall": 0.252400548696845,
        "f1-score": 0.30514096185737977,
        "support": 729.0
    },
    "macro avg": {
        "precision": 0.3507430826546978,
        "recall": 0.2524005486968449,
        "f1-score": 0.2869785151452537,
        "support": 729.0
    },
    "weighted avg": {
        "precision": 0.3507430826546978,
        "recall": 0.252400548696845,
        "f1-score": 0.2869785151452536,
        "support": 729.0
    },
    "accuracy": 0.252400548696845
}