{
    "10": {
        "precision": 0.6195652173913043,
        "recall": 0.7037037037037037,
        "f1-score": 0.6589595375722543,
        "support": 81.0
    },
    "11": {
        "precision": 0.0,
        "recall": 0.0,
        "f1-score": 0.0,
        "support": 81.0
    },
    "12": {
        "precision": 0.2548262548262548,
        "recall": 0.8148148148148148,
        "f1-score": 0.38823529411764707,
        "support": 81.0
    },
    "13": {
        "precision": 0.38202247191011235,
        "recall": 0.41975308641975306,
        "f1-score": 0.4,
        "support": 81.0
    },
    "14": {
        "precision": 0.0,
        "recall": 0.0,
        "f1-score": 0.0,
        "support": 81.0
    },
    "15": {
        "precision": 0.2857142857142857,
        "recall": 0.12345679012345678,
        "f1-score": 0.1724137931034483,
        "support": 81.0
    },
    "16": {
        "precision": 0.38095238095238093,
        "recall": 0.09876543209876543,
        "f1-score": 0.1568627450980392,
        "support": 81.0
    },
    "17": {
        "precision": 0.5,
        "recall": 0.012345679012345678,
        "f1-score": 0.024096385542168676,
        "support": 81.0
    },
    "18": {
        "precision": 0.0,
        "recall": 0.0,
        "f1-score": 0.0,
        "support": 81.0
    },
    "micro avg": {
        "precision": 0.3534136546184739,
        "recall": 0.24142661179698216,
        "f1-score": 0.28687856560717195,
        "support": 729.0
    },
    "macro avg": {
        "precision": 0.26923117897714866,
        "recall": 0.24142661179698216,
        "f1-score": 0.20006308393706196,
        "support": 729.0
    },
    "weighted avg": {
        "precision": 0.2692311789771487,
        "recall": 0.24142661179698216,
        "f1-score": 0.20006308393706196,
        "support": 729.0
    },
    "accuracy": 0.24142661179698216
}