{
    "10": {
        "precision": 0.5876288659793815,
        "recall": 0.7037037037037037,
        "f1-score": 0.6404494382022472,
        "support": 81.0
    },
    "11": {
        "precision": 0.7592592592592593,
        "recall": 0.5061728395061729,
        "f1-score": 0.6074074074074074,
        "support": 81.0
    },
    "12": {
        "precision": 0.5151515151515151,
        "recall": 0.8395061728395061,
        "f1-score": 0.6384976525821596,
        "support": 81.0
    },
    "13": {
        "precision": 0.2441860465116279,
        "recall": 0.25925925925925924,
        "f1-score": 0.25149700598802394,
        "support": 81.0
    },
    "14": {
        "precision": 0.31746031746031744,
        "recall": 0.24691358024691357,
        "f1-score": 0.2777777777777778,
        "support": 81.0
    },
    "15": {
        "precision": 0.35051546391752575,
        "recall": 0.41975308641975306,
        "f1-score": 0.38202247191011235,
        "support": 81.0
    },
    "16": {
        "precision": 0.32098765432098764,
        "recall": 0.32098765432098764,
        "f1-score": 0.32098765432098764,
        "support": 81.0
    },
    "17": {
        "precision": 0.3516483516483517,
        "recall": 0.3950617283950617,
        "f1-score": 0.37209302325581395,
        "support": 81.0
    },
    "18": {
        "precision": 0.6666666666666666,
        "recall": 0.024691358024691357,
        "f1-score": 0.047619047619047616,
        "support": 81.0
    },
    "micro avg": {
        "precision": 0.4275568181818182,
        "recall": 0.41289437585733885,
        "f1-score": 0.4200976971388695,
        "support": 729.0
    },
    "macro avg": {
        "precision": 0.45705601565729254,
        "recall": 0.41289437585733885,
        "f1-score": 0.39315016434039746,
        "support": 729.0
    },
    "weighted avg": {
        "precision": 0.45705601565729254,
        "recall": 0.41289437585733885,
        "f1-score": 0.39315016434039746,
        "support": 729.0
    },
    "accuracy": 0.41289437585733885
}