{
    "1": {
        "precision": 0.9998193641618497,
        "recall": 0.9903381642512077,
        "f1-score": 0.9950561797752809,
        "support": 5589.0
    },
    "2": {
        "precision": 0.965754665700308,
        "recall": 0.9536589729826445,
        "f1-score": 0.9596687072380267,
        "support": 5589.0
    },
    "3": {
        "precision": 0.859708573364961,
        "recall": 0.9078547146179996,
        "f1-score": 0.8831259246366722,
        "support": 5589.0
    },
    "4": {
        "precision": 0.7543030712116099,
        "recall": 0.7997852925389157,
        "f1-score": 0.7763786365610074,
        "support": 5589.0
    },
    "5": {
        "precision": 0.581810269799826,
        "recall": 0.7176596886741814,
        "f1-score": 0.6426339822158135,
        "support": 5589.0
    },
    "6": {
        "precision": 0.4273365748244192,
        "recall": 0.5661120057255323,
        "f1-score": 0.4870314784884168,
        "support": 5589.0
    },
    "7": {
        "precision": 0.34558947545960533,
        "recall": 0.3666129898013956,
        "f1-score": 0.3557909359263761,
        "support": 5589.0
    },
    "8": {
        "precision": 0.3655058043117745,
        "recall": 0.39434603685811415,
        "f1-score": 0.3793786040106722,
        "support": 5589.0
    },
    "9": {
        "precision": 0.8155467720685112,
        "recall": 0.11075326534263732,
        "f1-score": 0.19502205419029617,
        "support": 5589.0
    },
    "micro avg": {
        "precision": 0.6504338764303894,
        "recall": 0.645235681199181,
        "f1-score": 0.6478243512974052,
        "support": 50301.0
    },
    "macro avg": {
        "precision": 0.6794860634336517,
        "recall": 0.645235681199181,
        "f1-score": 0.630454055893618,
        "support": 50301.0
    },
    "weighted avg": {
        "precision": 0.6794860634336517,
        "recall": 0.645235681199181,
        "f1-score": 0.6304540558936179,
        "support": 50301.0
    },
    "accuracy": 0.645235681199181
}