{
    "1": {
        "precision": 1.0,
        "recall": 1.0,
        "f1-score": 1.0,
        "support": 81.0
    },
    "2": {
        "precision": 0.72,
        "recall": 1.0,
        "f1-score": 0.8372093023255814,
        "support": 162.0
    },
    "3": {
        "precision": 0.4166666666666667,
        "recall": 0.7407407407407407,
        "f1-score": 0.5333333333333333,
        "support": 243.0
    },
    "4": {
        "precision": 0.17475728155339806,
        "recall": 0.2222222222222222,
        "f1-score": 0.1956521739130435,
        "support": 324.0
    },
    "5": {
        "precision": 0.124282982791587,
        "recall": 0.16049382716049382,
        "f1-score": 0.1400862068965517,
        "support": 405.0
    },
    "6": {
        "precision": 0.04878048780487805,
        "recall": 0.05761316872427984,
        "f1-score": 0.052830188679245285,
        "support": 486.0
    },
    "7": {
        "precision": 0.03162650602409638,
        "recall": 0.037037037037037035,
        "f1-score": 0.03411860276198213,
        "support": 567.0
    },
    "8": {
        "precision": 0.006811989100817439,
        "recall": 0.007716049382716049,
        "f1-score": 0.00723589001447178,
        "support": 648.0
    },
    "9": {
        "precision": 0.0,
        "recall": 0.0,
        "f1-score": 0.0,
        "support": 729.0
    },
    "accuracy": 0.16844993141289438,
    "macro avg": {
        "precision": 0.2803251015490493,
        "recall": 0.35842478280749884,
        "f1-score": 0.3111628553249121,
        "support": 3645.0
    },
    "weighted avg": {
        "precision": 0.12397796493280021,
        "recall": 0.16844993141289438,
        "f1-score": 0.14158126236247148,
        "support": 3645.0
    }
}