{
    "1": {
        "precision": 1.0,
        "recall": 1.0,
        "f1-score": 1.0,
        "support": 81.0
    },
    "2": {
        "precision": 1.0,
        "recall": 1.0,
        "f1-score": 1.0,
        "support": 81.0
    },
    "3": {
        "precision": 0.9642857142857143,
        "recall": 1.0,
        "f1-score": 0.9818181818181818,
        "support": 81.0
    },
    "4": {
        "precision": 0.8571428571428571,
        "recall": 0.9629629629629629,
        "f1-score": 0.9069767441860465,
        "support": 81.0
    },
    "5": {
        "precision": 0.7157894736842105,
        "recall": 0.8395061728395061,
        "f1-score": 0.7727272727272727,
        "support": 81.0
    },
    "6": {
        "precision": 0.7611940298507462,
        "recall": 0.6296296296296297,
        "f1-score": 0.6891891891891891,
        "support": 81.0
    },
    "7": {
        "precision": 0.7261904761904762,
        "recall": 0.7530864197530864,
        "f1-score": 0.7393939393939394,
        "support": 81.0
    },
    "8": {
        "precision": 0.7037037037037037,
        "recall": 0.7037037037037037,
        "f1-score": 0.7037037037037037,
        "support": 81.0
    },
    "9": {
        "precision": 0.7368421052631579,
        "recall": 0.1728395061728395,
        "f1-score": 0.28,
        "support": 81.0
    },
    "micro avg": {
        "precision": 0.8374816983894583,
        "recall": 0.7846364883401921,
        "f1-score": 0.8101983002832861,
        "support": 729.0
    },
    "macro avg": {
        "precision": 0.8294609289023184,
        "recall": 0.784636488340192,
        "f1-score": 0.7859787812242592,
        "support": 729.0
    },
    "weighted avg": {
        "precision": 0.8294609289023184,
        "recall": 0.7846364883401921,
        "f1-score": 0.7859787812242591,
        "support": 729.0
    },
    "accuracy": 0.7846364883401921
}