{
    "1": {
        "precision": 1.0,
        "recall": 0.9629629629629629,
        "f1-score": 0.9811320754716981,
        "support": 81.0
    },
    "2": {
        "precision": 0.9625,
        "recall": 0.9506172839506173,
        "f1-score": 0.9565217391304348,
        "support": 81.0
    },
    "3": {
        "precision": 0.9866666666666667,
        "recall": 0.9135802469135802,
        "f1-score": 0.9487179487179487,
        "support": 81.0
    },
    "4": {
        "precision": 0.881578947368421,
        "recall": 0.8271604938271605,
        "f1-score": 0.8535031847133758,
        "support": 81.0
    },
    "5": {
        "precision": 0.8369565217391305,
        "recall": 0.9506172839506173,
        "f1-score": 0.8901734104046243,
        "support": 81.0
    },
    "6": {
        "precision": 0.8977272727272727,
        "recall": 0.9753086419753086,
        "f1-score": 0.9349112426035503,
        "support": 81.0
    },
    "7": {
        "precision": 0.9649122807017544,
        "recall": 0.6790123456790124,
        "f1-score": 0.7971014492753623,
        "support": 81.0
    },
    "8": {
        "precision": 0.7272727272727273,
        "recall": 0.8888888888888888,
        "f1-score": 0.8,
        "support": 81.0
    },
    "9": {
        "precision": 0.9024390243902439,
        "recall": 0.9135802469135802,
        "f1-score": 0.9079754601226994,
        "support": 81.0
    },
    "micro avg": {
        "precision": 0.8982118294360385,
        "recall": 0.8957475994513031,
        "f1-score": 0.896978021978022,
        "support": 729.0
    },
    "macro avg": {
        "precision": 0.9066726045406907,
        "recall": 0.8957475994513033,
        "f1-score": 0.8966707233821882,
        "support": 729.0
    },
    "weighted avg": {
        "precision": 0.9066726045406909,
        "recall": 0.8957475994513031,
        "f1-score": 0.8966707233821881,
        "support": 729.0
    },
    "accuracy": 0.8957475994513031
}