{
    "1": {
        "precision": 1.0,
        "recall": 1.0,
        "f1-score": 1.0,
        "support": 81.0
    },
    "2": {
        "precision": 0.9642857142857143,
        "recall": 1.0,
        "f1-score": 0.9818181818181818,
        "support": 81.0
    },
    "3": {
        "precision": 0.8297872340425532,
        "recall": 0.9629629629629629,
        "f1-score": 0.8914285714285715,
        "support": 81.0
    },
    "4": {
        "precision": 0.4293785310734463,
        "recall": 0.9382716049382716,
        "f1-score": 0.5891472868217055,
        "support": 81.0
    },
    "5": {
        "precision": 0.6304347826086957,
        "recall": 0.7160493827160493,
        "f1-score": 0.6705202312138728,
        "support": 81.0
    },
    "6": {
        "precision": 0.5454545454545454,
        "recall": 0.5185185185185185,
        "f1-score": 0.5316455696202531,
        "support": 81.0
    },
    "7": {
        "precision": 0.41025641025641024,
        "recall": 0.19753086419753085,
        "f1-score": 0.26666666666666666,
        "support": 81.0
    },
    "8": {
        "precision": 0.4772727272727273,
        "recall": 0.25925925925925924,
        "f1-score": 0.336,
        "support": 81.0
    },
    "9": {
        "precision": 0.5714285714285714,
        "recall": 0.14814814814814814,
        "f1-score": 0.23529411764705882,
        "support": 81.0
    },
    "micro avg": {
        "precision": 0.6558533145275035,
        "recall": 0.6378600823045267,
        "f1-score": 0.6467315716272601,
        "support": 729.0
    },
    "macro avg": {
        "precision": 0.6509220573802961,
        "recall": 0.6378600823045267,
        "f1-score": 0.6113911805795901,
        "support": 729.0
    },
    "weighted avg": {
        "precision": 0.650922057380296,
        "recall": 0.6378600823045267,
        "f1-score": 0.6113911805795901,
        "support": 729.0
    },
    "accuracy": 0.6378600823045267
}