{
    "1": {
        "precision": 1.0,
        "recall": 1.0,
        "f1-score": 1.0,
        "support": 81.0
    },
    "2": {
        "precision": 0.9418604651162791,
        "recall": 1.0,
        "f1-score": 0.9700598802395209,
        "support": 81.0
    },
    "3": {
        "precision": 0.8777777777777778,
        "recall": 0.9753086419753086,
        "f1-score": 0.9239766081871345,
        "support": 81.0
    },
    "4": {
        "precision": 0.5579710144927537,
        "recall": 0.9506172839506173,
        "f1-score": 0.7031963470319634,
        "support": 81.0
    },
    "5": {
        "precision": 0.5887850467289719,
        "recall": 0.7777777777777778,
        "f1-score": 0.6702127659574468,
        "support": 81.0
    },
    "6": {
        "precision": 0.4939759036144578,
        "recall": 0.5061728395061729,
        "f1-score": 0.5,
        "support": 81.0
    },
    "7": {
        "precision": 0.46808510638297873,
        "recall": 0.2716049382716049,
        "f1-score": 0.34375,
        "support": 81.0
    },
    "8": {
        "precision": 0.45614035087719296,
        "recall": 0.32098765432098764,
        "f1-score": 0.37681159420289856,
        "support": 81.0
    },
    "9": {
        "precision": 0.5333333333333333,
        "recall": 0.09876543209876543,
        "f1-score": 0.16666666666666666,
        "support": 81.0
    },
    "micro avg": {
        "precision": 0.6789772727272727,
        "recall": 0.6556927297668038,
        "f1-score": 0.6671318911374738,
        "support": 729.0
    },
    "macro avg": {
        "precision": 0.6575476664804162,
        "recall": 0.6556927297668038,
        "f1-score": 0.6282970958095145,
        "support": 729.0
    },
    "weighted avg": {
        "precision": 0.6575476664804161,
        "recall": 0.6556927297668038,
        "f1-score": 0.6282970958095145,
        "support": 729.0
    },
    "accuracy": 0.6556927297668038
}