{
    "1": {
        "precision": 1.0,
        "recall": 1.0,
        "f1-score": 1.0,
        "support": 81.0
    },
    "2": {
        "precision": 1.0,
        "recall": 1.0,
        "f1-score": 1.0,
        "support": 81.0
    },
    "3": {
        "precision": 0.9878048780487805,
        "recall": 1.0,
        "f1-score": 0.9938650306748467,
        "support": 81.0
    },
    "4": {
        "precision": 0.9411764705882353,
        "recall": 0.9876543209876543,
        "f1-score": 0.963855421686747,
        "support": 81.0
    },
    "5": {
        "precision": 0.8444444444444444,
        "recall": 0.9382716049382716,
        "f1-score": 0.8888888888888888,
        "support": 81.0
    },
    "6": {
        "precision": 0.8589743589743589,
        "recall": 0.8271604938271605,
        "f1-score": 0.8427672955974843,
        "support": 81.0
    },
    "7": {
        "precision": 0.7954545454545454,
        "recall": 0.8641975308641975,
        "f1-score": 0.8284023668639053,
        "support": 81.0
    },
    "8": {
        "precision": 0.8289473684210527,
        "recall": 0.7777777777777778,
        "f1-score": 0.802547770700637,
        "support": 81.0
    },
    "9": {
        "precision": 1.0,
        "recall": 0.8395061728395061,
        "f1-score": 0.912751677852349,
        "support": 81.0
    },
    "accuracy": 0.9149519890260631,
    "macro avg": {
        "precision": 0.9174224517701575,
        "recall": 0.9149519890260631,
        "f1-score": 0.9147864946960953,
        "support": 729.0
    },
    "weighted avg": {
        "precision": 0.9174224517701575,
        "recall": 0.9149519890260631,
        "f1-score": 0.9147864946960954,
        "support": 729.0
    }
}