{
    "1": {
        "precision": 1.0,
        "recall": 1.0,
        "f1-score": 1.0,
        "support": 1944.0
    },
    "2": {
        "precision": 1.0,
        "recall": 1.0,
        "f1-score": 1.0,
        "support": 1944.0
    },
    "3": {
        "precision": 1.0,
        "recall": 1.0,
        "f1-score": 1.0,
        "support": 1944.0
    },
    "4": {
        "precision": 1.0,
        "recall": 1.0,
        "f1-score": 1.0,
        "support": 1944.0
    },
    "5": {
        "precision": 0.9994853319608852,
        "recall": 0.9989711934156379,
        "f1-score": 0.9992281965526113,
        "support": 1944.0
    },
    "6": {
        "precision": 0.9974332648870636,
        "recall": 0.9994855967078189,
        "f1-score": 0.9984583761562179,
        "support": 1944.0
    },
    "7": {
        "precision": 0.9984567901234568,
        "recall": 0.9984567901234568,
        "f1-score": 0.9984567901234568,
        "support": 1944.0
    },
    "8": {
        "precision": 0.9887812340642529,
        "recall": 0.9974279835390947,
        "f1-score": 0.9930857874519846,
        "support": 1944.0
    },
    "9": {
        "precision": 0.998960498960499,
        "recall": 0.9886831275720165,
        "f1-score": 0.9937952430196484,
        "support": 1944.0
    },
    "accuracy": 0.9981138545953361,
    "macro avg": {
        "precision": 0.9981241244440177,
        "recall": 0.9981138545953362,
        "f1-score": 0.998113821478213,
        "support": 17496.0
    },
    "weighted avg": {
        "precision": 0.9981241244440174,
        "recall": 0.9981138545953361,
        "f1-score": 0.9981138214782133,
        "support": 17496.0
    }
}