{
    "1": {
        "precision": 0.998570662855101,
        "recall": 1.0,
        "f1-score": 0.9992848203111032,
        "support": 5589.0
    },
    "2": {
        "precision": 1.0,
        "recall": 0.9996421542315262,
        "f1-score": 0.9998210450966356,
        "support": 5589.0
    },
    "3": {
        "precision": 0.9994630391981385,
        "recall": 0.9991053855788156,
        "f1-score": 0.9992841803865425,
        "support": 5589.0
    },
    "4": {
        "precision": 0.9996420261320924,
        "recall": 0.9992843084630524,
        "f1-score": 0.9994631352899069,
        "support": 5589.0
    },
    "5": {
        "precision": 0.9980350125044659,
        "recall": 0.9996421542315262,
        "f1-score": 0.9988379368910343,
        "support": 5589.0
    },
    "6": {
        "precision": 0.9980322003577817,
        "recall": 0.998210771157631,
        "f1-score": 0.9981214777708203,
        "support": 5589.0
    },
    "7": {
        "precision": 0.9989255014326648,
        "recall": 0.9980318482733942,
        "f1-score": 0.9984784748948358,
        "support": 5589.0
    },
    "8": {
        "precision": 0.9974986599964266,
        "recall": 0.9989264626945786,
        "f1-score": 0.9982120507777579,
        "support": 5589.0
    },
    "9": {
        "precision": 1.0,
        "recall": 0.9973161567364466,
        "f1-score": 0.9986562751948401,
        "support": 5589.0
    },
    "accuracy": 0.9989065823741079,
    "macro avg": {
        "precision": 0.9989074558307411,
        "recall": 0.9989065823741079,
        "f1-score": 0.9989065996237196,
        "support": 50301.0
    },
    "weighted avg": {
        "precision": 0.9989074558307411,
        "recall": 0.9989065823741079,
        "f1-score": 0.9989065996237196,
        "support": 50301.0
    }
}