{
    "1": {
        "precision": 1.0,
        "recall": 1.0,
        "f1-score": 1.0,
        "support": 81.0
    },
    "2": {
        "precision": 1.0,
        "recall": 1.0,
        "f1-score": 1.0,
        "support": 81.0
    },
    "3": {
        "precision": 1.0,
        "recall": 1.0,
        "f1-score": 1.0,
        "support": 81.0
    },
    "4": {
        "precision": 0.9878048780487805,
        "recall": 1.0,
        "f1-score": 0.9938650306748467,
        "support": 81.0
    },
    "5": {
        "precision": 0.8876404494382022,
        "recall": 0.9753086419753086,
        "f1-score": 0.9294117647058824,
        "support": 81.0
    },
    "6": {
        "precision": 0.8378378378378378,
        "recall": 0.7654320987654321,
        "f1-score": 0.8,
        "support": 81.0
    },
    "7": {
        "precision": 0.7386363636363636,
        "recall": 0.8024691358024691,
        "f1-score": 0.7692307692307693,
        "support": 81.0
    },
    "8": {
        "precision": 0.7386363636363636,
        "recall": 0.8024691358024691,
        "f1-score": 0.7692307692307693,
        "support": 81.0
    },
    "9": {
        "precision": 0.9538461538461539,
        "recall": 0.7654320987654321,
        "f1-score": 0.8493150684931506,
        "support": 81.0
    },
    "accuracy": 0.9012345679012346,
    "macro avg": {
        "precision": 0.9049335607159669,
        "recall": 0.9012345679012346,
        "f1-score": 0.9012281558150464,
        "support": 729.0
    },
    "weighted avg": {
        "precision": 0.9049335607159669,
        "recall": 0.9012345679012346,
        "f1-score": 0.9012281558150466,
        "support": 729.0
    }
}