{
    "10": {
        "precision": 0.4689655172413793,
        "recall": 0.8395061728395061,
        "f1-score": 0.6017699115044248,
        "support": 81.0
    },
    "11": {
        "precision": 0.0,
        "recall": 0.0,
        "f1-score": 0.0,
        "support": 81.0
    },
    "12": {
        "precision": 0.40789473684210525,
        "recall": 0.38271604938271603,
        "f1-score": 0.39490445859872614,
        "support": 81.0
    },
    "13": {
        "precision": 0.32558139534883723,
        "recall": 0.1728395061728395,
        "f1-score": 0.22580645161290322,
        "support": 81.0
    },
    "14": {
        "precision": 0.0,
        "recall": 0.0,
        "f1-score": 0.0,
        "support": 81.0
    },
    "15": {
        "precision": 0.19230769230769232,
        "recall": 0.6172839506172839,
        "f1-score": 0.2932551319648094,
        "support": 81.0
    },
    "16": {
        "precision": 0.25,
        "recall": 0.13580246913580246,
        "f1-score": 0.176,
        "support": 81.0
    },
    "17": {
        "precision": 0.31313131313131315,
        "recall": 0.38271604938271603,
        "f1-score": 0.34444444444444444,
        "support": 81.0
    },
    "18": {
        "precision": 0.3793103448275862,
        "recall": 0.13580246913580246,
        "f1-score": 0.2,
        "support": 81.0
    },
    "micro avg": {
        "precision": 0.3090128755364807,
        "recall": 0.2962962962962963,
        "f1-score": 0.3025210084033613,
        "support": 729.0
    },
    "macro avg": {
        "precision": 0.2596878888554348,
        "recall": 0.2962962962962963,
        "f1-score": 0.24846448868058982,
        "support": 729.0
    },
    "weighted avg": {
        "precision": 0.2596878888554348,
        "recall": 0.2962962962962963,
        "f1-score": 0.24846448868058976,
        "support": 729.0
    },
    "accuracy": 0.2962962962962963
}