{
    "1": {
        "precision": 1.0,
        "recall": 1.0,
        "f1-score": 1.0,
        "support": 81.0
    },
    "2": {
        "precision": 1.0,
        "recall": 1.0,
        "f1-score": 1.0,
        "support": 81.0
    },
    "3": {
        "precision": 0.9418604651162791,
        "recall": 1.0,
        "f1-score": 0.9700598802395209,
        "support": 81.0
    },
    "4": {
        "precision": 0.8,
        "recall": 0.9382716049382716,
        "f1-score": 0.8636363636363636,
        "support": 81.0
    },
    "5": {
        "precision": 0.6702127659574468,
        "recall": 0.7777777777777778,
        "f1-score": 0.72,
        "support": 81.0
    },
    "6": {
        "precision": 0.5760869565217391,
        "recall": 0.654320987654321,
        "f1-score": 0.6127167630057804,
        "support": 81.0
    },
    "7": {
        "precision": 0.4639175257731959,
        "recall": 0.5555555555555556,
        "f1-score": 0.5056179775280899,
        "support": 81.0
    },
    "8": {
        "precision": 0.3918918918918919,
        "recall": 0.35802469135802467,
        "f1-score": 0.3741935483870968,
        "support": 81.0
    },
    "9": {
        "precision": 0.84,
        "recall": 0.25925925925925924,
        "f1-score": 0.39622641509433965,
        "support": 81.0
    },
    "micro avg": {
        "precision": 0.7310344827586207,
        "recall": 0.7270233196159122,
        "f1-score": 0.7290233837689133,
        "support": 729.0
    },
    "macro avg": {
        "precision": 0.7426632894733947,
        "recall": 0.7270233196159123,
        "f1-score": 0.7158278830990212,
        "support": 729.0
    },
    "weighted avg": {
        "precision": 0.7426632894733947,
        "recall": 0.7270233196159122,
        "f1-score": 0.7158278830990212,
        "support": 729.0
    },
    "accuracy": 0.7270233196159122
}