{
    "10": {
        "precision": 0.38071065989847713,
        "recall": 0.9259259259259259,
        "f1-score": 0.539568345323741,
        "support": 81.0
    },
    "11": {
        "precision": 0.0892018779342723,
        "recall": 0.2345679012345679,
        "f1-score": 0.1292517006802721,
        "support": 81.0
    },
    "12": {
        "precision": 0.18867924528301888,
        "recall": 0.12345679012345678,
        "f1-score": 0.14925373134328357,
        "support": 81.0
    },
    "13": {
        "precision": 0.08208955223880597,
        "recall": 0.13580246913580246,
        "f1-score": 0.10232558139534884,
        "support": 81.0
    },
    "14": {
        "precision": 0.0,
        "recall": 0.0,
        "f1-score": 0.0,
        "support": 81.0
    },
    "15": {
        "precision": 0.15384615384615385,
        "recall": 0.024691358024691357,
        "f1-score": 0.0425531914893617,
        "support": 81.0
    },
    "16": {
        "precision": 0.038461538461538464,
        "recall": 0.024691358024691357,
        "f1-score": 0.03007518796992481,
        "support": 81.0
    },
    "17": {
        "precision": 0.3333333333333333,
        "recall": 0.012345679012345678,
        "f1-score": 0.023809523809523808,
        "support": 81.0
    },
    "18": {
        "precision": 1.0,
        "recall": 0.09876543209876543,
        "f1-score": 0.1797752808988764,
        "support": 81.0
    },
    "micro avg": {
        "precision": 0.17777777777777778,
        "recall": 0.1755829903978052,
        "f1-score": 0.1766735679779158,
        "support": 729.0
    },
    "macro avg": {
        "precision": 0.2518135956661778,
        "recall": 0.17558299039780523,
        "f1-score": 0.13295694921225915,
        "support": 729.0
    },
    "weighted avg": {
        "precision": 0.2518135956661778,
        "recall": 0.1755829903978052,
        "f1-score": 0.13295694921225912,
        "support": 729.0
    },
    "accuracy": 0.1755829903978052
}