{
    "10": {
        "precision": 0.41721854304635764,
        "recall": 0.7777777777777778,
        "f1-score": 0.5431034482758621,
        "support": 81.0
    },
    "11": {
        "precision": 0.0,
        "recall": 0.0,
        "f1-score": 0.0,
        "support": 81.0
    },
    "12": {
        "precision": 0.29411764705882354,
        "recall": 0.18518518518518517,
        "f1-score": 0.22727272727272727,
        "support": 81.0
    },
    "13": {
        "precision": 0.33620689655172414,
        "recall": 0.48148148148148145,
        "f1-score": 0.39593908629441626,
        "support": 81.0
    },
    "14": {
        "precision": 0.0,
        "recall": 0.0,
        "f1-score": 0.0,
        "support": 81.0
    },
    "15": {
        "precision": 0.23976608187134502,
        "recall": 0.5061728395061729,
        "f1-score": 0.3253968253968254,
        "support": 81.0
    },
    "16": {
        "precision": 0.2222222222222222,
        "recall": 0.024691358024691357,
        "f1-score": 0.044444444444444446,
        "support": 81.0
    },
    "17": {
        "precision": 0.3333333333333333,
        "recall": 0.012345679012345678,
        "f1-score": 0.023809523809523808,
        "support": 81.0
    },
    "18": {
        "precision": 0.0,
        "recall": 0.0,
        "f1-score": 0.0,
        "support": 81.0
    },
    "micro avg": {
        "precision": 0.3213572854291417,
        "recall": 0.22085048010973937,
        "f1-score": 0.26178861788617885,
        "support": 729.0
    },
    "macro avg": {
        "precision": 0.20476274712042286,
        "recall": 0.22085048010973937,
        "f1-score": 0.17332956172153324,
        "support": 729.0
    },
    "weighted avg": {
        "precision": 0.20476274712042283,
        "recall": 0.22085048010973937,
        "f1-score": 0.17332956172153327,
        "support": 729.0
    },
    "accuracy": 0.22085048010973937
}