{
    "10": {
        "precision": 0.65625,
        "recall": 0.7777777777777778,
        "f1-score": 0.711864406779661,
        "support": 81.0
    },
    "11": {
        "precision": 0.8571428571428571,
        "recall": 0.5925925925925926,
        "f1-score": 0.7007299270072993,
        "support": 81.0
    },
    "12": {
        "precision": 0.6134453781512605,
        "recall": 0.9012345679012346,
        "f1-score": 0.73,
        "support": 81.0
    },
    "13": {
        "precision": 0.375,
        "recall": 0.4444444444444444,
        "f1-score": 0.4067796610169492,
        "support": 81.0
    },
    "14": {
        "precision": 0.4827586206896552,
        "recall": 0.345679012345679,
        "f1-score": 0.4028776978417266,
        "support": 81.0
    },
    "15": {
        "precision": 0.46464646464646464,
        "recall": 0.5679012345679012,
        "f1-score": 0.5111111111111111,
        "support": 81.0
    },
    "16": {
        "precision": 0.3918918918918919,
        "recall": 0.35802469135802467,
        "f1-score": 0.3741935483870968,
        "support": 81.0
    },
    "17": {
        "precision": 0.3584905660377358,
        "recall": 0.4691358024691358,
        "f1-score": 0.40641711229946526,
        "support": 81.0
    },
    "18": {
        "precision": 1.0,
        "recall": 0.07407407407407407,
        "f1-score": 0.13793103448275862,
        "support": 81.0
    },
    "micro avg": {
        "precision": 0.5169014084507042,
        "recall": 0.5034293552812071,
        "f1-score": 0.5100764419735928,
        "support": 729.0
    },
    "macro avg": {
        "precision": 0.5777361976177627,
        "recall": 0.5034293552812071,
        "f1-score": 0.486878277658452,
        "support": 729.0
    },
    "weighted avg": {
        "precision": 0.5777361976177628,
        "recall": 0.5034293552812071,
        "f1-score": 0.48687827765845193,
        "support": 729.0
    },
    "accuracy": 0.5034293552812071
}