{
    "1": {
        "precision": 1.0,
        "recall": 1.0,
        "f1-score": 1.0,
        "support": 81.0
    },
    "2": {
        "precision": 1.0,
        "recall": 1.0,
        "f1-score": 1.0,
        "support": 81.0
    },
    "3": {
        "precision": 0.8666666666666667,
        "recall": 0.9629629629629629,
        "f1-score": 0.9122807017543859,
        "support": 81.0
    },
    "4": {
        "precision": 0.8805970149253731,
        "recall": 0.7283950617283951,
        "f1-score": 0.7972972972972973,
        "support": 81.0
    },
    "5": {
        "precision": 0.49673202614379086,
        "recall": 0.9382716049382716,
        "f1-score": 0.6495726495726496,
        "support": 81.0
    },
    "6": {
        "precision": 0.48,
        "recall": 0.2962962962962963,
        "f1-score": 0.366412213740458,
        "support": 81.0
    },
    "7": {
        "precision": 0.42696629213483145,
        "recall": 0.4691358024691358,
        "f1-score": 0.4470588235294118,
        "support": 81.0
    },
    "8": {
        "precision": 0.42696629213483145,
        "recall": 0.4691358024691358,
        "f1-score": 0.4470588235294118,
        "support": 81.0
    },
    "9": {
        "precision": 0.9333333333333333,
        "recall": 0.1728395061728395,
        "f1-score": 0.2916666666666667,
        "support": 81.0
    },
    "micro avg": {
        "precision": 0.6839160839160839,
        "recall": 0.6707818930041153,
        "f1-score": 0.6772853185595568,
        "support": 729.0
    },
    "macro avg": {
        "precision": 0.7234735139265364,
        "recall": 0.6707818930041153,
        "f1-score": 0.6568163528989202,
        "support": 729.0
    },
    "weighted avg": {
        "precision": 0.7234735139265364,
        "recall": 0.6707818930041153,
        "f1-score": 0.6568163528989202,
        "support": 729.0
    },
    "accuracy": 0.6707818930041153
}