{
    "1": {
        "precision": 0.9878048780487805,
        "recall": 1.0,
        "f1-score": 0.9938650306748467,
        "support": 81.0
    },
    "2": {
        "precision": 0.6475409836065574,
        "recall": 0.9753086419753086,
        "f1-score": 0.7783251231527094,
        "support": 162.0
    },
    "3": {
        "precision": 0.3974025974025974,
        "recall": 0.6296296296296297,
        "f1-score": 0.4872611464968153,
        "support": 243.0
    },
    "4": {
        "precision": 0.206266318537859,
        "recall": 0.24382716049382716,
        "f1-score": 0.22347949080622348,
        "support": 324.0
    },
    "5": {
        "precision": 0.17781690140845072,
        "recall": 0.24938271604938272,
        "f1-score": 0.20760534429599178,
        "support": 405.0
    },
    "6": {
        "precision": 0.07017543859649122,
        "recall": 0.07407407407407407,
        "f1-score": 0.07207207207207207,
        "support": 486.0
    },
    "7": {
        "precision": 0.125,
        "recall": 0.16225749559082892,
        "f1-score": 0.14121258633921718,
        "support": 567.0
    },
    "8": {
        "precision": 0.006811989100817439,
        "recall": 0.007716049382716049,
        "f1-score": 0.00723589001447178,
        "support": 648.0
    },
    "9": {
        "precision": 0.0,
        "recall": 0.0,
        "f1-score": 0.0,
        "support": 729.0
    },
    "accuracy": 0.1934156378600823,
    "macro avg": {
        "precision": 0.29097990074461705,
        "recall": 0.37135508524397415,
        "f1-score": 0.32345074265026086,
        "support": 3645.0
    },
    "weighted avg": {
        "precision": 0.14532873251219697,
        "recall": 0.1934156378600823,
        "f1-score": 0.164956690179962,
        "support": 3645.0
    }
}