{
    "10": {
        "precision": 0.38095238095238093,
        "recall": 0.7901234567901234,
        "f1-score": 0.5140562248995983,
        "support": 81.0
    },
    "11": {
        "precision": 0.0,
        "recall": 0.0,
        "f1-score": 0.0,
        "support": 81.0
    },
    "12": {
        "precision": 0.34285714285714286,
        "recall": 0.4444444444444444,
        "f1-score": 0.3870967741935484,
        "support": 81.0
    },
    "13": {
        "precision": 0.12903225806451613,
        "recall": 0.04938271604938271,
        "f1-score": 0.07142857142857142,
        "support": 81.0
    },
    "14": {
        "precision": 0.0,
        "recall": 0.0,
        "f1-score": 0.0,
        "support": 81.0
    },
    "15": {
        "precision": 0.22344322344322345,
        "recall": 0.7530864197530864,
        "f1-score": 0.3446327683615819,
        "support": 81.0
    },
    "16": {
        "precision": 0.29411764705882354,
        "recall": 0.18518518518518517,
        "f1-score": 0.22727272727272727,
        "support": 81.0
    },
    "17": {
        "precision": 0.3137254901960784,
        "recall": 0.19753086419753085,
        "f1-score": 0.24242424242424243,
        "support": 81.0
    },
    "18": {
        "precision": 0.6,
        "recall": 0.18518518518518517,
        "f1-score": 0.2830188679245283,
        "support": 81.0
    },
    "micro avg": {
        "precision": 0.2980225988700565,
        "recall": 0.289437585733882,
        "f1-score": 0.29366736256089077,
        "support": 729.0
    },
    "macro avg": {
        "precision": 0.25379201584135175,
        "recall": 0.289437585733882,
        "f1-score": 0.22999224183386646,
        "support": 729.0
    },
    "weighted avg": {
        "precision": 0.2537920158413517,
        "recall": 0.289437585733882,
        "f1-score": 0.22999224183386646,
        "support": 729.0
    },
    "accuracy": 0.289437585733882
}