{
    "10": {
        "precision": 0.9285714285714286,
        "recall": 0.16049382716049382,
        "f1-score": 0.2736842105263158,
        "support": 81.0
    },
    "11": {
        "precision": 0.0,
        "recall": 0.0,
        "f1-score": 0.0,
        "support": 81.0
    },
    "12": {
        "precision": 0.0,
        "recall": 0.0,
        "f1-score": 0.0,
        "support": 81.0
    },
    "13": {
        "precision": 0.0,
        "recall": 0.0,
        "f1-score": 0.0,
        "support": 81.0
    },
    "14": {
        "precision": 0.0,
        "recall": 0.0,
        "f1-score": 0.0,
        "support": 81.0
    },
    "15": {
        "precision": 0.0,
        "recall": 0.0,
        "f1-score": 0.0,
        "support": 81.0
    },
    "16": {
        "precision": 0.0,
        "recall": 0.0,
        "f1-score": 0.0,
        "support": 81.0
    },
    "17": {
        "precision": 0.0,
        "recall": 0.0,
        "f1-score": 0.0,
        "support": 81.0
    },
    "18": {
        "precision": 0.0,
        "recall": 0.0,
        "f1-score": 0.0,
        "support": 81.0
    },
    "micro avg": {
        "precision": 0.9285714285714286,
        "recall": 0.01783264746227709,
        "f1-score": 0.034993270524899055,
        "support": 729.0
    },
    "macro avg": {
        "precision": 0.10317460317460318,
        "recall": 0.01783264746227709,
        "f1-score": 0.030409356725146202,
        "support": 729.0
    },
    "weighted avg": {
        "precision": 0.10317460317460318,
        "recall": 0.01783264746227709,
        "f1-score": 0.0304093567251462,
        "support": 729.0
    },
    "accuracy": 0.01783264746227709
}