{
    "1": {
        "precision": 1.0,
        "recall": 1.0,
        "f1-score": 1.0,
        "support": 81.0
    },
    "2": {
        "precision": 1.0,
        "recall": 0.9753086419753086,
        "f1-score": 0.9875,
        "support": 81.0
    },
    "3": {
        "precision": 0.9605263157894737,
        "recall": 0.9012345679012346,
        "f1-score": 0.9299363057324841,
        "support": 81.0
    },
    "4": {
        "precision": 0.8627450980392157,
        "recall": 0.5432098765432098,
        "f1-score": 0.6666666666666666,
        "support": 81.0
    },
    "5": {
        "precision": 0.6185567010309279,
        "recall": 0.7407407407407407,
        "f1-score": 0.6741573033707865,
        "support": 81.0
    },
    "6": {
        "precision": 0.6716417910447762,
        "recall": 0.5555555555555556,
        "f1-score": 0.6081081081081081,
        "support": 81.0
    },
    "7": {
        "precision": 0.550561797752809,
        "recall": 0.6049382716049383,
        "f1-score": 0.5764705882352941,
        "support": 81.0
    },
    "8": {
        "precision": 0.5340909090909091,
        "recall": 0.5802469135802469,
        "f1-score": 0.5562130177514792,
        "support": 81.0
    },
    "9": {
        "precision": 0.5227272727272727,
        "recall": 0.2839506172839506,
        "f1-score": 0.368,
        "support": 81.0
    },
    "micro avg": {
        "precision": 0.7455357142857143,
        "recall": 0.6872427983539094,
        "f1-score": 0.715203426124197,
        "support": 729.0
    },
    "macro avg": {
        "precision": 0.7467610983861538,
        "recall": 0.6872427983539094,
        "f1-score": 0.707450221096091,
        "support": 729.0
    },
    "weighted avg": {
        "precision": 0.7467610983861539,
        "recall": 0.6872427983539094,
        "f1-score": 0.707450221096091,
        "support": 729.0
    },
    "accuracy": 0.6872427983539094
}