{
    "10": {
        "precision": 0.061224489795918366,
        "recall": 0.07407407407407407,
        "f1-score": 0.0670391061452514,
        "support": 81.0
    },
    "11": {
        "precision": 0.0,
        "recall": 0.0,
        "f1-score": 0.0,
        "support": 81.0
    },
    "12": {
        "precision": 0.7096774193548387,
        "recall": 0.8148148148148148,
        "f1-score": 0.7586206896551724,
        "support": 81.0
    },
    "13": {
        "precision": 0.5978260869565217,
        "recall": 0.6790123456790124,
        "f1-score": 0.6358381502890174,
        "support": 81.0
    },
    "14": {
        "precision": 0.7096774193548387,
        "recall": 0.5432098765432098,
        "f1-score": 0.6153846153846154,
        "support": 81.0
    },
    "15": {
        "precision": 0.8529411764705882,
        "recall": 0.7160493827160493,
        "f1-score": 0.7785234899328859,
        "support": 81.0
    },
    "16": {
        "precision": 0.86,
        "recall": 0.5308641975308642,
        "f1-score": 0.6564885496183206,
        "support": 81.0
    },
    "17": {
        "precision": 0.0,
        "recall": 0.0,
        "f1-score": 0.0,
        "support": 81.0
    },
    "18": {
        "precision": 0.0,
        "recall": 0.0,
        "f1-score": 0.0,
        "support": 81.0
    },
    "micro avg": {
        "precision": 0.5874730021598272,
        "recall": 0.3731138545953361,
        "f1-score": 0.4563758389261745,
        "support": 729.0
    },
    "macro avg": {
        "precision": 0.42126073243696727,
        "recall": 0.3731138545953361,
        "f1-score": 0.39021051122502926,
        "support": 729.0
    },
    "weighted avg": {
        "precision": 0.42126073243696727,
        "recall": 0.3731138545953361,
        "f1-score": 0.39021051122502926,
        "support": 729.0
    },
    "accuracy": 0.3731138545953361
}