{
    "1": {
        "precision": 0.9878048780487805,
        "recall": 1.0,
        "f1-score": 0.9938650306748467,
        "support": 81.0
    },
    "2": {
        "precision": 0.6680497925311203,
        "recall": 0.9938271604938271,
        "f1-score": 0.7990074441687345,
        "support": 162.0
    },
    "3": {
        "precision": 0.37299771167048057,
        "recall": 0.6707818930041153,
        "f1-score": 0.47941176470588237,
        "support": 243.0
    },
    "4": {
        "precision": 0.11933174224343675,
        "recall": 0.15432098765432098,
        "f1-score": 0.13458950201884254,
        "support": 324.0
    },
    "5": {
        "precision": 0.07142857142857142,
        "recall": 0.08888888888888889,
        "f1-score": 0.07920792079207921,
        "support": 405.0
    },
    "6": {
        "precision": 0.03169014084507042,
        "recall": 0.037037037037037035,
        "f1-score": 0.03415559772296015,
        "support": 486.0
    },
    "7": {
        "precision": 0.02564102564102564,
        "recall": 0.029982363315696647,
        "f1-score": 0.027642276422764227,
        "support": 567.0
    },
    "8": {
        "precision": 0.0027359781121751026,
        "recall": 0.0030864197530864196,
        "f1-score": 0.0029006526468455403,
        "support": 648.0
    },
    "9": {
        "precision": 0.0,
        "recall": 0.0,
        "f1-score": 0.0,
        "support": 729.0
    },
    "accuracy": 0.1448559670781893,
    "macro avg": {
        "precision": 0.25329776005785115,
        "recall": 0.33088052779410804,
        "f1-score": 0.28342002101699504,
        "support": 3645.0
    },
    "weighted avg": {
        "precision": 0.103752961637646,
        "recall": 0.1448559670781893,
        "f1-score": 0.11969216816972453,
        "support": 3645.0
    }
}