{
    "1": {
        "precision": 1.0,
        "recall": 1.0,
        "f1-score": 1.0,
        "support": 81.0
    },
    "2": {
        "precision": 1.0,
        "recall": 0.9259259259259259,
        "f1-score": 0.9615384615384616,
        "support": 81.0
    },
    "3": {
        "precision": 0.8068181818181818,
        "recall": 0.8765432098765432,
        "f1-score": 0.8402366863905325,
        "support": 81.0
    },
    "4": {
        "precision": 0.4666666666666667,
        "recall": 0.6049382716049383,
        "f1-score": 0.5268817204301075,
        "support": 81.0
    },
    "5": {
        "precision": 0.3274336283185841,
        "recall": 0.4567901234567901,
        "f1-score": 0.38144329896907214,
        "support": 81.0
    },
    "6": {
        "precision": 0.3103448275862069,
        "recall": 0.1111111111111111,
        "f1-score": 0.16363636363636364,
        "support": 81.0
    },
    "7": {
        "precision": 0.16666666666666666,
        "recall": 0.037037037037037035,
        "f1-score": 0.06060606060606061,
        "support": 81.0
    },
    "8": {
        "precision": 0.34,
        "recall": 0.20987654320987653,
        "f1-score": 0.2595419847328244,
        "support": 81.0
    },
    "9": {
        "precision": 0.2777777777777778,
        "recall": 0.06172839506172839,
        "f1-score": 0.10101010101010101,
        "support": 81.0
    },
    "micro avg": {
        "precision": 0.6013864818024264,
        "recall": 0.47599451303155005,
        "f1-score": 0.5313935681470138,
        "support": 729.0
    },
    "macro avg": {
        "precision": 0.5217453054260094,
        "recall": 0.4759945130315501,
        "f1-score": 0.47721051970150263,
        "support": 729.0
    },
    "weighted avg": {
        "precision": 0.5217453054260093,
        "recall": 0.47599451303155005,
        "f1-score": 0.47721051970150263,
        "support": 729.0
    },
    "accuracy": 0.47599451303155005
}