{
    "10": {
        "precision": 1.0,
        "recall": 0.8271604938271605,
        "f1-score": 0.9054054054054054,
        "support": 81.0
    },
    "11": {
        "precision": 0.8478260869565217,
        "recall": 0.48148148148148145,
        "f1-score": 0.6141732283464567,
        "support": 81.0
    },
    "12": {
        "precision": 0.475,
        "recall": 0.4691358024691358,
        "f1-score": 0.4720496894409938,
        "support": 81.0
    },
    "13": {
        "precision": 0.2037037037037037,
        "recall": 0.13580246913580246,
        "f1-score": 0.16296296296296298,
        "support": 81.0
    },
    "14": {
        "precision": 0.0,
        "recall": 0.0,
        "f1-score": 0.0,
        "support": 81.0
    },
    "15": {
        "precision": 0.009174311926605505,
        "recall": 0.012345679012345678,
        "f1-score": 0.010526315789473684,
        "support": 81.0
    },
    "16": {
        "precision": 0.0,
        "recall": 0.0,
        "f1-score": 0.0,
        "support": 81.0
    },
    "17": {
        "precision": 0.0,
        "recall": 0.0,
        "f1-score": 0.0,
        "support": 81.0
    },
    "18": {
        "precision": 0.0,
        "recall": 0.0,
        "f1-score": 0.0,
        "support": 81.0
    },
    "micro avg": {
        "precision": 0.33548387096774196,
        "recall": 0.2139917695473251,
        "f1-score": 0.2613065326633166,
        "support": 729.0
    },
    "macro avg": {
        "precision": 0.28174490028742566,
        "recall": 0.21399176954732513,
        "f1-score": 0.24056862243836585,
        "support": 729.0
    },
    "weighted avg": {
        "precision": 0.2817449002874256,
        "recall": 0.2139917695473251,
        "f1-score": 0.24056862243836585,
        "support": 729.0
    },
    "accuracy": 0.2139917695473251
}