{
    "10": {
        "precision": 0.5,
        "recall": 0.8024691358024691,
        "f1-score": 0.6161137440758294,
        "support": 81.0
    },
    "11": {
        "precision": 0.5714285714285714,
        "recall": 0.19753086419753085,
        "f1-score": 0.29357798165137616,
        "support": 81.0
    },
    "12": {
        "precision": 0.9705882352941176,
        "recall": 0.8148148148148148,
        "f1-score": 0.8859060402684564,
        "support": 81.0
    },
    "13": {
        "precision": 0.9491525423728814,
        "recall": 0.691358024691358,
        "f1-score": 0.8,
        "support": 81.0
    },
    "14": {
        "precision": 0.676056338028169,
        "recall": 0.5925925925925926,
        "f1-score": 0.631578947368421,
        "support": 81.0
    },
    "15": {
        "precision": 0.56,
        "recall": 0.5185185185185185,
        "f1-score": 0.5384615384615384,
        "support": 81.0
    },
    "16": {
        "precision": 0.15384615384615385,
        "recall": 0.07407407407407407,
        "f1-score": 0.1,
        "support": 81.0
    },
    "17": {
        "precision": 0.02040816326530612,
        "recall": 0.012345679012345678,
        "f1-score": 0.015384615384615385,
        "support": 81.0
    },
    "18": {
        "precision": 0.0,
        "recall": 0.0,
        "f1-score": 0.0,
        "support": 81.0
    },
    "micro avg": {
        "precision": 0.5474452554744526,
        "recall": 0.411522633744856,
        "f1-score": 0.46985121378230227,
        "support": 729.0
    },
    "macro avg": {
        "precision": 0.48905333380391103,
        "recall": 0.411522633744856,
        "f1-score": 0.43122476302335966,
        "support": 729.0
    },
    "weighted avg": {
        "precision": 0.489053333803911,
        "recall": 0.411522633744856,
        "f1-score": 0.4312247630233596,
        "support": 729.0
    },
    "accuracy": 0.411522633744856
}