{
    "1": {
        "precision": 1.0,
        "recall": 1.0,
        "f1-score": 1.0,
        "support": 81.0
    },
    "2": {
        "precision": 0.9878048780487805,
        "recall": 1.0,
        "f1-score": 0.9938650306748467,
        "support": 81.0
    },
    "3": {
        "precision": 0.9634146341463414,
        "recall": 0.9753086419753086,
        "f1-score": 0.9693251533742331,
        "support": 81.0
    },
    "4": {
        "precision": 0.582089552238806,
        "recall": 0.9629629629629629,
        "f1-score": 0.7255813953488373,
        "support": 81.0
    },
    "5": {
        "precision": 0.27956989247311825,
        "recall": 0.32098765432098764,
        "f1-score": 0.2988505747126437,
        "support": 81.0
    },
    "6": {
        "precision": 0.1941747572815534,
        "recall": 0.24691358024691357,
        "f1-score": 0.21739130434782608,
        "support": 81.0
    },
    "7": {
        "precision": 0.05102040816326531,
        "recall": 0.06172839506172839,
        "f1-score": 0.055865921787709494,
        "support": 81.0
    },
    "8": {
        "precision": 0.05454545454545454,
        "recall": 0.037037037037037035,
        "f1-score": 0.04411764705882353,
        "support": 81.0
    },
    "9": {
        "precision": 1.0,
        "recall": 0.012345679012345678,
        "f1-score": 0.024390243902439025,
        "support": 81.0
    },
    "accuracy": 0.5130315500685871,
    "macro avg": {
        "precision": 0.56806884187748,
        "recall": 0.5130315500685871,
        "f1-score": 0.48104303013415106,
        "support": 729.0
    },
    "weighted avg": {
        "precision": 0.56806884187748,
        "recall": 0.5130315500685871,
        "f1-score": 0.48104303013415095,
        "support": 729.0
    }
}