{
    "1": {
        "precision": 0.9878048780487805,
        "recall": 1.0,
        "f1-score": 0.9938650306748467,
        "support": 81.0
    },
    "2": {
        "precision": 0.975609756097561,
        "recall": 0.9876543209876543,
        "f1-score": 0.9815950920245399,
        "support": 81.0
    },
    "3": {
        "precision": 0.5824175824175825,
        "recall": 0.654320987654321,
        "f1-score": 0.6162790697674418,
        "support": 81.0
    },
    "4": {
        "precision": 0.26380368098159507,
        "recall": 0.5308641975308642,
        "f1-score": 0.3524590163934426,
        "support": 81.0
    },
    "5": {
        "precision": 0.05357142857142857,
        "recall": 0.037037037037037035,
        "f1-score": 0.043795620437956206,
        "support": 81.0
    },
    "6": {
        "precision": 0.30303030303030304,
        "recall": 0.24691358024691357,
        "f1-score": 0.272108843537415,
        "support": 81.0
    },
    "7": {
        "precision": 0.14285714285714285,
        "recall": 0.012345679012345678,
        "f1-score": 0.022727272727272728,
        "support": 81.0
    },
    "8": {
        "precision": 0.4,
        "recall": 0.12345679012345678,
        "f1-score": 0.18867924528301888,
        "support": 81.0
    },
    "9": {
        "precision": 0.23529411764705882,
        "recall": 0.04938271604938271,
        "f1-score": 0.08163265306122448,
        "support": 81.0
    },
    "micro avg": {
        "precision": 0.5008488964346349,
        "recall": 0.4046639231824417,
        "f1-score": 0.44764795144157815,
        "support": 729.0
    },
    "macro avg": {
        "precision": 0.4382654321834947,
        "recall": 0.4046639231824417,
        "f1-score": 0.39479353821190655,
        "support": 729.0
    },
    "weighted avg": {
        "precision": 0.43826543218349473,
        "recall": 0.4046639231824417,
        "f1-score": 0.39479353821190644,
        "support": 729.0
    },
    "accuracy": 0.4046639231824417
}