{
    "10": {
        "precision": 0.9583333333333334,
        "recall": 0.2839506172839506,
        "f1-score": 0.4380952380952381,
        "support": 81.0
    },
    "11": {
        "precision": 0.0,
        "recall": 0.0,
        "f1-score": 0.0,
        "support": 81.0
    },
    "12": {
        "precision": 0.0,
        "recall": 0.0,
        "f1-score": 0.0,
        "support": 81.0
    },
    "13": {
        "precision": 0.0,
        "recall": 0.0,
        "f1-score": 0.0,
        "support": 81.0
    },
    "14": {
        "precision": 0.0,
        "recall": 0.0,
        "f1-score": 0.0,
        "support": 81.0
    },
    "15": {
        "precision": 0.0,
        "recall": 0.0,
        "f1-score": 0.0,
        "support": 81.0
    },
    "16": {
        "precision": 0.0,
        "recall": 0.0,
        "f1-score": 0.0,
        "support": 81.0
    },
    "17": {
        "precision": 0.0,
        "recall": 0.0,
        "f1-score": 0.0,
        "support": 81.0
    },
    "18": {
        "precision": 0.0,
        "recall": 0.0,
        "f1-score": 0.0,
        "support": 81.0
    },
    "micro avg": {
        "precision": 0.92,
        "recall": 0.03155006858710562,
        "f1-score": 0.0610079575596817,
        "support": 729.0
    },
    "macro avg": {
        "precision": 0.10648148148148148,
        "recall": 0.03155006858710562,
        "f1-score": 0.04867724867724868,
        "support": 729.0
    },
    "weighted avg": {
        "precision": 0.10648148148148148,
        "recall": 0.03155006858710562,
        "f1-score": 0.04867724867724868,
        "support": 729.0
    },
    "accuracy": 0.03155006858710562
}