{
    "10": {
        "precision": 0.3723404255319149,
        "recall": 0.43209876543209874,
        "f1-score": 0.4,
        "support": 81.0
    },
    "11": {
        "precision": 0.0,
        "recall": 0.0,
        "f1-score": 0.0,
        "support": 81.0
    },
    "12": {
        "precision": 0.7065217391304348,
        "recall": 0.8024691358024691,
        "f1-score": 0.7514450867052023,
        "support": 81.0
    },
    "13": {
        "precision": 0.3333333333333333,
        "recall": 0.08641975308641975,
        "f1-score": 0.13725490196078433,
        "support": 81.0
    },
    "14": {
        "precision": 0.05555555555555555,
        "recall": 0.037037037037037035,
        "f1-score": 0.044444444444444446,
        "support": 81.0
    },
    "15": {
        "precision": 0.24242424242424243,
        "recall": 0.3950617283950617,
        "f1-score": 0.3004694835680751,
        "support": 81.0
    },
    "16": {
        "precision": 0.45962732919254656,
        "recall": 0.9135802469135802,
        "f1-score": 0.6115702479338843,
        "support": 81.0
    },
    "17": {
        "precision": 0.5051546391752577,
        "recall": 0.6049382716049383,
        "f1-score": 0.550561797752809,
        "support": 81.0
    },
    "18": {
        "precision": 0.8571428571428571,
        "recall": 0.07407407407407407,
        "f1-score": 0.13636363636363635,
        "support": 81.0
    },
    "micro avg": {
        "precision": 0.41185410334346506,
        "recall": 0.3717421124828532,
        "f1-score": 0.39077144917087236,
        "support": 729.0
    },
    "macro avg": {
        "precision": 0.3924555690540158,
        "recall": 0.3717421124828532,
        "f1-score": 0.32578995541431505,
        "support": 729.0
    },
    "weighted avg": {
        "precision": 0.39245556905401585,
        "recall": 0.3717421124828532,
        "f1-score": 0.3257899554143151,
        "support": 729.0
    },
    "accuracy": 0.3717421124828532
}