{
    "10": {
        "precision": 0.10869565217391304,
        "recall": 0.12345679012345678,
        "f1-score": 0.11560693641618497,
        "support": 81.0
    },
    "11": {
        "precision": 0.0,
        "recall": 0.0,
        "f1-score": 0.0,
        "support": 81.0
    },
    "12": {
        "precision": 0.673469387755102,
        "recall": 0.8148148148148148,
        "f1-score": 0.7374301675977654,
        "support": 81.0
    },
    "13": {
        "precision": 0.8095238095238095,
        "recall": 0.20987654320987653,
        "f1-score": 0.3333333333333333,
        "support": 81.0
    },
    "14": {
        "precision": 0.18421052631578946,
        "recall": 0.08641975308641975,
        "f1-score": 0.11764705882352941,
        "support": 81.0
    },
    "15": {
        "precision": 0.2571428571428571,
        "recall": 0.3333333333333333,
        "f1-score": 0.2903225806451613,
        "support": 81.0
    },
    "16": {
        "precision": 0.3224489795918367,
        "recall": 0.9753086419753086,
        "f1-score": 0.48466257668711654,
        "support": 81.0
    },
    "17": {
        "precision": 0.0,
        "recall": 0.0,
        "f1-score": 0.0,
        "support": 81.0
    },
    "18": {
        "precision": 0.8,
        "recall": 0.19753086419753085,
        "f1-score": 0.31683168316831684,
        "support": 81.0
    },
    "micro avg": {
        "precision": 0.3580645161290323,
        "recall": 0.3045267489711934,
        "f1-score": 0.3291326908821349,
        "support": 729.0
    },
    "macro avg": {
        "precision": 0.3506101347225898,
        "recall": 0.30452674897119336,
        "f1-score": 0.26620381518571196,
        "support": 729.0
    },
    "weighted avg": {
        "precision": 0.35061013472258984,
        "recall": 0.3045267489711934,
        "f1-score": 0.266203815185712,
        "support": 729.0
    },
    "accuracy": 0.3045267489711934
}