{
    "1": {
        "precision": 0.9759036144578314,
        "recall": 1.0,
        "f1-score": 0.9878048780487805,
        "support": 81.0
    },
    "2": {
        "precision": 0.6722689075630253,
        "recall": 0.9876543209876543,
        "f1-score": 0.8,
        "support": 162.0
    },
    "3": {
        "precision": 0.43351063829787234,
        "recall": 0.6707818930041153,
        "f1-score": 0.5266558966074314,
        "support": 243.0
    },
    "4": {
        "precision": 0.25721153846153844,
        "recall": 0.33024691358024694,
        "f1-score": 0.2891891891891892,
        "support": 324.0
    },
    "5": {
        "precision": 0.1693121693121693,
        "recall": 0.23703703703703705,
        "f1-score": 0.19753086419753085,
        "support": 405.0
    },
    "6": {
        "precision": 0.04133858267716536,
        "recall": 0.043209876543209874,
        "f1-score": 0.04225352112676056,
        "support": 486.0
    },
    "7": {
        "precision": 0.11019283746556474,
        "recall": 0.14109347442680775,
        "f1-score": 0.12374323279195669,
        "support": 567.0
    },
    "8": {
        "precision": 0.0027359781121751026,
        "recall": 0.0030864197530864196,
        "f1-score": 0.0029006526468455403,
        "support": 648.0
    },
    "9": {
        "precision": 0.0,
        "recall": 0.0,
        "f1-score": 0.0,
        "support": 729.0
    },
    "accuracy": 0.19478737997256515,
    "macro avg": {
        "precision": 0.2958304740385935,
        "recall": 0.3792344372591286,
        "f1-score": 0.3300086927342772,
        "support": 3645.0
    },
    "weighted avg": {
        "precision": 0.1452811006245299,
        "recall": 0.19478737997256515,
        "f1-score": 0.16566916940210022,
        "support": 3645.0
    }
}