{
    "1": {
        "precision": 1.0,
        "recall": 1.0,
        "f1-score": 1.0,
        "support": 81.0
    },
    "2": {
        "precision": 1.0,
        "recall": 1.0,
        "f1-score": 1.0,
        "support": 81.0
    },
    "3": {
        "precision": 1.0,
        "recall": 1.0,
        "f1-score": 1.0,
        "support": 81.0
    },
    "4": {
        "precision": 1.0,
        "recall": 1.0,
        "f1-score": 1.0,
        "support": 81.0
    },
    "5": {
        "precision": 0.9310344827586207,
        "recall": 1.0,
        "f1-score": 0.9642857142857143,
        "support": 81.0
    },
    "6": {
        "precision": 0.8823529411764706,
        "recall": 0.9259259259259259,
        "f1-score": 0.9036144578313253,
        "support": 81.0
    },
    "7": {
        "precision": 0.8068181818181818,
        "recall": 0.8765432098765432,
        "f1-score": 0.8402366863905325,
        "support": 81.0
    },
    "8": {
        "precision": 0.8513513513513513,
        "recall": 0.7777777777777778,
        "f1-score": 0.8129032258064516,
        "support": 81.0
    },
    "9": {
        "precision": 0.9859154929577465,
        "recall": 0.8641975308641975,
        "f1-score": 0.9210526315789473,
        "support": 81.0
    },
    "accuracy": 0.9382716049382716,
    "macro avg": {
        "precision": 0.9397191611180412,
        "recall": 0.9382716049382717,
        "f1-score": 0.9380103017658856,
        "support": 729.0
    },
    "weighted avg": {
        "precision": 0.9397191611180413,
        "recall": 0.9382716049382716,
        "f1-score": 0.9380103017658858,
        "support": 729.0
    }
}