{
    "1": {
        "precision": 0.9992848203111032,
        "recall": 1.0,
        "f1-score": 0.9996422822393132,
        "support": 5589.0
    },
    "2": {
        "precision": 0.9697864212536899,
        "recall": 0.9992843084630524,
        "f1-score": 0.9843144166372929,
        "support": 5589.0
    },
    "3": {
        "precision": 0.9217021276595745,
        "recall": 0.9688674181427804,
        "f1-score": 0.9446964410327984,
        "support": 5589.0
    },
    "4": {
        "precision": 0.931129476584022,
        "recall": 0.9071390230810521,
        "f1-score": 0.9189777052746058,
        "support": 5589.0
    },
    "5": {
        "precision": 0.901657060518732,
        "recall": 0.8956879584898909,
        "f1-score": 0.8986625976124226,
        "support": 5589.0
    },
    "6": {
        "precision": 0.8165887850467289,
        "recall": 0.8754696725711218,
        "f1-score": 0.8450047491581038,
        "support": 5589.0
    },
    "7": {
        "precision": 0.8378775167785235,
        "recall": 0.7147969225263912,
        "f1-score": 0.7714589166747128,
        "support": 5589.0
    },
    "8": {
        "precision": 0.7619047619047619,
        "recall": 0.6269457863660762,
        "f1-score": 0.6878680800942285,
        "support": 5589.0
    },
    "9": {
        "precision": 0.7708145476405169,
        "recall": 0.9176954732510288,
        "f1-score": 0.8378665359797435,
        "support": 5589.0
    },
    "micro avg": {
        "precision": 0.8795509285984434,
        "recall": 0.878431840321266,
        "f1-score": 0.8789910282679186,
        "support": 50301.0
    },
    "macro avg": {
        "precision": 0.8789717241886281,
        "recall": 0.878431840321266,
        "f1-score": 0.8764990805225801,
        "support": 50301.0
    },
    "weighted avg": {
        "precision": 0.8789717241886279,
        "recall": 0.878431840321266,
        "f1-score": 0.87649908052258,
        "support": 50301.0
    },
    "accuracy": 0.878431840321266
}