{
    "1": {
        "precision": 1.0,
        "recall": 0.9672571121846484,
        "f1-score": 0.9833560709413369,
        "support": 5589.0
    },
    "2": {
        "precision": 0.9591172214182344,
        "recall": 0.9486491322240115,
        "f1-score": 0.953854457137717,
        "support": 5589.0
    },
    "3": {
        "precision": 0.9236776712815051,
        "recall": 0.9311146895687958,
        "f1-score": 0.9273812706050075,
        "support": 5589.0
    },
    "4": {
        "precision": 0.8838227247857012,
        "recall": 0.8670602970119878,
        "f1-score": 0.8753612716763006,
        "support": 5589.0
    },
    "5": {
        "precision": 0.7708333333333334,
        "recall": 0.8341384863123994,
        "f1-score": 0.8012374323279196,
        "support": 5589.0
    },
    "6": {
        "precision": 0.7086709188071022,
        "recall": 0.7355519770978708,
        "f1-score": 0.7218612818261633,
        "support": 5589.0
    },
    "7": {
        "precision": 0.7182946573124662,
        "recall": 0.47629271783861155,
        "f1-score": 0.5727810650887574,
        "support": 5589.0
    },
    "8": {
        "precision": 0.5548541204572599,
        "recall": 0.581857219538379,
        "f1-score": 0.5680349344978166,
        "support": 5589.0
    },
    "9": {
        "precision": 0.6394230769230769,
        "recall": 0.5235283592771516,
        "f1-score": 0.5757009345794393,
        "support": 5589.0
    },
    "micro avg": {
        "precision": 0.7986803488541515,
        "recall": 0.7628277767837618,
        "f1-score": 0.7803424713251443,
        "support": 50301.0
    },
    "macro avg": {
        "precision": 0.7954104138131866,
        "recall": 0.7628277767837619,
        "f1-score": 0.7755076354089397,
        "support": 50301.0
    },
    "weighted avg": {
        "precision": 0.7954104138131867,
        "recall": 0.7628277767837618,
        "f1-score": 0.77550763540894,
        "support": 50301.0
    },
    "accuracy": 0.7628277767837618
}