{
    "10": {
        "precision": 0.11764705882352941,
        "recall": 0.19753086419753085,
        "f1-score": 0.14746543778801843,
        "support": 81.0
    },
    "11": {
        "precision": 0.0,
        "recall": 0.0,
        "f1-score": 0.0,
        "support": 81.0
    },
    "12": {
        "precision": 0.2088607594936709,
        "recall": 0.4074074074074074,
        "f1-score": 0.27615062761506276,
        "support": 81.0
    },
    "13": {
        "precision": 0.0,
        "recall": 0.0,
        "f1-score": 0.0,
        "support": 81.0
    },
    "14": {
        "precision": 0.32075471698113206,
        "recall": 0.20987654320987653,
        "f1-score": 0.2537313432835821,
        "support": 81.0
    },
    "15": {
        "precision": 0.2552083333333333,
        "recall": 0.6049382716049383,
        "f1-score": 0.358974358974359,
        "support": 81.0
    },
    "16": {
        "precision": 1.0,
        "recall": 0.012345679012345678,
        "f1-score": 0.024390243902439025,
        "support": 81.0
    },
    "17": {
        "precision": 0.3584905660377358,
        "recall": 0.2345679012345679,
        "f1-score": 0.2835820895522388,
        "support": 81.0
    },
    "18": {
        "precision": 1.0,
        "recall": 0.037037037037037035,
        "f1-score": 0.07142857142857142,
        "support": 81.0
    },
    "micro avg": {
        "precision": 0.23154362416107382,
        "recall": 0.18930041152263374,
        "f1-score": 0.20830188679245282,
        "support": 729.0
    },
    "macro avg": {
        "precision": 0.3623290482966002,
        "recall": 0.18930041152263374,
        "f1-score": 0.15730251917158572,
        "support": 729.0
    },
    "weighted avg": {
        "precision": 0.3623290482966002,
        "recall": 0.18930041152263374,
        "f1-score": 0.15730251917158572,
        "support": 729.0
    },
    "accuracy": 0.18930041152263374
}