{
    "10": {
        "precision": 0.2878787878787879,
        "recall": 0.2345679012345679,
        "f1-score": 0.2585034013605442,
        "support": 81.0
    },
    "11": {
        "precision": 1.0,
        "recall": 0.037037037037037035,
        "f1-score": 0.07142857142857142,
        "support": 81.0
    },
    "12": {
        "precision": 0.38461538461538464,
        "recall": 0.24691358024691357,
        "f1-score": 0.3007518796992481,
        "support": 81.0
    },
    "13": {
        "precision": 0.10606060606060606,
        "recall": 0.08641975308641975,
        "f1-score": 0.09523809523809523,
        "support": 81.0
    },
    "14": {
        "precision": 0.0,
        "recall": 0.0,
        "f1-score": 0.0,
        "support": 81.0
    },
    "15": {
        "precision": 0.0,
        "recall": 0.0,
        "f1-score": 0.0,
        "support": 81.0
    },
    "16": {
        "precision": 0.0,
        "recall": 0.0,
        "f1-score": 0.0,
        "support": 81.0
    },
    "17": {
        "precision": 0.0,
        "recall": 0.0,
        "f1-score": 0.0,
        "support": 81.0
    },
    "18": {
        "precision": 0.0,
        "recall": 0.0,
        "f1-score": 0.0,
        "support": 81.0
    },
    "micro avg": {
        "precision": 0.13802816901408452,
        "recall": 0.06721536351165981,
        "f1-score": 0.09040590405904059,
        "support": 729.0
    },
    "macro avg": {
        "precision": 0.19761719761719762,
        "recall": 0.06721536351165981,
        "f1-score": 0.08065799419182879,
        "support": 729.0
    },
    "weighted avg": {
        "precision": 0.19761719761719762,
        "recall": 0.06721536351165981,
        "f1-score": 0.08065799419182877,
        "support": 729.0
    },
    "accuracy": 0.06721536351165981
}