{
    "1": {
        "precision": 1.0,
        "recall": 0.9996421542315262,
        "f1-score": 0.9998210450966356,
        "support": 5589.0
    },
    "2": {
        "precision": 0.9996422822393132,
        "recall": 1.0,
        "f1-score": 0.9998211091234347,
        "support": 5589.0
    },
    "3": {
        "precision": 1.0,
        "recall": 1.0,
        "f1-score": 1.0,
        "support": 5589.0
    },
    "4": {
        "precision": 1.0,
        "recall": 1.0,
        "f1-score": 1.0,
        "support": 5589.0
    },
    "5": {
        "precision": 1.0,
        "recall": 0.9998210771157631,
        "f1-score": 0.9999105305538158,
        "support": 5589.0
    },
    "6": {
        "precision": 0.9994634233589698,
        "recall": 0.9998210771157631,
        "f1-score": 0.9996422182468694,
        "support": 5589.0
    },
    "7": {
        "precision": 0.9996422182468694,
        "recall": 0.9998210771157631,
        "f1-score": 0.9997316396815458,
        "support": 5589.0
    },
    "8": {
        "precision": 0.9932420416147963,
        "recall": 0.9992843084630524,
        "f1-score": 0.9962540135569034,
        "support": 5589.0
    },
    "9": {
        "precision": 0.9996395746981438,
        "recall": 0.9924852388620504,
        "f1-score": 0.9960495600646435,
        "support": 5589.0
    },
    "micro avg": {
        "precision": 0.9990655506292622,
        "recall": 0.9989861036559909,
        "f1-score": 0.9990258255631325,
        "support": 50301.0
    },
    "macro avg": {
        "precision": 0.9990699489064547,
        "recall": 0.9989861036559908,
        "f1-score": 0.9990255684804276,
        "support": 50301.0
    },
    "weighted avg": {
        "precision": 0.9990699489064547,
        "recall": 0.9989861036559909,
        "f1-score": 0.9990255684804277,
        "support": 50301.0
    },
    "accuracy": 0.9989861036559909
}