{
    "1": {
        "precision": 1.0,
        "recall": 0.8641975308641975,
        "f1-score": 0.9271523178807947,
        "support": 81.0
    },
    "2": {
        "precision": 0.4602272727272727,
        "recall": 1.0,
        "f1-score": 0.6303501945525292,
        "support": 162.0
    },
    "3": {
        "precision": 0.14058355437665782,
        "recall": 0.21810699588477367,
        "f1-score": 0.17096774193548386,
        "support": 243.0
    },
    "4": {
        "precision": 0.0,
        "recall": 0.0,
        "f1-score": 0.0,
        "support": 324.0
    },
    "5": {
        "precision": 0.0,
        "recall": 0.0,
        "f1-score": 0.0,
        "support": 405.0
    },
    "6": {
        "precision": 0.0,
        "recall": 0.0,
        "f1-score": 0.0,
        "support": 486.0
    },
    "7": {
        "precision": 0.0,
        "recall": 0.0,
        "f1-score": 0.0,
        "support": 567.0
    },
    "8": {
        "precision": 0.0,
        "recall": 0.0,
        "f1-score": 0.0,
        "support": 648.0
    },
    "9": {
        "precision": 0.0,
        "recall": 0.0,
        "f1-score": 0.0,
        "support": 729.0
    },
    "accuracy": 0.07818930041152264,
    "macro avg": {
        "precision": 0.1778678696782145,
        "recall": 0.23136716963877457,
        "f1-score": 0.19205225048542307,
        "support": 3645.0
    },
    "weighted avg": {
        "precision": 0.052049004635211525,
        "recall": 0.07818930041152264,
        "f1-score": 0.060016798506495654,
        "support": 3645.0
    }
}