{
    "10": {
        "precision": 0.23076923076923078,
        "recall": 0.5185185185185185,
        "f1-score": 0.3193916349809886,
        "support": 81.0
    },
    "11": {
        "precision": 0.0,
        "recall": 0.0,
        "f1-score": 0.0,
        "support": 81.0
    },
    "12": {
        "precision": 0.26262626262626265,
        "recall": 0.32098765432098764,
        "f1-score": 0.28888888888888886,
        "support": 81.0
    },
    "13": {
        "precision": 0.25,
        "recall": 0.024691358024691357,
        "f1-score": 0.0449438202247191,
        "support": 81.0
    },
    "14": {
        "precision": 0.0,
        "recall": 0.0,
        "f1-score": 0.0,
        "support": 81.0
    },
    "15": {
        "precision": 0.20327868852459016,
        "recall": 0.7654320987654321,
        "f1-score": 0.32124352331606215,
        "support": 81.0
    },
    "16": {
        "precision": 0.075,
        "recall": 0.037037037037037035,
        "f1-score": 0.049586776859504134,
        "support": 81.0
    },
    "17": {
        "precision": 0.4,
        "recall": 0.024691358024691357,
        "f1-score": 0.046511627906976744,
        "support": 81.0
    },
    "18": {
        "precision": 0.6470588235294118,
        "recall": 0.2716049382716049,
        "f1-score": 0.3826086956521739,
        "support": 81.0
    },
    "micro avg": {
        "precision": 0.2362555720653789,
        "recall": 0.21810699588477367,
        "f1-score": 0.2268188302425107,
        "support": 729.0
    },
    "macro avg": {
        "precision": 0.22985922282772173,
        "recall": 0.21810699588477364,
        "f1-score": 0.16146388531436817,
        "support": 729.0
    },
    "weighted avg": {
        "precision": 0.22985922282772173,
        "recall": 0.21810699588477367,
        "f1-score": 0.16146388531436817,
        "support": 729.0
    },
    "accuracy": 0.21810699588477367
}