{
    "10": {
        "precision": 0.26900584795321636,
        "recall": 0.5679012345679012,
        "f1-score": 0.36507936507936506,
        "support": 81.0
    },
    "11": {
        "precision": 0.0,
        "recall": 0.0,
        "f1-score": 0.0,
        "support": 81.0
    },
    "12": {
        "precision": 0.3058823529411765,
        "recall": 0.32098765432098764,
        "f1-score": 0.3132530120481928,
        "support": 81.0
    },
    "13": {
        "precision": 0.18421052631578946,
        "recall": 0.25925925925925924,
        "f1-score": 0.2153846153846154,
        "support": 81.0
    },
    "14": {
        "precision": 0.0,
        "recall": 0.0,
        "f1-score": 0.0,
        "support": 81.0
    },
    "15": {
        "precision": 0.2127659574468085,
        "recall": 0.49382716049382713,
        "f1-score": 0.29739776951672864,
        "support": 81.0
    },
    "16": {
        "precision": 0.09090909090909091,
        "recall": 0.012345679012345678,
        "f1-score": 0.021739130434782608,
        "support": 81.0
    },
    "17": {
        "precision": 0.4444444444444444,
        "recall": 0.04938271604938271,
        "f1-score": 0.08888888888888889,
        "support": 81.0
    },
    "18": {
        "precision": 0.0,
        "recall": 0.0,
        "f1-score": 0.0,
        "support": 81.0
    },
    "micro avg": {
        "precision": 0.23875432525951557,
        "recall": 0.18930041152263374,
        "f1-score": 0.2111706197398623,
        "support": 729.0
    },
    "macro avg": {
        "precision": 0.1674686911122807,
        "recall": 0.18930041152263372,
        "f1-score": 0.14463808681695262,
        "support": 729.0
    },
    "weighted avg": {
        "precision": 0.1674686911122807,
        "recall": 0.18930041152263374,
        "f1-score": 0.1446380868169526,
        "support": 729.0
    },
    "accuracy": 0.18930041152263374
}