{
    "1": {
        "precision": 0.994188376753507,
        "recall": 0.8876364286992307,
        "f1-score": 0.9378958313640231,
        "support": 5589.0
    },
    "2": {
        "precision": 0.9674612841482513,
        "recall": 0.9948112363571301,
        "f1-score": 0.9809456598447425,
        "support": 5589.0
    },
    "3": {
        "precision": 0.9750131050148524,
        "recall": 0.998389694041868,
        "f1-score": 0.9865629420084866,
        "support": 5589.0
    },
    "4": {
        "precision": 0.97245947359247,
        "recall": 0.998210771157631,
        "f1-score": 0.9851668726823238,
        "support": 5589.0
    },
    "5": {
        "precision": 0.9839307787391842,
        "recall": 0.9969583109679728,
        "f1-score": 0.9904017063633132,
        "support": 5589.0
    },
    "6": {
        "precision": 0.9881100266193434,
        "recall": 0.9962426194310252,
        "f1-score": 0.99215965787598,
        "support": 5589.0
    },
    "7": {
        "precision": 0.9896373056994818,
        "recall": 0.9910538557881553,
        "f1-score": 0.9903450741998927,
        "support": 5589.0
    },
    "8": {
        "precision": 0.9899641577060931,
        "recall": 0.9883700125246019,
        "f1-score": 0.9891664428328409,
        "support": 5589.0
    },
    "9": {
        "precision": 0.9963911945146157,
        "recall": 0.9880121667561281,
        "f1-score": 0.9921839906567245,
        "support": 5589.0
    },
    "micro avg": {
        "precision": 0.9838889552714383,
        "recall": 0.9821872328581936,
        "f1-score": 0.9830373576083171,
        "support": 50301.0
    },
    "macro avg": {
        "precision": 0.9841284114208665,
        "recall": 0.9821872328581936,
        "f1-score": 0.9827586864253698,
        "support": 50301.0
    },
    "weighted avg": {
        "precision": 0.9841284114208667,
        "recall": 0.9821872328581936,
        "f1-score": 0.9827586864253697,
        "support": 50301.0
    },
    "accuracy": 0.9821872328581936
}