{
    "10": {
        "precision": 0.24731182795698925,
        "recall": 0.2839506172839506,
        "f1-score": 0.26436781609195403,
        "support": 81.0
    },
    "11": {
        "precision": 0.0,
        "recall": 0.0,
        "f1-score": 0.0,
        "support": 81.0
    },
    "12": {
        "precision": 0.7244897959183674,
        "recall": 0.8765432098765432,
        "f1-score": 0.7932960893854749,
        "support": 81.0
    },
    "13": {
        "precision": 0.8076923076923077,
        "recall": 0.25925925925925924,
        "f1-score": 0.3925233644859813,
        "support": 81.0
    },
    "14": {
        "precision": 0.14285714285714285,
        "recall": 0.07407407407407407,
        "f1-score": 0.0975609756097561,
        "support": 81.0
    },
    "15": {
        "precision": 0.21296296296296297,
        "recall": 0.2839506172839506,
        "f1-score": 0.24338624338624337,
        "support": 81.0
    },
    "16": {
        "precision": 0.3278008298755187,
        "recall": 0.9753086419753086,
        "f1-score": 0.4906832298136646,
        "support": 81.0
    },
    "17": {
        "precision": 1.0,
        "recall": 0.024691358024691357,
        "f1-score": 0.04819277108433735,
        "support": 81.0
    },
    "18": {
        "precision": 0.7368421052631579,
        "recall": 0.1728395061728395,
        "f1-score": 0.28,
        "support": 81.0
    },
    "micro avg": {
        "precision": 0.3799682034976153,
        "recall": 0.3278463648834019,
        "f1-score": 0.35198821796759944,
        "support": 729.0
    },
    "macro avg": {
        "precision": 0.46666188583627183,
        "recall": 0.3278463648834019,
        "f1-score": 0.2900011655397124,
        "support": 729.0
    },
    "weighted avg": {
        "precision": 0.4666618858362718,
        "recall": 0.3278463648834019,
        "f1-score": 0.2900011655397124,
        "support": 729.0
    },
    "accuracy": 0.3278463648834019
}