{
    "10": {
        "precision": 0.9878048780487805,
        "recall": 1.0,
        "f1-score": 0.9938650306748467,
        "support": 81.0
    },
    "11": {
        "precision": 1.0,
        "recall": 0.9876543209876543,
        "f1-score": 0.9937888198757764,
        "support": 81.0
    },
    "12": {
        "precision": 1.0,
        "recall": 1.0,
        "f1-score": 1.0,
        "support": 81.0
    },
    "13": {
        "precision": 1.0,
        "recall": 1.0,
        "f1-score": 1.0,
        "support": 81.0
    },
    "14": {
        "precision": 0.9876543209876543,
        "recall": 0.9876543209876543,
        "f1-score": 0.9876543209876543,
        "support": 81.0
    },
    "15": {
        "precision": 0.9506172839506173,
        "recall": 0.9506172839506173,
        "f1-score": 0.9506172839506173,
        "support": 81.0
    },
    "16": {
        "precision": 0.9375,
        "recall": 0.9259259259259259,
        "f1-score": 0.9316770186335404,
        "support": 81.0
    },
    "17": {
        "precision": 0.9382716049382716,
        "recall": 0.9382716049382716,
        "f1-score": 0.9382716049382716,
        "support": 81.0
    },
    "18": {
        "precision": 0.9615384615384616,
        "recall": 0.9259259259259259,
        "f1-score": 0.9433962264150944,
        "support": 81.0
    },
    "micro avg": {
        "precision": 0.9737931034482759,
        "recall": 0.9684499314128944,
        "f1-score": 0.9711141678129298,
        "support": 729.0
    },
    "macro avg": {
        "precision": 0.9737096166070872,
        "recall": 0.9684499314128944,
        "f1-score": 0.9710300339417556,
        "support": 729.0
    },
    "weighted avg": {
        "precision": 0.9737096166070872,
        "recall": 0.9684499314128944,
        "f1-score": 0.9710300339417557,
        "support": 729.0
    },
    "accuracy": 0.9684499314128944
}