{
    "10": {
        "precision": 1.0,
        "recall": 1.0,
        "f1-score": 1.0,
        "support": 81.0
    },
    "11": {
        "precision": 1.0,
        "recall": 1.0,
        "f1-score": 1.0,
        "support": 81.0
    },
    "12": {
        "precision": 1.0,
        "recall": 1.0,
        "f1-score": 1.0,
        "support": 81.0
    },
    "13": {
        "precision": 1.0,
        "recall": 1.0,
        "f1-score": 1.0,
        "support": 81.0
    },
    "14": {
        "precision": 0.9876543209876543,
        "recall": 0.9876543209876543,
        "f1-score": 0.9876543209876543,
        "support": 81.0
    },
    "15": {
        "precision": 0.9506172839506173,
        "recall": 0.9506172839506173,
        "f1-score": 0.9506172839506173,
        "support": 81.0
    },
    "16": {
        "precision": 0.9487179487179487,
        "recall": 0.9135802469135802,
        "f1-score": 0.9308176100628931,
        "support": 81.0
    },
    "17": {
        "precision": 0.9259259259259259,
        "recall": 0.9259259259259259,
        "f1-score": 0.9259259259259259,
        "support": 81.0
    },
    "18": {
        "precision": 0.9367088607594937,
        "recall": 0.9135802469135802,
        "f1-score": 0.925,
        "support": 81.0
    },
    "micro avg": {
        "precision": 0.9723756906077348,
        "recall": 0.9657064471879286,
        "f1-score": 0.969029593943565,
        "support": 729.0
    },
    "macro avg": {
        "precision": 0.9721804822601823,
        "recall": 0.9657064471879286,
        "f1-score": 0.9688905712141211,
        "support": 729.0
    },
    "weighted avg": {
        "precision": 0.9721804822601822,
        "recall": 0.9657064471879286,
        "f1-score": 0.9688905712141211,
        "support": 729.0
    },
    "accuracy": 0.9657064471879286
}