{
    "1": {
        "precision": 1.0,
        "recall": 1.0,
        "f1-score": 1.0,
        "support": 81.0
    },
    "2": {
        "precision": 0.9529411764705882,
        "recall": 1.0,
        "f1-score": 0.9759036144578314,
        "support": 81.0
    },
    "3": {
        "precision": 0.9047619047619048,
        "recall": 0.9382716049382716,
        "f1-score": 0.9212121212121213,
        "support": 81.0
    },
    "4": {
        "precision": 0.4899328859060403,
        "recall": 0.9012345679012346,
        "f1-score": 0.6347826086956522,
        "support": 81.0
    },
    "5": {
        "precision": 0.09900990099009901,
        "recall": 0.12345679012345678,
        "f1-score": 0.10989010989010989,
        "support": 81.0
    },
    "6": {
        "precision": 0.030303030303030304,
        "recall": 0.037037037037037035,
        "f1-score": 0.03333333333333333,
        "support": 81.0
    },
    "7": {
        "precision": 0.009708737864077669,
        "recall": 0.012345679012345678,
        "f1-score": 0.010869565217391304,
        "support": 81.0
    },
    "8": {
        "precision": 0.0,
        "recall": 0.0,
        "f1-score": 0.0,
        "support": 81.0
    },
    "9": {
        "precision": 0.0,
        "recall": 0.0,
        "f1-score": 0.0,
        "support": 81.0
    },
    "accuracy": 0.4458161865569273,
    "macro avg": {
        "precision": 0.38740640403286003,
        "recall": 0.4458161865569273,
        "f1-score": 0.4095545947562711,
        "support": 729.0
    },
    "weighted avg": {
        "precision": 0.3874064040328601,
        "recall": 0.4458161865569273,
        "f1-score": 0.40955459475627104,
        "support": 729.0
    }
}