{
    "1": {
        "precision": 1.0,
        "recall": 1.0,
        "f1-score": 1.0,
        "support": 81.0
    },
    "2": {
        "precision": 1.0,
        "recall": 1.0,
        "f1-score": 1.0,
        "support": 81.0
    },
    "3": {
        "precision": 1.0,
        "recall": 1.0,
        "f1-score": 1.0,
        "support": 81.0
    },
    "4": {
        "precision": 0.9753086419753086,
        "recall": 0.9753086419753086,
        "f1-score": 0.9753086419753086,
        "support": 81.0
    },
    "5": {
        "precision": 0.875,
        "recall": 0.9506172839506173,
        "f1-score": 0.9112426035502958,
        "support": 81.0
    },
    "6": {
        "precision": 0.8857142857142857,
        "recall": 0.7654320987654321,
        "f1-score": 0.8211920529801324,
        "support": 81.0
    },
    "7": {
        "precision": 0.7083333333333334,
        "recall": 0.6296296296296297,
        "f1-score": 0.6666666666666666,
        "support": 81.0
    },
    "8": {
        "precision": 0.6226415094339622,
        "recall": 0.4074074074074074,
        "f1-score": 0.4925373134328358,
        "support": 81.0
    },
    "9": {
        "precision": 0.509090909090909,
        "recall": 0.345679012345679,
        "f1-score": 0.4117647058823529,
        "support": 81.0
    },
    "micro avg": {
        "precision": 0.8655589123867069,
        "recall": 0.7860082304526749,
        "f1-score": 0.8238677210639828,
        "support": 729.0
    },
    "macro avg": {
        "precision": 0.8417876310608665,
        "recall": 0.7860082304526749,
        "f1-score": 0.808745776054177,
        "support": 729.0
    },
    "weighted avg": {
        "precision": 0.8417876310608666,
        "recall": 0.7860082304526749,
        "f1-score": 0.808745776054177,
        "support": 729.0
    },
    "accuracy": 0.7860082304526749
}