{
    "1": {
        "precision": 1.0,
        "recall": 0.9989264626945786,
        "f1-score": 0.9994629430719656,
        "support": 5589.0
    },
    "2": {
        "precision": 0.9435386991590871,
        "recall": 0.9837180175344427,
        "f1-score": 0.9632095304835319,
        "support": 5589.0
    },
    "3": {
        "precision": 0.9088801711840229,
        "recall": 0.9119699409554483,
        "f1-score": 0.9104224345806913,
        "support": 5589.0
    },
    "4": {
        "precision": 0.8786137547135932,
        "recall": 0.8754696725711218,
        "f1-score": 0.877038895859473,
        "support": 5589.0
    },
    "5": {
        "precision": 0.8390162101732812,
        "recall": 0.8056897477187333,
        "f1-score": 0.8220153340635268,
        "support": 5589.0
    },
    "6": {
        "precision": 0.74185667752443,
        "recall": 0.8149937376990517,
        "f1-score": 0.7767073066757609,
        "support": 5589.0
    },
    "7": {
        "precision": 0.7192764674587693,
        "recall": 0.7257112184648417,
        "f1-score": 0.7224795154969719,
        "support": 5589.0
    },
    "8": {
        "precision": 0.7064077669902913,
        "recall": 0.65092145285382,
        "f1-score": 0.6775304963218177,
        "support": 5589.0
    },
    "9": {
        "precision": 0.8422325581395349,
        "recall": 0.8099838969404187,
        "f1-score": 0.8257935060197008,
        "support": 5589.0
    },
    "micro avg": {
        "precision": 0.8426519161128576,
        "recall": 0.8419315719369396,
        "f1-score": 0.8422915900118338,
        "support": 50301.0
    },
    "macro avg": {
        "precision": 0.8422024783714455,
        "recall": 0.8419315719369397,
        "f1-score": 0.8416288847303822,
        "support": 50301.0
    },
    "weighted avg": {
        "precision": 0.8422024783714455,
        "recall": 0.8419315719369396,
        "f1-score": 0.8416288847303822,
        "support": 50301.0
    },
    "accuracy": 0.8419315719369396
}