{
    "10": {
        "precision": 0.0,
        "recall": 0.0,
        "f1-score": 0.0,
        "support": 81.0
    },
    "11": {
        "precision": 0.0,
        "recall": 0.0,
        "f1-score": 0.0,
        "support": 81.0
    },
    "12": {
        "precision": 0.5555555555555556,
        "recall": 0.18518518518518517,
        "f1-score": 0.2777777777777778,
        "support": 81.0
    },
    "13": {
        "precision": 0.9,
        "recall": 0.2222222222222222,
        "f1-score": 0.3564356435643564,
        "support": 81.0
    },
    "14": {
        "precision": 0.3787878787878788,
        "recall": 0.30864197530864196,
        "f1-score": 0.3401360544217687,
        "support": 81.0
    },
    "15": {
        "precision": 0.32558139534883723,
        "recall": 0.345679012345679,
        "f1-score": 0.33532934131736525,
        "support": 81.0
    },
    "16": {
        "precision": 0.47107438016528924,
        "recall": 0.7037037037037037,
        "f1-score": 0.5643564356435643,
        "support": 81.0
    },
    "17": {
        "precision": 0.0,
        "recall": 0.0,
        "f1-score": 0.0,
        "support": 81.0
    },
    "18": {
        "precision": 0.4121212121212121,
        "recall": 0.8395061728395061,
        "f1-score": 0.5528455284552846,
        "support": 81.0
    },
    "micro avg": {
        "precision": 0.3504983388704319,
        "recall": 0.289437585733882,
        "f1-score": 0.3170548459804658,
        "support": 729.0
    },
    "macro avg": {
        "precision": 0.3381244913309748,
        "recall": 0.289437585733882,
        "f1-score": 0.26965342013112414,
        "support": 729.0
    },
    "weighted avg": {
        "precision": 0.3381244913309748,
        "recall": 0.289437585733882,
        "f1-score": 0.2696534201311241,
        "support": 729.0
    },
    "accuracy": 0.289437585733882
}