{
    "10": {
        "precision": 0.9176470588235294,
        "recall": 0.9629629629629629,
        "f1-score": 0.9397590361445783,
        "support": 81.0
    },
    "11": {
        "precision": 0.9866666666666667,
        "recall": 0.9135802469135802,
        "f1-score": 0.9487179487179487,
        "support": 81.0
    },
    "12": {
        "precision": 0.8333333333333334,
        "recall": 0.9876543209876543,
        "f1-score": 0.903954802259887,
        "support": 81.0
    },
    "13": {
        "precision": 0.6320754716981132,
        "recall": 0.8271604938271605,
        "f1-score": 0.7165775401069518,
        "support": 81.0
    },
    "14": {
        "precision": 0.5180722891566265,
        "recall": 0.5308641975308642,
        "f1-score": 0.524390243902439,
        "support": 81.0
    },
    "15": {
        "precision": 0.7936507936507936,
        "recall": 0.6172839506172839,
        "f1-score": 0.6944444444444444,
        "support": 81.0
    },
    "16": {
        "precision": 0.7439024390243902,
        "recall": 0.7530864197530864,
        "f1-score": 0.7484662576687117,
        "support": 81.0
    },
    "17": {
        "precision": 0.9193548387096774,
        "recall": 0.7037037037037037,
        "f1-score": 0.7972027972027972,
        "support": 81.0
    },
    "18": {
        "precision": 0.9,
        "recall": 0.5555555555555556,
        "f1-score": 0.6870229007633588,
        "support": 81.0
    },
    "micro avg": {
        "precision": 0.7905982905982906,
        "recall": 0.7613168724279835,
        "f1-score": 0.7756813417190775,
        "support": 729.0
    },
    "macro avg": {
        "precision": 0.8049669878959035,
        "recall": 0.7613168724279835,
        "f1-score": 0.773392885690124,
        "support": 729.0
    },
    "weighted avg": {
        "precision": 0.8049669878959035,
        "recall": 0.7613168724279835,
        "f1-score": 0.7733928856901241,
        "support": 729.0
    },
    "accuracy": 0.7613168724279835
}