{
    "1": {
        "precision": 0.9996422822393132,
        "recall": 1.0,
        "f1-score": 0.9998211091234347,
        "support": 5589.0
    },
    "2": {
        "precision": 0.9677810497141868,
        "recall": 0.9996421542315262,
        "f1-score": 0.9834536173208942,
        "support": 5589.0
    },
    "3": {
        "precision": 0.925,
        "recall": 0.9665414206477009,
        "f1-score": 0.9453145507043486,
        "support": 5589.0
    },
    "4": {
        "precision": 0.9391767732451305,
        "recall": 0.9144748613347647,
        "f1-score": 0.9266612274499139,
        "support": 5589.0
    },
    "5": {
        "precision": 0.9193548387096774,
        "recall": 0.9076757917337628,
        "f1-score": 0.9134779868551364,
        "support": 5589.0
    },
    "6": {
        "precision": 0.8411606843341161,
        "recall": 0.8972982644480229,
        "f1-score": 0.868323088910051,
        "support": 5589.0
    },
    "7": {
        "precision": 0.8682046138415246,
        "recall": 0.7743782429772768,
        "f1-score": 0.8186116890486098,
        "support": 5589.0
    },
    "8": {
        "precision": 0.8230563002680965,
        "recall": 0.7140812309894435,
        "f1-score": 0.7647058823529411,
        "support": 5589.0
    },
    "9": {
        "precision": 0.8251582278481012,
        "recall": 0.9330828412954016,
        "f1-score": 0.8758082122764296,
        "support": 5589.0
    },
    "micro avg": {
        "precision": 0.9011734287987271,
        "recall": 0.9007972008508777,
        "f1-score": 0.9009852755490599,
        "support": 50301.0
    },
    "macro avg": {
        "precision": 0.9009483078000162,
        "recall": 0.9007972008508778,
        "f1-score": 0.8995752626713066,
        "support": 50301.0
    },
    "weighted avg": {
        "precision": 0.9009483078000162,
        "recall": 0.9007972008508777,
        "f1-score": 0.8995752626713066,
        "support": 50301.0
    },
    "accuracy": 0.9007972008508777
}