{
    "10": {
        "precision": 0.05825242718446602,
        "recall": 0.07407407407407407,
        "f1-score": 0.06521739130434782,
        "support": 81.0
    },
    "11": {
        "precision": 0.0,
        "recall": 0.0,
        "f1-score": 0.0,
        "support": 81.0
    },
    "12": {
        "precision": 0.9117647058823529,
        "recall": 0.38271604938271603,
        "f1-score": 0.5391304347826087,
        "support": 81.0
    },
    "13": {
        "precision": 0.41379310344827586,
        "recall": 0.14814814814814814,
        "f1-score": 0.21818181818181817,
        "support": 81.0
    },
    "14": {
        "precision": 0.07575757575757576,
        "recall": 0.06172839506172839,
        "f1-score": 0.06802721088435375,
        "support": 81.0
    },
    "15": {
        "precision": 0.029411764705882353,
        "recall": 0.024691358024691357,
        "f1-score": 0.026845637583892617,
        "support": 81.0
    },
    "16": {
        "precision": 0.07865168539325842,
        "recall": 0.08641975308641975,
        "f1-score": 0.08235294117647059,
        "support": 81.0
    },
    "17": {
        "precision": 0.0,
        "recall": 0.0,
        "f1-score": 0.0,
        "support": 81.0
    },
    "18": {
        "precision": 0.08695652173913043,
        "recall": 0.1728395061728395,
        "f1-score": 0.11570247933884298,
        "support": 81.0
    },
    "micro avg": {
        "precision": 0.13873873873873874,
        "recall": 0.1056241426611797,
        "f1-score": 0.11993769470404984,
        "support": 729.0
    },
    "macro avg": {
        "precision": 0.18384308712343797,
        "recall": 0.10562414266117968,
        "f1-score": 0.12393976813914828,
        "support": 729.0
    },
    "weighted avg": {
        "precision": 0.18384308712343797,
        "recall": 0.1056241426611797,
        "f1-score": 0.1239397681391483,
        "support": 729.0
    },
    "accuracy": 0.1056241426611797
}