{
    "1": {
        "precision": 1.0,
        "recall": 0.9665414206477009,
        "f1-score": 0.9829860795196069,
        "support": 5589.0
    },
    "2": {
        "precision": 0.9650209509928949,
        "recall": 0.9477545178028269,
        "f1-score": 0.9563098032135765,
        "support": 5589.0
    },
    "3": {
        "precision": 0.9387866642375661,
        "recall": 0.9219896224727142,
        "f1-score": 0.9303123307456219,
        "support": 5589.0
    },
    "4": {
        "precision": 0.9005245410266017,
        "recall": 0.8600823045267489,
        "f1-score": 0.8798389310881303,
        "support": 5589.0
    },
    "5": {
        "precision": 0.79758510816703,
        "recall": 0.8509572374306674,
        "f1-score": 0.8234072022160664,
        "support": 5589.0
    },
    "6": {
        "precision": 0.755660048763497,
        "recall": 0.7763463947038827,
        "f1-score": 0.7658635601447357,
        "support": 5589.0
    },
    "7": {
        "precision": 0.7662111078801978,
        "recall": 0.47146179996421544,
        "f1-score": 0.5837394771821002,
        "support": 5589.0
    },
    "8": {
        "precision": 0.5487170887137347,
        "recall": 0.5854356772231168,
        "f1-score": 0.5664819944598338,
        "support": 5589.0
    },
    "9": {
        "precision": 0.5979546821736514,
        "recall": 0.5335480407944176,
        "f1-score": 0.5639183055975794,
        "support": 5589.0
    },
    "micro avg": {
        "precision": 0.80822805990128,
        "recall": 0.7682352239518101,
        "f1-score": 0.7877243586476818,
        "support": 50301.0
    },
    "macro avg": {
        "precision": 0.8078289102172415,
        "recall": 0.7682352239518101,
        "f1-score": 0.7836508537963612,
        "support": 50301.0
    },
    "weighted avg": {
        "precision": 0.8078289102172417,
        "recall": 0.7682352239518101,
        "f1-score": 0.7836508537963612,
        "support": 50301.0
    },
    "accuracy": 0.7682352239518101
}