{
    "1": {
        "precision": 1.0,
        "recall": 0.8518518518518519,
        "f1-score": 0.92,
        "support": 81.0
    },
    "2": {
        "precision": 0.8588235294117647,
        "recall": 0.9012345679012346,
        "f1-score": 0.8795180722891566,
        "support": 81.0
    },
    "3": {
        "precision": 0.9710144927536232,
        "recall": 0.8271604938271605,
        "f1-score": 0.8933333333333333,
        "support": 81.0
    },
    "4": {
        "precision": 0.84,
        "recall": 0.7777777777777778,
        "f1-score": 0.8076923076923077,
        "support": 81.0
    },
    "5": {
        "precision": 0.7945205479452054,
        "recall": 0.7160493827160493,
        "f1-score": 0.7532467532467533,
        "support": 81.0
    },
    "6": {
        "precision": 0.7023809523809523,
        "recall": 0.7283950617283951,
        "f1-score": 0.7151515151515152,
        "support": 81.0
    },
    "7": {
        "precision": 0.6714285714285714,
        "recall": 0.5802469135802469,
        "f1-score": 0.6225165562913907,
        "support": 81.0
    },
    "8": {
        "precision": 0.625,
        "recall": 0.49382716049382713,
        "f1-score": 0.5517241379310345,
        "support": 81.0
    },
    "9": {
        "precision": 0.5416666666666666,
        "recall": 0.48148148148148145,
        "f1-score": 0.5098039215686274,
        "support": 81.0
    },
    "micro avg": {
        "precision": 0.7791225416036308,
        "recall": 0.7064471879286695,
        "f1-score": 0.7410071942446043,
        "support": 729.0
    },
    "macro avg": {
        "precision": 0.7783149733985316,
        "recall": 0.7064471879286693,
        "f1-score": 0.7392207330560132,
        "support": 729.0
    },
    "weighted avg": {
        "precision": 0.7783149733985315,
        "recall": 0.7064471879286695,
        "f1-score": 0.7392207330560132,
        "support": 729.0
    },
    "accuracy": 0.7064471879286695
}