{
    "10": {
        "precision": 0.3656716417910448,
        "recall": 0.6049382716049383,
        "f1-score": 0.4558139534883721,
        "support": 81.0
    },
    "11": {
        "precision": 0.0,
        "recall": 0.0,
        "f1-score": 0.0,
        "support": 81.0
    },
    "12": {
        "precision": 0.3838383838383838,
        "recall": 0.4691358024691358,
        "f1-score": 0.4222222222222222,
        "support": 81.0
    },
    "13": {
        "precision": 0.46153846153846156,
        "recall": 0.07407407407407407,
        "f1-score": 0.1276595744680851,
        "support": 81.0
    },
    "14": {
        "precision": 0.2,
        "recall": 0.012345679012345678,
        "f1-score": 0.023255813953488372,
        "support": 81.0
    },
    "15": {
        "precision": 0.22844827586206898,
        "recall": 0.654320987654321,
        "f1-score": 0.33865814696485624,
        "support": 81.0
    },
    "16": {
        "precision": 0.3291139240506329,
        "recall": 0.32098765432098764,
        "f1-score": 0.325,
        "support": 81.0
    },
    "17": {
        "precision": 0.3695652173913043,
        "recall": 0.20987654320987653,
        "f1-score": 0.2677165354330709,
        "support": 81.0
    },
    "18": {
        "precision": 0.4827586206896552,
        "recall": 0.5185185185185185,
        "f1-score": 0.5,
        "support": 81.0
    },
    "micro avg": {
        "precision": 0.3338129496402878,
        "recall": 0.31824417009602196,
        "f1-score": 0.3258426966292135,
        "support": 729.0
    },
    "macro avg": {
        "precision": 0.3134371694623946,
        "recall": 0.3182441700960219,
        "f1-score": 0.2733695829477883,
        "support": 729.0
    },
    "weighted avg": {
        "precision": 0.3134371694623946,
        "recall": 0.31824417009602196,
        "f1-score": 0.27336958294778835,
        "support": 729.0
    },
    "accuracy": 0.31824417009602196
}