{
    "1": {
        "precision": 0.3335621139327385,
        "recall": 1.0,
        "f1-score": 0.5002573340195574,
        "support": 1944.0
    },
    "2": {
        "precision": 0.0006925207756232687,
        "recall": 0.00102880658436214,
        "f1-score": 0.0008278145695364238,
        "support": 3888.0
    },
    "3": {
        "precision": 0.007774034724021767,
        "recall": 0.0102880658436214,
        "f1-score": 0.008856088560885609,
        "support": 5832.0
    },
    "4": {
        "precision": 0.012924424972617744,
        "recall": 0.015174897119341564,
        "f1-score": 0.013959540991364013,
        "support": 7776.0
    },
    "5": {
        "precision": 0.06698927792010627,
        "recall": 0.07263374485596708,
        "f1-score": 0.06969741843131448,
        "support": 9720.0
    },
    "6": {
        "precision": 0.12129092485163699,
        "recall": 0.15594993141289437,
        "f1-score": 0.13645399647425077,
        "support": 11664.0
    },
    "7": {
        "precision": 0.027447741279623863,
        "recall": 0.031746031746031744,
        "f1-score": 0.02944082870480799,
        "support": 13608.0
    },
    "8": {
        "precision": 0.01447887323943662,
        "recall": 0.016525205761316872,
        "f1-score": 0.015434508437931656,
        "support": 15552.0
    },
    "9": {
        "precision": 1.0,
        "recall": 0.00017146776406035664,
        "f1-score": 0.0003428767358134751,
        "support": 17496.0
    },
    "accuracy": 0.06107681755829904,
    "macro avg": {
        "precision": 0.17612887907731167,
        "recall": 0.14483535012084398,
        "f1-score": 0.08614115632505132,
        "support": 87480.0
    },
    "weighted avg": {
        "precision": 0.23956942384732743,
        "recall": 0.06107681755829904,
        "f1-score": 0.046315071619294455,
        "support": 87480.0
    }
}