{
    "10": {
        "precision": 0.3465346534653465,
        "recall": 0.43209876543209874,
        "f1-score": 0.38461538461538464,
        "support": 81.0
    },
    "11": {
        "precision": 0.7692307692307693,
        "recall": 0.12345679012345678,
        "f1-score": 0.2127659574468085,
        "support": 81.0
    },
    "12": {
        "precision": 0.6,
        "recall": 0.07407407407407407,
        "f1-score": 0.13186813186813187,
        "support": 81.0
    },
    "13": {
        "precision": 0.0,
        "recall": 0.0,
        "f1-score": 0.0,
        "support": 81.0
    },
    "14": {
        "precision": 0.0,
        "recall": 0.0,
        "f1-score": 0.0,
        "support": 81.0
    },
    "15": {
        "precision": 0.0,
        "recall": 0.0,
        "f1-score": 0.0,
        "support": 81.0
    },
    "16": {
        "precision": 0.0,
        "recall": 0.0,
        "f1-score": 0.0,
        "support": 81.0
    },
    "17": {
        "precision": 0.0,
        "recall": 0.0,
        "f1-score": 0.0,
        "support": 81.0
    },
    "18": {
        "precision": 0.007407407407407408,
        "recall": 0.012345679012345678,
        "f1-score": 0.009259259259259259,
        "support": 81.0
    },
    "micro avg": {
        "precision": 0.10176125244618395,
        "recall": 0.07133058984910837,
        "f1-score": 0.08387096774193549,
        "support": 729.0
    },
    "macro avg": {
        "precision": 0.19146364778928032,
        "recall": 0.07133058984910837,
        "f1-score": 0.08205652590995381,
        "support": 729.0
    },
    "weighted avg": {
        "precision": 0.19146364778928035,
        "recall": 0.07133058984910837,
        "f1-score": 0.08205652590995381,
        "support": 729.0
    },
    "accuracy": 0.07133058984910837
}