{
    "10": {
        "precision": 0.7719298245614035,
        "recall": 0.5432098765432098,
        "f1-score": 0.6376811594202898,
        "support": 81.0
    },
    "11": {
        "precision": 0.7027027027027027,
        "recall": 0.32098765432098764,
        "f1-score": 0.4406779661016949,
        "support": 81.0
    },
    "12": {
        "precision": 0.3472222222222222,
        "recall": 0.30864197530864196,
        "f1-score": 0.32679738562091504,
        "support": 81.0
    },
    "13": {
        "precision": 0.4827586206896552,
        "recall": 0.5185185185185185,
        "f1-score": 0.5,
        "support": 81.0
    },
    "14": {
        "precision": 0.543859649122807,
        "recall": 0.38271604938271603,
        "f1-score": 0.4492753623188406,
        "support": 81.0
    },
    "15": {
        "precision": 0.4444444444444444,
        "recall": 0.345679012345679,
        "f1-score": 0.3888888888888889,
        "support": 81.0
    },
    "16": {
        "precision": 0.14285714285714285,
        "recall": 0.037037037037037035,
        "f1-score": 0.058823529411764705,
        "support": 81.0
    },
    "17": {
        "precision": 0.25833333333333336,
        "recall": 0.38271604938271603,
        "f1-score": 0.30845771144278605,
        "support": 81.0
    },
    "18": {
        "precision": 0.3787878787878788,
        "recall": 0.30864197530864196,
        "f1-score": 0.3401360544217687,
        "support": 81.0
    },
    "micro avg": {
        "precision": 0.4396551724137931,
        "recall": 0.3497942386831276,
        "f1-score": 0.38961038961038963,
        "support": 729.0
    },
    "macro avg": {
        "precision": 0.45254397985795447,
        "recall": 0.34979423868312753,
        "f1-score": 0.3834153397363276,
        "support": 729.0
    },
    "weighted avg": {
        "precision": 0.45254397985795447,
        "recall": 0.3497942386831276,
        "f1-score": 0.3834153397363276,
        "support": 729.0
    },
    "accuracy": 0.3497942386831276
}