{
    "10": {
        "precision": 0.22429906542056074,
        "recall": 0.2962962962962963,
        "f1-score": 0.2553191489361702,
        "support": 81.0
    },
    "11": {
        "precision": 0.0,
        "recall": 0.0,
        "f1-score": 0.0,
        "support": 81.0
    },
    "12": {
        "precision": 0.74,
        "recall": 0.9135802469135802,
        "f1-score": 0.8176795580110497,
        "support": 81.0
    },
    "13": {
        "precision": 0.5978260869565217,
        "recall": 0.6790123456790124,
        "f1-score": 0.6358381502890174,
        "support": 81.0
    },
    "14": {
        "precision": 0.96,
        "recall": 0.2962962962962963,
        "f1-score": 0.4528301886792453,
        "support": 81.0
    },
    "15": {
        "precision": 0.5895522388059702,
        "recall": 0.9753086419753086,
        "f1-score": 0.7348837209302326,
        "support": 81.0
    },
    "16": {
        "precision": 0.8571428571428571,
        "recall": 0.2222222222222222,
        "f1-score": 0.35294117647058826,
        "support": 81.0
    },
    "17": {
        "precision": 0.0,
        "recall": 0.0,
        "f1-score": 0.0,
        "support": 81.0
    },
    "18": {
        "precision": 0.0,
        "recall": 0.0,
        "f1-score": 0.0,
        "support": 81.0
    },
    "micro avg": {
        "precision": 0.5684647302904564,
        "recall": 0.37585733882030176,
        "f1-score": 0.45251857968620973,
        "support": 729.0
    },
    "macro avg": {
        "precision": 0.44098002759176774,
        "recall": 0.37585733882030176,
        "f1-score": 0.36105466036847816,
        "support": 729.0
    },
    "weighted avg": {
        "precision": 0.44098002759176774,
        "recall": 0.37585733882030176,
        "f1-score": 0.3610546603684782,
        "support": 729.0
    },
    "accuracy": 0.37585733882030176
}