{
    "1": {
        "precision": 1.0,
        "recall": 1.0,
        "f1-score": 1.0,
        "support": 81.0
    },
    "2": {
        "precision": 1.0,
        "recall": 0.9876543209876543,
        "f1-score": 0.9937888198757764,
        "support": 81.0
    },
    "3": {
        "precision": 0.7211538461538461,
        "recall": 0.9259259259259259,
        "f1-score": 0.8108108108108109,
        "support": 81.0
    },
    "4": {
        "precision": 0.4457831325301205,
        "recall": 0.4567901234567901,
        "f1-score": 0.45121951219512196,
        "support": 81.0
    },
    "5": {
        "precision": 0.37209302325581395,
        "recall": 0.3950617283950617,
        "f1-score": 0.38323353293413176,
        "support": 81.0
    },
    "6": {
        "precision": 0.37037037037037035,
        "recall": 0.24691358024691357,
        "f1-score": 0.2962962962962963,
        "support": 81.0
    },
    "7": {
        "precision": 0.5833333333333334,
        "recall": 0.1728395061728395,
        "f1-score": 0.26666666666666666,
        "support": 81.0
    },
    "8": {
        "precision": 0.3181818181818182,
        "recall": 0.1728395061728395,
        "f1-score": 0.224,
        "support": 81.0
    },
    "9": {
        "precision": 0.37142857142857144,
        "recall": 0.16049382716049382,
        "f1-score": 0.22413793103448276,
        "support": 81.0
    },
    "micro avg": {
        "precision": 0.6192893401015228,
        "recall": 0.5020576131687243,
        "f1-score": 0.5545454545454546,
        "support": 729.0
    },
    "macro avg": {
        "precision": 0.5758160105837639,
        "recall": 0.5020576131687242,
        "f1-score": 0.516683729979254,
        "support": 729.0
    },
    "weighted avg": {
        "precision": 0.5758160105837637,
        "recall": 0.5020576131687243,
        "f1-score": 0.5166837299792539,
        "support": 729.0
    },
    "accuracy": 0.5020576131687243
}