{
    "1": {
        "precision": 1.0,
        "recall": 1.0,
        "f1-score": 1.0,
        "support": 81.0
    },
    "2": {
        "precision": 1.0,
        "recall": 1.0,
        "f1-score": 1.0,
        "support": 81.0
    },
    "3": {
        "precision": 0.9529411764705882,
        "recall": 1.0,
        "f1-score": 0.9759036144578314,
        "support": 81.0
    },
    "4": {
        "precision": 0.875,
        "recall": 0.9506172839506173,
        "f1-score": 0.9112426035502958,
        "support": 81.0
    },
    "5": {
        "precision": 0.7291666666666666,
        "recall": 0.8641975308641975,
        "f1-score": 0.7909604519774012,
        "support": 81.0
    },
    "6": {
        "precision": 0.6883116883116883,
        "recall": 0.654320987654321,
        "f1-score": 0.6708860759493671,
        "support": 81.0
    },
    "7": {
        "precision": 0.625,
        "recall": 0.6790123456790124,
        "f1-score": 0.650887573964497,
        "support": 81.0
    },
    "8": {
        "precision": 0.6097560975609756,
        "recall": 0.6172839506172839,
        "f1-score": 0.6134969325153374,
        "support": 81.0
    },
    "9": {
        "precision": 0.84375,
        "recall": 0.3333333333333333,
        "f1-score": 0.4778761061946903,
        "support": 81.0
    },
    "micro avg": {
        "precision": 0.8098591549295775,
        "recall": 0.7887517146776406,
        "f1-score": 0.7991660875608061,
        "support": 729.0
    },
    "macro avg": {
        "precision": 0.8137695143344355,
        "recall": 0.7887517146776406,
        "f1-score": 0.7879170398454911,
        "support": 729.0
    },
    "weighted avg": {
        "precision": 0.8137695143344353,
        "recall": 0.7887517146776406,
        "f1-score": 0.7879170398454912,
        "support": 729.0
    },
    "accuracy": 0.7887517146776406
}