{
    "10": {
        "precision": 0.09183673469387756,
        "recall": 0.1111111111111111,
        "f1-score": 0.1005586592178771,
        "support": 81.0
    },
    "11": {
        "precision": 0.0,
        "recall": 0.0,
        "f1-score": 0.0,
        "support": 81.0
    },
    "12": {
        "precision": 0.6090909090909091,
        "recall": 0.8271604938271605,
        "f1-score": 0.7015706806282722,
        "support": 81.0
    },
    "13": {
        "precision": 0.7272727272727273,
        "recall": 0.3950617283950617,
        "f1-score": 0.512,
        "support": 81.0
    },
    "14": {
        "precision": 0.7222222222222222,
        "recall": 0.48148148148148145,
        "f1-score": 0.5777777777777777,
        "support": 81.0
    },
    "15": {
        "precision": 0.5461538461538461,
        "recall": 0.8765432098765432,
        "f1-score": 0.6729857819905213,
        "support": 81.0
    },
    "16": {
        "precision": 0.0,
        "recall": 0.0,
        "f1-score": 0.0,
        "support": 81.0
    },
    "17": {
        "precision": 0.17857142857142858,
        "recall": 0.06172839506172839,
        "f1-score": 0.09174311926605505,
        "support": 81.0
    },
    "18": {
        "precision": 0.047619047619047616,
        "recall": 0.024691358024691357,
        "f1-score": 0.032520325203252036,
        "support": 81.0
    },
    "micro avg": {
        "precision": 0.4411764705882353,
        "recall": 0.30864197530864196,
        "f1-score": 0.36319612590799033,
        "support": 729.0
    },
    "macro avg": {
        "precision": 0.32475187951378426,
        "recall": 0.308641975308642,
        "f1-score": 0.2987951493426395,
        "support": 729.0
    },
    "weighted avg": {
        "precision": 0.3247518795137843,
        "recall": 0.30864197530864196,
        "f1-score": 0.2987951493426395,
        "support": 729.0
    },
    "accuracy": 0.30864197530864196
}