{
    "10": {
        "precision": 0.17204301075268819,
        "recall": 0.19753086419753085,
        "f1-score": 0.1839080459770115,
        "support": 81.0
    },
    "11": {
        "precision": 0.5,
        "recall": 0.037037037037037035,
        "f1-score": 0.06896551724137931,
        "support": 81.0
    },
    "12": {
        "precision": 0.74,
        "recall": 0.9135802469135802,
        "f1-score": 0.8176795580110497,
        "support": 81.0
    },
    "13": {
        "precision": 0.9565217391304348,
        "recall": 0.5432098765432098,
        "f1-score": 0.6929133858267716,
        "support": 81.0
    },
    "14": {
        "precision": 0.7017543859649122,
        "recall": 0.49382716049382713,
        "f1-score": 0.5797101449275363,
        "support": 81.0
    },
    "15": {
        "precision": 0.5641025641025641,
        "recall": 0.8148148148148148,
        "f1-score": 0.6666666666666666,
        "support": 81.0
    },
    "16": {
        "precision": 0.0,
        "recall": 0.0,
        "f1-score": 0.0,
        "support": 81.0
    },
    "17": {
        "precision": 0.041666666666666664,
        "recall": 0.012345679012345678,
        "f1-score": 0.01904761904761905,
        "support": 81.0
    },
    "18": {
        "precision": 0.0,
        "recall": 0.0,
        "f1-score": 0.0,
        "support": 81.0
    },
    "micro avg": {
        "precision": 0.5083333333333333,
        "recall": 0.3347050754458162,
        "f1-score": 0.40363937138130684,
        "support": 729.0
    },
    "macro avg": {
        "precision": 0.408454262957474,
        "recall": 0.3347050754458162,
        "f1-score": 0.33654343752200383,
        "support": 729.0
    },
    "weighted avg": {
        "precision": 0.408454262957474,
        "recall": 0.3347050754458162,
        "f1-score": 0.33654343752200383,
        "support": 729.0
    },
    "accuracy": 0.3347050754458162
}