{
    "10": {
        "precision": 0.4666666666666667,
        "recall": 0.9506172839506173,
        "f1-score": 0.6260162601626016,
        "support": 81.0
    },
    "11": {
        "precision": 0.1657754010695187,
        "recall": 0.38271604938271603,
        "f1-score": 0.23134328358208955,
        "support": 81.0
    },
    "12": {
        "precision": 0.2037037037037037,
        "recall": 0.13580246913580246,
        "f1-score": 0.16296296296296298,
        "support": 81.0
    },
    "13": {
        "precision": 0.13286713286713286,
        "recall": 0.2345679012345679,
        "f1-score": 0.16964285714285715,
        "support": 81.0
    },
    "14": {
        "precision": 0.0,
        "recall": 0.0,
        "f1-score": 0.0,
        "support": 81.0
    },
    "15": {
        "precision": 0.06451612903225806,
        "recall": 0.024691358024691357,
        "f1-score": 0.03571428571428571,
        "support": 81.0
    },
    "16": {
        "precision": 0.05063291139240506,
        "recall": 0.04938271604938271,
        "f1-score": 0.05,
        "support": 81.0
    },
    "17": {
        "precision": 0.0,
        "recall": 0.0,
        "f1-score": 0.0,
        "support": 81.0
    },
    "18": {
        "precision": 1.0,
        "recall": 0.14814814814814814,
        "f1-score": 0.25806451612903225,
        "support": 81.0
    },
    "micro avg": {
        "precision": 0.2154696132596685,
        "recall": 0.2139917695473251,
        "f1-score": 0.21472814865794906,
        "support": 729.0
    },
    "macro avg": {
        "precision": 0.23157354941463165,
        "recall": 0.2139917695473251,
        "f1-score": 0.17041601841042545,
        "support": 729.0
    },
    "weighted avg": {
        "precision": 0.23157354941463162,
        "recall": 0.2139917695473251,
        "f1-score": 0.17041601841042547,
        "support": 729.0
    },
    "accuracy": 0.2139917695473251
}