{
    "10": {
        "precision": 0.2988505747126437,
        "recall": 0.6419753086419753,
        "f1-score": 0.40784313725490196,
        "support": 81.0
    },
    "11": {
        "precision": 0.0,
        "recall": 0.0,
        "f1-score": 0.0,
        "support": 81.0
    },
    "12": {
        "precision": 0.30434782608695654,
        "recall": 0.345679012345679,
        "f1-score": 0.3236994219653179,
        "support": 81.0
    },
    "13": {
        "precision": 0.16666666666666666,
        "recall": 0.07407407407407407,
        "f1-score": 0.10256410256410256,
        "support": 81.0
    },
    "14": {
        "precision": 0.0,
        "recall": 0.0,
        "f1-score": 0.0,
        "support": 81.0
    },
    "15": {
        "precision": 0.19877675840978593,
        "recall": 0.8024691358024691,
        "f1-score": 0.31862745098039214,
        "support": 81.0
    },
    "16": {
        "precision": 0.2727272727272727,
        "recall": 0.037037037037037035,
        "f1-score": 0.06521739130434782,
        "support": 81.0
    },
    "17": {
        "precision": 0.3333333333333333,
        "recall": 0.18518518518518517,
        "f1-score": 0.23809523809523808,
        "support": 81.0
    },
    "18": {
        "precision": 0.75,
        "recall": 0.07407407407407407,
        "f1-score": 0.1348314606741573,
        "support": 81.0
    },
    "micro avg": {
        "precision": 0.2517985611510791,
        "recall": 0.24005486968449932,
        "f1-score": 0.24578651685393257,
        "support": 729.0
    },
    "macro avg": {
        "precision": 0.2583002702151843,
        "recall": 0.2400548696844993,
        "f1-score": 0.17676424475982863,
        "support": 729.0
    },
    "weighted avg": {
        "precision": 0.2583002702151843,
        "recall": 0.24005486968449932,
        "f1-score": 0.17676424475982863,
        "support": 729.0
    },
    "accuracy": 0.24005486968449932
}