{
    "1": {
        "precision": 1.0,
        "recall": 1.0,
        "f1-score": 1.0,
        "support": 81.0
    },
    "2": {
        "precision": 1.0,
        "recall": 1.0,
        "f1-score": 1.0,
        "support": 81.0
    },
    "3": {
        "precision": 0.7184466019417476,
        "recall": 0.9135802469135802,
        "f1-score": 0.8043478260869565,
        "support": 81.0
    },
    "4": {
        "precision": 0.4791666666666667,
        "recall": 0.5679012345679012,
        "f1-score": 0.519774011299435,
        "support": 81.0
    },
    "5": {
        "precision": 0.4358974358974359,
        "recall": 0.41975308641975306,
        "f1-score": 0.4276729559748428,
        "support": 81.0
    },
    "6": {
        "precision": 0.3695652173913043,
        "recall": 0.20987654320987653,
        "f1-score": 0.2677165354330709,
        "support": 81.0
    },
    "7": {
        "precision": 0.6071428571428571,
        "recall": 0.20987654320987653,
        "f1-score": 0.3119266055045872,
        "support": 81.0
    },
    "8": {
        "precision": 0.39285714285714285,
        "recall": 0.2716049382716049,
        "f1-score": 0.32116788321167883,
        "support": 81.0
    },
    "9": {
        "precision": 0.39285714285714285,
        "recall": 0.13580246913580246,
        "f1-score": 0.2018348623853211,
        "support": 81.0
    },
    "micro avg": {
        "precision": 0.6415410385259631,
        "recall": 0.5253772290809328,
        "f1-score": 0.5776772247360482,
        "support": 729.0
    },
    "macro avg": {
        "precision": 0.5995481183060332,
        "recall": 0.5253772290809328,
        "f1-score": 0.5393822977662103,
        "support": 729.0
    },
    "weighted avg": {
        "precision": 0.5995481183060329,
        "recall": 0.5253772290809328,
        "f1-score": 0.5393822977662103,
        "support": 729.0
    },
    "accuracy": 0.5253772290809328
}