{
    "1": {
        "precision": 1.0,
        "recall": 1.0,
        "f1-score": 1.0,
        "support": 81.0
    },
    "2": {
        "precision": 1.0,
        "recall": 1.0,
        "f1-score": 1.0,
        "support": 81.0
    },
    "3": {
        "precision": 0.9642857142857143,
        "recall": 1.0,
        "f1-score": 0.9818181818181818,
        "support": 81.0
    },
    "4": {
        "precision": 0.8764044943820225,
        "recall": 0.9629629629629629,
        "f1-score": 0.9176470588235294,
        "support": 81.0
    },
    "5": {
        "precision": 0.7291666666666666,
        "recall": 0.8641975308641975,
        "f1-score": 0.7909604519774012,
        "support": 81.0
    },
    "6": {
        "precision": 0.7083333333333334,
        "recall": 0.6296296296296297,
        "f1-score": 0.6666666666666666,
        "support": 81.0
    },
    "7": {
        "precision": 0.6551724137931034,
        "recall": 0.7037037037037037,
        "f1-score": 0.6785714285714286,
        "support": 81.0
    },
    "8": {
        "precision": 0.6585365853658537,
        "recall": 0.6666666666666666,
        "f1-score": 0.6625766871165644,
        "support": 81.0
    },
    "9": {
        "precision": 0.8928571428571429,
        "recall": 0.30864197530864196,
        "f1-score": 0.45871559633027525,
        "support": 81.0
    },
    "micro avg": {
        "precision": 0.8257142857142857,
        "recall": 0.7928669410150891,
        "f1-score": 0.8089573128061581,
        "support": 729.0
    },
    "macro avg": {
        "precision": 0.8316395945204264,
        "recall": 0.792866941015089,
        "f1-score": 0.7952173412560053,
        "support": 729.0
    },
    "weighted avg": {
        "precision": 0.8316395945204261,
        "recall": 0.7928669410150891,
        "f1-score": 0.7952173412560053,
        "support": 729.0
    },
    "accuracy": 0.7928669410150891
}