{
    "1": {
        "precision": 1.0,
        "recall": 0.8765432098765432,
        "f1-score": 0.9342105263157895,
        "support": 81.0
    },
    "2": {
        "precision": 0.875,
        "recall": 0.8641975308641975,
        "f1-score": 0.8695652173913043,
        "support": 81.0
    },
    "3": {
        "precision": 0.9130434782608695,
        "recall": 0.7777777777777778,
        "f1-score": 0.84,
        "support": 81.0
    },
    "4": {
        "precision": 0.7831325301204819,
        "recall": 0.8024691358024691,
        "f1-score": 0.7926829268292683,
        "support": 81.0
    },
    "5": {
        "precision": 0.7848101265822784,
        "recall": 0.7654320987654321,
        "f1-score": 0.775,
        "support": 81.0
    },
    "6": {
        "precision": 0.7555555555555555,
        "recall": 0.8395061728395061,
        "f1-score": 0.7953216374269005,
        "support": 81.0
    },
    "7": {
        "precision": 0.7619047619047619,
        "recall": 0.3950617283950617,
        "f1-score": 0.5203252032520326,
        "support": 81.0
    },
    "8": {
        "precision": 0.512,
        "recall": 0.7901234567901234,
        "f1-score": 0.6213592233009708,
        "support": 81.0
    },
    "9": {
        "precision": 0.7894736842105263,
        "recall": 0.7407407407407407,
        "f1-score": 0.7643312101910829,
        "support": 81.0
    },
    "micro avg": {
        "precision": 0.7762237762237763,
        "recall": 0.7613168724279835,
        "f1-score": 0.7686980609418282,
        "support": 729.0
    },
    "macro avg": {
        "precision": 0.7972133485149415,
        "recall": 0.7613168724279835,
        "f1-score": 0.7680884383008165,
        "support": 729.0
    },
    "weighted avg": {
        "precision": 0.7972133485149415,
        "recall": 0.7613168724279835,
        "f1-score": 0.7680884383008166,
        "support": 729.0
    },
    "accuracy": 0.7613168724279835
}