{
    "10": {
        "precision": 0.07,
        "recall": 0.08641975308641975,
        "f1-score": 0.07734806629834254,
        "support": 81.0
    },
    "11": {
        "precision": 0.0,
        "recall": 0.0,
        "f1-score": 0.0,
        "support": 81.0
    },
    "12": {
        "precision": 0.4666666666666667,
        "recall": 0.6049382716049383,
        "f1-score": 0.5268817204301075,
        "support": 81.0
    },
    "13": {
        "precision": 0.5306122448979592,
        "recall": 0.32098765432098764,
        "f1-score": 0.4,
        "support": 81.0
    },
    "14": {
        "precision": 0.8717948717948718,
        "recall": 0.41975308641975306,
        "f1-score": 0.5666666666666667,
        "support": 81.0
    },
    "15": {
        "precision": 0.4838709677419355,
        "recall": 0.9259259259259259,
        "f1-score": 0.635593220338983,
        "support": 81.0
    },
    "16": {
        "precision": 0.0,
        "recall": 0.0,
        "f1-score": 0.0,
        "support": 81.0
    },
    "17": {
        "precision": 0.2,
        "recall": 0.06172839506172839,
        "f1-score": 0.09433962264150944,
        "support": 81.0
    },
    "18": {
        "precision": 0.0,
        "recall": 0.0,
        "f1-score": 0.0,
        "support": 81.0
    },
    "micro avg": {
        "precision": 0.39918533604887985,
        "recall": 0.26886145404663925,
        "f1-score": 0.32131147540983607,
        "support": 729.0
    },
    "macro avg": {
        "precision": 0.291438305677937,
        "recall": 0.26886145404663925,
        "f1-score": 0.25564769959728983,
        "support": 729.0
    },
    "weighted avg": {
        "precision": 0.291438305677937,
        "recall": 0.26886145404663925,
        "f1-score": 0.2556476995972899,
        "support": 729.0
    },
    "accuracy": 0.26886145404663925
}