{
    "10": {
        "precision": 0.5,
        "recall": 0.7654320987654321,
        "f1-score": 0.6048780487804878,
        "support": 81.0
    },
    "11": {
        "precision": 0.6551724137931034,
        "recall": 0.2345679012345679,
        "f1-score": 0.34545454545454546,
        "support": 81.0
    },
    "12": {
        "precision": 0.8974358974358975,
        "recall": 0.8641975308641975,
        "f1-score": 0.8805031446540881,
        "support": 81.0
    },
    "13": {
        "precision": 0.9666666666666667,
        "recall": 0.7160493827160493,
        "f1-score": 0.8226950354609929,
        "support": 81.0
    },
    "14": {
        "precision": 0.8,
        "recall": 0.7901234567901234,
        "f1-score": 0.7950310559006211,
        "support": 81.0
    },
    "15": {
        "precision": 0.734375,
        "recall": 0.5802469135802469,
        "f1-score": 0.6482758620689655,
        "support": 81.0
    },
    "16": {
        "precision": 0.375,
        "recall": 0.2222222222222222,
        "f1-score": 0.27906976744186046,
        "support": 81.0
    },
    "17": {
        "precision": 0.043478260869565216,
        "recall": 0.024691358024691357,
        "f1-score": 0.031496062992125984,
        "support": 81.0
    },
    "18": {
        "precision": 0.0,
        "recall": 0.0,
        "f1-score": 0.0,
        "support": 81.0
    },
    "micro avg": {
        "precision": 0.6060606060606061,
        "recall": 0.4663923182441701,
        "f1-score": 0.5271317829457365,
        "support": 729.0
    },
    "macro avg": {
        "precision": 0.552458693196137,
        "recall": 0.4663923182441701,
        "f1-score": 0.48971150252818746,
        "support": 729.0
    },
    "weighted avg": {
        "precision": 0.5524586931961369,
        "recall": 0.4663923182441701,
        "f1-score": 0.48971150252818746,
        "support": 729.0
    },
    "accuracy": 0.4663923182441701
}