{
    "10": {
        "precision": 0.007633587786259542,
        "recall": 0.012345679012345678,
        "f1-score": 0.009433962264150943,
        "support": 81.0
    },
    "11": {
        "precision": 0.0,
        "recall": 0.0,
        "f1-score": 0.0,
        "support": 81.0
    },
    "12": {
        "precision": 0.3020833333333333,
        "recall": 0.35802469135802467,
        "f1-score": 0.327683615819209,
        "support": 81.0
    },
    "13": {
        "precision": 0.2153846153846154,
        "recall": 0.1728395061728395,
        "f1-score": 0.1917808219178082,
        "support": 81.0
    },
    "14": {
        "precision": 0.2644628099173554,
        "recall": 0.3950617283950617,
        "f1-score": 0.31683168316831684,
        "support": 81.0
    },
    "15": {
        "precision": 0.2,
        "recall": 0.06172839506172839,
        "f1-score": 0.09433962264150944,
        "support": 81.0
    },
    "16": {
        "precision": 0.8125,
        "recall": 0.16049382716049382,
        "f1-score": 0.26804123711340205,
        "support": 81.0
    },
    "17": {
        "precision": 0.0,
        "recall": 0.0,
        "f1-score": 0.0,
        "support": 81.0
    },
    "18": {
        "precision": 0.0,
        "recall": 0.0,
        "f1-score": 0.0,
        "support": 81.0
    },
    "micro avg": {
        "precision": 0.20704845814977973,
        "recall": 0.1289437585733882,
        "f1-score": 0.15891800507185122,
        "support": 729.0
    },
    "macro avg": {
        "precision": 0.20022937182461817,
        "recall": 0.1289437585733882,
        "f1-score": 0.13423454921382183,
        "support": 729.0
    },
    "weighted avg": {
        "precision": 0.2002293718246182,
        "recall": 0.1289437585733882,
        "f1-score": 0.13423454921382183,
        "support": 729.0
    },
    "accuracy": 0.1289437585733882
}