{
    "1": {
        "precision": 1.0,
        "recall": 1.0,
        "f1-score": 1.0,
        "support": 81.0
    },
    "2": {
        "precision": 1.0,
        "recall": 0.9629629629629629,
        "f1-score": 0.9811320754716981,
        "support": 81.0
    },
    "3": {
        "precision": 0.9444444444444444,
        "recall": 0.8395061728395061,
        "f1-score": 0.8888888888888888,
        "support": 81.0
    },
    "4": {
        "precision": 0.7592592592592593,
        "recall": 0.5061728395061729,
        "f1-score": 0.6074074074074074,
        "support": 81.0
    },
    "5": {
        "precision": 0.5841584158415841,
        "recall": 0.7283950617283951,
        "f1-score": 0.6483516483516484,
        "support": 81.0
    },
    "6": {
        "precision": 0.65,
        "recall": 0.48148148148148145,
        "f1-score": 0.5531914893617021,
        "support": 81.0
    },
    "7": {
        "precision": 0.5411764705882353,
        "recall": 0.5679012345679012,
        "f1-score": 0.5542168674698795,
        "support": 81.0
    },
    "8": {
        "precision": 0.5058823529411764,
        "recall": 0.5308641975308642,
        "f1-score": 0.5180722891566265,
        "support": 81.0
    },
    "9": {
        "precision": 0.4117647058823529,
        "recall": 0.25925925925925924,
        "f1-score": 0.3181818181818182,
        "support": 81.0
    },
    "micro avg": {
        "precision": 0.7136431784107946,
        "recall": 0.6529492455418381,
        "f1-score": 0.6819484240687679,
        "support": 729.0
    },
    "macro avg": {
        "precision": 0.7107428498841171,
        "recall": 0.6529492455418381,
        "f1-score": 0.6743824982544077,
        "support": 729.0
    },
    "weighted avg": {
        "precision": 0.710742849884117,
        "recall": 0.6529492455418381,
        "f1-score": 0.6743824982544077,
        "support": 729.0
    },
    "accuracy": 0.6529492455418381
}