{
    "1": {
        "precision": 1.0,
        "recall": 1.0,
        "f1-score": 1.0,
        "support": 81.0
    },
    "2": {
        "precision": 1.0,
        "recall": 1.0,
        "f1-score": 1.0,
        "support": 81.0
    },
    "3": {
        "precision": 0.9310344827586207,
        "recall": 1.0,
        "f1-score": 0.9642857142857143,
        "support": 81.0
    },
    "4": {
        "precision": 0.8064516129032258,
        "recall": 0.9259259259259259,
        "f1-score": 0.8620689655172413,
        "support": 81.0
    },
    "5": {
        "precision": 0.6336633663366337,
        "recall": 0.7901234567901234,
        "f1-score": 0.7032967032967034,
        "support": 81.0
    },
    "6": {
        "precision": 0.5526315789473685,
        "recall": 0.5185185185185185,
        "f1-score": 0.535031847133758,
        "support": 81.0
    },
    "7": {
        "precision": 0.5647058823529412,
        "recall": 0.5925925925925926,
        "f1-score": 0.5783132530120482,
        "support": 81.0
    },
    "8": {
        "precision": 0.5581395348837209,
        "recall": 0.5925925925925926,
        "f1-score": 0.5748502994011976,
        "support": 81.0
    },
    "9": {
        "precision": 1.0,
        "recall": 0.2839506172839506,
        "f1-score": 0.4423076923076923,
        "support": 81.0
    },
    "micro avg": {
        "precision": 0.761570827489481,
        "recall": 0.7448559670781894,
        "f1-score": 0.753120665742025,
        "support": 729.0
    },
    "macro avg": {
        "precision": 0.7829584953536123,
        "recall": 0.7448559670781894,
        "f1-score": 0.7400171638838172,
        "support": 729.0
    },
    "weighted avg": {
        "precision": 0.7829584953536123,
        "recall": 0.7448559670781894,
        "f1-score": 0.7400171638838171,
        "support": 729.0
    },
    "accuracy": 0.7448559670781894
}