{
    "1": {
        "precision": 0.3333333333333333,
        "recall": 1.0,
        "f1-score": 0.5,
        "support": 81.0
    },
    "2": {
        "precision": 0.0,
        "recall": 0.0,
        "f1-score": 0.0,
        "support": 162.0
    },
    "3": {
        "precision": 0.003105590062111801,
        "recall": 0.00411522633744856,
        "f1-score": 0.0035398230088495575,
        "support": 243.0
    },
    "4": {
        "precision": 0.0079155672823219,
        "recall": 0.009259259259259259,
        "f1-score": 0.008534850640113799,
        "support": 324.0
    },
    "5": {
        "precision": 0.06636155606407322,
        "recall": 0.07160493827160494,
        "f1-score": 0.0688836104513064,
        "support": 405.0
    },
    "6": {
        "precision": 0.12361331220285261,
        "recall": 0.16049382716049382,
        "f1-score": 0.1396598030438675,
        "support": 486.0
    },
    "7": {
        "precision": 0.021505376344086023,
        "recall": 0.024691358024691357,
        "f1-score": 0.022988505747126436,
        "support": 567.0
    },
    "8": {
        "precision": 0.014864864864864866,
        "recall": 0.016975308641975308,
        "f1-score": 0.01585014409221902,
        "support": 648.0
    },
    "9": {
        "precision": 0.0,
        "recall": 0.0,
        "f1-score": 0.0,
        "support": 729.0
    },
    "accuracy": 0.05953360768175583,
    "macro avg": {
        "precision": 0.0634110666837382,
        "recall": 0.14301554641060812,
        "f1-score": 0.08438408188705364,
        "support": 3645.0
    },
    "weighted avg": {
        "precision": 0.03816125732253242,
        "recall": 0.05953360768175583,
        "f1-score": 0.04477458744609729,
        "support": 3645.0
    }
}