{
    "10": {
        "precision": 0.691358024691358,
        "recall": 0.691358024691358,
        "f1-score": 0.691358024691358,
        "support": 81.0
    },
    "11": {
        "precision": 0.7419354838709677,
        "recall": 0.5679012345679012,
        "f1-score": 0.6433566433566433,
        "support": 81.0
    },
    "12": {
        "precision": 0.6428571428571429,
        "recall": 0.5555555555555556,
        "f1-score": 0.5960264900662252,
        "support": 81.0
    },
    "13": {
        "precision": 0.6162790697674418,
        "recall": 0.654320987654321,
        "f1-score": 0.6347305389221557,
        "support": 81.0
    },
    "14": {
        "precision": 0.6231884057971014,
        "recall": 0.5308641975308642,
        "f1-score": 0.5733333333333334,
        "support": 81.0
    },
    "15": {
        "precision": 0.48484848484848486,
        "recall": 0.3950617283950617,
        "f1-score": 0.43537414965986393,
        "support": 81.0
    },
    "16": {
        "precision": 0.391304347826087,
        "recall": 0.3333333333333333,
        "f1-score": 0.36,
        "support": 81.0
    },
    "17": {
        "precision": 0.47580645161290325,
        "recall": 0.7283950617283951,
        "f1-score": 0.5756097560975609,
        "support": 81.0
    },
    "18": {
        "precision": 0.7704918032786885,
        "recall": 0.5802469135802469,
        "f1-score": 0.6619718309859155,
        "support": 81.0
    },
    "micro avg": {
        "precision": 0.5930232558139535,
        "recall": 0.5596707818930041,
        "f1-score": 0.5758645024700071,
        "support": 729.0
    },
    "macro avg": {
        "precision": 0.6042299127277974,
        "recall": 0.559670781893004,
        "f1-score": 0.574640085234784,
        "support": 729.0
    },
    "weighted avg": {
        "precision": 0.6042299127277972,
        "recall": 0.5596707818930041,
        "f1-score": 0.5746400852347839,
        "support": 729.0
    },
    "accuracy": 0.5596707818930041
}