{
    "10": {
        "precision": 0.22448979591836735,
        "recall": 0.2716049382716049,
        "f1-score": 0.24581005586592178,
        "support": 81.0
    },
    "11": {
        "precision": 0.4,
        "recall": 0.024691358024691357,
        "f1-score": 0.046511627906976744,
        "support": 81.0
    },
    "12": {
        "precision": 0.7956989247311828,
        "recall": 0.9135802469135802,
        "f1-score": 0.8505747126436781,
        "support": 81.0
    },
    "13": {
        "precision": 0.9090909090909091,
        "recall": 0.49382716049382713,
        "f1-score": 0.64,
        "support": 81.0
    },
    "14": {
        "precision": 0.4222222222222222,
        "recall": 0.2345679012345679,
        "f1-score": 0.30158730158730157,
        "support": 81.0
    },
    "15": {
        "precision": 0.45454545454545453,
        "recall": 0.6790123456790124,
        "f1-score": 0.5445544554455446,
        "support": 81.0
    },
    "16": {
        "precision": 0.0,
        "recall": 0.0,
        "f1-score": 0.0,
        "support": 81.0
    },
    "17": {
        "precision": 0.0,
        "recall": 0.0,
        "f1-score": 0.0,
        "support": 81.0
    },
    "18": {
        "precision": 0.0,
        "recall": 0.0,
        "f1-score": 0.0,
        "support": 81.0
    },
    "micro avg": {
        "precision": 0.4796380090497738,
        "recall": 0.2908093278463649,
        "f1-score": 0.36208368915456873,
        "support": 729.0
    },
    "macro avg": {
        "precision": 0.35622747850090397,
        "recall": 0.2908093278463649,
        "f1-score": 0.2921153503832692,
        "support": 729.0
    },
    "weighted avg": {
        "precision": 0.356227478500904,
        "recall": 0.2908093278463649,
        "f1-score": 0.2921153503832692,
        "support": 729.0
    },
    "accuracy": 0.2908093278463649
}