{
    "10": {
        "precision": 0.7,
        "recall": 0.691358024691358,
        "f1-score": 0.6956521739130435,
        "support": 81.0
    },
    "11": {
        "precision": 0.0,
        "recall": 0.0,
        "f1-score": 0.0,
        "support": 81.0
    },
    "12": {
        "precision": 0.2597402597402597,
        "recall": 0.24691358024691357,
        "f1-score": 0.25316455696202533,
        "support": 81.0
    },
    "13": {
        "precision": 0.05263157894736842,
        "recall": 0.012345679012345678,
        "f1-score": 0.02,
        "support": 81.0
    },
    "14": {
        "precision": 0.0,
        "recall": 0.0,
        "f1-score": 0.0,
        "support": 81.0
    },
    "15": {
        "precision": 0.00980392156862745,
        "recall": 0.012345679012345678,
        "f1-score": 0.01092896174863388,
        "support": 81.0
    },
    "16": {
        "precision": 0.2717948717948718,
        "recall": 0.654320987654321,
        "f1-score": 0.38405797101449274,
        "support": 81.0
    },
    "17": {
        "precision": 0.26666666666666666,
        "recall": 0.09876543209876543,
        "f1-score": 0.14414414414414414,
        "support": 81.0
    },
    "18": {
        "precision": 0.17777777777777778,
        "recall": 0.09876543209876543,
        "f1-score": 0.12698412698412698,
        "support": 81.0
    },
    "micro avg": {
        "precision": 0.24581939799331104,
        "recall": 0.20164609053497942,
        "f1-score": 0.2215523737754333,
        "support": 729.0
    },
    "macro avg": {
        "precision": 0.1931572307217302,
        "recall": 0.20164609053497942,
        "f1-score": 0.18165910386294074,
        "support": 729.0
    },
    "weighted avg": {
        "precision": 0.1931572307217302,
        "recall": 0.20164609053497942,
        "f1-score": 0.1816591038629407,
        "support": 729.0
    },
    "accuracy": 0.20164609053497942
}