{
    "1": {
        "precision": 1.0,
        "recall": 1.0,
        "f1-score": 1.0,
        "support": 81.0
    },
    "2": {
        "precision": 1.0,
        "recall": 1.0,
        "f1-score": 1.0,
        "support": 81.0
    },
    "3": {
        "precision": 0.9759036144578314,
        "recall": 1.0,
        "f1-score": 0.9878048780487805,
        "support": 81.0
    },
    "4": {
        "precision": 0.9080459770114943,
        "recall": 0.9753086419753086,
        "f1-score": 0.9404761904761905,
        "support": 81.0
    },
    "5": {
        "precision": 0.8372093023255814,
        "recall": 0.8888888888888888,
        "f1-score": 0.8622754491017964,
        "support": 81.0
    },
    "6": {
        "precision": 0.8333333333333334,
        "recall": 0.7407407407407407,
        "f1-score": 0.7843137254901961,
        "support": 81.0
    },
    "7": {
        "precision": 0.7058823529411765,
        "recall": 0.7407407407407407,
        "f1-score": 0.7228915662650602,
        "support": 81.0
    },
    "8": {
        "precision": 0.6428571428571429,
        "recall": 0.6666666666666666,
        "f1-score": 0.6545454545454545,
        "support": 81.0
    },
    "9": {
        "precision": 0.5925925925925926,
        "recall": 0.19753086419753085,
        "f1-score": 0.2962962962962963,
        "support": 81.0
    },
    "micro avg": {
        "precision": 0.8513119533527697,
        "recall": 0.8010973936899863,
        "f1-score": 0.8254416961130742,
        "support": 729.0
    },
    "macro avg": {
        "precision": 0.8328693683910169,
        "recall": 0.8010973936899863,
        "f1-score": 0.8054003955804193,
        "support": 729.0
    },
    "weighted avg": {
        "precision": 0.8328693683910169,
        "recall": 0.8010973936899863,
        "f1-score": 0.8054003955804195,
        "support": 729.0
    },
    "accuracy": 0.8010973936899863
}