{
    "10": {
        "precision": 0.9058823529411765,
        "recall": 0.9506172839506173,
        "f1-score": 0.927710843373494,
        "support": 81.0
    },
    "11": {
        "precision": 0.9736842105263158,
        "recall": 0.9135802469135802,
        "f1-score": 0.9426751592356688,
        "support": 81.0
    },
    "12": {
        "precision": 0.8210526315789474,
        "recall": 0.9629629629629629,
        "f1-score": 0.8863636363636364,
        "support": 81.0
    },
    "13": {
        "precision": 0.6464646464646465,
        "recall": 0.7901234567901234,
        "f1-score": 0.7111111111111111,
        "support": 81.0
    },
    "14": {
        "precision": 0.5222222222222223,
        "recall": 0.5802469135802469,
        "f1-score": 0.5497076023391813,
        "support": 81.0
    },
    "15": {
        "precision": 0.7538461538461538,
        "recall": 0.6049382716049383,
        "f1-score": 0.6712328767123288,
        "support": 81.0
    },
    "16": {
        "precision": 0.8026315789473685,
        "recall": 0.7530864197530864,
        "f1-score": 0.7770700636942676,
        "support": 81.0
    },
    "17": {
        "precision": 0.8636363636363636,
        "recall": 0.7037037037037037,
        "f1-score": 0.7755102040816326,
        "support": 81.0
    },
    "18": {
        "precision": 0.9130434782608695,
        "recall": 0.5185185185185185,
        "f1-score": 0.6614173228346457,
        "support": 81.0
    },
    "micro avg": {
        "precision": 0.7865329512893983,
        "recall": 0.7530864197530864,
        "f1-score": 0.7694463910301331,
        "support": 729.0
    },
    "macro avg": {
        "precision": 0.8002737376026737,
        "recall": 0.7530864197530864,
        "f1-score": 0.7669776466384407,
        "support": 729.0
    },
    "weighted avg": {
        "precision": 0.8002737376026736,
        "recall": 0.7530864197530864,
        "f1-score": 0.7669776466384407,
        "support": 729.0
    },
    "accuracy": 0.7530864197530864
}