{
    "10": {
        "precision": 0.49242424242424243,
        "recall": 0.8024691358024691,
        "f1-score": 0.6103286384976526,
        "support": 81.0
    },
    "11": {
        "precision": 0.0,
        "recall": 0.0,
        "f1-score": 0.0,
        "support": 81.0
    },
    "12": {
        "precision": 0.2988505747126437,
        "recall": 0.32098765432098764,
        "f1-score": 0.30952380952380953,
        "support": 81.0
    },
    "13": {
        "precision": 0.36666666666666664,
        "recall": 0.13580246913580246,
        "f1-score": 0.1981981981981982,
        "support": 81.0
    },
    "14": {
        "precision": 0.0,
        "recall": 0.0,
        "f1-score": 0.0,
        "support": 81.0
    },
    "15": {
        "precision": 0.18771331058020477,
        "recall": 0.6790123456790124,
        "f1-score": 0.29411764705882354,
        "support": 81.0
    },
    "16": {
        "precision": 0.234375,
        "recall": 0.18518518518518517,
        "f1-score": 0.20689655172413793,
        "support": 81.0
    },
    "17": {
        "precision": 0.35294117647058826,
        "recall": 0.37037037037037035,
        "f1-score": 0.3614457831325301,
        "support": 81.0
    },
    "18": {
        "precision": 0.55,
        "recall": 0.13580246913580246,
        "f1-score": 0.21782178217821782,
        "support": 81.0
    },
    "micro avg": {
        "precision": 0.2991573033707865,
        "recall": 0.29218106995884774,
        "f1-score": 0.29562803608605137,
        "support": 729.0
    },
    "macro avg": {
        "precision": 0.2758856634282607,
        "recall": 0.2921810699588478,
        "f1-score": 0.2442591567014855,
        "support": 729.0
    },
    "weighted avg": {
        "precision": 0.27588566342826065,
        "recall": 0.29218106995884774,
        "f1-score": 0.24425915670148554,
        "support": 729.0
    },
    "accuracy": 0.29218106995884774
}