{
    "10": {
        "precision": 0.16326530612244897,
        "recall": 0.19753086419753085,
        "f1-score": 0.1787709497206704,
        "support": 81.0
    },
    "11": {
        "precision": 0.0,
        "recall": 0.0,
        "f1-score": 0.0,
        "support": 81.0
    },
    "12": {
        "precision": 0.7209302325581395,
        "recall": 0.7654320987654321,
        "f1-score": 0.7425149700598802,
        "support": 81.0
    },
    "13": {
        "precision": 0.775,
        "recall": 0.38271604938271603,
        "f1-score": 0.512396694214876,
        "support": 81.0
    },
    "14": {
        "precision": 0.18421052631578946,
        "recall": 0.08641975308641975,
        "f1-score": 0.11764705882352941,
        "support": 81.0
    },
    "15": {
        "precision": 0.38095238095238093,
        "recall": 0.691358024691358,
        "f1-score": 0.49122807017543857,
        "support": 81.0
    },
    "16": {
        "precision": 0.36065573770491804,
        "recall": 0.8148148148148148,
        "f1-score": 0.5,
        "support": 81.0
    },
    "17": {
        "precision": 0.4117647058823529,
        "recall": 0.1728395061728395,
        "f1-score": 0.24347826086956523,
        "support": 81.0
    },
    "18": {
        "precision": 1.0,
        "recall": 0.04938271604938271,
        "f1-score": 0.09411764705882353,
        "support": 81.0
    },
    "micro avg": {
        "precision": 0.40634920634920635,
        "recall": 0.3511659807956104,
        "f1-score": 0.376747608535688,
        "support": 729.0
    },
    "macro avg": {
        "precision": 0.4440865432817811,
        "recall": 0.3511659807956104,
        "f1-score": 0.32001707232475374,
        "support": 729.0
    },
    "weighted avg": {
        "precision": 0.4440865432817811,
        "recall": 0.3511659807956104,
        "f1-score": 0.3200170723247537,
        "support": 729.0
    },
    "accuracy": 0.3511659807956104
}