{
    "1": {
        "precision": 1.0,
        "recall": 1.0,
        "f1-score": 1.0,
        "support": 81.0
    },
    "2": {
        "precision": 1.0,
        "recall": 1.0,
        "f1-score": 1.0,
        "support": 81.0
    },
    "3": {
        "precision": 0.9759036144578314,
        "recall": 1.0,
        "f1-score": 0.9878048780487805,
        "support": 81.0
    },
    "4": {
        "precision": 0.8777777777777778,
        "recall": 0.9753086419753086,
        "f1-score": 0.9239766081871345,
        "support": 81.0
    },
    "5": {
        "precision": 0.7142857142857143,
        "recall": 0.8641975308641975,
        "f1-score": 0.7821229050279329,
        "support": 81.0
    },
    "6": {
        "precision": 0.6710526315789473,
        "recall": 0.6296296296296297,
        "f1-score": 0.6496815286624203,
        "support": 81.0
    },
    "7": {
        "precision": 0.6086956521739131,
        "recall": 0.691358024691358,
        "f1-score": 0.6473988439306358,
        "support": 81.0
    },
    "8": {
        "precision": 0.573170731707317,
        "recall": 0.5802469135802469,
        "f1-score": 0.5766871165644172,
        "support": 81.0
    },
    "9": {
        "precision": 0.8787878787878788,
        "recall": 0.35802469135802467,
        "f1-score": 0.5087719298245614,
        "support": 81.0
    },
    "micro avg": {
        "precision": 0.803072625698324,
        "recall": 0.7887517146776406,
        "f1-score": 0.7958477508650519,
        "support": 729.0
    },
    "macro avg": {
        "precision": 0.8110748889743756,
        "recall": 0.7887517146776406,
        "f1-score": 0.7862715344717648,
        "support": 729.0
    },
    "weighted avg": {
        "precision": 0.8110748889743755,
        "recall": 0.7887517146776406,
        "f1-score": 0.7862715344717648,
        "support": 729.0
    },
    "accuracy": 0.7887517146776406
}