{
    "10": {
        "precision": 1.0,
        "recall": 0.37037037037037035,
        "f1-score": 0.5405405405405406,
        "support": 81.0
    },
    "11": {
        "precision": 0.0,
        "recall": 0.0,
        "f1-score": 0.0,
        "support": 81.0
    },
    "12": {
        "precision": 0.0,
        "recall": 0.0,
        "f1-score": 0.0,
        "support": 81.0
    },
    "13": {
        "precision": 0.0,
        "recall": 0.0,
        "f1-score": 0.0,
        "support": 81.0
    },
    "14": {
        "precision": 0.0,
        "recall": 0.0,
        "f1-score": 0.0,
        "support": 81.0
    },
    "15": {
        "precision": 0.0,
        "recall": 0.0,
        "f1-score": 0.0,
        "support": 81.0
    },
    "16": {
        "precision": 0.0,
        "recall": 0.0,
        "f1-score": 0.0,
        "support": 81.0
    },
    "17": {
        "precision": 0.0,
        "recall": 0.0,
        "f1-score": 0.0,
        "support": 81.0
    },
    "18": {
        "precision": 0.0,
        "recall": 0.0,
        "f1-score": 0.0,
        "support": 81.0
    },
    "micro avg": {
        "precision": 0.8571428571428571,
        "recall": 0.0411522633744856,
        "f1-score": 0.07853403141361257,
        "support": 729.0
    },
    "macro avg": {
        "precision": 0.1111111111111111,
        "recall": 0.0411522633744856,
        "f1-score": 0.060060060060060066,
        "support": 729.0
    },
    "weighted avg": {
        "precision": 0.1111111111111111,
        "recall": 0.0411522633744856,
        "f1-score": 0.060060060060060066,
        "support": 729.0
    },
    "accuracy": 0.0411522633744856
}