{
    "1": {
        "precision": 0.9996422822393132,
        "recall": 1.0,
        "f1-score": 0.9998211091234347,
        "support": 5589.0
    },
    "2": {
        "precision": 0.9992836676217765,
        "recall": 0.998389694041868,
        "f1-score": 0.9988364808019332,
        "support": 5589.0
    },
    "3": {
        "precision": 0.9962426194310252,
        "recall": 0.9962426194310252,
        "f1-score": 0.9962426194310252,
        "support": 5589.0
    },
    "4": {
        "precision": 0.9836330935251798,
        "recall": 0.9785292538915727,
        "f1-score": 0.9810745358328101,
        "support": 5589.0
    },
    "5": {
        "precision": 0.9108269394714408,
        "recall": 0.9558060475934872,
        "f1-score": 0.9327745765671381,
        "support": 5589.0
    },
    "6": {
        "precision": 0.8271881461061337,
        "recall": 0.8590087672213276,
        "f1-score": 0.842798209426841,
        "support": 5589.0
    },
    "7": {
        "precision": 0.7754479603507434,
        "recall": 0.7278582930756844,
        "f1-score": 0.7508998615597601,
        "support": 5589.0
    },
    "8": {
        "precision": 0.6980275789841159,
        "recall": 0.7155126140633387,
        "f1-score": 0.7066619544089061,
        "support": 5589.0
    },
    "9": {
        "precision": 0.8466353677621283,
        "recall": 0.7743782429772768,
        "f1-score": 0.8088963648257173,
        "support": 5589.0
    },
    "micro avg": {
        "precision": 0.8934504792332268,
        "recall": 0.8895250591439534,
        "f1-score": 0.8914834480628804,
        "support": 50301.0
    },
    "macro avg": {
        "precision": 0.8929919617213175,
        "recall": 0.8895250591439533,
        "f1-score": 0.8908895235530628,
        "support": 50301.0
    },
    "weighted avg": {
        "precision": 0.8929919617213173,
        "recall": 0.8895250591439534,
        "f1-score": 0.8908895235530628,
        "support": 50301.0
    },
    "accuracy": 0.8895250591439534
}