{
    "10": {
        "precision": 0.6597938144329897,
        "recall": 0.7901234567901234,
        "f1-score": 0.7191011235955056,
        "support": 81.0
    },
    "11": {
        "precision": 0.7741935483870968,
        "recall": 0.5925925925925926,
        "f1-score": 0.6713286713286714,
        "support": 81.0
    },
    "12": {
        "precision": 0.5630252100840336,
        "recall": 0.8271604938271605,
        "f1-score": 0.67,
        "support": 81.0
    },
    "13": {
        "precision": 0.30434782608695654,
        "recall": 0.345679012345679,
        "f1-score": 0.3236994219653179,
        "support": 81.0
    },
    "14": {
        "precision": 0.3582089552238806,
        "recall": 0.2962962962962963,
        "f1-score": 0.32432432432432434,
        "support": 81.0
    },
    "15": {
        "precision": 0.3854166666666667,
        "recall": 0.4567901234567901,
        "f1-score": 0.4180790960451977,
        "support": 81.0
    },
    "16": {
        "precision": 0.3,
        "recall": 0.2962962962962963,
        "f1-score": 0.2981366459627329,
        "support": 81.0
    },
    "17": {
        "precision": 0.358695652173913,
        "recall": 0.4074074074074074,
        "f1-score": 0.3815028901734104,
        "support": 81.0
    },
    "18": {
        "precision": 1.0,
        "recall": 0.06172839506172839,
        "f1-score": 0.11627906976744186,
        "support": 81.0
    },
    "micro avg": {
        "precision": 0.4647887323943662,
        "recall": 0.45267489711934156,
        "f1-score": 0.4586518415566366,
        "support": 729.0
    },
    "macro avg": {
        "precision": 0.5226312970061707,
        "recall": 0.4526748971193416,
        "f1-score": 0.43582791590695574,
        "support": 729.0
    },
    "weighted avg": {
        "precision": 0.5226312970061707,
        "recall": 0.45267489711934156,
        "f1-score": 0.4358279159069558,
        "support": 729.0
    },
    "accuracy": 0.45267489711934156
}