{
    "1": {
        "precision": 1.0,
        "recall": 1.0,
        "f1-score": 1.0,
        "support": 81.0
    },
    "2": {
        "precision": 0.9878048780487805,
        "recall": 1.0,
        "f1-score": 0.9938650306748467,
        "support": 81.0
    },
    "3": {
        "precision": 0.9302325581395349,
        "recall": 0.9876543209876543,
        "f1-score": 0.9580838323353293,
        "support": 81.0
    },
    "4": {
        "precision": 0.8433734939759037,
        "recall": 0.8641975308641975,
        "f1-score": 0.8536585365853658,
        "support": 81.0
    },
    "5": {
        "precision": 0.7073170731707317,
        "recall": 0.7160493827160493,
        "f1-score": 0.7116564417177914,
        "support": 81.0
    },
    "6": {
        "precision": 0.603448275862069,
        "recall": 0.43209876543209874,
        "f1-score": 0.5035971223021583,
        "support": 81.0
    },
    "7": {
        "precision": 0.5227272727272727,
        "recall": 0.2839506172839506,
        "f1-score": 0.368,
        "support": 81.0
    },
    "8": {
        "precision": 0.3974358974358974,
        "recall": 0.38271604938271603,
        "f1-score": 0.389937106918239,
        "support": 81.0
    },
    "9": {
        "precision": 0.47368421052631576,
        "recall": 0.2222222222222222,
        "f1-score": 0.3025210084033613,
        "support": 81.0
    },
    "micro avg": {
        "precision": 0.754746835443038,
        "recall": 0.654320987654321,
        "f1-score": 0.700955180014695,
        "support": 729.0
    },
    "macro avg": {
        "precision": 0.7184470733207228,
        "recall": 0.6543209876543209,
        "f1-score": 0.675702119881899,
        "support": 729.0
    },
    "weighted avg": {
        "precision": 0.7184470733207228,
        "recall": 0.654320987654321,
        "f1-score": 0.6757021198818991,
        "support": 729.0
    },
    "accuracy": 0.654320987654321
}