{
    "10": {
        "precision": 0.16910935738444194,
        "recall": 0.23148148148148148,
        "f1-score": 0.19543973941368079,
        "support": 1944.0
    },
    "11": {
        "precision": 0.3333333333333333,
        "recall": 0.0015432098765432098,
        "f1-score": 0.0030721966205837174,
        "support": 1944.0
    },
    "12": {
        "precision": 0.652970075926753,
        "recall": 0.7520576131687243,
        "f1-score": 0.6990198422185034,
        "support": 1944.0
    },
    "13": {
        "precision": 0.5877901109989909,
        "recall": 0.5992798353909465,
        "f1-score": 0.5934793683138054,
        "support": 1944.0
    },
    "14": {
        "precision": 0.5419181757209927,
        "recall": 0.4156378600823045,
        "f1-score": 0.47045123726346433,
        "support": 1944.0
    },
    "15": {
        "precision": 0.5726495726495726,
        "recall": 0.5859053497942387,
        "f1-score": 0.5792016272565471,
        "support": 1944.0
    },
    "16": {
        "precision": 0.6415981198589894,
        "recall": 0.2808641975308642,
        "f1-score": 0.39069767441860465,
        "support": 1944.0
    },
    "17": {
        "precision": 0.2857142857142857,
        "recall": 0.00205761316872428,
        "f1-score": 0.0040858018386108275,
        "support": 1944.0
    },
    "18": {
        "precision": 0.0,
        "recall": 0.0,
        "f1-score": 0.0,
        "support": 1944.0
    },
    "micro avg": {
        "precision": 0.49617437722419927,
        "recall": 0.318758573388203,
        "f1-score": 0.3881542316258352,
        "support": 17496.0
    },
    "macro avg": {
        "precision": 0.4205647812874844,
        "recall": 0.318758573388203,
        "f1-score": 0.3261608319270889,
        "support": 17496.0
    },
    "weighted avg": {
        "precision": 0.42056478128748437,
        "recall": 0.318758573388203,
        "f1-score": 0.3261608319270889,
        "support": 17496.0
    },
    "accuracy": 0.318758573388203
}