{
    "1": {
        "precision": 1.0,
        "recall": 1.0,
        "f1-score": 1.0,
        "support": 81.0
    },
    "2": {
        "precision": 1.0,
        "recall": 1.0,
        "f1-score": 1.0,
        "support": 81.0
    },
    "3": {
        "precision": 0.9878048780487805,
        "recall": 1.0,
        "f1-score": 0.9938650306748467,
        "support": 81.0
    },
    "4": {
        "precision": 0.963855421686747,
        "recall": 0.9876543209876543,
        "f1-score": 0.975609756097561,
        "support": 81.0
    },
    "5": {
        "precision": 0.8241758241758241,
        "recall": 0.9259259259259259,
        "f1-score": 0.872093023255814,
        "support": 81.0
    },
    "6": {
        "precision": 0.6818181818181818,
        "recall": 0.7407407407407407,
        "f1-score": 0.7100591715976331,
        "support": 81.0
    },
    "7": {
        "precision": 0.5494505494505495,
        "recall": 0.6172839506172839,
        "f1-score": 0.5813953488372093,
        "support": 81.0
    },
    "8": {
        "precision": 0.6024096385542169,
        "recall": 0.6172839506172839,
        "f1-score": 0.6097560975609756,
        "support": 81.0
    },
    "9": {
        "precision": 1.0,
        "recall": 0.6049382716049383,
        "f1-score": 0.7538461538461538,
        "support": 81.0
    },
    "accuracy": 0.8326474622770919,
    "macro avg": {
        "precision": 0.8455016104149222,
        "recall": 0.8326474622770919,
        "f1-score": 0.8329582868744658,
        "support": 729.0
    },
    "weighted avg": {
        "precision": 0.8455016104149222,
        "recall": 0.8326474622770919,
        "f1-score": 0.8329582868744659,
        "support": 729.0
    }
}