{
    "1": {
        "precision": 1.0,
        "recall": 0.9135802469135802,
        "f1-score": 0.9548387096774194,
        "support": 81.0
    },
    "2": {
        "precision": 0.9146341463414634,
        "recall": 0.9259259259259259,
        "f1-score": 0.9202453987730062,
        "support": 81.0
    },
    "3": {
        "precision": 0.9615384615384616,
        "recall": 0.9259259259259259,
        "f1-score": 0.9433962264150944,
        "support": 81.0
    },
    "4": {
        "precision": 0.9135802469135802,
        "recall": 0.9135802469135802,
        "f1-score": 0.9135802469135802,
        "support": 81.0
    },
    "5": {
        "precision": 0.875,
        "recall": 0.9506172839506173,
        "f1-score": 0.9112426035502958,
        "support": 81.0
    },
    "6": {
        "precision": 0.8850574712643678,
        "recall": 0.9506172839506173,
        "f1-score": 0.9166666666666666,
        "support": 81.0
    },
    "7": {
        "precision": 0.9833333333333333,
        "recall": 0.7283950617283951,
        "f1-score": 0.8368794326241135,
        "support": 81.0
    },
    "8": {
        "precision": 0.6990291262135923,
        "recall": 0.8888888888888888,
        "f1-score": 0.782608695652174,
        "support": 81.0
    },
    "9": {
        "precision": 0.875,
        "recall": 0.7777777777777778,
        "f1-score": 0.8235294117647058,
        "support": 81.0
    },
    "micro avg": {
        "precision": 0.8910344827586207,
        "recall": 0.8861454046639232,
        "f1-score": 0.8885832187070152,
        "support": 729.0
    },
    "macro avg": {
        "precision": 0.900796976178311,
        "recall": 0.8861454046639232,
        "f1-score": 0.8892208213374507,
        "support": 729.0
    },
    "weighted avg": {
        "precision": 0.900796976178311,
        "recall": 0.8861454046639232,
        "f1-score": 0.8892208213374507,
        "support": 729.0
    },
    "accuracy": 0.8861454046639232
}