{
    "1": {
        "precision": 1.0,
        "recall": 0.8395061728395061,
        "f1-score": 0.912751677852349,
        "support": 81.0
    },
    "2": {
        "precision": 0.8488372093023255,
        "recall": 0.9012345679012346,
        "f1-score": 0.874251497005988,
        "support": 81.0
    },
    "3": {
        "precision": 0.9452054794520548,
        "recall": 0.8518518518518519,
        "f1-score": 0.8961038961038961,
        "support": 81.0
    },
    "4": {
        "precision": 0.813953488372093,
        "recall": 0.8641975308641975,
        "f1-score": 0.8383233532934131,
        "support": 81.0
    },
    "5": {
        "precision": 0.891566265060241,
        "recall": 0.9135802469135802,
        "f1-score": 0.9024390243902439,
        "support": 81.0
    },
    "6": {
        "precision": 0.8764044943820225,
        "recall": 0.9629629629629629,
        "f1-score": 0.9176470588235294,
        "support": 81.0
    },
    "7": {
        "precision": 0.9104477611940298,
        "recall": 0.7530864197530864,
        "f1-score": 0.8243243243243243,
        "support": 81.0
    },
    "8": {
        "precision": 0.7425742574257426,
        "recall": 0.9259259259259259,
        "f1-score": 0.8241758241758241,
        "support": 81.0
    },
    "9": {
        "precision": 0.9473684210526315,
        "recall": 0.8888888888888888,
        "f1-score": 0.9171974522292994,
        "support": 81.0
    },
    "accuracy": 0.877914951989026,
    "macro avg": {
        "precision": 0.8862619306934602,
        "recall": 0.877914951989026,
        "f1-score": 0.8785793453554297,
        "support": 729.0
    },
    "weighted avg": {
        "precision": 0.8862619306934599,
        "recall": 0.877914951989026,
        "f1-score": 0.8785793453554298,
        "support": 729.0
    }
}