{
    "1": {
        "precision": 1.0,
        "recall": 1.0,
        "f1-score": 1.0,
        "support": 5589.0
    },
    "2": {
        "precision": 0.9998211091234347,
        "recall": 1.0,
        "f1-score": 0.9999105465605153,
        "support": 5589.0
    },
    "3": {
        "precision": 0.9996418338108882,
        "recall": 0.9987475398103417,
        "f1-score": 0.9991944867090307,
        "support": 5589.0
    },
    "4": {
        "precision": 0.9987357774968394,
        "recall": 0.9894435498300233,
        "f1-score": 0.9940679489484091,
        "support": 5589.0
    },
    "5": {
        "precision": 0.9871493212669683,
        "recall": 0.9758454106280193,
        "f1-score": 0.9814648191470218,
        "support": 5589.0
    },
    "6": {
        "precision": 0.9728158980127484,
        "recall": 0.9284308463052424,
        "f1-score": 0.9501052824315664,
        "support": 5589.0
    },
    "7": {
        "precision": 0.9219729128764909,
        "recall": 0.8160672750044731,
        "f1-score": 0.865793470007593,
        "support": 5589.0
    },
    "8": {
        "precision": 0.8038916444105303,
        "recall": 0.7539810341742709,
        "f1-score": 0.778136829470963,
        "support": 5589.0
    },
    "9": {
        "precision": 0.797645327446652,
        "recall": 0.969762032563965,
        "f1-score": 0.8753229974160207,
        "support": 5589.0
    },
    "micro avg": {
        "precision": 0.9398719661767345,
        "recall": 0.9369197431462595,
        "f1-score": 0.9383935327147466,
        "support": 50301.0
    },
    "macro avg": {
        "precision": 0.9424082027160614,
        "recall": 0.9369197431462594,
        "f1-score": 0.9382218200767911,
        "support": 50301.0
    },
    "weighted avg": {
        "precision": 0.9424082027160614,
        "recall": 0.9369197431462595,
        "f1-score": 0.9382218200767911,
        "support": 50301.0
    },
    "accuracy": 0.9369197431462595
}