{
    "10": {
        "precision": 0.06930693069306931,
        "recall": 0.08641975308641975,
        "f1-score": 0.07692307692307693,
        "support": 81.0
    },
    "11": {
        "precision": 0.0,
        "recall": 0.0,
        "f1-score": 0.0,
        "support": 81.0
    },
    "12": {
        "precision": 0.5042016806722689,
        "recall": 0.7407407407407407,
        "f1-score": 0.6,
        "support": 81.0
    },
    "13": {
        "precision": 0.55,
        "recall": 0.2716049382716049,
        "f1-score": 0.36363636363636365,
        "support": 81.0
    },
    "14": {
        "precision": 0.7580645161290323,
        "recall": 0.5802469135802469,
        "f1-score": 0.6573426573426573,
        "support": 81.0
    },
    "15": {
        "precision": 0.5447154471544715,
        "recall": 0.8271604938271605,
        "f1-score": 0.6568627450980392,
        "support": 81.0
    },
    "16": {
        "precision": 1.0,
        "recall": 0.04938271604938271,
        "f1-score": 0.09411764705882353,
        "support": 81.0
    },
    "17": {
        "precision": 0.13043478260869565,
        "recall": 0.037037037037037035,
        "f1-score": 0.057692307692307696,
        "support": 81.0
    },
    "18": {
        "precision": 0.0967741935483871,
        "recall": 0.07407407407407407,
        "f1-score": 0.08391608391608392,
        "support": 81.0
    },
    "micro avg": {
        "precision": 0.39926062846580407,
        "recall": 0.2962962962962963,
        "f1-score": 0.3401574803149606,
        "support": 729.0
    },
    "macro avg": {
        "precision": 0.4059441723117694,
        "recall": 0.2962962962962963,
        "f1-score": 0.28783232018526134,
        "support": 729.0
    },
    "weighted avg": {
        "precision": 0.4059441723117693,
        "recall": 0.2962962962962963,
        "f1-score": 0.28783232018526134,
        "support": 729.0
    },
    "accuracy": 0.2962962962962963
}