{
    "1": {
        "precision": 1.0,
        "recall": 1.0,
        "f1-score": 1.0,
        "support": 81.0
    },
    "2": {
        "precision": 1.0,
        "recall": 1.0,
        "f1-score": 1.0,
        "support": 81.0
    },
    "3": {
        "precision": 0.9367088607594937,
        "recall": 0.9135802469135802,
        "f1-score": 0.925,
        "support": 81.0
    },
    "4": {
        "precision": 0.86,
        "recall": 0.5308641975308642,
        "f1-score": 0.6564885496183206,
        "support": 81.0
    },
    "5": {
        "precision": 0.5981308411214953,
        "recall": 0.7901234567901234,
        "f1-score": 0.6808510638297872,
        "support": 81.0
    },
    "6": {
        "precision": 0.6363636363636364,
        "recall": 0.5185185185185185,
        "f1-score": 0.5714285714285714,
        "support": 81.0
    },
    "7": {
        "precision": 0.4482758620689655,
        "recall": 0.48148148148148145,
        "f1-score": 0.4642857142857143,
        "support": 81.0
    },
    "8": {
        "precision": 0.4117647058823529,
        "recall": 0.6049382716049383,
        "f1-score": 0.49,
        "support": 81.0
    },
    "9": {
        "precision": 0.65625,
        "recall": 0.25925925925925924,
        "f1-score": 0.37168141592920356,
        "support": 81.0
    },
    "micro avg": {
        "precision": 0.7037037037037037,
        "recall": 0.6776406035665294,
        "f1-score": 0.6904262753319357,
        "support": 729.0
    },
    "macro avg": {
        "precision": 0.7274993229106604,
        "recall": 0.6776406035665296,
        "f1-score": 0.6844150350101775,
        "support": 729.0
    },
    "weighted avg": {
        "precision": 0.7274993229106604,
        "recall": 0.6776406035665294,
        "f1-score": 0.6844150350101775,
        "support": 729.0
    },
    "accuracy": 0.6776406035665294
}