{
    "1": {
        "precision": 1.0,
        "recall": 1.0,
        "f1-score": 1.0,
        "support": 81.0
    },
    "2": {
        "precision": 1.0,
        "recall": 1.0,
        "f1-score": 1.0,
        "support": 81.0
    },
    "3": {
        "precision": 1.0,
        "recall": 1.0,
        "f1-score": 1.0,
        "support": 81.0
    },
    "4": {
        "precision": 0.9878048780487805,
        "recall": 1.0,
        "f1-score": 0.9938650306748467,
        "support": 81.0
    },
    "5": {
        "precision": 0.9523809523809523,
        "recall": 0.9876543209876543,
        "f1-score": 0.9696969696969697,
        "support": 81.0
    },
    "6": {
        "precision": 0.9166666666666666,
        "recall": 0.9506172839506173,
        "f1-score": 0.9333333333333333,
        "support": 81.0
    },
    "7": {
        "precision": 0.8705882352941177,
        "recall": 0.9135802469135802,
        "f1-score": 0.891566265060241,
        "support": 81.0
    },
    "8": {
        "precision": 0.8045977011494253,
        "recall": 0.8641975308641975,
        "f1-score": 0.8333333333333334,
        "support": 81.0
    },
    "9": {
        "precision": 1.0,
        "recall": 0.7901234567901234,
        "f1-score": 0.8827586206896552,
        "support": 81.0
    },
    "accuracy": 0.9451303155006858,
    "macro avg": {
        "precision": 0.9480042703933269,
        "recall": 0.9451303155006858,
        "f1-score": 0.9449503947542645,
        "support": 729.0
    },
    "weighted avg": {
        "precision": 0.9480042703933269,
        "recall": 0.9451303155006858,
        "f1-score": 0.9449503947542642,
        "support": 729.0
    }
}