{
    "1": {
        "precision": 0.9759036144578314,
        "recall": 1.0,
        "f1-score": 0.9878048780487805,
        "support": 81.0
    },
    "2": {
        "precision": 0.47058823529411764,
        "recall": 0.9876543209876543,
        "f1-score": 0.6374501992031872,
        "support": 162.0
    },
    "3": {
        "precision": 0.16279069767441862,
        "recall": 0.25925925925925924,
        "f1-score": 0.2,
        "support": 243.0
    },
    "4": {
        "precision": 0.0,
        "recall": 0.0,
        "f1-score": 0.0,
        "support": 324.0
    },
    "5": {
        "precision": 0.0,
        "recall": 0.0,
        "f1-score": 0.0,
        "support": 405.0
    },
    "6": {
        "precision": 0.0,
        "recall": 0.0,
        "f1-score": 0.0,
        "support": 486.0
    },
    "7": {
        "precision": 0.0,
        "recall": 0.0,
        "f1-score": 0.0,
        "support": 567.0
    },
    "8": {
        "precision": 0.0,
        "recall": 0.0,
        "f1-score": 0.0,
        "support": 648.0
    },
    "9": {
        "precision": 0.0,
        "recall": 0.0,
        "f1-score": 0.0,
        "support": 729.0
    },
    "accuracy": 0.08340192043895747,
    "macro avg": {
        "precision": 0.17880917193626308,
        "recall": 0.24965706447187927,
        "f1-score": 0.20280611969466306,
        "support": 3645.0
    },
    "weighted avg": {
        "precision": 0.05345449284598495,
        "recall": 0.08340192043895747,
        "f1-score": 0.06361567281011456,
        "support": 3645.0
    }
}