{
    "1": {
        "precision": 1.0,
        "recall": 1.0,
        "f1-score": 1.0,
        "support": 5589.0
    },
    "2": {
        "precision": 1.0,
        "recall": 1.0,
        "f1-score": 1.0,
        "support": 5589.0
    },
    "3": {
        "precision": 1.0,
        "recall": 0.9998210771157631,
        "f1-score": 0.9999105305538158,
        "support": 5589.0
    },
    "4": {
        "precision": 0.9998210130660462,
        "recall": 0.9994632313472893,
        "f1-score": 0.9996420901932713,
        "support": 5589.0
    },
    "5": {
        "precision": 0.9987457444902347,
        "recall": 0.9973161567364466,
        "f1-score": 0.9980304386750224,
        "support": 5589.0
    },
    "6": {
        "precision": 0.9972835929011228,
        "recall": 0.9853283234925747,
        "f1-score": 0.991269912699127,
        "support": 5589.0
    },
    "7": {
        "precision": 0.9858181818181818,
        "recall": 0.9701198783324387,
        "f1-score": 0.9779060330056814,
        "support": 5589.0
    },
    "8": {
        "precision": 0.9696529165909504,
        "recall": 0.9547325102880658,
        "f1-score": 0.9621348719798053,
        "support": 5589.0
    },
    "9": {
        "precision": 0.9566632408359027,
        "recall": 0.9992843084630524,
        "f1-score": 0.9775094075435372,
        "support": 5589.0
    },
    "micro avg": {
        "precision": 0.9896415293158638,
        "recall": 0.9895628317528479,
        "f1-score": 0.9896021789697609,
        "support": 50301.0
    },
    "macro avg": {
        "precision": 0.9897760766336042,
        "recall": 0.9895628317528478,
        "f1-score": 0.9896003649611402,
        "support": 50301.0
    },
    "weighted avg": {
        "precision": 0.9897760766336043,
        "recall": 0.9895628317528479,
        "f1-score": 0.9896003649611401,
        "support": 50301.0
    },
    "accuracy": 0.9895628317528479
}