{
    "1": {
        "precision": 1.0,
        "recall": 1.0,
        "f1-score": 1.0,
        "support": 5589.0
    },
    "2": {
        "precision": 0.9978575254418853,
        "recall": 1.0,
        "f1-score": 0.9989276139410188,
        "support": 5589.0
    },
    "3": {
        "precision": 0.9941197434069851,
        "recall": 0.998210771157631,
        "f1-score": 0.9961610570484778,
        "support": 5589.0
    },
    "4": {
        "precision": 0.9868280526877893,
        "recall": 0.9919484702093397,
        "f1-score": 0.9893816364772018,
        "support": 5589.0
    },
    "5": {
        "precision": 0.9798896600818651,
        "recall": 0.9851494006083378,
        "f1-score": 0.9825124910778016,
        "support": 5589.0
    },
    "6": {
        "precision": 0.9828952106589846,
        "recall": 0.9767400250492038,
        "f1-score": 0.9798079511801131,
        "support": 5589.0
    },
    "7": {
        "precision": 0.9637579169598874,
        "recall": 0.9801395598497048,
        "f1-score": 0.9718797125875986,
        "support": 5589.0
    },
    "8": {
        "precision": 0.9608749777698737,
        "recall": 0.9667203435319377,
        "f1-score": 0.9637887977167321,
        "support": 5589.0
    },
    "9": {
        "precision": 0.9973865969759194,
        "recall": 0.9559849704777241,
        "f1-score": 0.9762470308788599,
        "support": 5589.0
    },
    "micro avg": {
        "precision": 0.9847384443958056,
        "recall": 0.9838770600982087,
        "f1-score": 0.9843075637940293,
        "support": 50301.0
    },
    "macro avg": {
        "precision": 0.9848455204425767,
        "recall": 0.9838770600982087,
        "f1-score": 0.984300698989756,
        "support": 50301.0
    },
    "weighted avg": {
        "precision": 0.9848455204425767,
        "recall": 0.9838770600982087,
        "f1-score": 0.984300698989756,
        "support": 50301.0
    },
    "accuracy": 0.9838770600982087
}