{
    "10": {
        "precision": 0.7222222222222222,
        "recall": 0.8024691358024691,
        "f1-score": 0.7602339181286549,
        "support": 81.0
    },
    "11": {
        "precision": 0.8245614035087719,
        "recall": 0.5802469135802469,
        "f1-score": 0.6811594202898551,
        "support": 81.0
    },
    "12": {
        "precision": 0.7924528301886793,
        "recall": 0.5185185185185185,
        "f1-score": 0.6268656716417911,
        "support": 81.0
    },
    "13": {
        "precision": 0.6444444444444445,
        "recall": 0.7160493827160493,
        "f1-score": 0.6783625730994152,
        "support": 81.0
    },
    "14": {
        "precision": 0.6805555555555556,
        "recall": 0.6049382716049383,
        "f1-score": 0.6405228758169934,
        "support": 81.0
    },
    "15": {
        "precision": 0.611764705882353,
        "recall": 0.6419753086419753,
        "f1-score": 0.6265060240963856,
        "support": 81.0
    },
    "16": {
        "precision": 0.5,
        "recall": 0.06172839506172839,
        "f1-score": 0.10989010989010989,
        "support": 81.0
    },
    "17": {
        "precision": 0.2916666666666667,
        "recall": 0.5185185185185185,
        "f1-score": 0.37333333333333335,
        "support": 81.0
    },
    "18": {
        "precision": 0.5769230769230769,
        "recall": 0.5555555555555556,
        "f1-score": 0.5660377358490566,
        "support": 81.0
    },
    "micro avg": {
        "precision": 0.5964653902798233,
        "recall": 0.5555555555555556,
        "f1-score": 0.5752840909090909,
        "support": 729.0
    },
    "macro avg": {
        "precision": 0.6271767672657522,
        "recall": 0.5555555555555556,
        "f1-score": 0.5625457402383995,
        "support": 729.0
    },
    "weighted avg": {
        "precision": 0.6271767672657522,
        "recall": 0.5555555555555556,
        "f1-score": 0.5625457402383994,
        "support": 729.0
    },
    "accuracy": 0.5555555555555556
}