{
    "1": {
        "precision": 0.9642857142857143,
        "recall": 1.0,
        "f1-score": 0.9818181818181818,
        "support": 81.0
    },
    "2": {
        "precision": 0.44537815126050423,
        "recall": 0.9814814814814815,
        "f1-score": 0.6127167630057804,
        "support": 162.0
    },
    "3": {
        "precision": 0.12195121951219512,
        "recall": 0.18518518518518517,
        "f1-score": 0.14705882352941177,
        "support": 243.0
    },
    "4": {
        "precision": 0.0,
        "recall": 0.0,
        "f1-score": 0.0,
        "support": 324.0
    },
    "5": {
        "precision": 0.0,
        "recall": 0.0,
        "f1-score": 0.0,
        "support": 405.0
    },
    "6": {
        "precision": 0.0,
        "recall": 0.0,
        "f1-score": 0.0,
        "support": 486.0
    },
    "7": {
        "precision": 0.0,
        "recall": 0.0,
        "f1-score": 0.0,
        "support": 567.0
    },
    "8": {
        "precision": 0.0,
        "recall": 0.0,
        "f1-score": 0.0,
        "support": 648.0
    },
    "9": {
        "precision": 0.0,
        "recall": 0.0,
        "f1-score": 0.0,
        "support": 729.0
    },
    "accuracy": 0.07818930041152264,
    "macro avg": {
        "precision": 0.17017945389537928,
        "recall": 0.24074074074074073,
        "f1-score": 0.19351041870593041,
        "support": 3645.0
    },
    "weighted avg": {
        "precision": 0.04935323722985129,
        "recall": 0.07818930041152264,
        "f1-score": 0.05885395952039951,
        "support": 3645.0
    }
}