{
    "10": {
        "precision": 0.42777777777777776,
        "recall": 0.9506172839506173,
        "f1-score": 0.5900383141762452,
        "support": 81.0
    },
    "11": {
        "precision": 0.10426540284360189,
        "recall": 0.2716049382716049,
        "f1-score": 0.1506849315068493,
        "support": 81.0
    },
    "12": {
        "precision": 0.16,
        "recall": 0.09876543209876543,
        "f1-score": 0.12213740458015267,
        "support": 81.0
    },
    "13": {
        "precision": 0.12030075187969924,
        "recall": 0.19753086419753085,
        "f1-score": 0.14953271028037382,
        "support": 81.0
    },
    "14": {
        "precision": 0.0,
        "recall": 0.0,
        "f1-score": 0.0,
        "support": 81.0
    },
    "15": {
        "precision": 0.08333333333333333,
        "recall": 0.037037037037037035,
        "f1-score": 0.05128205128205128,
        "support": 81.0
    },
    "16": {
        "precision": 0.03125,
        "recall": 0.024691358024691357,
        "f1-score": 0.027586206896551724,
        "support": 81.0
    },
    "17": {
        "precision": 0.5,
        "recall": 0.012345679012345678,
        "f1-score": 0.024096385542168676,
        "support": 81.0
    },
    "18": {
        "precision": 1.0,
        "recall": 0.07407407407407407,
        "f1-score": 0.13793103448275862,
        "support": 81.0
    },
    "micro avg": {
        "precision": 0.18672199170124482,
        "recall": 0.18518518518518517,
        "f1-score": 0.1859504132231405,
        "support": 729.0
    },
    "macro avg": {
        "precision": 0.26965858509271246,
        "recall": 0.18518518518518517,
        "f1-score": 0.13925433763857237,
        "support": 729.0
    },
    "weighted avg": {
        "precision": 0.26965858509271246,
        "recall": 0.18518518518518517,
        "f1-score": 0.13925433763857234,
        "support": 729.0
    },
    "accuracy": 0.18518518518518517
}