{
    "10": {
        "precision": 0.9565217391304348,
        "recall": 0.5432098765432098,
        "f1-score": 0.6929133858267716,
        "support": 81.0
    },
    "11": {
        "precision": 0.9629629629629629,
        "recall": 0.6419753086419753,
        "f1-score": 0.7703703703703704,
        "support": 81.0
    },
    "12": {
        "precision": 0.7032967032967034,
        "recall": 0.7901234567901234,
        "f1-score": 0.7441860465116279,
        "support": 81.0
    },
    "13": {
        "precision": 0.7702702702702703,
        "recall": 0.7037037037037037,
        "f1-score": 0.7354838709677419,
        "support": 81.0
    },
    "14": {
        "precision": 0.0,
        "recall": 0.0,
        "f1-score": 0.0,
        "support": 81.0
    },
    "15": {
        "precision": 0.030612244897959183,
        "recall": 0.037037037037037035,
        "f1-score": 0.0335195530726257,
        "support": 81.0
    },
    "16": {
        "precision": 0.07692307692307693,
        "recall": 0.08641975308641975,
        "f1-score": 0.08139534883720931,
        "support": 81.0
    },
    "17": {
        "precision": 0.0,
        "recall": 0.0,
        "f1-score": 0.0,
        "support": 81.0
    },
    "18": {
        "precision": 0.0,
        "recall": 0.0,
        "f1-score": 0.0,
        "support": 81.0
    },
    "micro avg": {
        "precision": 0.4840085287846482,
        "recall": 0.3113854595336077,
        "f1-score": 0.3789649415692821,
        "support": 729.0
    },
    "macro avg": {
        "precision": 0.3889541108312675,
        "recall": 0.3113854595336077,
        "f1-score": 0.33976317506514964,
        "support": 729.0
    },
    "weighted avg": {
        "precision": 0.3889541108312675,
        "recall": 0.3113854595336077,
        "f1-score": 0.33976317506514964,
        "support": 729.0
    },
    "accuracy": 0.3113854595336077
}