{
    "1": {
        "precision": 1.0,
        "recall": 1.0,
        "f1-score": 1.0,
        "support": 81.0
    },
    "2": {
        "precision": 1.0,
        "recall": 1.0,
        "f1-score": 1.0,
        "support": 81.0
    },
    "3": {
        "precision": 1.0,
        "recall": 1.0,
        "f1-score": 1.0,
        "support": 81.0
    },
    "4": {
        "precision": 1.0,
        "recall": 1.0,
        "f1-score": 1.0,
        "support": 81.0
    },
    "5": {
        "precision": 1.0,
        "recall": 1.0,
        "f1-score": 1.0,
        "support": 81.0
    },
    "6": {
        "precision": 1.0,
        "recall": 0.9876543209876543,
        "f1-score": 0.9937888198757764,
        "support": 81.0
    },
    "7": {
        "precision": 0.9863013698630136,
        "recall": 0.8888888888888888,
        "f1-score": 0.935064935064935,
        "support": 81.0
    },
    "8": {
        "precision": 0.898876404494382,
        "recall": 0.9876543209876543,
        "f1-score": 0.9411764705882353,
        "support": 81.0
    },
    "9": {
        "precision": 0.9878048780487805,
        "recall": 1.0,
        "f1-score": 0.9938650306748467,
        "support": 81.0
    },
    "accuracy": 0.9849108367626886,
    "macro avg": {
        "precision": 0.985886961378464,
        "recall": 0.9849108367626886,
        "f1-score": 0.9848772506893104,
        "support": 729.0
    },
    "weighted avg": {
        "precision": 0.985886961378464,
        "recall": 0.9849108367626886,
        "f1-score": 0.9848772506893103,
        "support": 729.0
    }
}