{
    "10": {
        "precision": 0.3274336283185841,
        "recall": 0.9135802469135802,
        "f1-score": 0.4820846905537459,
        "support": 81.0
    },
    "11": {
        "precision": 0.06880733944954129,
        "recall": 0.18518518518518517,
        "f1-score": 0.10033444816053512,
        "support": 81.0
    },
    "12": {
        "precision": 0.15,
        "recall": 0.1111111111111111,
        "f1-score": 0.1276595744680851,
        "support": 81.0
    },
    "13": {
        "precision": 0.07368421052631578,
        "recall": 0.08641975308641975,
        "f1-score": 0.07954545454545454,
        "support": 81.0
    },
    "14": {
        "precision": 0.0,
        "recall": 0.0,
        "f1-score": 0.0,
        "support": 81.0
    },
    "15": {
        "precision": 0.05,
        "recall": 0.012345679012345678,
        "f1-score": 0.019801980198019802,
        "support": 81.0
    },
    "16": {
        "precision": 0.07692307692307693,
        "recall": 0.04938271604938271,
        "f1-score": 0.06015037593984962,
        "support": 81.0
    },
    "17": {
        "precision": 0.0,
        "recall": 0.0,
        "f1-score": 0.0,
        "support": 81.0
    },
    "18": {
        "precision": 1.0,
        "recall": 0.07407407407407407,
        "f1-score": 0.13793103448275862,
        "support": 81.0
    },
    "micro avg": {
        "precision": 0.16111111111111112,
        "recall": 0.15912208504801098,
        "f1-score": 0.1601104209799862,
        "support": 729.0
    },
    "macro avg": {
        "precision": 0.1940942505797242,
        "recall": 0.15912208504801098,
        "f1-score": 0.11194528426093875,
        "support": 729.0
    },
    "weighted avg": {
        "precision": 0.19409425057972424,
        "recall": 0.15912208504801098,
        "f1-score": 0.11194528426093873,
        "support": 729.0
    },
    "accuracy": 0.15912208504801098
}