{
    "10": {
        "precision": 0.9176470588235294,
        "recall": 0.9629629629629629,
        "f1-score": 0.9397590361445783,
        "support": 81.0
    },
    "11": {
        "precision": 0.961038961038961,
        "recall": 0.9135802469135802,
        "f1-score": 0.9367088607594937,
        "support": 81.0
    },
    "12": {
        "precision": 0.7181818181818181,
        "recall": 0.9753086419753086,
        "f1-score": 0.8272251308900523,
        "support": 81.0
    },
    "13": {
        "precision": 0.5339805825242718,
        "recall": 0.6790123456790124,
        "f1-score": 0.5978260869565217,
        "support": 81.0
    },
    "14": {
        "precision": 0.3804347826086957,
        "recall": 0.43209876543209874,
        "f1-score": 0.4046242774566474,
        "support": 81.0
    },
    "15": {
        "precision": 0.6666666666666666,
        "recall": 0.4444444444444444,
        "f1-score": 0.5333333333333333,
        "support": 81.0
    },
    "16": {
        "precision": 0.6986301369863014,
        "recall": 0.6296296296296297,
        "f1-score": 0.6623376623376623,
        "support": 81.0
    },
    "17": {
        "precision": 0.8703703703703703,
        "recall": 0.5802469135802469,
        "f1-score": 0.6962962962962963,
        "support": 81.0
    },
    "18": {
        "precision": 0.8545454545454545,
        "recall": 0.5802469135802469,
        "f1-score": 0.6911764705882353,
        "support": 81.0
    },
    "micro avg": {
        "precision": 0.7140825035561877,
        "recall": 0.6886145404663924,
        "f1-score": 0.7011173184357542,
        "support": 729.0
    },
    "macro avg": {
        "precision": 0.7334995368606743,
        "recall": 0.6886145404663923,
        "f1-score": 0.6988096838625357,
        "support": 729.0
    },
    "weighted avg": {
        "precision": 0.7334995368606745,
        "recall": 0.6886145404663924,
        "f1-score": 0.6988096838625357,
        "support": 729.0
    },
    "accuracy": 0.6886145404663924
}