{
    "10": {
        "precision": 0.9876543209876543,
        "recall": 0.9876543209876543,
        "f1-score": 0.9876543209876543,
        "support": 81.0
    },
    "11": {
        "precision": 1.0,
        "recall": 0.9876543209876543,
        "f1-score": 0.9937888198757764,
        "support": 81.0
    },
    "12": {
        "precision": 1.0,
        "recall": 1.0,
        "f1-score": 1.0,
        "support": 81.0
    },
    "13": {
        "precision": 1.0,
        "recall": 1.0,
        "f1-score": 1.0,
        "support": 81.0
    },
    "14": {
        "precision": 1.0,
        "recall": 0.9876543209876543,
        "f1-score": 0.9937888198757764,
        "support": 81.0
    },
    "15": {
        "precision": 0.9875,
        "recall": 0.9753086419753086,
        "f1-score": 0.9813664596273292,
        "support": 81.0
    },
    "16": {
        "precision": 0.9629629629629629,
        "recall": 0.9629629629629629,
        "f1-score": 0.9629629629629629,
        "support": 81.0
    },
    "17": {
        "precision": 0.95,
        "recall": 0.9382716049382716,
        "f1-score": 0.9440993788819876,
        "support": 81.0
    },
    "18": {
        "precision": 0.9620253164556962,
        "recall": 0.9382716049382716,
        "f1-score": 0.95,
        "support": 81.0
    },
    "micro avg": {
        "precision": 0.983402489626556,
        "recall": 0.9753086419753086,
        "f1-score": 0.9793388429752066,
        "support": 729.0
    },
    "macro avg": {
        "precision": 0.9833491778229236,
        "recall": 0.9753086419753088,
        "f1-score": 0.9792956402457206,
        "support": 729.0
    },
    "weighted avg": {
        "precision": 0.9833491778229237,
        "recall": 0.9753086419753086,
        "f1-score": 0.9792956402457209,
        "support": 729.0
    },
    "accuracy": 0.9753086419753086
}