{
    "10": {
        "precision": 0.08695652173913043,
        "recall": 0.09876543209876543,
        "f1-score": 0.09248554913294797,
        "support": 81.0
    },
    "11": {
        "precision": 0.06666666666666667,
        "recall": 0.012345679012345678,
        "f1-score": 0.020833333333333332,
        "support": 81.0
    },
    "12": {
        "precision": 0.8461538461538461,
        "recall": 0.4074074074074074,
        "f1-score": 0.55,
        "support": 81.0
    },
    "13": {
        "precision": 0.6375,
        "recall": 0.6296296296296297,
        "f1-score": 0.6335403726708074,
        "support": 81.0
    },
    "14": {
        "precision": 0.25,
        "recall": 0.04938271604938271,
        "f1-score": 0.08247422680412371,
        "support": 81.0
    },
    "15": {
        "precision": 0.1282051282051282,
        "recall": 0.12345679012345678,
        "f1-score": 0.12578616352201258,
        "support": 81.0
    },
    "16": {
        "precision": 0.08860759493670886,
        "recall": 0.08641975308641975,
        "f1-score": 0.0875,
        "support": 81.0
    },
    "17": {
        "precision": 0.0,
        "recall": 0.0,
        "f1-score": 0.0,
        "support": 81.0
    },
    "18": {
        "precision": 0.04929577464788732,
        "recall": 0.08641975308641975,
        "f1-score": 0.06278026905829596,
        "support": 81.0
    },
    "micro avg": {
        "precision": 0.22365988909426987,
        "recall": 0.16598079561042525,
        "f1-score": 0.19055118110236222,
        "support": 729.0
    },
    "macro avg": {
        "precision": 0.23926505914992977,
        "recall": 0.16598079561042522,
        "f1-score": 0.18393332383572455,
        "support": 729.0
    },
    "weighted avg": {
        "precision": 0.23926505914992974,
        "recall": 0.16598079561042525,
        "f1-score": 0.18393332383572453,
        "support": 729.0
    },
    "accuracy": 0.16598079561042525
}