{
    "10": {
        "precision": 0.4233576642335766,
        "recall": 0.7160493827160493,
        "f1-score": 0.5321100917431193,
        "support": 81.0
    },
    "11": {
        "precision": 0.0,
        "recall": 0.0,
        "f1-score": 0.0,
        "support": 81.0
    },
    "12": {
        "precision": 0.25842696629213485,
        "recall": 0.2839506172839506,
        "f1-score": 0.27058823529411763,
        "support": 81.0
    },
    "13": {
        "precision": 0.19047619047619047,
        "recall": 0.09876543209876543,
        "f1-score": 0.13008130081300814,
        "support": 81.0
    },
    "14": {
        "precision": 0.5,
        "recall": 0.012345679012345678,
        "f1-score": 0.024096385542168676,
        "support": 81.0
    },
    "15": {
        "precision": 0.1694915254237288,
        "recall": 0.6172839506172839,
        "f1-score": 0.26595744680851063,
        "support": 81.0
    },
    "16": {
        "precision": 0.22972972972972974,
        "recall": 0.20987654320987653,
        "f1-score": 0.21935483870967742,
        "support": 81.0
    },
    "17": {
        "precision": 0.3050847457627119,
        "recall": 0.2222222222222222,
        "f1-score": 0.2571428571428571,
        "support": 81.0
    },
    "18": {
        "precision": 0.375,
        "recall": 0.07407407407407407,
        "f1-score": 0.12371134020618557,
        "support": 81.0
    },
    "micro avg": {
        "precision": 0.2535014005602241,
        "recall": 0.24828532235939643,
        "f1-score": 0.25086625086625086,
        "support": 729.0
    },
    "macro avg": {
        "precision": 0.2723963135464525,
        "recall": 0.2482853223593964,
        "f1-score": 0.20256027736218274,
        "support": 729.0
    },
    "weighted avg": {
        "precision": 0.2723963135464525,
        "recall": 0.24828532235939643,
        "f1-score": 0.2025602773621827,
        "support": 729.0
    },
    "accuracy": 0.24828532235939643
}