{
    "1": {
        "precision": 1.0,
        "recall": 0.9382716049382716,
        "f1-score": 0.9681528662420382,
        "support": 81.0
    },
    "2": {
        "precision": 0.9411764705882353,
        "recall": 0.9876543209876543,
        "f1-score": 0.963855421686747,
        "support": 81.0
    },
    "3": {
        "precision": 0.9871794871794872,
        "recall": 0.9506172839506173,
        "f1-score": 0.9685534591194969,
        "support": 81.0
    },
    "4": {
        "precision": 0.9615384615384616,
        "recall": 0.9259259259259259,
        "f1-score": 0.9433962264150944,
        "support": 81.0
    },
    "5": {
        "precision": 0.9058823529411765,
        "recall": 0.9506172839506173,
        "f1-score": 0.927710843373494,
        "support": 81.0
    },
    "6": {
        "precision": 0.9069767441860465,
        "recall": 0.9629629629629629,
        "f1-score": 0.9341317365269461,
        "support": 81.0
    },
    "7": {
        "precision": 0.9402985074626866,
        "recall": 0.7777777777777778,
        "f1-score": 0.8513513513513513,
        "support": 81.0
    },
    "8": {
        "precision": 0.75,
        "recall": 0.8148148148148148,
        "f1-score": 0.7810650887573964,
        "support": 81.0
    },
    "9": {
        "precision": 0.8481012658227848,
        "recall": 0.8271604938271605,
        "f1-score": 0.8375,
        "support": 81.0
    },
    "micro avg": {
        "precision": 0.9127423822714681,
        "recall": 0.9039780521262003,
        "f1-score": 0.9083390764989663,
        "support": 729.0
    },
    "macro avg": {
        "precision": 0.9156836988576532,
        "recall": 0.9039780521262002,
        "f1-score": 0.9084129992747294,
        "support": 729.0
    },
    "weighted avg": {
        "precision": 0.9156836988576531,
        "recall": 0.9039780521262003,
        "f1-score": 0.9084129992747294,
        "support": 729.0
    },
    "accuracy": 0.9039780521262003
}