{
    "10": {
        "precision": 0.9767441860465116,
        "recall": 0.5185185185185185,
        "f1-score": 0.6774193548387096,
        "support": 81.0
    },
    "11": {
        "precision": 0.9661016949152542,
        "recall": 0.7037037037037037,
        "f1-score": 0.8142857142857143,
        "support": 81.0
    },
    "12": {
        "precision": 0.7415730337078652,
        "recall": 0.8148148148148148,
        "f1-score": 0.7764705882352941,
        "support": 81.0
    },
    "13": {
        "precision": 0.8024691358024691,
        "recall": 0.8024691358024691,
        "f1-score": 0.8024691358024691,
        "support": 81.0
    },
    "14": {
        "precision": 0.0,
        "recall": 0.0,
        "f1-score": 0.0,
        "support": 81.0
    },
    "15": {
        "precision": 0.08247422680412371,
        "recall": 0.09876543209876543,
        "f1-score": 0.0898876404494382,
        "support": 81.0
    },
    "16": {
        "precision": 0.0975609756097561,
        "recall": 0.09876543209876543,
        "f1-score": 0.09815950920245399,
        "support": 81.0
    },
    "17": {
        "precision": 0.0,
        "recall": 0.0,
        "f1-score": 0.0,
        "support": 81.0
    },
    "18": {
        "precision": 0.0,
        "recall": 0.0,
        "f1-score": 0.0,
        "support": 81.0
    },
    "micro avg": {
        "precision": 0.5200845665961945,
        "recall": 0.3374485596707819,
        "f1-score": 0.40931780366056575,
        "support": 729.0
    },
    "macro avg": {
        "precision": 0.40743591698733117,
        "recall": 0.3374485596707819,
        "f1-score": 0.3620768825348977,
        "support": 729.0
    },
    "weighted avg": {
        "precision": 0.4074359169873311,
        "recall": 0.3374485596707819,
        "f1-score": 0.3620768825348977,
        "support": 729.0
    },
    "accuracy": 0.3374485596707819
}