{
    "10": {
        "precision": 0.10344827586206896,
        "recall": 0.1111111111111111,
        "f1-score": 0.10714285714285714,
        "support": 81.0
    },
    "11": {
        "precision": 0.6666666666666666,
        "recall": 0.04938271604938271,
        "f1-score": 0.09195402298850575,
        "support": 81.0
    },
    "12": {
        "precision": 0.9459459459459459,
        "recall": 0.43209876543209874,
        "f1-score": 0.5932203389830508,
        "support": 81.0
    },
    "13": {
        "precision": 0.32727272727272727,
        "recall": 0.2222222222222222,
        "f1-score": 0.2647058823529412,
        "support": 81.0
    },
    "14": {
        "precision": 0.05128205128205128,
        "recall": 0.024691358024691357,
        "f1-score": 0.03333333333333333,
        "support": 81.0
    },
    "15": {
        "precision": 0.015151515151515152,
        "recall": 0.012345679012345678,
        "f1-score": 0.013605442176870748,
        "support": 81.0
    },
    "16": {
        "precision": 0.033707865168539325,
        "recall": 0.037037037037037035,
        "f1-score": 0.03529411764705882,
        "support": 81.0
    },
    "17": {
        "precision": 0.0,
        "recall": 0.0,
        "f1-score": 0.0,
        "support": 81.0
    },
    "18": {
        "precision": 0.032467532467532464,
        "recall": 0.06172839506172839,
        "f1-score": 0.0425531914893617,
        "support": 81.0
    },
    "micro avg": {
        "precision": 0.14446529080675422,
        "recall": 0.1056241426611797,
        "f1-score": 0.12202852614896989,
        "support": 729.0
    },
    "macro avg": {
        "precision": 0.24177139775744966,
        "recall": 0.1056241426611797,
        "f1-score": 0.13131213179044215,
        "support": 729.0
    },
    "weighted avg": {
        "precision": 0.24177139775744974,
        "recall": 0.1056241426611797,
        "f1-score": 0.13131213179044215,
        "support": 729.0
    },
    "accuracy": 0.1056241426611797
}