{
    "1": {
        "precision": 1.0,
        "recall": 1.0,
        "f1-score": 1.0,
        "support": 81.0
    },
    "2": {
        "precision": 1.0,
        "recall": 1.0,
        "f1-score": 1.0,
        "support": 81.0
    },
    "3": {
        "precision": 1.0,
        "recall": 1.0,
        "f1-score": 1.0,
        "support": 81.0
    },
    "4": {
        "precision": 1.0,
        "recall": 1.0,
        "f1-score": 1.0,
        "support": 81.0
    },
    "5": {
        "precision": 0.9629629629629629,
        "recall": 0.9629629629629629,
        "f1-score": 0.9629629629629629,
        "support": 81.0
    },
    "6": {
        "precision": 0.9342105263157895,
        "recall": 0.8765432098765432,
        "f1-score": 0.9044585987261147,
        "support": 81.0
    },
    "7": {
        "precision": 0.7926829268292683,
        "recall": 0.8024691358024691,
        "f1-score": 0.7975460122699386,
        "support": 81.0
    },
    "8": {
        "precision": 0.7037037037037037,
        "recall": 0.7037037037037037,
        "f1-score": 0.7037037037037037,
        "support": 81.0
    },
    "9": {
        "precision": 0.875,
        "recall": 0.6049382716049383,
        "f1-score": 0.7153284671532847,
        "support": 81.0
    },
    "micro avg": {
        "precision": 0.92,
        "recall": 0.8834019204389575,
        "f1-score": 0.9013296011196641,
        "support": 729.0
    },
    "macro avg": {
        "precision": 0.9187289022013027,
        "recall": 0.8834019204389575,
        "f1-score": 0.8982221938684449,
        "support": 729.0
    },
    "weighted avg": {
        "precision": 0.9187289022013028,
        "recall": 0.8834019204389575,
        "f1-score": 0.8982221938684449,
        "support": 729.0
    },
    "accuracy": 0.8834019204389575
}