{
    "1": {
        "precision": 1.0,
        "recall": 1.0,
        "f1-score": 1.0,
        "support": 1944.0
    },
    "2": {
        "precision": 1.0,
        "recall": 1.0,
        "f1-score": 1.0,
        "support": 1944.0
    },
    "3": {
        "precision": 0.9994858611825193,
        "recall": 1.0,
        "f1-score": 0.999742864489586,
        "support": 1944.0
    },
    "4": {
        "precision": 0.9974332648870636,
        "recall": 0.9994855967078189,
        "f1-score": 0.9984583761562179,
        "support": 1944.0
    },
    "5": {
        "precision": 0.9948691636736788,
        "recall": 0.9974279835390947,
        "f1-score": 0.9961469303878757,
        "support": 1944.0
    },
    "6": {
        "precision": 0.9928020565552699,
        "recall": 0.9933127572016461,
        "f1-score": 0.9930573412188223,
        "support": 1944.0
    },
    "7": {
        "precision": 0.996386164171399,
        "recall": 0.992798353909465,
        "f1-score": 0.9945890234475651,
        "support": 1944.0
    },
    "8": {
        "precision": 0.997941327843541,
        "recall": 0.9974279835390947,
        "f1-score": 0.9976845896578338,
        "support": 1944.0
    },
    "9": {
        "precision": 1.0,
        "recall": 0.9979423868312757,
        "f1-score": 0.9989701338825953,
        "support": 1944.0
    },
    "micro avg": {
        "precision": 0.9976564732780795,
        "recall": 0.997599451303155,
        "f1-score": 0.997627961475808,
        "support": 17496.0
    },
    "macro avg": {
        "precision": 0.9976575375903857,
        "recall": 0.9975994513031551,
        "f1-score": 0.9976276954711663,
        "support": 17496.0
    },
    "weighted avg": {
        "precision": 0.9976575375903857,
        "recall": 0.997599451303155,
        "f1-score": 0.9976276954711663,
        "support": 17496.0
    },
    "accuracy": 0.997599451303155
}