{
    "10": {
        "precision": 0.203125,
        "recall": 0.16049382716049382,
        "f1-score": 0.1793103448275862,
        "support": 81.0
    },
    "11": {
        "precision": 1.0,
        "recall": 0.012345679012345678,
        "f1-score": 0.024390243902439025,
        "support": 81.0
    },
    "12": {
        "precision": 0.4827586206896552,
        "recall": 0.345679012345679,
        "f1-score": 0.4028776978417266,
        "support": 81.0
    },
    "13": {
        "precision": 0.12244897959183673,
        "recall": 0.07407407407407407,
        "f1-score": 0.09230769230769231,
        "support": 81.0
    },
    "14": {
        "precision": 0.0,
        "recall": 0.0,
        "f1-score": 0.0,
        "support": 81.0
    },
    "15": {
        "precision": 0.0,
        "recall": 0.0,
        "f1-score": 0.0,
        "support": 81.0
    },
    "16": {
        "precision": 0.0,
        "recall": 0.0,
        "f1-score": 0.0,
        "support": 81.0
    },
    "17": {
        "precision": 0.0,
        "recall": 0.0,
        "f1-score": 0.0,
        "support": 81.0
    },
    "18": {
        "precision": 0.0,
        "recall": 0.0,
        "f1-score": 0.0,
        "support": 81.0
    },
    "micro avg": {
        "precision": 0.13675213675213677,
        "recall": 0.06584362139917696,
        "f1-score": 0.08888888888888889,
        "support": 729.0
    },
    "macro avg": {
        "precision": 0.20092584447572132,
        "recall": 0.06584362139917695,
        "f1-score": 0.07765399765327158,
        "support": 729.0
    },
    "weighted avg": {
        "precision": 0.20092584447572132,
        "recall": 0.06584362139917696,
        "f1-score": 0.07765399765327156,
        "support": 729.0
    },
    "accuracy": 0.06584362139917696
}