{
    "10": {
        "precision": 1.0,
        "recall": 0.7901234567901234,
        "f1-score": 0.8827586206896552,
        "support": 81.0
    },
    "11": {
        "precision": 0.9038461538461539,
        "recall": 0.5802469135802469,
        "f1-score": 0.706766917293233,
        "support": 81.0
    },
    "12": {
        "precision": 0.5802469135802469,
        "recall": 0.5802469135802469,
        "f1-score": 0.5802469135802469,
        "support": 81.0
    },
    "13": {
        "precision": 0.43333333333333335,
        "recall": 0.32098765432098764,
        "f1-score": 0.36879432624113473,
        "support": 81.0
    },
    "14": {
        "precision": 0.0,
        "recall": 0.0,
        "f1-score": 0.0,
        "support": 81.0
    },
    "15": {
        "precision": 0.0,
        "recall": 0.0,
        "f1-score": 0.0,
        "support": 81.0
    },
    "16": {
        "precision": 0.023622047244094488,
        "recall": 0.037037037037037035,
        "f1-score": 0.028846153846153848,
        "support": 81.0
    },
    "17": {
        "precision": 0.0,
        "recall": 0.0,
        "f1-score": 0.0,
        "support": 81.0
    },
    "18": {
        "precision": 0.0,
        "recall": 0.0,
        "f1-score": 0.0,
        "support": 81.0
    },
    "micro avg": {
        "precision": 0.3831967213114754,
        "recall": 0.25651577503429357,
        "f1-score": 0.3073130649137223,
        "support": 729.0
    },
    "macro avg": {
        "precision": 0.3267831608893143,
        "recall": 0.25651577503429357,
        "f1-score": 0.2852681035167137,
        "support": 729.0
    },
    "weighted avg": {
        "precision": 0.32678316088931425,
        "recall": 0.25651577503429357,
        "f1-score": 0.2852681035167137,
        "support": 729.0
    },
    "accuracy": 0.25651577503429357
}