{
    "10": {
        "precision": 0.12371134020618557,
        "recall": 0.14814814814814814,
        "f1-score": 0.1348314606741573,
        "support": 81.0
    },
    "11": {
        "precision": 0.07692307692307693,
        "recall": 0.012345679012345678,
        "f1-score": 0.02127659574468085,
        "support": 81.0
    },
    "12": {
        "precision": 0.9310344827586207,
        "recall": 0.3333333333333333,
        "f1-score": 0.4909090909090909,
        "support": 81.0
    },
    "13": {
        "precision": 0.5263157894736842,
        "recall": 0.49382716049382713,
        "f1-score": 0.5095541401273885,
        "support": 81.0
    },
    "14": {
        "precision": 0.12,
        "recall": 0.037037037037037035,
        "f1-score": 0.05660377358490566,
        "support": 81.0
    },
    "15": {
        "precision": 0.05333333333333334,
        "recall": 0.04938271604938271,
        "f1-score": 0.05128205128205128,
        "support": 81.0
    },
    "16": {
        "precision": 0.2037037037037037,
        "recall": 0.2716049382716049,
        "f1-score": 0.2328042328042328,
        "support": 81.0
    },
    "17": {
        "precision": 0.0,
        "recall": 0.0,
        "f1-score": 0.0,
        "support": 81.0
    },
    "18": {
        "precision": 0.1342281879194631,
        "recall": 0.24691358024691357,
        "f1-score": 0.17391304347826086,
        "support": 81.0
    },
    "micro avg": {
        "precision": 0.22552447552447552,
        "recall": 0.17695473251028807,
        "f1-score": 0.19830899308224442,
        "support": 729.0
    },
    "macro avg": {
        "precision": 0.24102776825756303,
        "recall": 0.17695473251028807,
        "f1-score": 0.18568604317830756,
        "support": 729.0
    },
    "weighted avg": {
        "precision": 0.24102776825756303,
        "recall": 0.17695473251028807,
        "f1-score": 0.18568604317830759,
        "support": 729.0
    },
    "accuracy": 0.17695473251028807
}