{
    "1": {
        "precision": 0.3333333333333333,
        "recall": 1.0,
        "f1-score": 0.5,
        "support": 81.0
    },
    "2": {
        "precision": 0.0,
        "recall": 0.0,
        "f1-score": 0.0,
        "support": 162.0
    },
    "3": {
        "precision": 0.0030864197530864196,
        "recall": 0.00411522633744856,
        "f1-score": 0.003527336860670194,
        "support": 243.0
    },
    "4": {
        "precision": 0.0025188916876574307,
        "recall": 0.0030864197530864196,
        "f1-score": 0.0027739251040221915,
        "support": 324.0
    },
    "5": {
        "precision": 0.020224719101123594,
        "recall": 0.022222222222222223,
        "f1-score": 0.021176470588235293,
        "support": 405.0
    },
    "6": {
        "precision": 0.08278145695364239,
        "recall": 0.102880658436214,
        "f1-score": 0.09174311926605505,
        "support": 486.0
    },
    "7": {
        "precision": 0.019908116385911178,
        "recall": 0.02292768959435626,
        "f1-score": 0.021311475409836064,
        "support": 567.0
    },
    "8": {
        "precision": 0.010854816824966078,
        "recall": 0.012345679012345678,
        "f1-score": 0.011552346570397111,
        "support": 648.0
    },
    "9": {
        "precision": 0.0,
        "recall": 0.0,
        "f1-score": 0.0,
        "support": 729.0
    },
    "accuracy": 0.04471879286694101,
    "macro avg": {
        "precision": 0.05252308378219116,
        "recall": 0.12973087726174148,
        "f1-score": 0.07245385264435732,
        "support": 3645.0
    },
    "weighted avg": {
        "precision": 0.026148352130484474,
        "recall": 0.04471879286694101,
        "f1-score": 0.03154706399928079,
        "support": 3645.0
    }
}