{
    "10": {
        "precision": 0.53,
        "recall": 0.654320987654321,
        "f1-score": 0.585635359116022,
        "support": 81.0
    },
    "11": {
        "precision": 0.6,
        "recall": 0.4074074074074074,
        "f1-score": 0.4852941176470588,
        "support": 81.0
    },
    "12": {
        "precision": 0.5263157894736842,
        "recall": 0.7407407407407407,
        "f1-score": 0.6153846153846154,
        "support": 81.0
    },
    "13": {
        "precision": 0.3181818181818182,
        "recall": 0.345679012345679,
        "f1-score": 0.33136094674556216,
        "support": 81.0
    },
    "14": {
        "precision": 0.3492063492063492,
        "recall": 0.2716049382716049,
        "f1-score": 0.3055555555555556,
        "support": 81.0
    },
    "15": {
        "precision": 0.3877551020408163,
        "recall": 0.4691358024691358,
        "f1-score": 0.4245810055865922,
        "support": 81.0
    },
    "16": {
        "precision": 0.3037974683544304,
        "recall": 0.2962962962962963,
        "f1-score": 0.3,
        "support": 81.0
    },
    "17": {
        "precision": 0.3181818181818182,
        "recall": 0.345679012345679,
        "f1-score": 0.33136094674556216,
        "support": 81.0
    },
    "18": {
        "precision": 0.5,
        "recall": 0.024691358024691357,
        "f1-score": 0.047058823529411764,
        "support": 81.0
    },
    "micro avg": {
        "precision": 0.41799709724238027,
        "recall": 0.3950617283950617,
        "f1-score": 0.40620592383638926,
        "support": 729.0
    },
    "macro avg": {
        "precision": 0.42593759393765734,
        "recall": 0.3950617283950617,
        "f1-score": 0.3806923744789311,
        "support": 729.0
    },
    "weighted avg": {
        "precision": 0.4259375939376574,
        "recall": 0.3950617283950617,
        "f1-score": 0.3806923744789311,
        "support": 729.0
    },
    "accuracy": 0.3950617283950617
}