{
    "1": {
        "precision": 1.0,
        "recall": 0.8395061728395061,
        "f1-score": 0.912751677852349,
        "support": 81.0
    },
    "2": {
        "precision": 0.8539325842696629,
        "recall": 0.9382716049382716,
        "f1-score": 0.8941176470588236,
        "support": 81.0
    },
    "3": {
        "precision": 0.987012987012987,
        "recall": 0.9382716049382716,
        "f1-score": 0.9620253164556962,
        "support": 81.0
    },
    "4": {
        "precision": 0.8860759493670886,
        "recall": 0.8641975308641975,
        "f1-score": 0.875,
        "support": 81.0
    },
    "5": {
        "precision": 0.8961038961038961,
        "recall": 0.8518518518518519,
        "f1-score": 0.8734177215189873,
        "support": 81.0
    },
    "6": {
        "precision": 0.8589743589743589,
        "recall": 0.8271604938271605,
        "f1-score": 0.8427672955974843,
        "support": 81.0
    },
    "7": {
        "precision": 0.7948717948717948,
        "recall": 0.7654320987654321,
        "f1-score": 0.779874213836478,
        "support": 81.0
    },
    "8": {
        "precision": 0.7536231884057971,
        "recall": 0.6419753086419753,
        "f1-score": 0.6933333333333334,
        "support": 81.0
    },
    "9": {
        "precision": 0.6811594202898551,
        "recall": 0.5802469135802469,
        "f1-score": 0.6266666666666667,
        "support": 81.0
    },
    "micro avg": {
        "precision": 0.8581871345029239,
        "recall": 0.8052126200274349,
        "f1-score": 0.8308563340410474,
        "support": 729.0
    },
    "macro avg": {
        "precision": 0.8568615754772712,
        "recall": 0.8052126200274348,
        "f1-score": 0.828883763591091,
        "support": 729.0
    },
    "weighted avg": {
        "precision": 0.856861575477271,
        "recall": 0.8052126200274349,
        "f1-score": 0.828883763591091,
        "support": 729.0
    },
    "accuracy": 0.8052126200274349
}