{
    "10": {
        "precision": 0.022988505747126436,
        "recall": 0.024691358024691357,
        "f1-score": 0.023809523809523808,
        "support": 81.0
    },
    "11": {
        "precision": 0.0,
        "recall": 0.0,
        "f1-score": 0.0,
        "support": 81.0
    },
    "12": {
        "precision": 0.007142857142857143,
        "recall": 0.012345679012345678,
        "f1-score": 0.00904977375565611,
        "support": 81.0
    },
    "13": {
        "precision": 0.0,
        "recall": 0.0,
        "f1-score": 0.0,
        "support": 81.0
    },
    "14": {
        "precision": 0.0,
        "recall": 0.0,
        "f1-score": 0.0,
        "support": 81.0
    },
    "15": {
        "precision": 0.013513513513513514,
        "recall": 0.012345679012345678,
        "f1-score": 0.012903225806451613,
        "support": 81.0
    },
    "16": {
        "precision": 0.0,
        "recall": 0.0,
        "f1-score": 0.0,
        "support": 81.0
    },
    "17": {
        "precision": 0.0,
        "recall": 0.0,
        "f1-score": 0.0,
        "support": 81.0
    },
    "18": {
        "precision": 0.0,
        "recall": 0.0,
        "f1-score": 0.0,
        "support": 81.0
    },
    "micro avg": {
        "precision": 0.007233273056057866,
        "recall": 0.0054869684499314125,
        "f1-score": 0.0062402496099844,
        "support": 729.0
    },
    "macro avg": {
        "precision": 0.004849430711499677,
        "recall": 0.0054869684499314125,
        "f1-score": 0.00508472481907017,
        "support": 729.0
    },
    "weighted avg": {
        "precision": 0.004849430711499677,
        "recall": 0.0054869684499314125,
        "f1-score": 0.00508472481907017,
        "support": 729.0
    },
    "accuracy": 0.0054869684499314125
}