{
    "10": {
        "precision": 1.0,
        "recall": 1.0,
        "f1-score": 1.0,
        "support": 81.0
    },
    "11": {
        "precision": 1.0,
        "recall": 0.9876543209876543,
        "f1-score": 0.9937888198757764,
        "support": 81.0
    },
    "12": {
        "precision": 0.9876543209876543,
        "recall": 0.9876543209876543,
        "f1-score": 0.9876543209876543,
        "support": 81.0
    },
    "13": {
        "precision": 0.9876543209876543,
        "recall": 0.9876543209876543,
        "f1-score": 0.9876543209876543,
        "support": 81.0
    },
    "14": {
        "precision": 0.9875,
        "recall": 0.9753086419753086,
        "f1-score": 0.9813664596273292,
        "support": 81.0
    },
    "15": {
        "precision": 0.975,
        "recall": 0.9629629629629629,
        "f1-score": 0.968944099378882,
        "support": 81.0
    },
    "16": {
        "precision": 0.9625,
        "recall": 0.9506172839506173,
        "f1-score": 0.9565217391304348,
        "support": 81.0
    },
    "17": {
        "precision": 0.9506172839506173,
        "recall": 0.9506172839506173,
        "f1-score": 0.9506172839506173,
        "support": 81.0
    },
    "18": {
        "precision": 0.9615384615384616,
        "recall": 0.9259259259259259,
        "f1-score": 0.9433962264150944,
        "support": 81.0
    },
    "micro avg": {
        "precision": 0.9792243767313019,
        "recall": 0.9698216735253772,
        "f1-score": 0.974500344589938,
        "support": 729.0
    },
    "macro avg": {
        "precision": 0.9791627097182654,
        "recall": 0.9698216735253773,
        "f1-score": 0.9744381411503825,
        "support": 729.0
    },
    "weighted avg": {
        "precision": 0.9791627097182651,
        "recall": 0.9698216735253772,
        "f1-score": 0.9744381411503825,
        "support": 729.0
    },
    "accuracy": 0.9698216735253772
}