{
    "10": {
        "precision": 0.47058823529411764,
        "recall": 0.7901234567901234,
        "f1-score": 0.5898617511520737,
        "support": 81.0
    },
    "11": {
        "precision": 0.0,
        "recall": 0.0,
        "f1-score": 0.0,
        "support": 81.0
    },
    "12": {
        "precision": 0.3595505617977528,
        "recall": 0.3950617283950617,
        "f1-score": 0.3764705882352941,
        "support": 81.0
    },
    "13": {
        "precision": 0.37142857142857144,
        "recall": 0.16049382716049382,
        "f1-score": 0.22413793103448276,
        "support": 81.0
    },
    "14": {
        "precision": 0.0,
        "recall": 0.0,
        "f1-score": 0.0,
        "support": 81.0
    },
    "15": {
        "precision": 0.21052631578947367,
        "recall": 0.691358024691358,
        "f1-score": 0.3227665706051873,
        "support": 81.0
    },
    "16": {
        "precision": 0.31666666666666665,
        "recall": 0.2345679012345679,
        "f1-score": 0.2695035460992908,
        "support": 81.0
    },
    "17": {
        "precision": 0.28888888888888886,
        "recall": 0.32098765432098764,
        "f1-score": 0.30409356725146197,
        "support": 81.0
    },
    "18": {
        "precision": 0.375,
        "recall": 0.1111111111111111,
        "f1-score": 0.17142857142857143,
        "support": 81.0
    },
    "micro avg": {
        "precision": 0.31152204836415365,
        "recall": 0.3004115226337449,
        "f1-score": 0.3058659217877095,
        "support": 729.0
    },
    "macro avg": {
        "precision": 0.2658499155406079,
        "recall": 0.3004115226337449,
        "f1-score": 0.2509180584229291,
        "support": 729.0
    },
    "weighted avg": {
        "precision": 0.2658499155406079,
        "recall": 0.3004115226337449,
        "f1-score": 0.25091805842292914,
        "support": 729.0
    },
    "accuracy": 0.3004115226337449
}