{
    "10": {
        "precision": 0.4186046511627907,
        "recall": 0.8888888888888888,
        "f1-score": 0.5691699604743083,
        "support": 81.0
    },
    "11": {
        "precision": 0.11,
        "recall": 0.2716049382716049,
        "f1-score": 0.15658362989323843,
        "support": 81.0
    },
    "12": {
        "precision": 0.15492957746478872,
        "recall": 0.13580246913580246,
        "f1-score": 0.14473684210526316,
        "support": 81.0
    },
    "13": {
        "precision": 0.10526315789473684,
        "recall": 0.1728395061728395,
        "f1-score": 0.1308411214953271,
        "support": 81.0
    },
    "14": {
        "precision": 0.02127659574468085,
        "recall": 0.012345679012345678,
        "f1-score": 0.015625,
        "support": 81.0
    },
    "15": {
        "precision": 0.125,
        "recall": 0.024691358024691357,
        "f1-score": 0.041237113402061855,
        "support": 81.0
    },
    "16": {
        "precision": 0.0967741935483871,
        "recall": 0.07407407407407407,
        "f1-score": 0.08391608391608392,
        "support": 81.0
    },
    "17": {
        "precision": 0.16666666666666666,
        "recall": 0.012345679012345678,
        "f1-score": 0.022988505747126436,
        "support": 81.0
    },
    "18": {
        "precision": 0.7692307692307693,
        "recall": 0.12345679012345678,
        "f1-score": 0.2127659574468085,
        "support": 81.0
    },
    "micro avg": {
        "precision": 0.19305555555555556,
        "recall": 0.1906721536351166,
        "f1-score": 0.19185645272601795,
        "support": 729.0
    },
    "macro avg": {
        "precision": 0.21863840130142448,
        "recall": 0.1906721536351166,
        "f1-score": 0.15309602383113532,
        "support": 729.0
    },
    "weighted avg": {
        "precision": 0.2186384013014245,
        "recall": 0.1906721536351166,
        "f1-score": 0.15309602383113532,
        "support": 729.0
    },
    "accuracy": 0.1906721536351166
}