{
    "10": {
        "precision": 1.0,
        "recall": 1.0,
        "f1-score": 1.0,
        "support": 81.0
    },
    "11": {
        "precision": 1.0,
        "recall": 1.0,
        "f1-score": 1.0,
        "support": 81.0
    },
    "12": {
        "precision": 1.0,
        "recall": 1.0,
        "f1-score": 1.0,
        "support": 81.0
    },
    "13": {
        "precision": 1.0,
        "recall": 0.9876543209876543,
        "f1-score": 0.9937888198757764,
        "support": 81.0
    },
    "14": {
        "precision": 0.9875,
        "recall": 0.9753086419753086,
        "f1-score": 0.9813664596273292,
        "support": 81.0
    },
    "15": {
        "precision": 0.975609756097561,
        "recall": 0.9876543209876543,
        "f1-score": 0.9815950920245399,
        "support": 81.0
    },
    "16": {
        "precision": 0.9629629629629629,
        "recall": 0.9629629629629629,
        "f1-score": 0.9629629629629629,
        "support": 81.0
    },
    "17": {
        "precision": 0.975,
        "recall": 0.9629629629629629,
        "f1-score": 0.968944099378882,
        "support": 81.0
    },
    "18": {
        "precision": 0.9746835443037974,
        "recall": 0.9506172839506173,
        "f1-score": 0.9625,
        "support": 81.0
    },
    "micro avg": {
        "precision": 0.9862068965517241,
        "recall": 0.9807956104252401,
        "f1-score": 0.9834938101788171,
        "support": 729.0
    },
    "macro avg": {
        "precision": 0.9861951403738135,
        "recall": 0.98079561042524,
        "f1-score": 0.98346193709661,
        "support": 729.0
    },
    "weighted avg": {
        "precision": 0.9861951403738134,
        "recall": 0.9807956104252401,
        "f1-score": 0.98346193709661,
        "support": 729.0
    },
    "accuracy": 0.9807956104252401
}