{
    "1": {
        "precision": 1.0,
        "recall": 0.9998210771157631,
        "f1-score": 0.9999105305538158,
        "support": 5589.0
    },
    "2": {
        "precision": 0.9819052687599787,
        "recall": 0.9903381642512077,
        "f1-score": 0.9861036878674505,
        "support": 5589.0
    },
    "3": {
        "precision": 0.9606158252774795,
        "recall": 0.9601001968151727,
        "f1-score": 0.9603579418344519,
        "support": 5589.0
    },
    "4": {
        "precision": 0.9440366972477064,
        "recall": 0.9205582393988191,
        "f1-score": 0.932149651236525,
        "support": 5589.0
    },
    "5": {
        "precision": 0.9053187476423991,
        "recall": 0.8588298443370908,
        "f1-score": 0.8814617574143788,
        "support": 5589.0
    },
    "6": {
        "precision": 0.7999037227214377,
        "recall": 0.8919305779209161,
        "f1-score": 0.8434142627527282,
        "support": 5589.0
    },
    "7": {
        "precision": 0.7746597210552848,
        "recall": 0.8248344963320808,
        "f1-score": 0.7989601386481803,
        "support": 5589.0
    },
    "8": {
        "precision": 0.7377394972754439,
        "recall": 0.7509393451422437,
        "f1-score": 0.7442809008689484,
        "support": 5589.0
    },
    "9": {
        "precision": 0.9109786184210527,
        "recall": 0.7928073000536768,
        "f1-score": 0.8477948914187314,
        "support": 5589.0
    },
    "micro avg": {
        "precision": 0.8878307719835384,
        "recall": 0.8877954712629967,
        "f1-score": 0.8878131212723658,
        "support": 50301.0
    },
    "macro avg": {
        "precision": 0.8905731220445313,
        "recall": 0.8877954712629967,
        "f1-score": 0.8882704180661345,
        "support": 50301.0
    },
    "weighted avg": {
        "precision": 0.8905731220445314,
        "recall": 0.8877954712629967,
        "f1-score": 0.8882704180661345,
        "support": 50301.0
    },
    "accuracy": 0.8877954712629967
}