{
    "10": {
        "precision": 0.417910447761194,
        "recall": 0.691358024691358,
        "f1-score": 0.5209302325581395,
        "support": 81.0
    },
    "11": {
        "precision": 0.11428571428571428,
        "recall": 0.04938271604938271,
        "f1-score": 0.06896551724137931,
        "support": 81.0
    },
    "12": {
        "precision": 0.7903225806451613,
        "recall": 0.6049382716049383,
        "f1-score": 0.6853146853146853,
        "support": 81.0
    },
    "13": {
        "precision": 0.9692307692307692,
        "recall": 0.7777777777777778,
        "f1-score": 0.863013698630137,
        "support": 81.0
    },
    "14": {
        "precision": 0.891566265060241,
        "recall": 0.9135802469135802,
        "f1-score": 0.9024390243902439,
        "support": 81.0
    },
    "15": {
        "precision": 0.8765432098765432,
        "recall": 0.8765432098765432,
        "f1-score": 0.8765432098765432,
        "support": 81.0
    },
    "16": {
        "precision": 0.8421052631578947,
        "recall": 0.3950617283950617,
        "f1-score": 0.5378151260504201,
        "support": 81.0
    },
    "17": {
        "precision": 0.1590909090909091,
        "recall": 0.08641975308641975,
        "f1-score": 0.112,
        "support": 81.0
    },
    "18": {
        "precision": 0.0,
        "recall": 0.0,
        "f1-score": 0.0,
        "support": 81.0
    },
    "micro avg": {
        "precision": 0.6202090592334495,
        "recall": 0.4883401920438957,
        "f1-score": 0.5464313123561013,
        "support": 729.0
    },
    "macro avg": {
        "precision": 0.5623394621231586,
        "recall": 0.4883401920438957,
        "f1-score": 0.5074468326735054,
        "support": 729.0
    },
    "weighted avg": {
        "precision": 0.5623394621231586,
        "recall": 0.4883401920438957,
        "f1-score": 0.5074468326735054,
        "support": 729.0
    },
    "accuracy": 0.4883401920438957
}