{
    "10": {
        "precision": 0.20394736842105263,
        "recall": 0.38271604938271603,
        "f1-score": 0.26609442060085836,
        "support": 81.0
    },
    "11": {
        "precision": 0.0,
        "recall": 0.0,
        "f1-score": 0.0,
        "support": 81.0
    },
    "12": {
        "precision": 0.30357142857142855,
        "recall": 0.41975308641975306,
        "f1-score": 0.35233160621761656,
        "support": 81.0
    },
    "13": {
        "precision": 0.1875,
        "recall": 0.037037037037037035,
        "f1-score": 0.061855670103092786,
        "support": 81.0
    },
    "14": {
        "precision": 0.5,
        "recall": 0.08641975308641975,
        "f1-score": 0.14736842105263157,
        "support": 81.0
    },
    "15": {
        "precision": 0.2916666666666667,
        "recall": 0.8641975308641975,
        "f1-score": 0.43613707165109034,
        "support": 81.0
    },
    "16": {
        "precision": 0.0,
        "recall": 0.0,
        "f1-score": 0.0,
        "support": 81.0
    },
    "17": {
        "precision": 0.6666666666666666,
        "recall": 0.024691358024691357,
        "f1-score": 0.047619047619047616,
        "support": 81.0
    },
    "18": {
        "precision": 0.0,
        "recall": 0.0,
        "f1-score": 0.0,
        "support": 81.0
    },
    "micro avg": {
        "precision": 0.2722222222222222,
        "recall": 0.20164609053497942,
        "f1-score": 0.23167848699763594,
        "support": 729.0
    },
    "macro avg": {
        "precision": 0.2392613478139794,
        "recall": 0.20164609053497942,
        "f1-score": 0.14571180413825968,
        "support": 729.0
    },
    "weighted avg": {
        "precision": 0.2392613478139794,
        "recall": 0.20164609053497942,
        "f1-score": 0.14571180413825968,
        "support": 729.0
    },
    "accuracy": 0.20164609053497942
}