{
    "10": {
        "precision": 1.0,
        "recall": 1.0,
        "f1-score": 1.0,
        "support": 81.0
    },
    "11": {
        "precision": 0.9878048780487805,
        "recall": 1.0,
        "f1-score": 0.9938650306748467,
        "support": 81.0
    },
    "12": {
        "precision": 1.0,
        "recall": 0.9876543209876543,
        "f1-score": 0.9937888198757764,
        "support": 81.0
    },
    "13": {
        "precision": 0.9876543209876543,
        "recall": 0.9876543209876543,
        "f1-score": 0.9876543209876543,
        "support": 81.0
    },
    "14": {
        "precision": 0.9759036144578314,
        "recall": 1.0,
        "f1-score": 0.9878048780487805,
        "support": 81.0
    },
    "15": {
        "precision": 0.9629629629629629,
        "recall": 0.9629629629629629,
        "f1-score": 0.9629629629629629,
        "support": 81.0
    },
    "16": {
        "precision": 0.9615384615384616,
        "recall": 0.9259259259259259,
        "f1-score": 0.9433962264150944,
        "support": 81.0
    },
    "17": {
        "precision": 0.9358974358974359,
        "recall": 0.9012345679012346,
        "f1-score": 0.9182389937106918,
        "support": 81.0
    },
    "18": {
        "precision": 0.9367088607594937,
        "recall": 0.9135802469135802,
        "f1-score": 0.925,
        "support": 81.0
    },
    "micro avg": {
        "precision": 0.9723374827109267,
        "recall": 0.9643347050754458,
        "f1-score": 0.9683195592286501,
        "support": 729.0
    },
    "macro avg": {
        "precision": 0.9720522816280689,
        "recall": 0.9643347050754458,
        "f1-score": 0.9680790258528675,
        "support": 729.0
    },
    "weighted avg": {
        "precision": 0.9720522816280688,
        "recall": 0.9643347050754458,
        "f1-score": 0.9680790258528673,
        "support": 729.0
    },
    "accuracy": 0.9643347050754458
}