{
    "10": {
        "precision": 0.9574468085106383,
        "recall": 0.5555555555555556,
        "f1-score": 0.703125,
        "support": 81.0
    },
    "11": {
        "precision": 0.9636363636363636,
        "recall": 0.654320987654321,
        "f1-score": 0.7794117647058824,
        "support": 81.0
    },
    "12": {
        "precision": 0.7078651685393258,
        "recall": 0.7777777777777778,
        "f1-score": 0.7411764705882353,
        "support": 81.0
    },
    "13": {
        "precision": 0.7432432432432432,
        "recall": 0.6790123456790124,
        "f1-score": 0.7096774193548387,
        "support": 81.0
    },
    "14": {
        "precision": 0.0,
        "recall": 0.0,
        "f1-score": 0.0,
        "support": 81.0
    },
    "15": {
        "precision": 0.0125,
        "recall": 0.012345679012345678,
        "f1-score": 0.012422360248447204,
        "support": 81.0
    },
    "16": {
        "precision": 0.05454545454545454,
        "recall": 0.07407407407407407,
        "f1-score": 0.06282722513089005,
        "support": 81.0
    },
    "17": {
        "precision": 0.0,
        "recall": 0.0,
        "f1-score": 0.0,
        "support": 81.0
    },
    "18": {
        "precision": 0.0,
        "recall": 0.0,
        "f1-score": 0.0,
        "support": 81.0
    },
    "micro avg": {
        "precision": 0.47751605995717344,
        "recall": 0.3058984910836763,
        "f1-score": 0.3729096989966555,
        "support": 729.0
    },
    "macro avg": {
        "precision": 0.38213744871944727,
        "recall": 0.3058984910836763,
        "f1-score": 0.33429336000314375,
        "support": 729.0
    },
    "weighted avg": {
        "precision": 0.3821374487194473,
        "recall": 0.3058984910836763,
        "f1-score": 0.33429336000314375,
        "support": 729.0
    },
    "accuracy": 0.3058984910836763
}