{
    "1": {
        "precision": 1.0,
        "recall": 0.9382716049382716,
        "f1-score": 0.9681528662420382,
        "support": 81.0
    },
    "2": {
        "precision": 1.0,
        "recall": 1.0,
        "f1-score": 1.0,
        "support": 81.0
    },
    "3": {
        "precision": 1.0,
        "recall": 1.0,
        "f1-score": 1.0,
        "support": 81.0
    },
    "4": {
        "precision": 1.0,
        "recall": 1.0,
        "f1-score": 1.0,
        "support": 81.0
    },
    "5": {
        "precision": 0.9759036144578314,
        "recall": 1.0,
        "f1-score": 0.9878048780487805,
        "support": 81.0
    },
    "6": {
        "precision": 0.8777777777777778,
        "recall": 0.9753086419753086,
        "f1-score": 0.9239766081871345,
        "support": 81.0
    },
    "7": {
        "precision": 0.9178082191780822,
        "recall": 0.8271604938271605,
        "f1-score": 0.8701298701298701,
        "support": 81.0
    },
    "8": {
        "precision": 0.8928571428571429,
        "recall": 0.9259259259259259,
        "f1-score": 0.9090909090909091,
        "support": 81.0
    },
    "9": {
        "precision": 1.0,
        "recall": 0.8888888888888888,
        "f1-score": 0.9411764705882353,
        "support": 81.0
    },
    "micro avg": {
        "precision": 0.9611650485436893,
        "recall": 0.9506172839506173,
        "f1-score": 0.9558620689655173,
        "support": 729.0
    },
    "macro avg": {
        "precision": 0.9627051949189815,
        "recall": 0.9506172839506173,
        "f1-score": 0.9555924002541075,
        "support": 729.0
    },
    "weighted avg": {
        "precision": 0.9627051949189817,
        "recall": 0.9506172839506173,
        "f1-score": 0.9555924002541075,
        "support": 729.0
    },
    "accuracy": 0.9506172839506173
}