{
    "1": {
        "precision": 1.0,
        "recall": 1.0,
        "f1-score": 1.0,
        "support": 81.0
    },
    "2": {
        "precision": 1.0,
        "recall": 1.0,
        "f1-score": 1.0,
        "support": 81.0
    },
    "3": {
        "precision": 0.6460176991150443,
        "recall": 0.9012345679012346,
        "f1-score": 0.7525773195876289,
        "support": 81.0
    },
    "4": {
        "precision": 0.3404255319148936,
        "recall": 0.3950617283950617,
        "f1-score": 0.3657142857142857,
        "support": 81.0
    },
    "5": {
        "precision": 0.24444444444444444,
        "recall": 0.2716049382716049,
        "f1-score": 0.2573099415204678,
        "support": 81.0
    },
    "6": {
        "precision": 0.14583333333333334,
        "recall": 0.08641975308641975,
        "f1-score": 0.10852713178294573,
        "support": 81.0
    },
    "7": {
        "precision": 0.6,
        "recall": 0.14814814814814814,
        "f1-score": 0.2376237623762376,
        "support": 81.0
    },
    "8": {
        "precision": 0.325,
        "recall": 0.16049382716049382,
        "f1-score": 0.21487603305785125,
        "support": 81.0
    },
    "9": {
        "precision": 0.3076923076923077,
        "recall": 0.14814814814814814,
        "f1-score": 0.2,
        "support": 81.0
    },
    "micro avg": {
        "precision": 0.5495049504950495,
        "recall": 0.4567901234567901,
        "f1-score": 0.49887640449438203,
        "support": 729.0
    },
    "macro avg": {
        "precision": 0.5121570351666693,
        "recall": 0.4567901234567901,
        "f1-score": 0.45962538600437963,
        "support": 729.0
    },
    "weighted avg": {
        "precision": 0.5121570351666692,
        "recall": 0.4567901234567901,
        "f1-score": 0.4596253860043797,
        "support": 729.0
    },
    "accuracy": 0.4567901234567901
}