{
    "1": {
        "precision": 0.9418604651162791,
        "recall": 1.0,
        "f1-score": 0.9700598802395209,
        "support": 81.0
    },
    "2": {
        "precision": 0.5322033898305085,
        "recall": 0.9691358024691358,
        "f1-score": 0.687089715536105,
        "support": 162.0
    },
    "3": {
        "precision": 0.2641025641025641,
        "recall": 0.42386831275720166,
        "f1-score": 0.325434439178515,
        "support": 243.0
    },
    "4": {
        "precision": 0.08163265306122448,
        "recall": 0.09876543209876543,
        "f1-score": 0.0893854748603352,
        "support": 324.0
    },
    "5": {
        "precision": 0.08846153846153847,
        "recall": 0.11358024691358025,
        "f1-score": 0.09945945945945946,
        "support": 405.0
    },
    "6": {
        "precision": 0.032196969696969696,
        "recall": 0.03497942386831276,
        "f1-score": 0.03353057199211045,
        "support": 486.0
    },
    "7": {
        "precision": 0.08096590909090909,
        "recall": 0.10052910052910052,
        "f1-score": 0.08969315499606609,
        "support": 567.0
    },
    "8": {
        "precision": 0.0013698630136986301,
        "recall": 0.0015432098765432098,
        "f1-score": 0.001451378809869376,
        "support": 648.0
    },
    "9": {
        "precision": 0.0,
        "recall": 0.0,
        "f1-score": 0.0,
        "support": 729.0
    },
    "accuracy": 0.1355281207133059,
    "macro avg": {
        "precision": 0.22475481693041022,
        "recall": 0.3047112809458488,
        "f1-score": 0.25512267500799796,
        "support": 3645.0
    },
    "weighted avg": {
        "precision": 0.09640700727922998,
        "recall": 0.1355281207133059,
        "f1-score": 0.11146729717755542,
        "support": 3645.0
    }
}