{
    "1": {
        "precision": 1.0,
        "recall": 1.0,
        "f1-score": 1.0,
        "support": 81.0
    },
    "2": {
        "precision": 1.0,
        "recall": 0.9629629629629629,
        "f1-score": 0.9811320754716981,
        "support": 81.0
    },
    "3": {
        "precision": 0.7142857142857143,
        "recall": 0.9259259259259259,
        "f1-score": 0.8064516129032258,
        "support": 81.0
    },
    "4": {
        "precision": 0.3146853146853147,
        "recall": 0.5555555555555556,
        "f1-score": 0.4017857142857143,
        "support": 81.0
    },
    "5": {
        "precision": 0.24761904761904763,
        "recall": 0.32098765432098764,
        "f1-score": 0.27956989247311825,
        "support": 81.0
    },
    "6": {
        "precision": 0.0625,
        "recall": 0.012345679012345678,
        "f1-score": 0.020618556701030927,
        "support": 81.0
    },
    "7": {
        "precision": 0.3076923076923077,
        "recall": 0.04938271604938271,
        "f1-score": 0.0851063829787234,
        "support": 81.0
    },
    "8": {
        "precision": 0.37037037037037035,
        "recall": 0.12345679012345678,
        "f1-score": 0.18518518518518517,
        "support": 81.0
    },
    "9": {
        "precision": 0.23076923076923078,
        "recall": 0.07407407407407407,
        "f1-score": 0.11214953271028037,
        "support": 81.0
    },
    "micro avg": {
        "precision": 0.5488215488215489,
        "recall": 0.44718792866941015,
        "f1-score": 0.4928193499622071,
        "support": 729.0
    },
    "macro avg": {
        "precision": 0.47199133171355395,
        "recall": 0.44718792866941015,
        "f1-score": 0.43022210585655296,
        "support": 729.0
    },
    "weighted avg": {
        "precision": 0.4719913317135539,
        "recall": 0.44718792866941015,
        "f1-score": 0.43022210585655296,
        "support": 729.0
    },
    "accuracy": 0.44718792866941015
}