{
    "1": {
        "precision": 1.0,
        "recall": 1.0,
        "f1-score": 1.0,
        "support": 81.0
    },
    "2": {
        "precision": 1.0,
        "recall": 1.0,
        "f1-score": 1.0,
        "support": 81.0
    },
    "3": {
        "precision": 0.9166666666666666,
        "recall": 0.9506172839506173,
        "f1-score": 0.9333333333333333,
        "support": 81.0
    },
    "4": {
        "precision": 0.8983050847457628,
        "recall": 0.654320987654321,
        "f1-score": 0.7571428571428571,
        "support": 81.0
    },
    "5": {
        "precision": 0.4873417721518987,
        "recall": 0.9506172839506173,
        "f1-score": 0.6443514644351465,
        "support": 81.0
    },
    "6": {
        "precision": 0.49019607843137253,
        "recall": 0.30864197530864196,
        "f1-score": 0.3787878787878788,
        "support": 81.0
    },
    "7": {
        "precision": 0.475,
        "recall": 0.4691358024691358,
        "f1-score": 0.4720496894409938,
        "support": 81.0
    },
    "8": {
        "precision": 0.42424242424242425,
        "recall": 0.5185185185185185,
        "f1-score": 0.4666666666666667,
        "support": 81.0
    },
    "9": {
        "precision": 0.8333333333333334,
        "recall": 0.12345679012345678,
        "f1-score": 0.21505376344086022,
        "support": 81.0
    },
    "micro avg": {
        "precision": 0.6865248226950355,
        "recall": 0.663923182441701,
        "f1-score": 0.6750348675034867,
        "support": 729.0
    },
    "macro avg": {
        "precision": 0.7250094843968287,
        "recall": 0.6639231824417009,
        "f1-score": 0.6519317392497485,
        "support": 729.0
    },
    "weighted avg": {
        "precision": 0.7250094843968288,
        "recall": 0.663923182441701,
        "f1-score": 0.6519317392497486,
        "support": 729.0
    },
    "accuracy": 0.663923182441701
}