{
    "1": {
        "precision": 1.0,
        "recall": 0.9998210771157631,
        "f1-score": 0.9999105305538158,
        "support": 5589.0
    },
    "2": {
        "precision": 0.9996400287976962,
        "recall": 0.9937376990517087,
        "f1-score": 0.9966801256168686,
        "support": 5589.0
    },
    "3": {
        "precision": 0.9889738573715099,
        "recall": 0.994990159241367,
        "f1-score": 0.9919728861933642,
        "support": 5589.0
    },
    "4": {
        "precision": 0.982327740092824,
        "recall": 0.9846126319556271,
        "f1-score": 0.9834688589044768,
        "support": 5589.0
    },
    "5": {
        "precision": 0.9520800421274355,
        "recall": 0.9704777241009125,
        "f1-score": 0.961190855927698,
        "support": 5589.0
    },
    "6": {
        "precision": 0.8930390492359932,
        "recall": 0.9411343710860619,
        "f1-score": 0.9164561372941894,
        "support": 5589.0
    },
    "7": {
        "precision": 0.8976947990093351,
        "recall": 0.8430846305242441,
        "f1-score": 0.8695331241926555,
        "support": 5589.0
    },
    "8": {
        "precision": 0.8280797410120975,
        "recall": 0.8695652173913043,
        "f1-score": 0.8483155873625414,
        "support": 5589.0
    },
    "9": {
        "precision": 0.9411426380368099,
        "recall": 0.8783324387189122,
        "f1-score": 0.9086534012031466,
        "support": 5589.0
    },
    "micro avg": {
        "precision": 0.9419566514217538,
        "recall": 0.9417506610206556,
        "f1-score": 0.9418536449582965,
        "support": 50301.0
    },
    "macro avg": {
        "precision": 0.9425530995204112,
        "recall": 0.9417506610206556,
        "f1-score": 0.9417979452498619,
        "support": 50301.0
    },
    "weighted avg": {
        "precision": 0.9425530995204113,
        "recall": 0.9417506610206556,
        "f1-score": 0.9417979452498618,
        "support": 50301.0
    },
    "accuracy": 0.9417506610206556
}