{
    "1": {
        "precision": 1.0,
        "recall": 1.0,
        "f1-score": 1.0,
        "support": 5589.0
    },
    "2": {
        "precision": 0.9992848203111032,
        "recall": 1.0,
        "f1-score": 0.9996422822393132,
        "support": 5589.0
    },
    "3": {
        "precision": 0.9994631352899069,
        "recall": 0.9992843084630524,
        "f1-score": 0.9993737138767111,
        "support": 5589.0
    },
    "4": {
        "precision": 0.9964323938637174,
        "recall": 0.9994632313472893,
        "f1-score": 0.997945511389013,
        "support": 5589.0
    },
    "5": {
        "precision": 0.9965992482548774,
        "recall": 0.9962426194310252,
        "f1-score": 0.9964209019327129,
        "support": 5589.0
    },
    "6": {
        "precision": 0.9987450699175332,
        "recall": 0.9967793880837359,
        "f1-score": 0.9977612608578849,
        "support": 5589.0
    },
    "7": {
        "precision": 0.9836123348017621,
        "recall": 0.9987475398103417,
        "f1-score": 0.9911221590909091,
        "support": 5589.0
    },
    "8": {
        "precision": 0.9763723574347131,
        "recall": 0.9833601717659689,
        "f1-score": 0.9798538063825994,
        "support": 5589.0
    },
    "9": {
        "precision": 1.0,
        "recall": 0.9719091071748076,
        "f1-score": 0.9857544687414935,
        "support": 5589.0
    },
    "micro avg": {
        "precision": 0.9944507428844203,
        "recall": 0.9939762628973579,
        "f1-score": 0.9942134462804987,
        "support": 50301.0
    },
    "macro avg": {
        "precision": 0.9945010399859571,
        "recall": 0.993976262897358,
        "f1-score": 0.9942082338345153,
        "support": 50301.0
    },
    "weighted avg": {
        "precision": 0.994501039985957,
        "recall": 0.9939762628973579,
        "f1-score": 0.9942082338345153,
        "support": 50301.0
    },
    "accuracy": 0.9939762628973579
}