{
    "10": {
        "precision": 0.2733333333333333,
        "recall": 0.5061728395061729,
        "f1-score": 0.354978354978355,
        "support": 81.0
    },
    "11": {
        "precision": 0.0,
        "recall": 0.0,
        "f1-score": 0.0,
        "support": 81.0
    },
    "12": {
        "precision": 0.35294117647058826,
        "recall": 0.5925925925925926,
        "f1-score": 0.4423963133640553,
        "support": 81.0
    },
    "13": {
        "precision": 0.2857142857142857,
        "recall": 0.024691358024691357,
        "f1-score": 0.045454545454545456,
        "support": 81.0
    },
    "14": {
        "precision": 0.46153846153846156,
        "recall": 0.07407407407407407,
        "f1-score": 0.1276595744680851,
        "support": 81.0
    },
    "15": {
        "precision": 0.2720306513409962,
        "recall": 0.8765432098765432,
        "f1-score": 0.4152046783625731,
        "support": 81.0
    },
    "16": {
        "precision": 0.0,
        "recall": 0.0,
        "f1-score": 0.0,
        "support": 81.0
    },
    "17": {
        "precision": 1.0,
        "recall": 0.012345679012345678,
        "f1-score": 0.024390243902439025,
        "support": 81.0
    },
    "18": {
        "precision": 0.0,
        "recall": 0.0,
        "f1-score": 0.0,
        "support": 81.0
    },
    "micro avg": {
        "precision": 0.2975352112676056,
        "recall": 0.23182441700960219,
        "f1-score": 0.26060138781804165,
        "support": 729.0
    },
    "macro avg": {
        "precision": 0.2939508787108516,
        "recall": 0.23182441700960224,
        "f1-score": 0.15667596783667256,
        "support": 729.0
    },
    "weighted avg": {
        "precision": 0.2939508787108517,
        "recall": 0.23182441700960219,
        "f1-score": 0.15667596783667256,
        "support": 729.0
    },
    "accuracy": 0.23182441700960219
}