{
    "10": {
        "precision": 1.0,
        "recall": 1.0,
        "f1-score": 1.0,
        "support": 81.0
    },
    "11": {
        "precision": 1.0,
        "recall": 0.9876543209876543,
        "f1-score": 0.9937888198757764,
        "support": 81.0
    },
    "12": {
        "precision": 0.9878048780487805,
        "recall": 1.0,
        "f1-score": 0.9938650306748467,
        "support": 81.0
    },
    "13": {
        "precision": 1.0,
        "recall": 0.9876543209876543,
        "f1-score": 0.9937888198757764,
        "support": 81.0
    },
    "14": {
        "precision": 0.9875,
        "recall": 0.9753086419753086,
        "f1-score": 0.9813664596273292,
        "support": 81.0
    },
    "15": {
        "precision": 0.975,
        "recall": 0.9629629629629629,
        "f1-score": 0.968944099378882,
        "support": 81.0
    },
    "16": {
        "precision": 0.9625,
        "recall": 0.9506172839506173,
        "f1-score": 0.9565217391304348,
        "support": 81.0
    },
    "17": {
        "precision": 0.9506172839506173,
        "recall": 0.9506172839506173,
        "f1-score": 0.9506172839506173,
        "support": 81.0
    },
    "18": {
        "precision": 0.9620253164556962,
        "recall": 0.9382716049382716,
        "f1-score": 0.95,
        "support": 81.0
    },
    "micro avg": {
        "precision": 0.9806362378976486,
        "recall": 0.9725651577503429,
        "f1-score": 0.9765840220385675,
        "support": 729.0
    },
    "macro avg": {
        "precision": 0.9806052753838994,
        "recall": 0.972565157750343,
        "f1-score": 0.9765435836126292,
        "support": 729.0
    },
    "weighted avg": {
        "precision": 0.9806052753838993,
        "recall": 0.9725651577503429,
        "f1-score": 0.9765435836126293,
        "support": 729.0
    },
    "accuracy": 0.9725651577503429
}