{
    "10": {
        "precision": 0.24277456647398843,
        "recall": 0.5185185185185185,
        "f1-score": 0.33070866141732286,
        "support": 81.0
    },
    "11": {
        "precision": 0.0,
        "recall": 0.0,
        "f1-score": 0.0,
        "support": 81.0
    },
    "12": {
        "precision": 0.3389830508474576,
        "recall": 0.24691358024691357,
        "f1-score": 0.2857142857142857,
        "support": 81.0
    },
    "13": {
        "precision": 0.2348993288590604,
        "recall": 0.43209876543209874,
        "f1-score": 0.30434782608695654,
        "support": 81.0
    },
    "14": {
        "precision": 0.0,
        "recall": 0.0,
        "f1-score": 0.0,
        "support": 81.0
    },
    "15": {
        "precision": 0.23484848484848486,
        "recall": 0.38271604938271603,
        "f1-score": 0.29107981220657275,
        "support": 81.0
    },
    "16": {
        "precision": 0.3333333333333333,
        "recall": 0.08641975308641975,
        "f1-score": 0.13725490196078433,
        "support": 81.0
    },
    "17": {
        "precision": 0.42857142857142855,
        "recall": 0.037037037037037035,
        "f1-score": 0.06818181818181818,
        "support": 81.0
    },
    "18": {
        "precision": 0.0,
        "recall": 0.0,
        "f1-score": 0.0,
        "support": 81.0
    },
    "micro avg": {
        "precision": 0.2536764705882353,
        "recall": 0.18930041152263374,
        "f1-score": 0.21681068342498036,
        "support": 729.0
    },
    "macro avg": {
        "precision": 0.2014900214370837,
        "recall": 0.18930041152263374,
        "f1-score": 0.15747636728530448,
        "support": 729.0
    },
    "weighted avg": {
        "precision": 0.2014900214370837,
        "recall": 0.18930041152263374,
        "f1-score": 0.1574763672853045,
        "support": 729.0
    },
    "accuracy": 0.18930041152263374
}