{
    "1": {
        "precision": 1.0,
        "recall": 1.0,
        "f1-score": 1.0,
        "support": 81.0
    },
    "2": {
        "precision": 1.0,
        "recall": 1.0,
        "f1-score": 1.0,
        "support": 81.0
    },
    "3": {
        "precision": 0.5824175824175825,
        "recall": 0.654320987654321,
        "f1-score": 0.6162790697674418,
        "support": 81.0
    },
    "4": {
        "precision": 0.28104575163398693,
        "recall": 0.5308641975308642,
        "f1-score": 0.36752136752136755,
        "support": 81.0
    },
    "5": {
        "precision": 0.11320754716981132,
        "recall": 0.07407407407407407,
        "f1-score": 0.08955223880597014,
        "support": 81.0
    },
    "6": {
        "precision": 0.2777777777777778,
        "recall": 0.18518518518518517,
        "f1-score": 0.2222222222222222,
        "support": 81.0
    },
    "7": {
        "precision": 0.5,
        "recall": 0.037037037037037035,
        "f1-score": 0.06896551724137931,
        "support": 81.0
    },
    "8": {
        "precision": 0.3157894736842105,
        "recall": 0.07407407407407407,
        "f1-score": 0.12,
        "support": 81.0
    },
    "9": {
        "precision": 0.2,
        "recall": 0.04938271604938271,
        "f1-score": 0.07920792079207921,
        "support": 81.0
    },
    "micro avg": {
        "precision": 0.5232974910394266,
        "recall": 0.40054869684499317,
        "f1-score": 0.45376845376845376,
        "support": 729.0
    },
    "macro avg": {
        "precision": 0.4744709036314855,
        "recall": 0.40054869684499317,
        "f1-score": 0.3959720373722733,
        "support": 729.0
    },
    "weighted avg": {
        "precision": 0.4744709036314855,
        "recall": 0.40054869684499317,
        "f1-score": 0.3959720373722734,
        "support": 729.0
    },
    "accuracy": 0.40054869684499317
}