{
    "1": {
        "precision": 0.3333333333333333,
        "recall": 1.0,
        "f1-score": 0.5,
        "support": 81.0
    },
    "2": {
        "precision": 0.0,
        "recall": 0.0,
        "f1-score": 0.0,
        "support": 162.0
    },
    "3": {
        "precision": 0.006153846153846154,
        "recall": 0.00823045267489712,
        "f1-score": 0.007042253521126761,
        "support": 243.0
    },
    "4": {
        "precision": 0.0027100271002710027,
        "recall": 0.0030864197530864196,
        "f1-score": 0.002886002886002886,
        "support": 324.0
    },
    "5": {
        "precision": 0.08604651162790698,
        "recall": 0.09135802469135802,
        "f1-score": 0.08862275449101796,
        "support": 405.0
    },
    "6": {
        "precision": 0.14440993788819875,
        "recall": 0.19135802469135801,
        "f1-score": 0.16460176991150444,
        "support": 486.0
    },
    "7": {
        "precision": 0.024464831804281346,
        "recall": 0.02821869488536155,
        "f1-score": 0.02620802620802621,
        "support": 567.0
    },
    "8": {
        "precision": 0.013531799729364006,
        "recall": 0.015432098765432098,
        "f1-score": 0.014419610670511895,
        "support": 648.0
    },
    "9": {
        "precision": 0.0,
        "recall": 0.0,
        "f1-score": 0.0,
        "support": 729.0
    },
    "accuracy": 0.06584362139917696,
    "macro avg": {
        "precision": 0.06785003195968906,
        "recall": 0.14863152394016593,
        "f1-score": 0.0893089352986878,
        "support": 3645.0
    },
    "weighted avg": {
        "precision": 0.04308523080287921,
        "recall": 0.06584362139917696,
        "f1-score": 0.050271294063373044,
        "support": 3645.0
    }
}