{
    "1": {
        "precision": 0.9878048780487805,
        "recall": 1.0,
        "f1-score": 0.9938650306748467,
        "support": 81.0
    },
    "2": {
        "precision": 0.9195402298850575,
        "recall": 0.9876543209876543,
        "f1-score": 0.9523809523809523,
        "support": 81.0
    },
    "3": {
        "precision": 0.8260869565217391,
        "recall": 0.9382716049382716,
        "f1-score": 0.8786127167630058,
        "support": 81.0
    },
    "4": {
        "precision": 0.5251798561151079,
        "recall": 0.9012345679012346,
        "f1-score": 0.6636363636363637,
        "support": 81.0
    },
    "5": {
        "precision": 0.4351145038167939,
        "recall": 0.7037037037037037,
        "f1-score": 0.5377358490566038,
        "support": 81.0
    },
    "6": {
        "precision": 0.38235294117647056,
        "recall": 0.32098765432098764,
        "f1-score": 0.348993288590604,
        "support": 81.0
    },
    "7": {
        "precision": 0.4489795918367347,
        "recall": 0.2716049382716049,
        "f1-score": 0.3384615384615385,
        "support": 81.0
    },
    "8": {
        "precision": 0.5128205128205128,
        "recall": 0.24691358024691357,
        "f1-score": 0.3333333333333333,
        "support": 81.0
    },
    "9": {
        "precision": 0.5,
        "recall": 0.09876543209876543,
        "f1-score": 0.16494845360824742,
        "support": 81.0
    },
    "micro avg": {
        "precision": 0.6301564722617354,
        "recall": 0.607681755829904,
        "f1-score": 0.6187150837988827,
        "support": 729.0
    },
    "macro avg": {
        "precision": 0.6153199411356884,
        "recall": 0.607681755829904,
        "f1-score": 0.5791075029450551,
        "support": 729.0
    },
    "weighted avg": {
        "precision": 0.6153199411356886,
        "recall": 0.607681755829904,
        "f1-score": 0.5791075029450551,
        "support": 729.0
    },
    "accuracy": 0.607681755829904
}