{
    "1": {
        "precision": 1.0,
        "recall": 1.0,
        "f1-score": 1.0,
        "support": 5589.0
    },
    "2": {
        "precision": 1.0,
        "recall": 1.0,
        "f1-score": 1.0,
        "support": 5589.0
    },
    "3": {
        "precision": 0.9994633273703041,
        "recall": 0.9996421542315262,
        "f1-score": 0.9995527328025763,
        "support": 5589.0
    },
    "4": {
        "precision": 0.9996397045577373,
        "recall": 0.9928430846305243,
        "f1-score": 0.996229802513465,
        "support": 5589.0
    },
    "5": {
        "precision": 0.9908091548026672,
        "recall": 0.9837180175344427,
        "f1-score": 0.9872508529358951,
        "support": 5589.0
    },
    "6": {
        "precision": 0.9813962055627188,
        "recall": 0.9533011272141707,
        "f1-score": 0.9671446723543293,
        "support": 5589.0
    },
    "7": {
        "precision": 0.9526275412351362,
        "recall": 0.888709966004652,
        "f1-score": 0.9195593816532445,
        "support": 5589.0
    },
    "8": {
        "precision": 0.8851603281133482,
        "recall": 0.8495258543567722,
        "f1-score": 0.8669770839039532,
        "support": 5589.0
    },
    "9": {
        "precision": 0.8674755751654586,
        "recall": 0.984970477724101,
        "f1-score": 0.922496857980729,
        "support": 5589.0
    },
    "micro avg": {
        "precision": 0.9629437884550288,
        "recall": 0.9614122979662432,
        "f1-score": 0.9621774337955871,
        "support": 50301.0
    },
    "macro avg": {
        "precision": 0.9640635374230412,
        "recall": 0.9614122979662432,
        "f1-score": 0.9621345982382437,
        "support": 50301.0
    },
    "weighted avg": {
        "precision": 0.9640635374230411,
        "recall": 0.9614122979662432,
        "f1-score": 0.9621345982382435,
        "support": 50301.0
    },
    "accuracy": 0.9614122979662432
}