{
    "10": {
        "precision": 0.7123287671232876,
        "recall": 0.6419753086419753,
        "f1-score": 0.6753246753246753,
        "support": 81.0
    },
    "11": {
        "precision": 1.0,
        "recall": 0.037037037037037035,
        "f1-score": 0.07142857142857142,
        "support": 81.0
    },
    "12": {
        "precision": 0.2597402597402597,
        "recall": 0.24691358024691357,
        "f1-score": 0.25316455696202533,
        "support": 81.0
    },
    "13": {
        "precision": 0.0,
        "recall": 0.0,
        "f1-score": 0.0,
        "support": 81.0
    },
    "14": {
        "precision": 0.0,
        "recall": 0.0,
        "f1-score": 0.0,
        "support": 81.0
    },
    "15": {
        "precision": 0.22580645161290322,
        "recall": 0.6049382716049383,
        "f1-score": 0.3288590604026846,
        "support": 81.0
    },
    "16": {
        "precision": 0.41935483870967744,
        "recall": 0.32098765432098764,
        "f1-score": 0.36363636363636365,
        "support": 81.0
    },
    "17": {
        "precision": 0.42105263157894735,
        "recall": 0.2962962962962963,
        "f1-score": 0.34782608695652173,
        "support": 81.0
    },
    "18": {
        "precision": 0.05263157894736842,
        "recall": 0.012345679012345678,
        "f1-score": 0.02,
        "support": 81.0
    },
    "micro avg": {
        "precision": 0.30434782608695654,
        "recall": 0.24005486968449932,
        "f1-score": 0.2684049079754601,
        "support": 729.0
    },
    "macro avg": {
        "precision": 0.34343494752360487,
        "recall": 0.2400548696844993,
        "f1-score": 0.22891547941231577,
        "support": 729.0
    },
    "weighted avg": {
        "precision": 0.3434349475236049,
        "recall": 0.24005486968449932,
        "f1-score": 0.2289154794123158,
        "support": 729.0
    },
    "accuracy": 0.24005486968449932
}