{
    "1": {
        "precision": 1.0,
        "recall": 0.9506172839506173,
        "f1-score": 0.9746835443037974,
        "support": 81.0
    },
    "2": {
        "precision": 0.9523809523809523,
        "recall": 0.9876543209876543,
        "f1-score": 0.9696969696969697,
        "support": 81.0
    },
    "3": {
        "precision": 1.0,
        "recall": 0.9629629629629629,
        "f1-score": 0.9811320754716981,
        "support": 81.0
    },
    "4": {
        "precision": 0.9512195121951219,
        "recall": 0.9629629629629629,
        "f1-score": 0.9570552147239264,
        "support": 81.0
    },
    "5": {
        "precision": 0.9285714285714286,
        "recall": 0.9629629629629629,
        "f1-score": 0.9454545454545454,
        "support": 81.0
    },
    "6": {
        "precision": 0.8210526315789474,
        "recall": 0.9629629629629629,
        "f1-score": 0.8863636363636364,
        "support": 81.0
    },
    "7": {
        "precision": 0.9803921568627451,
        "recall": 0.6172839506172839,
        "f1-score": 0.7575757575757576,
        "support": 81.0
    },
    "8": {
        "precision": 0.74,
        "recall": 0.9135802469135802,
        "f1-score": 0.8176795580110497,
        "support": 81.0
    },
    "9": {
        "precision": 0.9154929577464789,
        "recall": 0.8024691358024691,
        "f1-score": 0.8552631578947368,
        "support": 81.0
    },
    "micro avg": {
        "precision": 0.9113573407202216,
        "recall": 0.9026063100137174,
        "f1-score": 0.906960716747071,
        "support": 729.0
    },
    "macro avg": {
        "precision": 0.9210121821484082,
        "recall": 0.9026063100137173,
        "f1-score": 0.9049893843884573,
        "support": 729.0
    },
    "weighted avg": {
        "precision": 0.9210121821484084,
        "recall": 0.9026063100137174,
        "f1-score": 0.9049893843884574,
        "support": 729.0
    },
    "accuracy": 0.9026063100137174
}