{
    "10": {
        "precision": 0.1329479768786127,
        "recall": 0.2839506172839506,
        "f1-score": 0.18110236220472442,
        "support": 81.0
    },
    "11": {
        "precision": 0.0,
        "recall": 0.0,
        "f1-score": 0.0,
        "support": 81.0
    },
    "12": {
        "precision": 0.15789473684210525,
        "recall": 0.25925925925925924,
        "f1-score": 0.19626168224299065,
        "support": 81.0
    },
    "13": {
        "precision": 0.2222222222222222,
        "recall": 0.024691358024691357,
        "f1-score": 0.044444444444444446,
        "support": 81.0
    },
    "14": {
        "precision": 0.0,
        "recall": 0.0,
        "f1-score": 0.0,
        "support": 81.0
    },
    "15": {
        "precision": 0.24561403508771928,
        "recall": 0.8641975308641975,
        "f1-score": 0.3825136612021858,
        "support": 81.0
    },
    "16": {
        "precision": 0.0,
        "recall": 0.0,
        "f1-score": 0.0,
        "support": 81.0
    },
    "17": {
        "precision": 0.0,
        "recall": 0.0,
        "f1-score": 0.0,
        "support": 81.0
    },
    "18": {
        "precision": 0.0,
        "recall": 0.0,
        "f1-score": 0.0,
        "support": 81.0
    },
    "micro avg": {
        "precision": 0.19333333333333333,
        "recall": 0.15912208504801098,
        "f1-score": 0.1745673438675696,
        "support": 729.0
    },
    "macro avg": {
        "precision": 0.08429766344785106,
        "recall": 0.15912208504801095,
        "f1-score": 0.08936912778826059,
        "support": 729.0
    },
    "weighted avg": {
        "precision": 0.08429766344785106,
        "recall": 0.15912208504801098,
        "f1-score": 0.08936912778826059,
        "support": 729.0
    },
    "accuracy": 0.15912208504801098
}