{
    "1": {
        "precision": 0.9978575254418853,
        "recall": 1.0,
        "f1-score": 0.9989276139410188,
        "support": 5589.0
    },
    "2": {
        "precision": 0.9867303609341825,
        "recall": 0.9978529253891573,
        "f1-score": 0.992260475046704,
        "support": 5589.0
    },
    "3": {
        "precision": 0.9906759906759907,
        "recall": 0.9885489354088388,
        "f1-score": 0.9896113200788107,
        "support": 5589.0
    },
    "4": {
        "precision": 0.9878593108373505,
        "recall": 0.9899803184827339,
        "f1-score": 0.9889186773905273,
        "support": 5589.0
    },
    "5": {
        "precision": 0.9771560120417921,
        "recall": 0.9872964752191805,
        "f1-score": 0.9822000711997152,
        "support": 5589.0
    },
    "6": {
        "precision": 0.9748833871546466,
        "recall": 0.9722669529432815,
        "f1-score": 0.9735734121651886,
        "support": 5589.0
    },
    "7": {
        "precision": 0.9626865671641791,
        "recall": 0.9694041867954911,
        "f1-score": 0.9660336988499599,
        "support": 5589.0
    },
    "8": {
        "precision": 0.9510937222123421,
        "recall": 0.9568795848989086,
        "f1-score": 0.953977880841955,
        "support": 5589.0
    },
    "9": {
        "precision": 0.9887535145267105,
        "recall": 0.9438182143496153,
        "f1-score": 0.9657634566093006,
        "support": 5589.0
    },
    "micro avg": {
        "precision": 0.9796767387236753,
        "recall": 0.9784497326096897,
        "f1-score": 0.9790628512318603,
        "support": 50301.0
    },
    "macro avg": {
        "precision": 0.979744043443231,
        "recall": 0.9784497326096897,
        "f1-score": 0.9790296229025756,
        "support": 50301.0
    },
    "weighted avg": {
        "precision": 0.9797440434432312,
        "recall": 0.9784497326096897,
        "f1-score": 0.9790296229025757,
        "support": 50301.0
    },
    "accuracy": 0.9784497326096897
}