{
    "1": {
        "precision": 1.0,
        "recall": 1.0,
        "f1-score": 1.0,
        "support": 81.0
    },
    "2": {
        "precision": 1.0,
        "recall": 1.0,
        "f1-score": 1.0,
        "support": 81.0
    },
    "3": {
        "precision": 1.0,
        "recall": 1.0,
        "f1-score": 1.0,
        "support": 81.0
    },
    "4": {
        "precision": 1.0,
        "recall": 1.0,
        "f1-score": 1.0,
        "support": 81.0
    },
    "5": {
        "precision": 0.9101123595505618,
        "recall": 1.0,
        "f1-score": 0.9529411764705882,
        "support": 81.0
    },
    "6": {
        "precision": 0.8795180722891566,
        "recall": 0.9012345679012346,
        "f1-score": 0.8902439024390244,
        "support": 81.0
    },
    "7": {
        "precision": 0.8452380952380952,
        "recall": 0.8765432098765432,
        "f1-score": 0.8606060606060606,
        "support": 81.0
    },
    "8": {
        "precision": 0.8095238095238095,
        "recall": 0.8395061728395061,
        "f1-score": 0.8242424242424242,
        "support": 81.0
    },
    "9": {
        "precision": 1.0,
        "recall": 0.8024691358024691,
        "f1-score": 0.8904109589041096,
        "support": 81.0
    },
    "accuracy": 0.9355281207133059,
    "macro avg": {
        "precision": 0.9382658151779582,
        "recall": 0.9355281207133059,
        "f1-score": 0.9353827247402453,
        "support": 729.0
    },
    "weighted avg": {
        "precision": 0.9382658151779582,
        "recall": 0.9355281207133059,
        "f1-score": 0.9353827247402452,
        "support": 729.0
    }
}