{
    "1": {
        "precision": 1.0,
        "recall": 1.0,
        "f1-score": 1.0,
        "support": 81.0
    },
    "2": {
        "precision": 1.0,
        "recall": 1.0,
        "f1-score": 1.0,
        "support": 81.0
    },
    "3": {
        "precision": 1.0,
        "recall": 1.0,
        "f1-score": 1.0,
        "support": 81.0
    },
    "4": {
        "precision": 1.0,
        "recall": 0.9876543209876543,
        "f1-score": 0.9937888198757764,
        "support": 81.0
    },
    "5": {
        "precision": 0.9878048780487805,
        "recall": 1.0,
        "f1-score": 0.9938650306748467,
        "support": 81.0
    },
    "6": {
        "precision": 1.0,
        "recall": 0.9876543209876543,
        "f1-score": 0.9937888198757764,
        "support": 81.0
    },
    "7": {
        "precision": 0.9873417721518988,
        "recall": 0.9629629629629629,
        "f1-score": 0.975,
        "support": 81.0
    },
    "8": {
        "precision": 0.9605263157894737,
        "recall": 0.9012345679012346,
        "f1-score": 0.9299363057324841,
        "support": 81.0
    },
    "9": {
        "precision": 0.9101123595505618,
        "recall": 1.0,
        "f1-score": 0.9529411764705882,
        "support": 81.0
    },
    "accuracy": 0.9821673525377229,
    "macro avg": {
        "precision": 0.9828650361711906,
        "recall": 0.9821673525377229,
        "f1-score": 0.982146683625497,
        "support": 729.0
    },
    "weighted avg": {
        "precision": 0.9828650361711904,
        "recall": 0.9821673525377229,
        "f1-score": 0.9821466836254967,
        "support": 729.0
    }
}