{
    "1": {
        "precision": 1.0,
        "recall": 0.9996421542315262,
        "f1-score": 0.9998210450966356,
        "support": 5589.0
    },
    "2": {
        "precision": 1.0,
        "recall": 0.9991053855788156,
        "f1-score": 0.9995524926161282,
        "support": 5589.0
    },
    "3": {
        "precision": 0.9987488829311886,
        "recall": 0.9998210771157631,
        "f1-score": 0.9992846924177397,
        "support": 5589.0
    },
    "4": {
        "precision": 0.9989249238487726,
        "recall": 0.9974950796206835,
        "f1-score": 0.9982094897045658,
        "support": 5589.0
    },
    "5": {
        "precision": 0.9875200570511677,
        "recall": 0.9910538557881553,
        "f1-score": 0.9892838006786926,
        "support": 5589.0
    },
    "6": {
        "precision": 0.9487223756906077,
        "recall": 0.983181248881732,
        "f1-score": 0.9656444952113171,
        "support": 5589.0
    },
    "7": {
        "precision": 0.9492413294797688,
        "recall": 0.9402397566648775,
        "f1-score": 0.9447191011235955,
        "support": 5589.0
    },
    "8": {
        "precision": 0.8854566705626983,
        "recall": 0.9488280551082483,
        "f1-score": 0.9160476766280877,
        "support": 5589.0
    },
    "9": {
        "precision": 0.9918424194190211,
        "recall": 0.8919305779209161,
        "f1-score": 0.9392369288742346,
        "support": 5589.0
    },
    "micro avg": {
        "precision": 0.9724050179924054,
        "recall": 0.9723663545456352,
        "f1-score": 0.9723856858846919,
        "support": 50301.0
    },
    "macro avg": {
        "precision": 0.9733840732203584,
        "recall": 0.9723663545456352,
        "f1-score": 0.9724221913723328,
        "support": 50301.0
    },
    "weighted avg": {
        "precision": 0.9733840732203584,
        "recall": 0.9723663545456352,
        "f1-score": 0.9724221913723331,
        "support": 50301.0
    },
    "accuracy": 0.9723663545456352
}