{
    "1": {
        "precision": 1.0,
        "recall": 1.0,
        "f1-score": 1.0,
        "support": 81.0
    },
    "2": {
        "precision": 1.0,
        "recall": 1.0,
        "f1-score": 1.0,
        "support": 81.0
    },
    "3": {
        "precision": 1.0,
        "recall": 1.0,
        "f1-score": 1.0,
        "support": 81.0
    },
    "4": {
        "precision": 1.0,
        "recall": 1.0,
        "f1-score": 1.0,
        "support": 81.0
    },
    "5": {
        "precision": 1.0,
        "recall": 0.9753086419753086,
        "f1-score": 0.9875,
        "support": 81.0
    },
    "6": {
        "precision": 0.9753086419753086,
        "recall": 0.9753086419753086,
        "f1-score": 0.9753086419753086,
        "support": 81.0
    },
    "7": {
        "precision": 0.9733333333333334,
        "recall": 0.9012345679012346,
        "f1-score": 0.9358974358974359,
        "support": 81.0
    },
    "8": {
        "precision": 0.9101123595505618,
        "recall": 1.0,
        "f1-score": 0.9529411764705882,
        "support": 81.0
    },
    "9": {
        "precision": 1.0,
        "recall": 1.0,
        "f1-score": 1.0,
        "support": 81.0
    },
    "accuracy": 0.9835390946502057,
    "macro avg": {
        "precision": 0.984306037206578,
        "recall": 0.9835390946502057,
        "f1-score": 0.9835163615937037,
        "support": 729.0
    },
    "weighted avg": {
        "precision": 0.9843060372065782,
        "recall": 0.9835390946502057,
        "f1-score": 0.9835163615937037,
        "support": 729.0
    }
}