{
    "1": {
        "precision": 1.0,
        "recall": 1.0,
        "f1-score": 1.0,
        "support": 81.0
    },
    "2": {
        "precision": 1.0,
        "recall": 1.0,
        "f1-score": 1.0,
        "support": 81.0
    },
    "3": {
        "precision": 1.0,
        "recall": 1.0,
        "f1-score": 1.0,
        "support": 81.0
    },
    "4": {
        "precision": 0.9759036144578314,
        "recall": 1.0,
        "f1-score": 0.9878048780487805,
        "support": 81.0
    },
    "5": {
        "precision": 0.8555555555555555,
        "recall": 0.9506172839506173,
        "f1-score": 0.9005847953216374,
        "support": 81.0
    },
    "6": {
        "precision": 0.8840579710144928,
        "recall": 0.7530864197530864,
        "f1-score": 0.8133333333333334,
        "support": 81.0
    },
    "7": {
        "precision": 0.8051948051948052,
        "recall": 0.7654320987654321,
        "f1-score": 0.7848101265822784,
        "support": 81.0
    },
    "8": {
        "precision": 0.6962025316455697,
        "recall": 0.6790123456790124,
        "f1-score": 0.6875,
        "support": 81.0
    },
    "9": {
        "precision": 0.6818181818181818,
        "recall": 0.37037037037037035,
        "f1-score": 0.48,
        "support": 81.0
    },
    "micro avg": {
        "precision": 0.8890510948905109,
        "recall": 0.8353909465020576,
        "f1-score": 0.8613861386138614,
        "support": 729.0
    },
    "macro avg": {
        "precision": 0.8776369621873817,
        "recall": 0.8353909465020576,
        "f1-score": 0.85044812592067,
        "support": 729.0
    },
    "weighted avg": {
        "precision": 0.877636962187382,
        "recall": 0.8353909465020576,
        "f1-score": 0.8504481259206699,
        "support": 729.0
    },
    "accuracy": 0.8353909465020576
}