{
    "1": {
        "precision": 0.9759036144578314,
        "recall": 1.0,
        "f1-score": 0.9878048780487805,
        "support": 81.0
    },
    "2": {
        "precision": 0.6767241379310345,
        "recall": 0.9691358024691358,
        "f1-score": 0.7969543147208121,
        "support": 162.0
    },
    "3": {
        "precision": 0.4014778325123153,
        "recall": 0.6707818930041153,
        "f1-score": 0.50231124807396,
        "support": 243.0
    },
    "4": {
        "precision": 0.19072164948453607,
        "recall": 0.22839506172839505,
        "f1-score": 0.20786516853932585,
        "support": 324.0
    },
    "5": {
        "precision": 0.15964912280701754,
        "recall": 0.22469135802469137,
        "f1-score": 0.18666666666666668,
        "support": 405.0
    },
    "6": {
        "precision": 0.03740157480314961,
        "recall": 0.03909465020576132,
        "f1-score": 0.03822937625754527,
        "support": 486.0
    },
    "7": {
        "precision": 0.10896551724137932,
        "recall": 0.13932980599647266,
        "f1-score": 0.12229102167182662,
        "support": 567.0
    },
    "8": {
        "precision": 0.00546448087431694,
        "recall": 0.006172839506172839,
        "f1-score": 0.005797101449275362,
        "support": 648.0
    },
    "9": {
        "precision": 1.0,
        "recall": 0.0013717421124828531,
        "f1-score": 0.0027397260273972603,
        "support": 729.0
    },
    "accuracy": 0.18353909465020576,
    "macro avg": {
        "precision": 0.3951453255679534,
        "recall": 0.36433035033858074,
        "f1-score": 0.3167399446061766,
        "support": 3645.0
    },
    "weighted avg": {
        "precision": 0.33612892258518146,
        "recall": 0.18353909465020576,
        "f1-score": 0.15577531142870574,
        "support": 3645.0
    }
}