{
    "10": {
        "precision": 0.4116980276581274,
        "recall": 0.934156378600823,
        "f1-score": 0.5715184893784422,
        "support": 1944.0
    },
    "11": {
        "precision": 0.11933565716629076,
        "recall": 0.2993827160493827,
        "f1-score": 0.17064946488784635,
        "support": 1944.0
    },
    "12": {
        "precision": 0.18945022288261515,
        "recall": 0.13117283950617284,
        "f1-score": 0.15501519756838905,
        "support": 1944.0
    },
    "13": {
        "precision": 0.12144212523719165,
        "recall": 0.19753086419753085,
        "f1-score": 0.15041128084606345,
        "support": 1944.0
    },
    "14": {
        "precision": 0.005141388174807198,
        "recall": 0.0030864197530864196,
        "f1-score": 0.003857280617164899,
        "support": 1944.0
    },
    "15": {
        "precision": 0.09437086092715231,
        "recall": 0.029320987654320986,
        "f1-score": 0.044740973312401885,
        "support": 1944.0
    },
    "16": {
        "precision": 0.06757679180887372,
        "recall": 0.05092592592592592,
        "f1-score": 0.058081548841302434,
        "support": 1944.0
    },
    "17": {
        "precision": 0.14285714285714285,
        "recall": 0.0051440329218107,
        "f1-score": 0.009930486593843098,
        "support": 1944.0
    },
    "18": {
        "precision": 0.9363636363636364,
        "recall": 0.10596707818930041,
        "f1-score": 0.19038817005545286,
        "support": 1944.0
    },
    "micro avg": {
        "precision": 0.1971481353192472,
        "recall": 0.19518747142203932,
        "f1-score": 0.19616290424493077,
        "support": 17496.0
    },
    "macro avg": {
        "precision": 0.2320262058973153,
        "recall": 0.19518747142203935,
        "f1-score": 0.15051032134454514,
        "support": 17496.0
    },
    "weighted avg": {
        "precision": 0.23202620589731526,
        "recall": 0.19518747142203932,
        "f1-score": 0.15051032134454514,
        "support": 17496.0
    },
    "accuracy": 0.19518747142203932
}