{
    "10": {
        "precision": 0.9743852459016393,
        "recall": 0.9783950617283951,
        "f1-score": 0.9763860369609856,
        "support": 1944.0
    },
    "11": {
        "precision": 0.928325969563083,
        "recall": 0.9727366255144033,
        "f1-score": 0.9500125596583773,
        "support": 1944.0
    },
    "12": {
        "precision": 0.882466281310212,
        "recall": 0.9423868312757202,
        "f1-score": 0.9114427860696518,
        "support": 1944.0
    },
    "13": {
        "precision": 0.8276026743075454,
        "recall": 0.8914609053497943,
        "f1-score": 0.858345715700842,
        "support": 1944.0
    },
    "14": {
        "precision": 0.7965686274509803,
        "recall": 0.8359053497942387,
        "f1-score": 0.8157630522088354,
        "support": 1944.0
    },
    "15": {
        "precision": 0.7723414877683474,
        "recall": 0.7957818930041153,
        "f1-score": 0.7838864960729668,
        "support": 1944.0
    },
    "16": {
        "precision": 0.6950980392156862,
        "recall": 0.7294238683127572,
        "f1-score": 0.7118473895582329,
        "support": 1944.0
    },
    "17": {
        "precision": 0.7294185377086931,
        "recall": 0.6517489711934157,
        "f1-score": 0.6883998913338767,
        "support": 1944.0
    },
    "18": {
        "precision": 0.9015151515151515,
        "recall": 0.5509259259259259,
        "f1-score": 0.6839080459770115,
        "support": 1944.0
    },
    "micro avg": {
        "precision": 0.8321780159608552,
        "recall": 0.8165294924554184,
        "f1-score": 0.8242794911000202,
        "support": 17496.0
    },
    "macro avg": {
        "precision": 0.8341913349712597,
        "recall": 0.8165294924554183,
        "f1-score": 0.8199991081711977,
        "support": 17496.0
    },
    "weighted avg": {
        "precision": 0.8341913349712599,
        "recall": 0.8165294924554184,
        "f1-score": 0.8199991081711977,
        "support": 17496.0
    },
    "accuracy": 0.8165294924554184
}