{
    "10": {
        "precision": 0.5033112582781457,
        "recall": 0.9382716049382716,
        "f1-score": 0.6551724137931034,
        "support": 81.0
    },
    "11": {
        "precision": 0.19689119170984457,
        "recall": 0.4691358024691358,
        "f1-score": 0.2773722627737226,
        "support": 81.0
    },
    "12": {
        "precision": 0.25,
        "recall": 0.12345679012345678,
        "f1-score": 0.1652892561983471,
        "support": 81.0
    },
    "13": {
        "precision": 0.2248062015503876,
        "recall": 0.35802469135802467,
        "f1-score": 0.2761904761904762,
        "support": 81.0
    },
    "14": {
        "precision": 0.029411764705882353,
        "recall": 0.024691358024691357,
        "f1-score": 0.026845637583892617,
        "support": 81.0
    },
    "15": {
        "precision": 0.15789473684210525,
        "recall": 0.07407407407407407,
        "f1-score": 0.10084033613445378,
        "support": 81.0
    },
    "16": {
        "precision": 0.10989010989010989,
        "recall": 0.12345679012345678,
        "f1-score": 0.11627906976744186,
        "support": 81.0
    },
    "17": {
        "precision": 0.0,
        "recall": 0.0,
        "f1-score": 0.0,
        "support": 81.0
    },
    "18": {
        "precision": 0.9090909090909091,
        "recall": 0.12345679012345678,
        "f1-score": 0.21739130434782608,
        "support": 81.0
    },
    "micro avg": {
        "precision": 0.2503457814661134,
        "recall": 0.24828532235939643,
        "f1-score": 0.2493112947658402,
        "support": 729.0
    },
    "macro avg": {
        "precision": 0.2645884635630427,
        "recall": 0.24828532235939646,
        "f1-score": 0.2039311951988071,
        "support": 729.0
    },
    "weighted avg": {
        "precision": 0.2645884635630427,
        "recall": 0.24828532235939643,
        "f1-score": 0.20393119519880706,
        "support": 729.0
    },
    "accuracy": 0.24828532235939643
}