{
    "1": {
        "precision": 1.0,
        "recall": 0.9992843084630524,
        "f1-score": 0.9996420261320924,
        "support": 5589.0
    },
    "2": {
        "precision": 0.9597350531636744,
        "recall": 0.9851494006083378,
        "f1-score": 0.9722761787038672,
        "support": 5589.0
    },
    "3": {
        "precision": 0.9261756876663709,
        "recall": 0.9337985328323493,
        "f1-score": 0.9299714896650035,
        "support": 5589.0
    },
    "4": {
        "precision": 0.9099231050897107,
        "recall": 0.8892467346573627,
        "f1-score": 0.8994661116641028,
        "support": 5589.0
    },
    "5": {
        "precision": 0.8698448732500946,
        "recall": 0.8226874217212381,
        "f1-score": 0.8456091954022988,
        "support": 5589.0
    },
    "6": {
        "precision": 0.765144152899255,
        "recall": 0.8452317051350868,
        "f1-score": 0.8031964634872056,
        "support": 5589.0
    },
    "7": {
        "precision": 0.7484276729559748,
        "recall": 0.7665056360708534,
        "f1-score": 0.7573587907716786,
        "support": 5589.0
    },
    "8": {
        "precision": 0.72688131785848,
        "recall": 0.694757559491859,
        "f1-score": 0.7104564998627756,
        "support": 5589.0
    },
    "9": {
        "precision": 0.8607095926412615,
        "recall": 0.8203614242261585,
        "f1-score": 0.8400513008427996,
        "support": 5589.0
    },
    "micro avg": {
        "precision": 0.86238860598345,
        "recall": 0.8618914136895887,
        "f1-score": 0.8621399381543754,
        "support": 50301.0
    },
    "macro avg": {
        "precision": 0.8629823839472024,
        "recall": 0.8618914136895887,
        "f1-score": 0.862003117392425,
        "support": 50301.0
    },
    "weighted avg": {
        "precision": 0.8629823839472025,
        "recall": 0.8618914136895887,
        "f1-score": 0.8620031173924249,
        "support": 50301.0
    },
    "accuracy": 0.8618914136895887
}