{
    "10": {
        "precision": 0.984375,
        "recall": 0.7777777777777778,
        "f1-score": 0.8689655172413793,
        "support": 81.0
    },
    "11": {
        "precision": 0.8723404255319149,
        "recall": 0.5061728395061729,
        "f1-score": 0.640625,
        "support": 81.0
    },
    "12": {
        "precision": 0.5617977528089888,
        "recall": 0.6172839506172839,
        "f1-score": 0.5882352941176471,
        "support": 81.0
    },
    "13": {
        "precision": 0.5,
        "recall": 0.38271604938271603,
        "f1-score": 0.43356643356643354,
        "support": 81.0
    },
    "14": {
        "precision": 0.0,
        "recall": 0.0,
        "f1-score": 0.0,
        "support": 81.0
    },
    "15": {
        "precision": 0.0,
        "recall": 0.0,
        "f1-score": 0.0,
        "support": 81.0
    },
    "16": {
        "precision": 0.044642857142857144,
        "recall": 0.06172839506172839,
        "f1-score": 0.05181347150259067,
        "support": 81.0
    },
    "17": {
        "precision": 0.0,
        "recall": 0.0,
        "f1-score": 0.0,
        "support": 81.0
    },
    "18": {
        "precision": 0.0,
        "recall": 0.0,
        "f1-score": 0.0,
        "support": 81.0
    },
    "micro avg": {
        "precision": 0.385395537525355,
        "recall": 0.2606310013717421,
        "f1-score": 0.3109656301145663,
        "support": 729.0
    },
    "macro avg": {
        "precision": 0.32923955949819567,
        "recall": 0.2606310013717421,
        "f1-score": 0.2870228573808945,
        "support": 729.0
    },
    "weighted avg": {
        "precision": 0.3292395594981956,
        "recall": 0.2606310013717421,
        "f1-score": 0.28702285738089456,
        "support": 729.0
    },
    "accuracy": 0.2606310013717421
}