{
    "10": {
        "precision": 0.14432989690721648,
        "recall": 0.1728395061728395,
        "f1-score": 0.15730337078651685,
        "support": 81.0
    },
    "11": {
        "precision": 0.18181818181818182,
        "recall": 0.024691358024691357,
        "f1-score": 0.043478260869565216,
        "support": 81.0
    },
    "12": {
        "precision": 0.6633663366336634,
        "recall": 0.8271604938271605,
        "f1-score": 0.7362637362637363,
        "support": 81.0
    },
    "13": {
        "precision": 0.8409090909090909,
        "recall": 0.4567901234567901,
        "f1-score": 0.592,
        "support": 81.0
    },
    "14": {
        "precision": 0.7894736842105263,
        "recall": 0.5555555555555556,
        "f1-score": 0.6521739130434783,
        "support": 81.0
    },
    "15": {
        "precision": 0.6403508771929824,
        "recall": 0.9012345679012346,
        "f1-score": 0.7487179487179487,
        "support": 81.0
    },
    "16": {
        "precision": 0.0,
        "recall": 0.0,
        "f1-score": 0.0,
        "support": 81.0
    },
    "17": {
        "precision": 0.06666666666666667,
        "recall": 0.024691358024691357,
        "f1-score": 0.036036036036036036,
        "support": 81.0
    },
    "18": {
        "precision": 0.0,
        "recall": 0.0,
        "f1-score": 0.0,
        "support": 81.0
    },
    "micro avg": {
        "precision": 0.5150214592274678,
        "recall": 0.3292181069958848,
        "f1-score": 0.401673640167364,
        "support": 729.0
    },
    "macro avg": {
        "precision": 0.3696571927042587,
        "recall": 0.3292181069958848,
        "f1-score": 0.3295525850796979,
        "support": 729.0
    },
    "weighted avg": {
        "precision": 0.36965719270425873,
        "recall": 0.3292181069958848,
        "f1-score": 0.3295525850796979,
        "support": 729.0
    },
    "accuracy": 0.3292181069958848
}