{
    "1": {
        "precision": 1.0,
        "recall": 1.0,
        "f1-score": 1.0,
        "support": 81.0
    },
    "2": {
        "precision": 1.0,
        "recall": 1.0,
        "f1-score": 1.0,
        "support": 81.0
    },
    "3": {
        "precision": 1.0,
        "recall": 1.0,
        "f1-score": 1.0,
        "support": 81.0
    },
    "4": {
        "precision": 1.0,
        "recall": 1.0,
        "f1-score": 1.0,
        "support": 81.0
    },
    "5": {
        "precision": 0.9878048780487805,
        "recall": 1.0,
        "f1-score": 0.9938650306748467,
        "support": 81.0
    },
    "6": {
        "precision": 0.975609756097561,
        "recall": 0.9876543209876543,
        "f1-score": 0.9815950920245399,
        "support": 81.0
    },
    "7": {
        "precision": 0.9186046511627907,
        "recall": 0.9753086419753086,
        "f1-score": 0.9461077844311377,
        "support": 81.0
    },
    "8": {
        "precision": 0.925,
        "recall": 0.9135802469135802,
        "f1-score": 0.9192546583850931,
        "support": 81.0
    },
    "9": {
        "precision": 1.0,
        "recall": 0.9259259259259259,
        "f1-score": 0.9615384615384616,
        "support": 81.0
    },
    "accuracy": 0.9780521262002744,
    "macro avg": {
        "precision": 0.9785576983676813,
        "recall": 0.9780521262002743,
        "f1-score": 0.9780401141171199,
        "support": 729.0
    },
    "weighted avg": {
        "precision": 0.9785576983676813,
        "recall": 0.9780521262002744,
        "f1-score": 0.9780401141171199,
        "support": 729.0
    }
}