{
    "10": {
        "precision": 0.296,
        "recall": 0.4567901234567901,
        "f1-score": 0.3592233009708738,
        "support": 81.0
    },
    "11": {
        "precision": 0.0,
        "recall": 0.0,
        "f1-score": 0.0,
        "support": 81.0
    },
    "12": {
        "precision": 0.41333333333333333,
        "recall": 0.7654320987654321,
        "f1-score": 0.5367965367965368,
        "support": 81.0
    },
    "13": {
        "precision": 0.2,
        "recall": 0.012345679012345678,
        "f1-score": 0.023255813953488372,
        "support": 81.0
    },
    "14": {
        "precision": 0.0,
        "recall": 0.0,
        "f1-score": 0.0,
        "support": 81.0
    },
    "15": {
        "precision": 0.2901960784313726,
        "recall": 0.9135802469135802,
        "f1-score": 0.44047619047619047,
        "support": 81.0
    },
    "16": {
        "precision": 0.0,
        "recall": 0.0,
        "f1-score": 0.0,
        "support": 81.0
    },
    "17": {
        "precision": 0.0,
        "recall": 0.0,
        "f1-score": 0.0,
        "support": 81.0
    },
    "18": {
        "precision": 0.0,
        "recall": 0.0,
        "f1-score": 0.0,
        "support": 81.0
    },
    "micro avg": {
        "precision": 0.3228200371057514,
        "recall": 0.23868312757201646,
        "f1-score": 0.2744479495268139,
        "support": 729.0
    },
    "macro avg": {
        "precision": 0.133281045751634,
        "recall": 0.23868312757201643,
        "f1-score": 0.15108353802189883,
        "support": 729.0
    },
    "weighted avg": {
        "precision": 0.133281045751634,
        "recall": 0.23868312757201646,
        "f1-score": 0.15108353802189883,
        "support": 729.0
    },
    "accuracy": 0.23868312757201646
}