{
    "1": {
        "precision": 1.0,
        "recall": 0.9994632313472893,
        "f1-score": 0.9997315436241611,
        "support": 5589.0
    },
    "2": {
        "precision": 0.951918158567775,
        "recall": 0.9989264626945786,
        "f1-score": 0.9748559455212154,
        "support": 5589.0
    },
    "3": {
        "precision": 0.9274193548387096,
        "recall": 0.9465020576131687,
        "f1-score": 0.9368635437881874,
        "support": 5589.0
    },
    "4": {
        "precision": 0.896967547437489,
        "recall": 0.9049919484702094,
        "f1-score": 0.9009618810117563,
        "support": 5589.0
    },
    "5": {
        "precision": 0.87252276379218,
        "recall": 0.8743961352657005,
        "f1-score": 0.8734584450402145,
        "support": 5589.0
    },
    "6": {
        "precision": 0.8626462646264627,
        "recall": 0.8573984612631955,
        "f1-score": 0.8600143575017947,
        "support": 5589.0
    },
    "7": {
        "precision": 0.8108617440465993,
        "recall": 0.8468420110932188,
        "f1-score": 0.8284614038158585,
        "support": 5589.0
    },
    "8": {
        "precision": 0.7990319110792399,
        "recall": 0.7974592950438361,
        "f1-score": 0.7982448285125817,
        "support": 5589.0
    },
    "9": {
        "precision": 0.9325842696629213,
        "recall": 0.7573805689747719,
        "f1-score": 0.8359004739336493,
        "support": 5589.0
    },
    "micro avg": {
        "precision": 0.8940966655979481,
        "recall": 0.8870400190851077,
        "f1-score": 0.8905543635547128,
        "support": 50301.0
    },
    "macro avg": {
        "precision": 0.8948835571168198,
        "recall": 0.8870400190851077,
        "f1-score": 0.8898324914166023,
        "support": 50301.0
    },
    "weighted avg": {
        "precision": 0.8948835571168196,
        "recall": 0.8870400190851077,
        "f1-score": 0.889832491416602,
        "support": 50301.0
    },
    "accuracy": 0.8870400190851077
}