{
    "1": {
        "precision": 0.9998209810239885,
        "recall": 0.9992843084630524,
        "f1-score": 0.9995525727069351,
        "support": 5589.0
    },
    "2": {
        "precision": 0.9299416180150125,
        "recall": 0.9974950796206835,
        "f1-score": 0.9625345303867403,
        "support": 5589.0
    },
    "3": {
        "precision": 0.883808869027157,
        "recall": 0.9200214707461084,
        "f1-score": 0.9015516787937231,
        "support": 5589.0
    },
    "4": {
        "precision": 0.8335085874518051,
        "recall": 0.8509572374306674,
        "f1-score": 0.8421425409473218,
        "support": 5589.0
    },
    "5": {
        "precision": 0.7926592553379213,
        "recall": 0.8037215959921274,
        "f1-score": 0.7981520966595593,
        "support": 5589.0
    },
    "6": {
        "precision": 0.7801941049604602,
        "recall": 0.7767042404723564,
        "f1-score": 0.7784452613646552,
        "support": 5589.0
    },
    "7": {
        "precision": 0.7256530012108632,
        "recall": 0.75058149937377,
        "f1-score": 0.7379067722075637,
        "support": 5589.0
    },
    "8": {
        "precision": 0.7093525179856115,
        "recall": 0.7056718554303095,
        "f1-score": 0.7075073997667952,
        "support": 5589.0
    },
    "9": {
        "precision": 0.8906832298136645,
        "recall": 0.6414385399892646,
        "f1-score": 0.7457873933846474,
        "support": 5589.0
    },
    "micro avg": {
        "precision": 0.8372902498893404,
        "recall": 0.8273195363909266,
        "f1-score": 0.8322750317490475,
        "support": 50301.0
    },
    "macro avg": {
        "precision": 0.8384024627584982,
        "recall": 0.8273195363909266,
        "f1-score": 0.8303978051353268,
        "support": 50301.0
    },
    "weighted avg": {
        "precision": 0.8384024627584982,
        "recall": 0.8273195363909266,
        "f1-score": 0.8303978051353268,
        "support": 50301.0
    },
    "accuracy": 0.8273195363909266
}