{
    "10": {
        "precision": 0.9285714285714286,
        "recall": 0.9629629629629629,
        "f1-score": 0.9454545454545454,
        "support": 81.0
    },
    "11": {
        "precision": 0.9743589743589743,
        "recall": 0.9382716049382716,
        "f1-score": 0.9559748427672956,
        "support": 81.0
    },
    "12": {
        "precision": 0.7878787878787878,
        "recall": 0.9629629629629629,
        "f1-score": 0.8666666666666667,
        "support": 81.0
    },
    "13": {
        "precision": 0.6372549019607843,
        "recall": 0.8024691358024691,
        "f1-score": 0.7103825136612022,
        "support": 81.0
    },
    "14": {
        "precision": 0.5116279069767442,
        "recall": 0.5432098765432098,
        "f1-score": 0.5269461077844312,
        "support": 81.0
    },
    "15": {
        "precision": 0.7611940298507462,
        "recall": 0.6296296296296297,
        "f1-score": 0.6891891891891891,
        "support": 81.0
    },
    "16": {
        "precision": 0.7,
        "recall": 0.691358024691358,
        "f1-score": 0.6956521739130435,
        "support": 81.0
    },
    "17": {
        "precision": 0.864406779661017,
        "recall": 0.6296296296296297,
        "f1-score": 0.7285714285714285,
        "support": 81.0
    },
    "18": {
        "precision": 0.9444444444444444,
        "recall": 0.6296296296296297,
        "f1-score": 0.7555555555555555,
        "support": 81.0
    },
    "micro avg": {
        "precision": 0.7757404795486601,
        "recall": 0.7544581618655692,
        "f1-score": 0.7649513212795549,
        "support": 729.0
    },
    "macro avg": {
        "precision": 0.7899708059669919,
        "recall": 0.7544581618655692,
        "f1-score": 0.7638214470625954,
        "support": 729.0
    },
    "weighted avg": {
        "precision": 0.789970805966992,
        "recall": 0.7544581618655692,
        "f1-score": 0.7638214470625954,
        "support": 729.0
    },
    "accuracy": 0.7544581618655692
}