{
    "1": {
        "precision": 1.0,
        "recall": 1.0,
        "f1-score": 1.0,
        "support": 81.0
    },
    "2": {
        "precision": 0.6982758620689655,
        "recall": 1.0,
        "f1-score": 0.8223350253807107,
        "support": 162.0
    },
    "3": {
        "precision": 0.47513812154696133,
        "recall": 0.7078189300411523,
        "f1-score": 0.5685950413223141,
        "support": 243.0
    },
    "4": {
        "precision": 0.2976190476190476,
        "recall": 0.38580246913580246,
        "f1-score": 0.33602150537634407,
        "support": 324.0
    },
    "5": {
        "precision": 0.18998272884283246,
        "recall": 0.2716049382716049,
        "f1-score": 0.22357723577235772,
        "support": 405.0
    },
    "6": {
        "precision": 0.055327868852459015,
        "recall": 0.05555555555555555,
        "f1-score": 0.055441478439425054,
        "support": 486.0
    },
    "7": {
        "precision": 0.14171122994652408,
        "recall": 0.18694885361552027,
        "f1-score": 0.1612167300380228,
        "support": 567.0
    },
    "8": {
        "precision": 0.008207934336525308,
        "recall": 0.009259259259259259,
        "f1-score": 0.00870195794053662,
        "support": 648.0
    },
    "9": {
        "precision": 1.0,
        "recall": 0.0054869684499314125,
        "f1-score": 0.010914051841746248,
        "support": 729.0
    },
    "accuracy": 0.21755829903978052,
    "macro avg": {
        "precision": 0.4295847548014795,
        "recall": 0.40249744159209183,
        "f1-score": 0.3540892251234953,
        "support": 3645.0
    },
    "weighted avg": {
        "precision": 0.36337700490892877,
        "recall": 0.21755829903978052,
        "f1-score": 0.18758745524662773,
        "support": 3645.0
    }
}