{
    "10": {
        "precision": 0.38308457711442784,
        "recall": 0.9506172839506173,
        "f1-score": 0.5460992907801419,
        "support": 81.0
    },
    "11": {
        "precision": 0.1,
        "recall": 0.2716049382716049,
        "f1-score": 0.1461794019933555,
        "support": 81.0
    },
    "12": {
        "precision": 0.22,
        "recall": 0.13580246913580246,
        "f1-score": 0.16793893129770993,
        "support": 81.0
    },
    "13": {
        "precision": 0.1484375,
        "recall": 0.2345679012345679,
        "f1-score": 0.18181818181818182,
        "support": 81.0
    },
    "14": {
        "precision": 0.0,
        "recall": 0.0,
        "f1-score": 0.0,
        "support": 81.0
    },
    "15": {
        "precision": 0.09090909090909091,
        "recall": 0.024691358024691357,
        "f1-score": 0.038834951456310676,
        "support": 81.0
    },
    "16": {
        "precision": 0.0851063829787234,
        "recall": 0.04938271604938271,
        "f1-score": 0.0625,
        "support": 81.0
    },
    "17": {
        "precision": 0.0,
        "recall": 0.0,
        "f1-score": 0.0,
        "support": 81.0
    },
    "18": {
        "precision": 0.8181818181818182,
        "recall": 0.1111111111111111,
        "f1-score": 0.1956521739130435,
        "support": 81.0
    },
    "micro avg": {
        "precision": 0.1986206896551724,
        "recall": 0.19753086419753085,
        "f1-score": 0.19807427785419532,
        "support": 729.0
    },
    "macro avg": {
        "precision": 0.20507992990934007,
        "recall": 0.19753086419753085,
        "f1-score": 0.14878032569541594,
        "support": 729.0
    },
    "weighted avg": {
        "precision": 0.20507992990934004,
        "recall": 0.19753086419753085,
        "f1-score": 0.1487803256954159,
        "support": 729.0
    },
    "accuracy": 0.19753086419753085
}