{
    "10": {
        "precision": 0.9186046511627907,
        "recall": 0.9753086419753086,
        "f1-score": 0.9461077844311377,
        "support": 81.0
    },
    "11": {
        "precision": 0.961038961038961,
        "recall": 0.9135802469135802,
        "f1-score": 0.9367088607594937,
        "support": 81.0
    },
    "12": {
        "precision": 0.7307692307692307,
        "recall": 0.9382716049382716,
        "f1-score": 0.8216216216216217,
        "support": 81.0
    },
    "13": {
        "precision": 0.5714285714285714,
        "recall": 0.7407407407407407,
        "f1-score": 0.6451612903225806,
        "support": 81.0
    },
    "14": {
        "precision": 0.4044943820224719,
        "recall": 0.4444444444444444,
        "f1-score": 0.4235294117647059,
        "support": 81.0
    },
    "15": {
        "precision": 0.7096774193548387,
        "recall": 0.5432098765432098,
        "f1-score": 0.6153846153846154,
        "support": 81.0
    },
    "16": {
        "precision": 0.6923076923076923,
        "recall": 0.6666666666666666,
        "f1-score": 0.6792452830188679,
        "support": 81.0
    },
    "17": {
        "precision": 0.9230769230769231,
        "recall": 0.5925925925925926,
        "f1-score": 0.7218045112781954,
        "support": 81.0
    },
    "18": {
        "precision": 0.9183673469387755,
        "recall": 0.5555555555555556,
        "f1-score": 0.6923076923076923,
        "support": 81.0
    },
    "micro avg": {
        "precision": 0.7350427350427351,
        "recall": 0.7078189300411523,
        "f1-score": 0.7211740041928721,
        "support": 729.0
    },
    "macro avg": {
        "precision": 0.7588627975666951,
        "recall": 0.7078189300411523,
        "f1-score": 0.7202078967654345,
        "support": 729.0
    },
    "weighted avg": {
        "precision": 0.758862797566695,
        "recall": 0.7078189300411523,
        "f1-score": 0.7202078967654345,
        "support": 729.0
    },
    "accuracy": 0.7078189300411523
}