{
    "10": {
        "precision": 1.0,
        "recall": 0.7654320987654321,
        "f1-score": 0.8671328671328671,
        "support": 81.0
    },
    "11": {
        "precision": 0.9230769230769231,
        "recall": 0.5925925925925926,
        "f1-score": 0.7218045112781954,
        "support": 81.0
    },
    "12": {
        "precision": 0.5769230769230769,
        "recall": 0.5555555555555556,
        "f1-score": 0.5660377358490566,
        "support": 81.0
    },
    "13": {
        "precision": 0.3076923076923077,
        "recall": 0.19753086419753085,
        "f1-score": 0.24060150375939848,
        "support": 81.0
    },
    "14": {
        "precision": 0.0,
        "recall": 0.0,
        "f1-score": 0.0,
        "support": 81.0
    },
    "15": {
        "precision": 0.008695652173913044,
        "recall": 0.012345679012345678,
        "f1-score": 0.01020408163265306,
        "support": 81.0
    },
    "16": {
        "precision": 0.0297029702970297,
        "recall": 0.037037037037037035,
        "f1-score": 0.03296703296703297,
        "support": 81.0
    },
    "17": {
        "precision": 0.0,
        "recall": 0.0,
        "f1-score": 0.0,
        "support": 81.0
    },
    "18": {
        "precision": 0.0,
        "recall": 0.0,
        "f1-score": 0.0,
        "support": 81.0
    },
    "micro avg": {
        "precision": 0.373134328358209,
        "recall": 0.24005486968449932,
        "f1-score": 0.2921535893155259,
        "support": 729.0
    },
    "macro avg": {
        "precision": 0.31623232557369446,
        "recall": 0.2400548696844993,
        "f1-score": 0.2709719702910226,
        "support": 729.0
    },
    "weighted avg": {
        "precision": 0.31623232557369446,
        "recall": 0.24005486968449932,
        "f1-score": 0.2709719702910226,
        "support": 729.0
    },
    "accuracy": 0.24005486968449932
}