{
    "1": {
        "precision": 1.0,
        "recall": 0.8888888888888888,
        "f1-score": 0.9411764705882353,
        "support": 81.0
    },
    "2": {
        "precision": 0.8902439024390244,
        "recall": 0.9012345679012346,
        "f1-score": 0.8957055214723927,
        "support": 81.0
    },
    "3": {
        "precision": 0.9459459459459459,
        "recall": 0.8641975308641975,
        "f1-score": 0.9032258064516129,
        "support": 81.0
    },
    "4": {
        "precision": 0.8313253012048193,
        "recall": 0.8518518518518519,
        "f1-score": 0.8414634146341463,
        "support": 81.0
    },
    "5": {
        "precision": 0.8607594936708861,
        "recall": 0.8395061728395061,
        "f1-score": 0.85,
        "support": 81.0
    },
    "6": {
        "precision": 0.8295454545454546,
        "recall": 0.9012345679012346,
        "f1-score": 0.863905325443787,
        "support": 81.0
    },
    "7": {
        "precision": 0.868421052631579,
        "recall": 0.4074074074074074,
        "f1-score": 0.5546218487394958,
        "support": 81.0
    },
    "8": {
        "precision": 0.528,
        "recall": 0.8148148148148148,
        "f1-score": 0.6407766990291263,
        "support": 81.0
    },
    "9": {
        "precision": 0.8170731707317073,
        "recall": 0.8271604938271605,
        "f1-score": 0.8220858895705522,
        "support": 81.0
    },
    "micro avg": {
        "precision": 0.8174273858921162,
        "recall": 0.8106995884773662,
        "f1-score": 0.8140495867768595,
        "support": 729.0
    },
    "macro avg": {
        "precision": 0.8412571467966018,
        "recall": 0.8106995884773663,
        "f1-score": 0.8125512195477054,
        "support": 729.0
    },
    "weighted avg": {
        "precision": 0.8412571467966018,
        "recall": 0.8106995884773662,
        "f1-score": 0.8125512195477054,
        "support": 729.0
    },
    "accuracy": 0.8106995884773662
}