{
    "1": {
        "precision": 1.0,
        "recall": 1.0,
        "f1-score": 1.0,
        "support": 81.0
    },
    "2": {
        "precision": 1.0,
        "recall": 1.0,
        "f1-score": 1.0,
        "support": 81.0
    },
    "3": {
        "precision": 0.9878048780487805,
        "recall": 1.0,
        "f1-score": 0.9938650306748467,
        "support": 81.0
    },
    "4": {
        "precision": 0.9876543209876543,
        "recall": 0.9876543209876543,
        "f1-score": 0.9876543209876543,
        "support": 81.0
    },
    "5": {
        "precision": 0.9080459770114943,
        "recall": 0.9753086419753086,
        "f1-score": 0.9404761904761905,
        "support": 81.0
    },
    "6": {
        "precision": 0.8227848101265823,
        "recall": 0.8024691358024691,
        "f1-score": 0.8125,
        "support": 81.0
    },
    "7": {
        "precision": 0.7380952380952381,
        "recall": 0.7654320987654321,
        "f1-score": 0.7515151515151515,
        "support": 81.0
    },
    "8": {
        "precision": 0.7111111111111111,
        "recall": 0.7901234567901234,
        "f1-score": 0.7485380116959064,
        "support": 81.0
    },
    "9": {
        "precision": 0.953125,
        "recall": 0.7530864197530864,
        "f1-score": 0.8413793103448276,
        "support": 81.0
    },
    "accuracy": 0.897119341563786,
    "macro avg": {
        "precision": 0.900957926153429,
        "recall": 0.897119341563786,
        "f1-score": 0.897325335077175,
        "support": 729.0
    },
    "weighted avg": {
        "precision": 0.900957926153429,
        "recall": 0.897119341563786,
        "f1-score": 0.8973253350771753,
        "support": 729.0
    }
}