{
    "1": {
        "precision": 1.0,
        "recall": 1.0,
        "f1-score": 1.0,
        "support": 81.0
    },
    "2": {
        "precision": 1.0,
        "recall": 1.0,
        "f1-score": 1.0,
        "support": 81.0
    },
    "3": {
        "precision": 1.0,
        "recall": 1.0,
        "f1-score": 1.0,
        "support": 81.0
    },
    "4": {
        "precision": 1.0,
        "recall": 1.0,
        "f1-score": 1.0,
        "support": 81.0
    },
    "5": {
        "precision": 0.9878048780487805,
        "recall": 1.0,
        "f1-score": 0.9938650306748467,
        "support": 81.0
    },
    "6": {
        "precision": 0.975609756097561,
        "recall": 0.9876543209876543,
        "f1-score": 0.9815950920245399,
        "support": 81.0
    },
    "7": {
        "precision": 0.9634146341463414,
        "recall": 0.9753086419753086,
        "f1-score": 0.9693251533742331,
        "support": 81.0
    },
    "8": {
        "precision": 0.9873417721518988,
        "recall": 0.9629629629629629,
        "f1-score": 0.975,
        "support": 81.0
    },
    "9": {
        "precision": 1.0,
        "recall": 0.9876543209876543,
        "f1-score": 0.9937888198757764,
        "support": 81.0
    },
    "accuracy": 0.99039780521262,
    "macro avg": {
        "precision": 0.990463448938287,
        "recall": 0.9903978052126199,
        "f1-score": 0.9903971217721552,
        "support": 729.0
    },
    "weighted avg": {
        "precision": 0.9904634489382869,
        "recall": 0.99039780521262,
        "f1-score": 0.9903971217721552,
        "support": 729.0
    }
}