{
    "1": {
        "precision": 1.0,
        "recall": 1.0,
        "f1-score": 1.0,
        "support": 81.0
    },
    "2": {
        "precision": 1.0,
        "recall": 1.0,
        "f1-score": 1.0,
        "support": 81.0
    },
    "3": {
        "precision": 0.8928571428571429,
        "recall": 0.9259259259259259,
        "f1-score": 0.9090909090909091,
        "support": 81.0
    },
    "4": {
        "precision": 0.8484848484848485,
        "recall": 0.691358024691358,
        "f1-score": 0.7619047619047619,
        "support": 81.0
    },
    "5": {
        "precision": 0.5205479452054794,
        "recall": 0.9382716049382716,
        "f1-score": 0.6696035242290749,
        "support": 81.0
    },
    "6": {
        "precision": 0.5454545454545454,
        "recall": 0.2962962962962963,
        "f1-score": 0.384,
        "support": 81.0
    },
    "7": {
        "precision": 0.46236559139784944,
        "recall": 0.5308641975308642,
        "f1-score": 0.4942528735632184,
        "support": 81.0
    },
    "8": {
        "precision": 0.4673913043478261,
        "recall": 0.5308641975308642,
        "f1-score": 0.49710982658959535,
        "support": 81.0
    },
    "9": {
        "precision": 0.9130434782608695,
        "recall": 0.25925925925925924,
        "f1-score": 0.40384615384615385,
        "support": 81.0
    },
    "micro avg": {
        "precision": 0.704225352112676,
        "recall": 0.6858710562414266,
        "f1-score": 0.6949270326615705,
        "support": 729.0
    },
    "macro avg": {
        "precision": 0.7389049840009512,
        "recall": 0.6858710562414267,
        "f1-score": 0.6799786721359682,
        "support": 729.0
    },
    "weighted avg": {
        "precision": 0.7389049840009513,
        "recall": 0.6858710562414266,
        "f1-score": 0.6799786721359682,
        "support": 729.0
    },
    "accuracy": 0.6858710562414266
}