{
    "10": {
        "precision": 0.9285714285714286,
        "recall": 0.9629629629629629,
        "f1-score": 0.9454545454545454,
        "support": 81.0
    },
    "11": {
        "precision": 0.9868421052631579,
        "recall": 0.9259259259259259,
        "f1-score": 0.9554140127388535,
        "support": 81.0
    },
    "12": {
        "precision": 0.8247422680412371,
        "recall": 0.9876543209876543,
        "f1-score": 0.898876404494382,
        "support": 81.0
    },
    "13": {
        "precision": 0.6633663366336634,
        "recall": 0.8271604938271605,
        "f1-score": 0.7362637362637363,
        "support": 81.0
    },
    "14": {
        "precision": 0.5833333333333334,
        "recall": 0.6049382716049383,
        "f1-score": 0.593939393939394,
        "support": 81.0
    },
    "15": {
        "precision": 0.7352941176470589,
        "recall": 0.6172839506172839,
        "f1-score": 0.6711409395973155,
        "support": 81.0
    },
    "16": {
        "precision": 0.7307692307692307,
        "recall": 0.7037037037037037,
        "f1-score": 0.7169811320754716,
        "support": 81.0
    },
    "17": {
        "precision": 0.8461538461538461,
        "recall": 0.6790123456790124,
        "f1-score": 0.7534246575342466,
        "support": 81.0
    },
    "18": {
        "precision": 0.8909090909090909,
        "recall": 0.6049382716049383,
        "f1-score": 0.7205882352941176,
        "support": 81.0
    },
    "micro avg": {
        "precision": 0.7909604519774012,
        "recall": 0.7681755829903978,
        "f1-score": 0.7794015309672929,
        "support": 729.0
    },
    "macro avg": {
        "precision": 0.7988868619246718,
        "recall": 0.7681755829903979,
        "f1-score": 0.7768981174880071,
        "support": 729.0
    },
    "weighted avg": {
        "precision": 0.7988868619246718,
        "recall": 0.7681755829903978,
        "f1-score": 0.776898117488007,
        "support": 729.0
    },
    "accuracy": 0.7681755829903978
}