{
    "1": {
        "precision": 1.0,
        "recall": 1.0,
        "f1-score": 1.0,
        "support": 81.0
    },
    "2": {
        "precision": 1.0,
        "recall": 1.0,
        "f1-score": 1.0,
        "support": 81.0
    },
    "3": {
        "precision": 1.0,
        "recall": 1.0,
        "f1-score": 1.0,
        "support": 81.0
    },
    "4": {
        "precision": 1.0,
        "recall": 1.0,
        "f1-score": 1.0,
        "support": 81.0
    },
    "5": {
        "precision": 1.0,
        "recall": 1.0,
        "f1-score": 1.0,
        "support": 81.0
    },
    "6": {
        "precision": 1.0,
        "recall": 1.0,
        "f1-score": 1.0,
        "support": 81.0
    },
    "7": {
        "precision": 1.0,
        "recall": 0.9876543209876543,
        "f1-score": 0.9937888198757764,
        "support": 81.0
    },
    "8": {
        "precision": 0.9868421052631579,
        "recall": 0.9259259259259259,
        "f1-score": 0.9554140127388535,
        "support": 81.0
    },
    "9": {
        "precision": 0.9310344827586207,
        "recall": 1.0,
        "f1-score": 0.9642857142857143,
        "support": 81.0
    },
    "accuracy": 0.99039780521262,
    "macro avg": {
        "precision": 0.9908751764468643,
        "recall": 0.9903978052126201,
        "f1-score": 0.9903876163222604,
        "support": 729.0
    },
    "weighted avg": {
        "precision": 0.9908751764468643,
        "recall": 0.99039780521262,
        "f1-score": 0.9903876163222606,
        "support": 729.0
    }
}