{
    "1": {
        "precision": 0.3333333333333333,
        "recall": 1.0,
        "f1-score": 0.5,
        "support": 81.0
    },
    "2": {
        "precision": 0.0,
        "recall": 0.0,
        "f1-score": 0.0,
        "support": 162.0
    },
    "3": {
        "precision": 0.015625,
        "recall": 0.0205761316872428,
        "f1-score": 0.017761989342806393,
        "support": 243.0
    },
    "4": {
        "precision": 0.023622047244094488,
        "recall": 0.027777777777777776,
        "f1-score": 0.02553191489361702,
        "support": 324.0
    },
    "5": {
        "precision": 0.06823027718550106,
        "recall": 0.07901234567901234,
        "f1-score": 0.07322654462242563,
        "support": 405.0
    },
    "6": {
        "precision": 0.07920792079207921,
        "recall": 0.09876543209876543,
        "f1-score": 0.08791208791208792,
        "support": 486.0
    },
    "7": {
        "precision": 0.01524390243902439,
        "recall": 0.01763668430335097,
        "f1-score": 0.016353229762878167,
        "support": 567.0
    },
    "8": {
        "precision": 0.004098360655737705,
        "recall": 0.004629629629629629,
        "f1-score": 0.004347826086956522,
        "support": 648.0
    },
    "9": {
        "precision": 0.0,
        "recall": 0.0,
        "f1-score": 0.0,
        "support": 729.0
    },
    "accuracy": 0.051577503429355284,
    "macro avg": {
        "precision": 0.05992898240553002,
        "recall": 0.138710889019531,
        "f1-score": 0.08057039918008574,
        "support": 3645.0
    },
    "weighted avg": {
        "precision": 0.03179088078463921,
        "recall": 0.051577503429355284,
        "f1-score": 0.037739424338296496,
        "support": 3645.0
    }
}