{
    "1": {
        "precision": 1.0,
        "recall": 1.0,
        "f1-score": 1.0,
        "support": 81.0
    },
    "2": {
        "precision": 1.0,
        "recall": 1.0,
        "f1-score": 1.0,
        "support": 81.0
    },
    "3": {
        "precision": 1.0,
        "recall": 1.0,
        "f1-score": 1.0,
        "support": 81.0
    },
    "4": {
        "precision": 1.0,
        "recall": 1.0,
        "f1-score": 1.0,
        "support": 81.0
    },
    "5": {
        "precision": 1.0,
        "recall": 1.0,
        "f1-score": 1.0,
        "support": 81.0
    },
    "6": {
        "precision": 0.9642857142857143,
        "recall": 1.0,
        "f1-score": 0.9818181818181818,
        "support": 81.0
    },
    "7": {
        "precision": 0.961038961038961,
        "recall": 0.9135802469135802,
        "f1-score": 0.9367088607594937,
        "support": 81.0
    },
    "8": {
        "precision": 0.9746835443037974,
        "recall": 0.9506172839506173,
        "f1-score": 0.9625,
        "support": 81.0
    },
    "9": {
        "precision": 0.9875,
        "recall": 0.9753086419753086,
        "f1-score": 0.9813664596273292,
        "support": 81.0
    },
    "micro avg": {
        "precision": 0.9875862068965517,
        "recall": 0.9821673525377229,
        "f1-score": 0.984869325997249,
        "support": 729.0
    },
    "macro avg": {
        "precision": 0.9875009132920527,
        "recall": 0.9821673525377229,
        "f1-score": 0.9847103891338895,
        "support": 729.0
    },
    "weighted avg": {
        "precision": 0.9875009132920525,
        "recall": 0.9821673525377229,
        "f1-score": 0.9847103891338894,
        "support": 729.0
    },
    "accuracy": 0.9821673525377229
}