{
    "10": {
        "precision": 0.04,
        "recall": 0.04938271604938271,
        "f1-score": 0.04419889502762431,
        "support": 81.0
    },
    "11": {
        "precision": 0.0,
        "recall": 0.0,
        "f1-score": 0.0,
        "support": 81.0
    },
    "12": {
        "precision": 0.5327102803738317,
        "recall": 0.7037037037037037,
        "f1-score": 0.6063829787234043,
        "support": 81.0
    },
    "13": {
        "precision": 0.5869565217391305,
        "recall": 0.3333333333333333,
        "f1-score": 0.4251968503937008,
        "support": 81.0
    },
    "14": {
        "precision": 0.7966101694915254,
        "recall": 0.5802469135802469,
        "f1-score": 0.6714285714285714,
        "support": 81.0
    },
    "15": {
        "precision": 0.6388888888888888,
        "recall": 0.8518518518518519,
        "f1-score": 0.7301587301587301,
        "support": 81.0
    },
    "16": {
        "precision": 1.0,
        "recall": 0.012345679012345678,
        "f1-score": 0.024390243902439025,
        "support": 81.0
    },
    "17": {
        "precision": 0.18181818181818182,
        "recall": 0.09876543209876543,
        "f1-score": 0.128,
        "support": 81.0
    },
    "18": {
        "precision": 0.047619047619047616,
        "recall": 0.024691358024691357,
        "f1-score": 0.032520325203252036,
        "support": 81.0
    },
    "micro avg": {
        "precision": 0.4174757281553398,
        "recall": 0.29492455418381347,
        "f1-score": 0.34565916398713825,
        "support": 729.0
    },
    "macro avg": {
        "precision": 0.4249558988811784,
        "recall": 0.29492455418381347,
        "f1-score": 0.29580851053752466,
        "support": 729.0
    },
    "weighted avg": {
        "precision": 0.42495589888117846,
        "recall": 0.29492455418381347,
        "f1-score": 0.29580851053752466,
        "support": 729.0
    },
    "accuracy": 0.29492455418381347
}