{
    "10": {
        "precision": 1.0,
        "recall": 0.2962962962962963,
        "f1-score": 0.45714285714285713,
        "support": 81.0
    },
    "11": {
        "precision": 0.0,
        "recall": 0.0,
        "f1-score": 0.0,
        "support": 81.0
    },
    "12": {
        "precision": 0.0,
        "recall": 0.0,
        "f1-score": 0.0,
        "support": 81.0
    },
    "13": {
        "precision": 0.0,
        "recall": 0.0,
        "f1-score": 0.0,
        "support": 81.0
    },
    "14": {
        "precision": 0.0,
        "recall": 0.0,
        "f1-score": 0.0,
        "support": 81.0
    },
    "15": {
        "precision": 0.0,
        "recall": 0.0,
        "f1-score": 0.0,
        "support": 81.0
    },
    "16": {
        "precision": 0.0,
        "recall": 0.0,
        "f1-score": 0.0,
        "support": 81.0
    },
    "17": {
        "precision": 0.0,
        "recall": 0.0,
        "f1-score": 0.0,
        "support": 81.0
    },
    "18": {
        "precision": 0.0,
        "recall": 0.0,
        "f1-score": 0.0,
        "support": 81.0
    },
    "micro avg": {
        "precision": 1.0,
        "recall": 0.03292181069958848,
        "f1-score": 0.06374501992031872,
        "support": 729.0
    },
    "macro avg": {
        "precision": 0.1111111111111111,
        "recall": 0.03292181069958847,
        "f1-score": 0.050793650793650794,
        "support": 729.0
    },
    "weighted avg": {
        "precision": 0.1111111111111111,
        "recall": 0.03292181069958848,
        "f1-score": 0.05079365079365079,
        "support": 729.0
    },
    "accuracy": 0.03292181069958848
}