{
    "10": {
        "precision": 1.0,
        "recall": 1.0,
        "f1-score": 1.0,
        "support": 81.0
    },
    "11": {
        "precision": 1.0,
        "recall": 0.9876543209876543,
        "f1-score": 0.9937888198757764,
        "support": 81.0
    },
    "12": {
        "precision": 0.9876543209876543,
        "recall": 0.9876543209876543,
        "f1-score": 0.9876543209876543,
        "support": 81.0
    },
    "13": {
        "precision": 0.9876543209876543,
        "recall": 0.9876543209876543,
        "f1-score": 0.9876543209876543,
        "support": 81.0
    },
    "14": {
        "precision": 0.9875,
        "recall": 0.9753086419753086,
        "f1-score": 0.9813664596273292,
        "support": 81.0
    },
    "15": {
        "precision": 0.9390243902439024,
        "recall": 0.9506172839506173,
        "f1-score": 0.9447852760736196,
        "support": 81.0
    },
    "16": {
        "precision": 0.9493670886075949,
        "recall": 0.9259259259259259,
        "f1-score": 0.9375,
        "support": 81.0
    },
    "17": {
        "precision": 0.9506172839506173,
        "recall": 0.9506172839506173,
        "f1-score": 0.9506172839506173,
        "support": 81.0
    },
    "18": {
        "precision": 0.9620253164556962,
        "recall": 0.9382716049382716,
        "f1-score": 0.95,
        "support": 81.0
    },
    "micro avg": {
        "precision": 0.9737569060773481,
        "recall": 0.9670781893004116,
        "f1-score": 0.9704060564349621,
        "support": 729.0
    },
    "macro avg": {
        "precision": 0.9737603023592355,
        "recall": 0.9670781893004116,
        "f1-score": 0.9703740535002946,
        "support": 729.0
    },
    "weighted avg": {
        "precision": 0.9737603023592356,
        "recall": 0.9670781893004116,
        "f1-score": 0.9703740535002947,
        "support": 729.0
    },
    "accuracy": 0.9670781893004116
}