{
    "1": {
        "precision": 1.0,
        "recall": 1.0,
        "f1-score": 1.0,
        "support": 81.0
    },
    "2": {
        "precision": 1.0,
        "recall": 1.0,
        "f1-score": 1.0,
        "support": 81.0
    },
    "3": {
        "precision": 1.0,
        "recall": 1.0,
        "f1-score": 1.0,
        "support": 81.0
    },
    "4": {
        "precision": 1.0,
        "recall": 1.0,
        "f1-score": 1.0,
        "support": 81.0
    },
    "5": {
        "precision": 0.9101123595505618,
        "recall": 1.0,
        "f1-score": 0.9529411764705882,
        "support": 81.0
    },
    "6": {
        "precision": 0.8902439024390244,
        "recall": 0.9012345679012346,
        "f1-score": 0.8957055214723927,
        "support": 81.0
    },
    "7": {
        "precision": 0.8470588235294118,
        "recall": 0.8888888888888888,
        "f1-score": 0.8674698795180723,
        "support": 81.0
    },
    "8": {
        "precision": 0.8292682926829268,
        "recall": 0.8395061728395061,
        "f1-score": 0.8343558282208589,
        "support": 81.0
    },
    "9": {
        "precision": 1.0,
        "recall": 0.8271604938271605,
        "f1-score": 0.9054054054054054,
        "support": 81.0
    },
    "accuracy": 0.9396433470507545,
    "macro avg": {
        "precision": 0.9418537086891027,
        "recall": 0.9396433470507544,
        "f1-score": 0.9395419790097019,
        "support": 729.0
    },
    "weighted avg": {
        "precision": 0.9418537086891028,
        "recall": 0.9396433470507545,
        "f1-score": 0.9395419790097018,
        "support": 729.0
    }
}