{
    "10": {
        "precision": 0.4444444444444444,
        "recall": 0.5432098765432098,
        "f1-score": 0.4888888888888889,
        "support": 81.0
    },
    "11": {
        "precision": 0.7777777777777778,
        "recall": 0.1728395061728395,
        "f1-score": 0.2828282828282828,
        "support": 81.0
    },
    "12": {
        "precision": 0.6486486486486487,
        "recall": 0.2962962962962963,
        "f1-score": 0.4067796610169492,
        "support": 81.0
    },
    "13": {
        "precision": 0.35526315789473684,
        "recall": 0.3333333333333333,
        "f1-score": 0.34394904458598724,
        "support": 81.0
    },
    "14": {
        "precision": 0.043478260869565216,
        "recall": 0.012345679012345678,
        "f1-score": 0.019230769230769232,
        "support": 81.0
    },
    "15": {
        "precision": 0.0273972602739726,
        "recall": 0.024691358024691357,
        "f1-score": 0.025974025974025976,
        "support": 81.0
    },
    "16": {
        "precision": 0.12380952380952381,
        "recall": 0.16049382716049382,
        "f1-score": 0.13978494623655913,
        "support": 81.0
    },
    "17": {
        "precision": 0.0,
        "recall": 0.0,
        "f1-score": 0.0,
        "support": 81.0
    },
    "18": {
        "precision": 0.01834862385321101,
        "recall": 0.024691358024691357,
        "f1-score": 0.021052631578947368,
        "support": 81.0
    },
    "micro avg": {
        "precision": 0.2351851851851852,
        "recall": 0.17421124828532236,
        "f1-score": 0.20015760441292357,
        "support": 729.0
    },
    "macro avg": {
        "precision": 0.27101863306354224,
        "recall": 0.17421124828532233,
        "f1-score": 0.1920542500378233,
        "support": 729.0
    },
    "weighted avg": {
        "precision": 0.27101863306354224,
        "recall": 0.17421124828532236,
        "f1-score": 0.1920542500378233,
        "support": 729.0
    },
    "accuracy": 0.17421124828532236
}