{
    "1": {
        "precision": 1.0,
        "recall": 1.0,
        "f1-score": 1.0,
        "support": 81.0
    },
    "2": {
        "precision": 0.7714285714285715,
        "recall": 1.0,
        "f1-score": 0.8709677419354839,
        "support": 162.0
    },
    "3": {
        "precision": 0.4148936170212766,
        "recall": 0.8024691358024691,
        "f1-score": 0.5469845722300141,
        "support": 243.0
    },
    "4": {
        "precision": 0.125,
        "recall": 0.15123456790123457,
        "f1-score": 0.13687150837988826,
        "support": 324.0
    },
    "5": {
        "precision": 0.11946050096339114,
        "recall": 0.15308641975308643,
        "f1-score": 0.1341991341991342,
        "support": 405.0
    },
    "6": {
        "precision": 0.04991394148020654,
        "recall": 0.059670781893004114,
        "f1-score": 0.05435801312089972,
        "support": 486.0
    },
    "7": {
        "precision": 0.022796352583586626,
        "recall": 0.026455026455026454,
        "f1-score": 0.024489795918367346,
        "support": 567.0
    },
    "8": {
        "precision": 0.006811989100817439,
        "recall": 0.007716049382716049,
        "f1-score": 0.00723589001447178,
        "support": 648.0
    },
    "9": {
        "precision": 0.0,
        "recall": 0.0,
        "f1-score": 0.0,
        "support": 729.0
    },
    "accuracy": 0.16406035665294924,
    "macro avg": {
        "precision": 0.2789227747308722,
        "recall": 0.3556257756875041,
        "f1-score": 0.30834518397758437,
        "support": 3645.0
    },
    "weighted avg": {
        "precision": 0.11996432285579586,
        "recall": 0.16406035665294924,
        "f1-score": 0.13681854834102172,
        "support": 3645.0
    }
}