{
    "1": {
        "precision": 1.0,
        "recall": 1.0,
        "f1-score": 1.0,
        "support": 81.0
    },
    "2": {
        "precision": 0.9878048780487805,
        "recall": 1.0,
        "f1-score": 0.9938650306748467,
        "support": 81.0
    },
    "3": {
        "precision": 0.9302325581395349,
        "recall": 0.9876543209876543,
        "f1-score": 0.9580838323353293,
        "support": 81.0
    },
    "4": {
        "precision": 0.9113924050632911,
        "recall": 0.8888888888888888,
        "f1-score": 0.9,
        "support": 81.0
    },
    "5": {
        "precision": 0.7875,
        "recall": 0.7777777777777778,
        "f1-score": 0.782608695652174,
        "support": 81.0
    },
    "6": {
        "precision": 0.5862068965517241,
        "recall": 0.41975308641975306,
        "f1-score": 0.4892086330935252,
        "support": 81.0
    },
    "7": {
        "precision": 0.5227272727272727,
        "recall": 0.2839506172839506,
        "f1-score": 0.368,
        "support": 81.0
    },
    "8": {
        "precision": 0.3333333333333333,
        "recall": 0.25925925925925924,
        "f1-score": 0.2916666666666667,
        "support": 81.0
    },
    "9": {
        "precision": 0.39473684210526316,
        "recall": 0.18518518518518517,
        "f1-score": 0.25210084033613445,
        "support": 81.0
    },
    "micro avg": {
        "precision": 0.7692307692307693,
        "recall": 0.644718792866941,
        "f1-score": 0.7014925373134329,
        "support": 729.0
    },
    "macro avg": {
        "precision": 0.7171037984410221,
        "recall": 0.644718792866941,
        "f1-score": 0.6706148554176307,
        "support": 729.0
    },
    "weighted avg": {
        "precision": 0.7171037984410222,
        "recall": 0.644718792866941,
        "f1-score": 0.6706148554176307,
        "support": 729.0
    },
    "accuracy": 0.644718792866941
}