{
    "1": {
        "precision": 1.0,
        "recall": 0.9382716049382716,
        "f1-score": 0.9681528662420382,
        "support": 81.0
    },
    "2": {
        "precision": 0.9382716049382716,
        "recall": 0.9382716049382716,
        "f1-score": 0.9382716049382716,
        "support": 81.0
    },
    "3": {
        "precision": 0.9367088607594937,
        "recall": 0.9135802469135802,
        "f1-score": 0.925,
        "support": 81.0
    },
    "4": {
        "precision": 0.9125,
        "recall": 0.9012345679012346,
        "f1-score": 0.906832298136646,
        "support": 81.0
    },
    "5": {
        "precision": 0.9210526315789473,
        "recall": 0.8641975308641975,
        "f1-score": 0.89171974522293,
        "support": 81.0
    },
    "6": {
        "precision": 0.8241758241758241,
        "recall": 0.9259259259259259,
        "f1-score": 0.872093023255814,
        "support": 81.0
    },
    "7": {
        "precision": 0.8983050847457628,
        "recall": 0.654320987654321,
        "f1-score": 0.7571428571428571,
        "support": 81.0
    },
    "8": {
        "precision": 0.660377358490566,
        "recall": 0.8641975308641975,
        "f1-score": 0.7486631016042781,
        "support": 81.0
    },
    "9": {
        "precision": 0.8607594936708861,
        "recall": 0.8395061728395061,
        "f1-score": 0.85,
        "support": 81.0
    },
    "micro avg": {
        "precision": 0.8734525447042641,
        "recall": 0.8710562414266118,
        "f1-score": 0.8722527472527473,
        "support": 729.0
    },
    "macro avg": {
        "precision": 0.883572317595528,
        "recall": 0.8710562414266119,
        "f1-score": 0.8730972773936483,
        "support": 729.0
    },
    "weighted avg": {
        "precision": 0.8835723175955281,
        "recall": 0.8710562414266118,
        "f1-score": 0.8730972773936483,
        "support": 729.0
    },
    "accuracy": 0.8710562414266118
}