{
    "10": {
        "precision": 0.024763292061179897,
        "recall": 0.01748971193415638,
        "f1-score": 0.020500452215857702,
        "support": 1944.0
    },
    "11": {
        "precision": 0.01813236627379873,
        "recall": 0.0205761316872428,
        "f1-score": 0.01927710843373494,
        "support": 1944.0
    },
    "12": {
        "precision": 0.011811023622047244,
        "recall": 0.018518518518518517,
        "f1-score": 0.014423076923076924,
        "support": 1944.0
    },
    "13": {
        "precision": 0.012024048096192385,
        "recall": 0.006172839506172839,
        "f1-score": 0.008157715839564922,
        "support": 1944.0
    },
    "14": {
        "precision": 0.017106842737094837,
        "recall": 0.029320987654320986,
        "f1-score": 0.021607278241091737,
        "support": 1944.0
    },
    "15": {
        "precision": 0.009626274065685165,
        "recall": 0.00874485596707819,
        "f1-score": 0.009164420485175202,
        "support": 1944.0
    },
    "16": {
        "precision": 0.0,
        "recall": 0.0,
        "f1-score": 0.0,
        "support": 1944.0
    },
    "17": {
        "precision": 0.0,
        "recall": 0.0,
        "f1-score": 0.0,
        "support": 1944.0
    },
    "18": {
        "precision": 0.0,
        "recall": 0.0,
        "f1-score": 0.0,
        "support": 1944.0
    },
    "micro avg": {
        "precision": 0.015324472243940578,
        "recall": 0.011202560585276635,
        "f1-score": 0.012943274120055472,
        "support": 17496.0
    },
    "macro avg": {
        "precision": 0.010384871872888696,
        "recall": 0.011202560585276633,
        "f1-score": 0.010347783570944603,
        "support": 17496.0
    },
    "weighted avg": {
        "precision": 0.010384871872888697,
        "recall": 0.011202560585276635,
        "f1-score": 0.010347783570944603,
        "support": 17496.0
    },
    "accuracy": 0.011202560585276635
}