{
    "1": {
        "precision": 0.9960309585235165,
        "recall": 0.8980139559849705,
        "f1-score": 0.9444862627022959,
        "support": 5589.0
    },
    "2": {
        "precision": 0.9724065665385959,
        "recall": 0.9962426194310252,
        "f1-score": 0.9841802916482545,
        "support": 5589.0
    },
    "3": {
        "precision": 0.9734960767218832,
        "recall": 0.9989264626945786,
        "f1-score": 0.9860473330978453,
        "support": 5589.0
    },
    "4": {
        "precision": 0.9772568229531141,
        "recall": 0.9994632313472893,
        "f1-score": 0.9882352941176471,
        "support": 5589.0
    },
    "5": {
        "precision": 0.9872611464968153,
        "recall": 0.998389694041868,
        "f1-score": 0.9927942353883107,
        "support": 5589.0
    },
    "6": {
        "precision": 0.991825128843078,
        "recall": 0.9985686169261049,
        "f1-score": 0.9951854493580599,
        "support": 5589.0
    },
    "7": {
        "precision": 0.9964176965789002,
        "recall": 0.9953480050098408,
        "f1-score": 0.9958825635517364,
        "support": 5589.0
    },
    "8": {
        "precision": 0.9939329050678087,
        "recall": 0.996600465199499,
        "f1-score": 0.9952648977039221,
        "support": 5589.0
    },
    "9": {
        "precision": 0.998383910935536,
        "recall": 0.9948112363571301,
        "f1-score": 0.9965943717512099,
        "support": 5589.0
    },
    "micro avg": {
        "precision": 0.9872440349445782,
        "recall": 0.9862626985547007,
        "f1-score": 0.9867531227623518,
        "support": 50301.0
    },
    "macro avg": {
        "precision": 0.987445690295472,
        "recall": 0.9862626985547007,
        "f1-score": 0.9865189665910312,
        "support": 50301.0
    },
    "weighted avg": {
        "precision": 0.9874456902954719,
        "recall": 0.9862626985547007,
        "f1-score": 0.9865189665910314,
        "support": 50301.0
    },
    "accuracy": 0.9862626985547007
}