{
    "10": {
        "precision": 0.24,
        "recall": 0.2962962962962963,
        "f1-score": 0.26519337016574585,
        "support": 81.0
    },
    "11": {
        "precision": 0.0,
        "recall": 0.0,
        "f1-score": 0.0,
        "support": 81.0
    },
    "12": {
        "precision": 0.7613636363636364,
        "recall": 0.8271604938271605,
        "f1-score": 0.7928994082840237,
        "support": 81.0
    },
    "13": {
        "precision": 0.6086956521739131,
        "recall": 0.1728395061728395,
        "f1-score": 0.2692307692307692,
        "support": 81.0
    },
    "14": {
        "precision": 0.1320754716981132,
        "recall": 0.08641975308641975,
        "f1-score": 0.1044776119402985,
        "support": 81.0
    },
    "15": {
        "precision": 0.4143646408839779,
        "recall": 0.9259259259259259,
        "f1-score": 0.5725190839694656,
        "support": 81.0
    },
    "16": {
        "precision": 0.4041095890410959,
        "recall": 0.7283950617283951,
        "f1-score": 0.5198237885462555,
        "support": 81.0
    },
    "17": {
        "precision": 0.2631578947368421,
        "recall": 0.24691358024691357,
        "f1-score": 0.25477707006369427,
        "support": 81.0
    },
    "18": {
        "precision": 1.0,
        "recall": 0.06172839506172839,
        "f1-score": 0.11627906976744186,
        "support": 81.0
    },
    "micro avg": {
        "precision": 0.40327380952380953,
        "recall": 0.3717421124828532,
        "f1-score": 0.3868665239114918,
        "support": 729.0
    },
    "macro avg": {
        "precision": 0.42486298721084204,
        "recall": 0.3717421124828532,
        "f1-score": 0.3216889079964105,
        "support": 729.0
    },
    "weighted avg": {
        "precision": 0.42486298721084204,
        "recall": 0.3717421124828532,
        "f1-score": 0.32168890799641053,
        "support": 729.0
    },
    "accuracy": 0.3717421124828532
}