{
    "1": {
        "precision": 1.0,
        "recall": 1.0,
        "f1-score": 1.0,
        "support": 81.0
    },
    "2": {
        "precision": 0.9878048780487805,
        "recall": 1.0,
        "f1-score": 0.9938650306748467,
        "support": 81.0
    },
    "3": {
        "precision": 1.0,
        "recall": 1.0,
        "f1-score": 1.0,
        "support": 81.0
    },
    "4": {
        "precision": 0.963855421686747,
        "recall": 0.9876543209876543,
        "f1-score": 0.975609756097561,
        "support": 81.0
    },
    "5": {
        "precision": 0.9102564102564102,
        "recall": 0.8765432098765432,
        "f1-score": 0.8930817610062893,
        "support": 81.0
    },
    "6": {
        "precision": 0.8484848484848485,
        "recall": 0.691358024691358,
        "f1-score": 0.7619047619047619,
        "support": 81.0
    },
    "7": {
        "precision": 0.5970149253731343,
        "recall": 0.49382716049382713,
        "f1-score": 0.5405405405405406,
        "support": 81.0
    },
    "8": {
        "precision": 0.5,
        "recall": 0.35802469135802467,
        "f1-score": 0.4172661870503597,
        "support": 81.0
    },
    "9": {
        "precision": 0.5384615384615384,
        "recall": 0.345679012345679,
        "f1-score": 0.42105263157894735,
        "support": 81.0
    },
    "micro avg": {
        "precision": 0.8441358024691358,
        "recall": 0.7503429355281207,
        "f1-score": 0.794480755265069,
        "support": 729.0
    },
    "macro avg": {
        "precision": 0.8162086691457175,
        "recall": 0.7503429355281207,
        "f1-score": 0.7781467409837006,
        "support": 729.0
    },
    "weighted avg": {
        "precision": 0.8162086691457177,
        "recall": 0.7503429355281207,
        "f1-score": 0.7781467409837005,
        "support": 729.0
    },
    "accuracy": 0.7503429355281207
}