{
    "10": {
        "precision": 0.9791666666666666,
        "recall": 0.5802469135802469,
        "f1-score": 0.7286821705426356,
        "support": 81.0
    },
    "11": {
        "precision": 0.9444444444444444,
        "recall": 0.6296296296296297,
        "f1-score": 0.7555555555555555,
        "support": 81.0
    },
    "12": {
        "precision": 0.6777777777777778,
        "recall": 0.7530864197530864,
        "f1-score": 0.7134502923976608,
        "support": 81.0
    },
    "13": {
        "precision": 0.726027397260274,
        "recall": 0.654320987654321,
        "f1-score": 0.6883116883116883,
        "support": 81.0
    },
    "14": {
        "precision": 0.0,
        "recall": 0.0,
        "f1-score": 0.0,
        "support": 81.0
    },
    "15": {
        "precision": 0.03,
        "recall": 0.037037037037037035,
        "f1-score": 0.03314917127071823,
        "support": 81.0
    },
    "16": {
        "precision": 0.05555555555555555,
        "recall": 0.06172839506172839,
        "f1-score": 0.05847953216374269,
        "support": 81.0
    },
    "17": {
        "precision": 0.0,
        "recall": 0.0,
        "f1-score": 0.0,
        "support": 81.0
    },
    "18": {
        "precision": 0.0,
        "recall": 0.0,
        "f1-score": 0.0,
        "support": 81.0
    },
    "micro avg": {
        "precision": 0.46709129511677283,
        "recall": 0.3017832647462277,
        "f1-score": 0.36666666666666664,
        "support": 729.0
    },
    "macro avg": {
        "precision": 0.3792190935227465,
        "recall": 0.30178326474622774,
        "f1-score": 0.33084760113800016,
        "support": 729.0
    },
    "weighted avg": {
        "precision": 0.3792190935227466,
        "recall": 0.3017832647462277,
        "f1-score": 0.3308476011380001,
        "support": 729.0
    },
    "accuracy": 0.3017832647462277
}