{
    "10": {
        "precision": 0.029850746268656716,
        "recall": 0.024691358024691357,
        "f1-score": 0.02702702702702703,
        "support": 81.0
    },
    "11": {
        "precision": 0.011111111111111112,
        "recall": 0.012345679012345678,
        "f1-score": 0.011695906432748537,
        "support": 81.0
    },
    "12": {
        "precision": 0.008620689655172414,
        "recall": 0.012345679012345678,
        "f1-score": 0.01015228426395939,
        "support": 81.0
    },
    "13": {
        "precision": 0.0,
        "recall": 0.0,
        "f1-score": 0.0,
        "support": 81.0
    },
    "14": {
        "precision": 0.0,
        "recall": 0.0,
        "f1-score": 0.0,
        "support": 81.0
    },
    "15": {
        "precision": 0.0,
        "recall": 0.0,
        "f1-score": 0.0,
        "support": 81.0
    },
    "16": {
        "precision": 0.0,
        "recall": 0.0,
        "f1-score": 0.0,
        "support": 81.0
    },
    "17": {
        "precision": 0.0,
        "recall": 0.0,
        "f1-score": 0.0,
        "support": 81.0
    },
    "18": {
        "precision": 0.0,
        "recall": 0.0,
        "f1-score": 0.0,
        "support": 81.0
    },
    "micro avg": {
        "precision": 0.007434944237918215,
        "recall": 0.0054869684499314125,
        "f1-score": 0.006314127861089187,
        "support": 729.0
    },
    "macro avg": {
        "precision": 0.005509171892771138,
        "recall": 0.0054869684499314125,
        "f1-score": 0.005430579747081662,
        "support": 729.0
    },
    "weighted avg": {
        "precision": 0.005509171892771138,
        "recall": 0.0054869684499314125,
        "f1-score": 0.005430579747081662,
        "support": 729.0
    },
    "accuracy": 0.0054869684499314125
}