{
    "1": {
        "precision": 0.9642857142857143,
        "recall": 1.0,
        "f1-score": 0.9818181818181818,
        "support": 81.0
    },
    "2": {
        "precision": 0.6341463414634146,
        "recall": 0.9629629629629629,
        "f1-score": 0.7647058823529411,
        "support": 162.0
    },
    "3": {
        "precision": 0.38341968911917096,
        "recall": 0.6090534979423868,
        "f1-score": 0.47058823529411764,
        "support": 243.0
    },
    "4": {
        "precision": 0.19402985074626866,
        "recall": 0.24074074074074073,
        "f1-score": 0.21487603305785125,
        "support": 324.0
    },
    "5": {
        "precision": 0.1408695652173913,
        "recall": 0.2,
        "f1-score": 0.1653061224489796,
        "support": 405.0
    },
    "6": {
        "precision": 0.01195219123505976,
        "recall": 0.012345679012345678,
        "f1-score": 0.012145748987854251,
        "support": 486.0
    },
    "7": {
        "precision": 0.09874826147426982,
        "recall": 0.12522045855379188,
        "f1-score": 0.1104199066874028,
        "support": 567.0
    },
    "8": {
        "precision": 0.0027359781121751026,
        "recall": 0.0030864197530864196,
        "f1-score": 0.0029006526468455403,
        "support": 648.0
    },
    "9": {
        "precision": 0.0,
        "recall": 0.0,
        "f1-score": 0.0,
        "support": 729.0
    },
    "accuracy": 0.1709190672153635,
    "macro avg": {
        "precision": 0.27002084351705163,
        "recall": 0.35037886210725716,
        "f1-score": 0.3025289736993527,
        "support": 3645.0
    },
    "weighted avg": {
        "precision": 0.12551429991710522,
        "recall": 0.1709190672153635,
        "f1-score": 0.14395663241769846,
        "support": 3645.0
    }
}