{
    "10": {
        "precision": 0.9166666666666666,
        "recall": 0.9506172839506173,
        "f1-score": 0.9333333333333333,
        "support": 81.0
    },
    "11": {
        "precision": 0.9367088607594937,
        "recall": 0.9135802469135802,
        "f1-score": 0.925,
        "support": 81.0
    },
    "12": {
        "precision": 0.7378640776699029,
        "recall": 0.9382716049382716,
        "f1-score": 0.8260869565217391,
        "support": 81.0
    },
    "13": {
        "precision": 0.5918367346938775,
        "recall": 0.7160493827160493,
        "f1-score": 0.6480446927374302,
        "support": 81.0
    },
    "14": {
        "precision": 0.42574257425742573,
        "recall": 0.5308641975308642,
        "f1-score": 0.4725274725274725,
        "support": 81.0
    },
    "15": {
        "precision": 0.8163265306122449,
        "recall": 0.49382716049382713,
        "f1-score": 0.6153846153846154,
        "support": 81.0
    },
    "16": {
        "precision": 0.6823529411764706,
        "recall": 0.7160493827160493,
        "f1-score": 0.6987951807228916,
        "support": 81.0
    },
    "17": {
        "precision": 0.8823529411764706,
        "recall": 0.5555555555555556,
        "f1-score": 0.6818181818181818,
        "support": 81.0
    },
    "18": {
        "precision": 0.7884615384615384,
        "recall": 0.5061728395061729,
        "f1-score": 0.6165413533834586,
        "support": 81.0
    },
    "micro avg": {
        "precision": 0.7293447293447294,
        "recall": 0.7023319615912208,
        "f1-score": 0.7155835080363382,
        "support": 729.0
    },
    "macro avg": {
        "precision": 0.7531458739415657,
        "recall": 0.7023319615912208,
        "f1-score": 0.7130590873810135,
        "support": 729.0
    },
    "weighted avg": {
        "precision": 0.7531458739415657,
        "recall": 0.7023319615912208,
        "f1-score": 0.7130590873810136,
        "support": 729.0
    },
    "accuracy": 0.7023319615912208
}