{
    "1": {
        "precision": 0.9953917050691244,
        "recall": 1.0,
        "f1-score": 0.9976905311778291,
        "support": 1944.0
    },
    "2": {
        "precision": 0.9655860349127182,
        "recall": 0.9958847736625515,
        "f1-score": 0.9805013927576601,
        "support": 1944.0
    },
    "3": {
        "precision": 0.7799834574028123,
        "recall": 0.970164609053498,
        "f1-score": 0.864740944520862,
        "support": 1944.0
    },
    "4": {
        "precision": 0.4357000993048659,
        "recall": 0.9027777777777778,
        "f1-score": 0.5877427997320831,
        "support": 1944.0
    },
    "5": {
        "precision": 0.5634095634095634,
        "recall": 0.6970164609053497,
        "f1-score": 0.6231317544263049,
        "support": 1944.0
    },
    "6": {
        "precision": 0.48937426210153484,
        "recall": 0.426440329218107,
        "f1-score": 0.4557449147883452,
        "support": 1944.0
    },
    "7": {
        "precision": 0.5061043285238623,
        "recall": 0.2345679012345679,
        "f1-score": 0.32056239015817223,
        "support": 1944.0
    },
    "8": {
        "precision": 0.5176579925650557,
        "recall": 0.286522633744856,
        "f1-score": 0.36887417218543045,
        "support": 1944.0
    },
    "9": {
        "precision": 0.5850202429149798,
        "recall": 0.14866255144032922,
        "f1-score": 0.23707957342083674,
        "support": 1944.0
    },
    "micro avg": {
        "precision": 0.6484623541887593,
        "recall": 0.6291152263374485,
        "f1-score": 0.6386422976501306,
        "support": 17496.0
    },
    "macro avg": {
        "precision": 0.6486919651338352,
        "recall": 0.6291152263374485,
        "f1-score": 0.6040076081297249,
        "support": 17496.0
    },
    "weighted avg": {
        "precision": 0.6486919651338351,
        "recall": 0.6291152263374485,
        "f1-score": 0.6040076081297249,
        "support": 17496.0
    },
    "accuracy": 0.6291152263374485
}