{
    "10": {
        "precision": 0.017543859649122806,
        "recall": 0.012345679012345678,
        "f1-score": 0.014492753623188406,
        "support": 81.0
    },
    "11": {
        "precision": 0.0,
        "recall": 0.0,
        "f1-score": 0.0,
        "support": 81.0
    },
    "12": {
        "precision": 0.0,
        "recall": 0.0,
        "f1-score": 0.0,
        "support": 81.0
    },
    "13": {
        "precision": 0.0,
        "recall": 0.0,
        "f1-score": 0.0,
        "support": 81.0
    },
    "14": {
        "precision": 0.0,
        "recall": 0.0,
        "f1-score": 0.0,
        "support": 81.0
    },
    "15": {
        "precision": 0.0,
        "recall": 0.0,
        "f1-score": 0.0,
        "support": 81.0
    },
    "16": {
        "precision": 0.0,
        "recall": 0.0,
        "f1-score": 0.0,
        "support": 81.0
    },
    "17": {
        "precision": 0.0,
        "recall": 0.0,
        "f1-score": 0.0,
        "support": 81.0
    },
    "18": {
        "precision": 0.0,
        "recall": 0.0,
        "f1-score": 0.0,
        "support": 81.0
    },
    "micro avg": {
        "precision": 0.0019047619047619048,
        "recall": 0.0013717421124828531,
        "f1-score": 0.001594896331738437,
        "support": 729.0
    },
    "macro avg": {
        "precision": 0.001949317738791423,
        "recall": 0.0013717421124828531,
        "f1-score": 0.001610305958132045,
        "support": 729.0
    },
    "weighted avg": {
        "precision": 0.001949317738791423,
        "recall": 0.0013717421124828531,
        "f1-score": 0.0016103059581320453,
        "support": 729.0
    },
    "accuracy": 0.0013717421124828531
}