{
    "1": {
        "precision": 1.0,
        "recall": 0.9668992664161746,
        "f1-score": 0.9831711088874738,
        "support": 5589.0
    },
    "2": {
        "precision": 0.9663287472845764,
        "recall": 0.9550903560565396,
        "f1-score": 0.9606766849635562,
        "support": 5589.0
    },
    "3": {
        "precision": 0.9495674581262654,
        "recall": 0.9230631597781356,
        "f1-score": 0.936127744510978,
        "support": 5589.0
    },
    "4": {
        "precision": 0.9023840810963019,
        "recall": 0.8600823045267489,
        "f1-score": 0.8807255404910224,
        "support": 5589.0
    },
    "5": {
        "precision": 0.8030405405405405,
        "recall": 0.8505993916621936,
        "f1-score": 0.8261360674254931,
        "support": 5589.0
    },
    "6": {
        "precision": 0.7699947726084684,
        "recall": 0.7906602254428341,
        "f1-score": 0.7801906779661016,
        "support": 5589.0
    },
    "7": {
        "precision": 0.7792436235708003,
        "recall": 0.475577026301664,
        "f1-score": 0.5906666666666667,
        "support": 5589.0
    },
    "8": {
        "precision": 0.5521968946151304,
        "recall": 0.5981392020039363,
        "f1-score": 0.5742506226917461,
        "support": 5589.0
    },
    "9": {
        "precision": 0.5972549019607843,
        "recall": 0.5449991053855788,
        "f1-score": 0.5699317054916269,
        "support": 5589.0
    },
    "micro avg": {
        "precision": 0.8124895642010352,
        "recall": 0.7739011152859784,
        "f1-score": 0.7927260138678179,
        "support": 50301.0
    },
    "macro avg": {
        "precision": 0.8133345577558742,
        "recall": 0.7739011152859784,
        "f1-score": 0.7890974243438517,
        "support": 50301.0
    },
    "weighted avg": {
        "precision": 0.8133345577558744,
        "recall": 0.7739011152859784,
        "f1-score": 0.7890974243438516,
        "support": 50301.0
    },
    "accuracy": 0.7739011152859784
}