{
    "10": {
        "precision": 0.9404761904761905,
        "recall": 0.9753086419753086,
        "f1-score": 0.9575757575757575,
        "support": 81.0
    },
    "11": {
        "precision": 0.95,
        "recall": 0.9382716049382716,
        "f1-score": 0.9440993788819876,
        "support": 81.0
    },
    "12": {
        "precision": 0.7428571428571429,
        "recall": 0.9629629629629629,
        "f1-score": 0.8387096774193549,
        "support": 81.0
    },
    "13": {
        "precision": 0.5686274509803921,
        "recall": 0.7160493827160493,
        "f1-score": 0.6338797814207651,
        "support": 81.0
    },
    "14": {
        "precision": 0.45555555555555555,
        "recall": 0.5061728395061729,
        "f1-score": 0.47953216374269003,
        "support": 81.0
    },
    "15": {
        "precision": 0.640625,
        "recall": 0.5061728395061729,
        "f1-score": 0.5655172413793104,
        "support": 81.0
    },
    "16": {
        "precision": 0.6666666666666666,
        "recall": 0.6172839506172839,
        "f1-score": 0.6410256410256411,
        "support": 81.0
    },
    "17": {
        "precision": 0.8596491228070176,
        "recall": 0.6049382716049383,
        "f1-score": 0.7101449275362319,
        "support": 81.0
    },
    "18": {
        "precision": 0.9411764705882353,
        "recall": 0.5925925925925926,
        "f1-score": 0.7272727272727273,
        "support": 81.0
    },
    "micro avg": {
        "precision": 0.7344632768361582,
        "recall": 0.7133058984910837,
        "f1-score": 0.7237299930410578,
        "support": 729.0
    },
    "macro avg": {
        "precision": 0.7517370666590223,
        "recall": 0.7133058984910837,
        "f1-score": 0.7219730329171629,
        "support": 729.0
    },
    "weighted avg": {
        "precision": 0.7517370666590223,
        "recall": 0.7133058984910837,
        "f1-score": 0.7219730329171629,
        "support": 729.0
    },
    "accuracy": 0.7133058984910837
}