{
    "1": {
        "precision": 1.0,
        "recall": 1.0,
        "f1-score": 1.0,
        "support": 81.0
    },
    "2": {
        "precision": 1.0,
        "recall": 1.0,
        "f1-score": 1.0,
        "support": 81.0
    },
    "3": {
        "precision": 1.0,
        "recall": 1.0,
        "f1-score": 1.0,
        "support": 81.0
    },
    "4": {
        "precision": 0.9759036144578314,
        "recall": 1.0,
        "f1-score": 0.9878048780487805,
        "support": 81.0
    },
    "5": {
        "precision": 0.9397590361445783,
        "recall": 0.9629629629629629,
        "f1-score": 0.9512195121951219,
        "support": 81.0
    },
    "6": {
        "precision": 0.92,
        "recall": 0.8518518518518519,
        "f1-score": 0.8846153846153846,
        "support": 81.0
    },
    "7": {
        "precision": 0.84375,
        "recall": 0.6666666666666666,
        "f1-score": 0.7448275862068966,
        "support": 81.0
    },
    "8": {
        "precision": 0.6111111111111112,
        "recall": 0.5432098765432098,
        "f1-score": 0.5751633986928104,
        "support": 81.0
    },
    "9": {
        "precision": 0.6349206349206349,
        "recall": 0.49382716049382713,
        "f1-score": 0.5555555555555556,
        "support": 81.0
    },
    "micro avg": {
        "precision": 0.8916544655929722,
        "recall": 0.8353909465020576,
        "f1-score": 0.8626062322946175,
        "support": 729.0
    },
    "macro avg": {
        "precision": 0.8806049329593506,
        "recall": 0.8353909465020577,
        "f1-score": 0.855465146146061,
        "support": 729.0
    },
    "weighted avg": {
        "precision": 0.8806049329593507,
        "recall": 0.8353909465020576,
        "f1-score": 0.8554651461460611,
        "support": 729.0
    },
    "accuracy": 0.8353909465020576
}