{
    "10": {
        "precision": 0.024390243902439025,
        "recall": 0.037037037037037035,
        "f1-score": 0.029411764705882353,
        "support": 81.0
    },
    "11": {
        "precision": 0.0,
        "recall": 0.0,
        "f1-score": 0.0,
        "support": 81.0
    },
    "12": {
        "precision": 0.37962962962962965,
        "recall": 0.5061728395061729,
        "f1-score": 0.43386243386243384,
        "support": 81.0
    },
    "13": {
        "precision": 0.19736842105263158,
        "recall": 0.18518518518518517,
        "f1-score": 0.1910828025477707,
        "support": 81.0
    },
    "14": {
        "precision": 0.20588235294117646,
        "recall": 0.25925925925925924,
        "f1-score": 0.22950819672131148,
        "support": 81.0
    },
    "15": {
        "precision": 0.2777777777777778,
        "recall": 0.12345679012345678,
        "f1-score": 0.17094017094017094,
        "support": 81.0
    },
    "16": {
        "precision": 0.5,
        "recall": 0.012345679012345678,
        "f1-score": 0.024096385542168676,
        "support": 81.0
    },
    "17": {
        "precision": 0.0,
        "recall": 0.0,
        "f1-score": 0.0,
        "support": 81.0
    },
    "18": {
        "precision": 0.0,
        "recall": 0.0,
        "f1-score": 0.0,
        "support": 81.0
    },
    "micro avg": {
        "precision": 0.203579418344519,
        "recall": 0.12482853223593965,
        "f1-score": 0.15476190476190477,
        "support": 729.0
    },
    "macro avg": {
        "precision": 0.17611649170040605,
        "recall": 0.12482853223593963,
        "f1-score": 0.11987797270219312,
        "support": 729.0
    },
    "weighted avg": {
        "precision": 0.17611649170040605,
        "recall": 0.12482853223593965,
        "f1-score": 0.11987797270219312,
        "support": 729.0
    },
    "accuracy": 0.12482853223593965
}