{
    "1": {
        "precision": 0.9905894886363636,
        "recall": 0.998210771157631,
        "f1-score": 0.9943855271366189,
        "support": 5589.0
    },
    "2": {
        "precision": 0.9188540058329044,
        "recall": 0.9583109679728037,
        "f1-score": 0.9381678052198283,
        "support": 5589.0
    },
    "3": {
        "precision": 0.8095590959614672,
        "recall": 0.7818930041152263,
        "f1-score": 0.7954855738600164,
        "support": 5589.0
    },
    "4": {
        "precision": 0.6368838840686727,
        "recall": 0.6172839506172839,
        "f1-score": 0.6269307650372524,
        "support": 5589.0
    },
    "5": {
        "precision": 0.43749253731343285,
        "recall": 0.6555734478439792,
        "f1-score": 0.5247780005729017,
        "support": 5589.0
    },
    "6": {
        "precision": 0.30234957020057307,
        "recall": 0.47199856861692613,
        "f1-score": 0.3685901914209864,
        "support": 5589.0
    },
    "7": {
        "precision": 0.2188250360172883,
        "recall": 0.24458758275183395,
        "f1-score": 0.23099019939168638,
        "support": 5589.0
    },
    "8": {
        "precision": 0.3207847295864263,
        "recall": 0.21649668992664162,
        "f1-score": 0.25851938895417154,
        "support": 5589.0
    },
    "9": {
        "precision": 0.7439024390243902,
        "recall": 0.03274288781535158,
        "f1-score": 0.06272493573264781,
        "support": 5589.0
    },
    "micro avg": {
        "precision": 0.5603634092786205,
        "recall": 0.5530108745352975,
        "f1-score": 0.5566628644613876,
        "support": 50301.0
    },
    "macro avg": {
        "precision": 0.5976934207379466,
        "recall": 0.5530108745352975,
        "f1-score": 0.5333969319251233,
        "support": 50301.0
    },
    "weighted avg": {
        "precision": 0.5976934207379465,
        "recall": 0.5530108745352975,
        "f1-score": 0.5333969319251234,
        "support": 50301.0
    },
    "accuracy": 0.5530108745352975
}