{
    "10": {
        "precision": 0.47126436781609193,
        "recall": 0.5061728395061729,
        "f1-score": 0.4880952380952381,
        "support": 81.0
    },
    "11": {
        "precision": 0.68,
        "recall": 0.20987654320987653,
        "f1-score": 0.32075471698113206,
        "support": 81.0
    },
    "12": {
        "precision": 0.6097560975609756,
        "recall": 0.6172839506172839,
        "f1-score": 0.6134969325153374,
        "support": 81.0
    },
    "13": {
        "precision": 0.6285714285714286,
        "recall": 0.8148148148148148,
        "f1-score": 0.7096774193548387,
        "support": 81.0
    },
    "14": {
        "precision": 0.75,
        "recall": 0.2222222222222222,
        "f1-score": 0.34285714285714286,
        "support": 81.0
    },
    "15": {
        "precision": 0.4689655172413793,
        "recall": 0.8395061728395061,
        "f1-score": 0.6017699115044248,
        "support": 81.0
    },
    "16": {
        "precision": 0.0,
        "recall": 0.0,
        "f1-score": 0.0,
        "support": 81.0
    },
    "17": {
        "precision": 0.4108527131782946,
        "recall": 0.654320987654321,
        "f1-score": 0.5047619047619047,
        "support": 81.0
    },
    "18": {
        "precision": 0.75,
        "recall": 0.07407407407407407,
        "f1-score": 0.1348314606741573,
        "support": 81.0
    },
    "micro avg": {
        "precision": 0.5272727272727272,
        "recall": 0.4375857338820302,
        "f1-score": 0.4782608695652174,
        "support": 729.0
    },
    "macro avg": {
        "precision": 0.52993445826313,
        "recall": 0.4375857338820301,
        "f1-score": 0.4129160807493529,
        "support": 729.0
    },
    "weighted avg": {
        "precision": 0.52993445826313,
        "recall": 0.4375857338820302,
        "f1-score": 0.4129160807493529,
        "support": 729.0
    },
    "accuracy": 0.4375857338820302
}