{
    "1": {
        "precision": 1.0,
        "recall": 0.9998210771157631,
        "f1-score": 0.9999105305538158,
        "support": 5589.0
    },
    "2": {
        "precision": 0.9951682176091625,
        "recall": 0.994990159241367,
        "f1-score": 0.995079180459873,
        "support": 5589.0
    },
    "3": {
        "precision": 0.9835164835164835,
        "recall": 0.9928430846305243,
        "f1-score": 0.9881577775799127,
        "support": 5589.0
    },
    "4": {
        "precision": 0.9610022939827069,
        "recall": 0.9744140275541242,
        "f1-score": 0.9676616915422885,
        "support": 5589.0
    },
    "5": {
        "precision": 0.8590438639724002,
        "recall": 0.9355877616747182,
        "f1-score": 0.89568345323741,
        "support": 5589.0
    },
    "6": {
        "precision": 0.7307816537467701,
        "recall": 0.8096260511719449,
        "f1-score": 0.7681860623037093,
        "support": 5589.0
    },
    "7": {
        "precision": 0.6843196381454957,
        "recall": 0.6496689926641618,
        "f1-score": 0.6665442863698945,
        "support": 5589.0
    },
    "8": {
        "precision": 0.6487959219546493,
        "recall": 0.6604043657183754,
        "f1-score": 0.6545486788437667,
        "support": 5589.0
    },
    "9": {
        "precision": 0.879378334493157,
        "recall": 0.6782966541420647,
        "f1-score": 0.7658585858585859,
        "support": 5589.0
    },
    "micro avg": {
        "precision": 0.8590173756740563,
        "recall": 0.855072463768116,
        "f1-score": 0.857040380189497,
        "support": 50301.0
    },
    "macro avg": {
        "precision": 0.8602229341578694,
        "recall": 0.8550724637681159,
        "f1-score": 0.8557366940832507,
        "support": 50301.0
    },
    "weighted avg": {
        "precision": 0.8602229341578695,
        "recall": 0.855072463768116,
        "f1-score": 0.8557366940832508,
        "support": 50301.0
    },
    "accuracy": 0.855072463768116
}