{
    "1": {
        "precision": 1.0,
        "recall": 1.0,
        "f1-score": 1.0,
        "support": 5589.0
    },
    "2": {
        "precision": 0.992325539889345,
        "recall": 0.9948112363571301,
        "f1-score": 0.993566833452466,
        "support": 5589.0
    },
    "3": {
        "precision": 0.9775340527153724,
        "recall": 0.9887278582930756,
        "f1-score": 0.9830990926881338,
        "support": 5589.0
    },
    "4": {
        "precision": 0.9521211054391833,
        "recall": 0.9677938808373591,
        "f1-score": 0.9598935226264419,
        "support": 5589.0
    },
    "5": {
        "precision": 0.8381856200739907,
        "recall": 0.9323671497584541,
        "f1-score": 0.8827714721328138,
        "support": 5589.0
    },
    "6": {
        "precision": 0.6946098401754935,
        "recall": 0.7931651458221507,
        "f1-score": 0.7406231726672793,
        "support": 5589.0
    },
    "7": {
        "precision": 0.6556971656838501,
        "recall": 0.6167471819645732,
        "f1-score": 0.6356260372487553,
        "support": 5589.0
    },
    "8": {
        "precision": 0.6326711599858106,
        "recall": 0.6382179280730005,
        "f1-score": 0.6354324396544045,
        "support": 5589.0
    },
    "9": {
        "precision": 0.8881118881118881,
        "recall": 0.6362497763463947,
        "f1-score": 0.7413739184822267,
        "support": 5589.0
    },
    "micro avg": {
        "precision": 0.8455541340156725,
        "recall": 0.8408977952724598,
        "f1-score": 0.8432195365063544,
        "support": 50301.0
    },
    "macro avg": {
        "precision": 0.8479173746749926,
        "recall": 0.8408977952724598,
        "f1-score": 0.8413762765502801,
        "support": 50301.0
    },
    "weighted avg": {
        "precision": 0.8479173746749926,
        "recall": 0.8408977952724598,
        "f1-score": 0.8413762765502802,
        "support": 50301.0
    },
    "accuracy": 0.8408977952724598
}