{
    "1": {
        "precision": 1.0,
        "recall": 1.0,
        "f1-score": 1.0,
        "support": 81.0
    },
    "2": {
        "precision": 0.6506024096385542,
        "recall": 1.0,
        "f1-score": 0.7883211678832117,
        "support": 162.0
    },
    "3": {
        "precision": 0.33620689655172414,
        "recall": 0.6419753086419753,
        "f1-score": 0.44130127298444133,
        "support": 243.0
    },
    "4": {
        "precision": 0.0392156862745098,
        "recall": 0.04938271604938271,
        "f1-score": 0.04371584699453552,
        "support": 324.0
    },
    "5": {
        "precision": 0.02631578947368421,
        "recall": 0.03209876543209877,
        "f1-score": 0.028921023359288096,
        "support": 405.0
    },
    "6": {
        "precision": 0.008787346221441126,
        "recall": 0.0102880658436214,
        "f1-score": 0.009478672985781991,
        "support": 486.0
    },
    "7": {
        "precision": 0.004622496147919877,
        "recall": 0.005291005291005291,
        "f1-score": 0.004934210526315789,
        "support": 567.0
    },
    "8": {
        "precision": 0.0027359781121751026,
        "recall": 0.0030864197530864196,
        "f1-score": 0.0029006526468455403,
        "support": 648.0
    },
    "9": {
        "precision": 0.0,
        "recall": 0.0,
        "f1-score": 0.0,
        "support": 729.0
    },
    "accuracy": 0.12016460905349795,
    "macro avg": {
        "precision": 0.2298318447133343,
        "recall": 0.30468025344568556,
        "f1-score": 0.25773031637560223,
        "support": 3645.0
    },
    "weighted avg": {
        "precision": 0.0823385905924495,
        "recall": 0.12016460905349795,
        "f1-score": 0.09632514205039992,
        "support": 3645.0
    }
}