{
    "10": {
        "precision": 0.8876404494382022,
        "recall": 0.9753086419753086,
        "f1-score": 0.9294117647058824,
        "support": 81.0
    },
    "11": {
        "precision": 0.9861111111111112,
        "recall": 0.8765432098765432,
        "f1-score": 0.9281045751633987,
        "support": 81.0
    },
    "12": {
        "precision": 0.7766990291262136,
        "recall": 0.9876543209876543,
        "f1-score": 0.8695652173913043,
        "support": 81.0
    },
    "13": {
        "precision": 0.5769230769230769,
        "recall": 0.7407407407407407,
        "f1-score": 0.6486486486486487,
        "support": 81.0
    },
    "14": {
        "precision": 0.44086021505376344,
        "recall": 0.5061728395061729,
        "f1-score": 0.47126436781609193,
        "support": 81.0
    },
    "15": {
        "precision": 0.7,
        "recall": 0.5185185185185185,
        "f1-score": 0.5957446808510638,
        "support": 81.0
    },
    "16": {
        "precision": 0.654320987654321,
        "recall": 0.654320987654321,
        "f1-score": 0.654320987654321,
        "support": 81.0
    },
    "17": {
        "precision": 0.88,
        "recall": 0.5432098765432098,
        "f1-score": 0.6717557251908397,
        "support": 81.0
    },
    "18": {
        "precision": 0.8771929824561403,
        "recall": 0.6172839506172839,
        "f1-score": 0.7246376811594203,
        "support": 81.0
    },
    "micro avg": {
        "precision": 0.7334273624823695,
        "recall": 0.7133058984910837,
        "f1-score": 0.7232267037552156,
        "support": 729.0
    },
    "macro avg": {
        "precision": 0.7533053168625365,
        "recall": 0.7133058984910837,
        "f1-score": 0.7214948498423301,
        "support": 729.0
    },
    "weighted avg": {
        "precision": 0.7533053168625364,
        "recall": 0.7133058984910837,
        "f1-score": 0.72149484984233,
        "support": 729.0
    },
    "accuracy": 0.7133058984910837
}