{
    "10": {
        "precision": 0.0,
        "recall": 0.0,
        "f1-score": 0.0,
        "support": 81.0
    },
    "11": {
        "precision": 0.0,
        "recall": 0.0,
        "f1-score": 0.0,
        "support": 81.0
    },
    "12": {
        "precision": 0.7931034482758621,
        "recall": 0.2839506172839506,
        "f1-score": 0.41818181818181815,
        "support": 81.0
    },
    "13": {
        "precision": 0.7777777777777778,
        "recall": 0.6049382716049383,
        "f1-score": 0.6805555555555556,
        "support": 81.0
    },
    "14": {
        "precision": 0.3611111111111111,
        "recall": 0.16049382716049382,
        "f1-score": 0.2222222222222222,
        "support": 81.0
    },
    "15": {
        "precision": 0.18055555555555555,
        "recall": 0.16049382716049382,
        "f1-score": 0.16993464052287582,
        "support": 81.0
    },
    "16": {
        "precision": 0.24719101123595505,
        "recall": 0.2716049382716049,
        "f1-score": 0.25882352941176473,
        "support": 81.0
    },
    "17": {
        "precision": 0.0,
        "recall": 0.0,
        "f1-score": 0.0,
        "support": 81.0
    },
    "18": {
        "precision": 0.25925925925925924,
        "recall": 0.6049382716049383,
        "f1-score": 0.362962962962963,
        "support": 81.0
    },
    "micro avg": {
        "precision": 0.28213689482470783,
        "recall": 0.23182441700960219,
        "f1-score": 0.2545180722891566,
        "support": 729.0
    },
    "macro avg": {
        "precision": 0.29099979591283565,
        "recall": 0.23182441700960219,
        "f1-score": 0.2347423032063555,
        "support": 729.0
    },
    "weighted avg": {
        "precision": 0.29099979591283565,
        "recall": 0.23182441700960219,
        "f1-score": 0.23474230320635553,
        "support": 729.0
    },
    "accuracy": 0.23182441700960219
}