{
    "1": {
        "precision": 1.0,
        "recall": 0.9998210771157631,
        "f1-score": 0.9999105305538158,
        "support": 5589.0
    },
    "2": {
        "precision": 0.9994614003590664,
        "recall": 0.9960636965467883,
        "f1-score": 0.9977596558831436,
        "support": 5589.0
    },
    "3": {
        "precision": 0.9911032028469751,
        "recall": 0.996600465199499,
        "f1-score": 0.9938442323133196,
        "support": 5589.0
    },
    "4": {
        "precision": 0.9888589398023361,
        "recall": 0.9846126319556271,
        "f1-score": 0.9867312175004482,
        "support": 5589.0
    },
    "5": {
        "precision": 0.9543147208121827,
        "recall": 0.9754875648595456,
        "f1-score": 0.9647849938064059,
        "support": 5589.0
    },
    "6": {
        "precision": 0.9038658912076634,
        "recall": 0.9454285203077474,
        "f1-score": 0.9241801486663752,
        "support": 5589.0
    },
    "7": {
        "precision": 0.9081942336874052,
        "recall": 0.856682769726248,
        "f1-score": 0.8816867691741092,
        "support": 5589.0
    },
    "8": {
        "precision": 0.8356672853045386,
        "recall": 0.8862050456253355,
        "f1-score": 0.8601945119833275,
        "support": 5589.0
    },
    "9": {
        "precision": 0.9509143407122232,
        "recall": 0.8838790481302559,
        "f1-score": 0.9161721068249258,
        "support": 5589.0
    },
    "micro avg": {
        "precision": 0.9472920311754414,
        "recall": 0.9471978688296455,
        "f1-score": 0.9472449476624552,
        "support": 50301.0
    },
    "macro avg": {
        "precision": 0.9480422238591546,
        "recall": 0.9471978688296454,
        "f1-score": 0.9472515740784301,
        "support": 50301.0
    },
    "weighted avg": {
        "precision": 0.9480422238591544,
        "recall": 0.9471978688296455,
        "f1-score": 0.9472515740784301,
        "support": 50301.0
    },
    "accuracy": 0.9471978688296455
}