{
    "10": {
        "precision": 0.04,
        "recall": 0.024691358024691357,
        "f1-score": 0.030534351145038167,
        "support": 81.0
    },
    "11": {
        "precision": 0.020833333333333332,
        "recall": 0.024691358024691357,
        "f1-score": 0.022598870056497175,
        "support": 81.0
    },
    "12": {
        "precision": 0.00847457627118644,
        "recall": 0.012345679012345678,
        "f1-score": 0.010050251256281407,
        "support": 81.0
    },
    "13": {
        "precision": 0.0,
        "recall": 0.0,
        "f1-score": 0.0,
        "support": 81.0
    },
    "14": {
        "precision": 0.013605442176870748,
        "recall": 0.024691358024691357,
        "f1-score": 0.017543859649122806,
        "support": 81.0
    },
    "15": {
        "precision": 0.009433962264150943,
        "recall": 0.012345679012345678,
        "f1-score": 0.0106951871657754,
        "support": 81.0
    },
    "16": {
        "precision": 0.0,
        "recall": 0.0,
        "f1-score": 0.0,
        "support": 81.0
    },
    "17": {
        "precision": 0.0,
        "recall": 0.0,
        "f1-score": 0.0,
        "support": 81.0
    },
    "18": {
        "precision": 0.0,
        "recall": 0.0,
        "f1-score": 0.0,
        "support": 81.0
    },
    "micro avg": {
        "precision": 0.014311270125223614,
        "recall": 0.010973936899862825,
        "f1-score": 0.012422360248447204,
        "support": 729.0
    },
    "macro avg": {
        "precision": 0.01026081267172683,
        "recall": 0.010973936899862825,
        "f1-score": 0.010158057696968328,
        "support": 729.0
    },
    "weighted avg": {
        "precision": 0.01026081267172683,
        "recall": 0.010973936899862825,
        "f1-score": 0.01015805769696833,
        "support": 729.0
    },
    "accuracy": 0.010973936899862825
}