{
    "10": {
        "precision": 0.1452991452991453,
        "recall": 0.20987654320987653,
        "f1-score": 0.1717171717171717,
        "support": 81.0
    },
    "11": {
        "precision": 0.0,
        "recall": 0.0,
        "f1-score": 0.0,
        "support": 81.0
    },
    "12": {
        "precision": 0.3475177304964539,
        "recall": 0.6049382716049383,
        "f1-score": 0.44144144144144143,
        "support": 81.0
    },
    "13": {
        "precision": 0.16666666666666666,
        "recall": 0.037037037037037035,
        "f1-score": 0.06060606060606061,
        "support": 81.0
    },
    "14": {
        "precision": 0.5294117647058824,
        "recall": 0.1111111111111111,
        "f1-score": 0.1836734693877551,
        "support": 81.0
    },
    "15": {
        "precision": 0.32682926829268294,
        "recall": 0.8271604938271605,
        "f1-score": 0.46853146853146854,
        "support": 81.0
    },
    "16": {
        "precision": 0.0,
        "recall": 0.0,
        "f1-score": 0.0,
        "support": 81.0
    },
    "17": {
        "precision": 0.41935483870967744,
        "recall": 0.16049382716049382,
        "f1-score": 0.23214285714285715,
        "support": 81.0
    },
    "18": {
        "precision": 0.0,
        "recall": 0.0,
        "f1-score": 0.0,
        "support": 81.0
    },
    "micro avg": {
        "precision": 0.2981132075471698,
        "recall": 0.2167352537722908,
        "f1-score": 0.2509928514694202,
        "support": 729.0
    },
    "macro avg": {
        "precision": 0.21500882379672318,
        "recall": 0.2167352537722908,
        "f1-score": 0.1731236076474172,
        "support": 729.0
    },
    "weighted avg": {
        "precision": 0.21500882379672318,
        "recall": 0.2167352537722908,
        "f1-score": 0.17312360764741716,
        "support": 729.0
    },
    "accuracy": 0.2167352537722908
}