{
    "10": {
        "precision": 0.4418604651162791,
        "recall": 0.4691358024691358,
        "f1-score": 0.4550898203592814,
        "support": 81.0
    },
    "11": {
        "precision": 0.3088235294117647,
        "recall": 0.25925925925925924,
        "f1-score": 0.28187919463087246,
        "support": 81.0
    },
    "12": {
        "precision": 0.37254901960784315,
        "recall": 0.2345679012345679,
        "f1-score": 0.2878787878787879,
        "support": 81.0
    },
    "13": {
        "precision": 0.4744525547445255,
        "recall": 0.8024691358024691,
        "f1-score": 0.5963302752293578,
        "support": 81.0
    },
    "14": {
        "precision": 0.5,
        "recall": 0.3333333333333333,
        "f1-score": 0.4,
        "support": 81.0
    },
    "15": {
        "precision": 0.6176470588235294,
        "recall": 0.5185185185185185,
        "f1-score": 0.5637583892617449,
        "support": 81.0
    },
    "16": {
        "precision": 0.7777777777777778,
        "recall": 0.1728395061728395,
        "f1-score": 0.2828282828282828,
        "support": 81.0
    },
    "17": {
        "precision": 0.437125748502994,
        "recall": 0.9012345679012346,
        "f1-score": 0.5887096774193549,
        "support": 81.0
    },
    "18": {
        "precision": 0.875,
        "recall": 0.43209876543209874,
        "f1-score": 0.5785123966942148,
        "support": 81.0
    },
    "micro avg": {
        "precision": 0.4847605224963715,
        "recall": 0.45816186556927296,
        "f1-score": 0.4710860366713681,
        "support": 729.0
    },
    "macro avg": {
        "precision": 0.5339151282205238,
        "recall": 0.45816186556927296,
        "f1-score": 0.4483318693668774,
        "support": 729.0
    },
    "weighted avg": {
        "precision": 0.5339151282205237,
        "recall": 0.45816186556927296,
        "f1-score": 0.4483318693668774,
        "support": 729.0
    },
    "accuracy": 0.45816186556927296
}