{
    "1": {
        "precision": 1.0,
        "recall": 1.0,
        "f1-score": 1.0,
        "support": 81.0
    },
    "2": {
        "precision": 1.0,
        "recall": 1.0,
        "f1-score": 1.0,
        "support": 81.0
    },
    "3": {
        "precision": 0.8247422680412371,
        "recall": 0.9876543209876543,
        "f1-score": 0.898876404494382,
        "support": 81.0
    },
    "4": {
        "precision": 0.41530054644808745,
        "recall": 0.9382716049382716,
        "f1-score": 0.5757575757575758,
        "support": 81.0
    },
    "5": {
        "precision": 0.6,
        "recall": 0.7407407407407407,
        "f1-score": 0.6629834254143646,
        "support": 81.0
    },
    "6": {
        "precision": 0.5373134328358209,
        "recall": 0.4444444444444444,
        "f1-score": 0.4864864864864865,
        "support": 81.0
    },
    "7": {
        "precision": 0.5,
        "recall": 0.2839506172839506,
        "f1-score": 0.36220472440944884,
        "support": 81.0
    },
    "8": {
        "precision": 0.5365853658536586,
        "recall": 0.2716049382716049,
        "f1-score": 0.36065573770491804,
        "support": 81.0
    },
    "9": {
        "precision": 0.6190476190476191,
        "recall": 0.16049382716049382,
        "f1-score": 0.2549019607843137,
        "support": 81.0
    },
    "micro avg": {
        "precision": 0.6582984658298466,
        "recall": 0.6474622770919067,
        "f1-score": 0.65283540802213,
        "support": 729.0
    },
    "macro avg": {
        "precision": 0.670332136914047,
        "recall": 0.6474622770919066,
        "f1-score": 0.6224295905612766,
        "support": 729.0
    },
    "weighted avg": {
        "precision": 0.670332136914047,
        "recall": 0.6474622770919067,
        "f1-score": 0.6224295905612766,
        "support": 729.0
    },
    "accuracy": 0.6474622770919067
}