{
    "10": {
        "precision": 0.5307692307692308,
        "recall": 0.8518518518518519,
        "f1-score": 0.6540284360189573,
        "support": 81.0
    },
    "11": {
        "precision": 0.0,
        "recall": 0.0,
        "f1-score": 0.0,
        "support": 81.0
    },
    "12": {
        "precision": 0.38181818181818183,
        "recall": 0.25925925925925924,
        "f1-score": 0.3088235294117647,
        "support": 81.0
    },
    "13": {
        "precision": 0.36,
        "recall": 0.5555555555555556,
        "f1-score": 0.4368932038834951,
        "support": 81.0
    },
    "14": {
        "precision": 0.5,
        "recall": 0.012345679012345678,
        "f1-score": 0.024096385542168676,
        "support": 81.0
    },
    "15": {
        "precision": 0.2746478873239437,
        "recall": 0.48148148148148145,
        "f1-score": 0.34977578475336324,
        "support": 81.0
    },
    "16": {
        "precision": 0.3,
        "recall": 0.037037037037037035,
        "f1-score": 0.06593406593406594,
        "support": 81.0
    },
    "17": {
        "precision": 0.30952380952380953,
        "recall": 0.16049382716049382,
        "f1-score": 0.21138211382113822,
        "support": 81.0
    },
    "18": {
        "precision": 0.5,
        "recall": 0.04938271604938271,
        "f1-score": 0.0898876404494382,
        "support": 81.0
    },
    "micro avg": {
        "precision": 0.37937743190661477,
        "recall": 0.2674897119341564,
        "f1-score": 0.3137570394207562,
        "support": 729.0
    },
    "macro avg": {
        "precision": 0.35075101215946286,
        "recall": 0.2674897119341564,
        "f1-score": 0.23786901775715463,
        "support": 729.0
    },
    "weighted avg": {
        "precision": 0.35075101215946286,
        "recall": 0.2674897119341564,
        "f1-score": 0.23786901775715463,
        "support": 729.0
    },
    "accuracy": 0.2674897119341564
}