{
    "1": {
        "precision": 1.0,
        "recall": 0.9996421542315262,
        "f1-score": 0.9998210450966356,
        "support": 5589.0
    },
    "2": {
        "precision": 0.9781124146384171,
        "recall": 0.9994632313472893,
        "f1-score": 0.9886725663716814,
        "support": 5589.0
    },
    "3": {
        "precision": 0.9609704641350211,
        "recall": 0.9779924852388621,
        "f1-score": 0.9694067571162543,
        "support": 5589.0
    },
    "4": {
        "precision": 0.9442471590909091,
        "recall": 0.9515118983718017,
        "f1-score": 0.9478656091257464,
        "support": 5589.0
    },
    "5": {
        "precision": 0.9306224362404137,
        "recall": 0.9336196099481123,
        "f1-score": 0.9321186137906395,
        "support": 5589.0
    },
    "6": {
        "precision": 0.928082191780822,
        "recall": 0.9212739309357667,
        "f1-score": 0.9246655293166921,
        "support": 5589.0
    },
    "7": {
        "precision": 0.8874697963410425,
        "recall": 0.9200214707461084,
        "f1-score": 0.9034525169111833,
        "support": 5589.0
    },
    "8": {
        "precision": 0.8764423930410083,
        "recall": 0.8833422794775452,
        "f1-score": 0.8798788094813759,
        "support": 5589.0
    },
    "9": {
        "precision": 0.9758210759621196,
        "recall": 0.8665235283592772,
        "f1-score": 0.9179302501895376,
        "support": 5589.0
    },
    "micro avg": {
        "precision": 0.9418495704004944,
        "recall": 0.9392656209618099,
        "f1-score": 0.9405558209906036,
        "support": 50301.0
    },
    "macro avg": {
        "precision": 0.9424186590255282,
        "recall": 0.9392656209618099,
        "f1-score": 0.940423521933305,
        "support": 50301.0
    },
    "weighted avg": {
        "precision": 0.9424186590255281,
        "recall": 0.9392656209618099,
        "f1-score": 0.9404235219333053,
        "support": 50301.0
    },
    "accuracy": 0.9392656209618099
}