{
    "1": {
        "precision": 1.0,
        "recall": 1.0,
        "f1-score": 1.0,
        "support": 81.0
    },
    "2": {
        "precision": 1.0,
        "recall": 1.0,
        "f1-score": 1.0,
        "support": 81.0
    },
    "3": {
        "precision": 0.9310344827586207,
        "recall": 1.0,
        "f1-score": 0.9642857142857143,
        "support": 81.0
    },
    "4": {
        "precision": 0.8333333333333334,
        "recall": 0.9259259259259259,
        "f1-score": 0.8771929824561403,
        "support": 81.0
    },
    "5": {
        "precision": 0.6836734693877551,
        "recall": 0.8271604938271605,
        "f1-score": 0.7486033519553073,
        "support": 81.0
    },
    "6": {
        "precision": 0.6984126984126984,
        "recall": 0.5432098765432098,
        "f1-score": 0.6111111111111112,
        "support": 81.0
    },
    "7": {
        "precision": 0.6477272727272727,
        "recall": 0.7037037037037037,
        "f1-score": 0.6745562130177515,
        "support": 81.0
    },
    "8": {
        "precision": 0.6091954022988506,
        "recall": 0.654320987654321,
        "f1-score": 0.6309523809523809,
        "support": 81.0
    },
    "9": {
        "precision": 0.8421052631578947,
        "recall": 0.19753086419753085,
        "f1-score": 0.32,
        "support": 81.0
    },
    "micro avg": {
        "precision": 0.7997118155619597,
        "recall": 0.7613168724279835,
        "f1-score": 0.7800421644413211,
        "support": 729.0
    },
    "macro avg": {
        "precision": 0.8050535468973806,
        "recall": 0.7613168724279835,
        "f1-score": 0.7585224170864895,
        "support": 729.0
    },
    "weighted avg": {
        "precision": 0.8050535468973806,
        "recall": 0.7613168724279835,
        "f1-score": 0.7585224170864895,
        "support": 729.0
    },
    "accuracy": 0.7613168724279835
}