{
    "10": {
        "precision": 0.3956043956043956,
        "recall": 0.4444444444444444,
        "f1-score": 0.4186046511627907,
        "support": 81.0
    },
    "11": {
        "precision": 0.0,
        "recall": 0.0,
        "f1-score": 0.0,
        "support": 81.0
    },
    "12": {
        "precision": 0.6666666666666666,
        "recall": 0.7160493827160493,
        "f1-score": 0.6904761904761905,
        "support": 81.0
    },
    "13": {
        "precision": 0.3103448275862069,
        "recall": 0.1111111111111111,
        "f1-score": 0.16363636363636364,
        "support": 81.0
    },
    "14": {
        "precision": 0.05,
        "recall": 0.037037037037037035,
        "f1-score": 0.0425531914893617,
        "support": 81.0
    },
    "15": {
        "precision": 0.3710691823899371,
        "recall": 0.7283950617283951,
        "f1-score": 0.49166666666666664,
        "support": 81.0
    },
    "16": {
        "precision": 0.5964912280701754,
        "recall": 0.8395061728395061,
        "f1-score": 0.6974358974358974,
        "support": 81.0
    },
    "17": {
        "precision": 0.4628099173553719,
        "recall": 0.691358024691358,
        "f1-score": 0.5544554455445545,
        "support": 81.0
    },
    "18": {
        "precision": 0.9473684210526315,
        "recall": 0.2222222222222222,
        "f1-score": 0.36,
        "support": 81.0
    },
    "micro avg": {
        "precision": 0.4514705882352941,
        "recall": 0.42112482853223593,
        "f1-score": 0.43577004968062455,
        "support": 729.0
    },
    "macro avg": {
        "precision": 0.42226162652504273,
        "recall": 0.42112482853223593,
        "f1-score": 0.3798698229346472,
        "support": 729.0
    },
    "weighted avg": {
        "precision": 0.42226162652504273,
        "recall": 0.42112482853223593,
        "f1-score": 0.3798698229346472,
        "support": 729.0
    },
    "accuracy": 0.42112482853223593
}