{
    "1": {
        "precision": 1.0,
        "recall": 1.0,
        "f1-score": 1.0,
        "support": 1944.0
    },
    "2": {
        "precision": 1.0,
        "recall": 1.0,
        "f1-score": 1.0,
        "support": 1944.0
    },
    "3": {
        "precision": 0.998972250770812,
        "recall": 1.0,
        "f1-score": 0.9994858611825193,
        "support": 1944.0
    },
    "4": {
        "precision": 0.9969199178644764,
        "recall": 0.9989711934156379,
        "f1-score": 0.9979445015416238,
        "support": 1944.0
    },
    "5": {
        "precision": 0.9656203288490284,
        "recall": 0.9969135802469136,
        "f1-score": 0.9810174639331815,
        "support": 1944.0
    },
    "6": {
        "precision": 0.9455370650529501,
        "recall": 0.9645061728395061,
        "f1-score": 0.9549274255156608,
        "support": 1944.0
    },
    "7": {
        "precision": 0.9281012658227848,
        "recall": 0.9429012345679012,
        "f1-score": 0.9354427149783108,
        "support": 1944.0
    },
    "8": {
        "precision": 0.9177800616649537,
        "recall": 0.918724279835391,
        "f1-score": 0.9182519280205655,
        "support": 1944.0
    },
    "9": {
        "precision": 0.9911259012756517,
        "recall": 0.9192386831275721,
        "f1-score": 0.9538297304510275,
        "support": 1944.0
    },
    "accuracy": 0.9712505715592136,
    "macro avg": {
        "precision": 0.9715618657000731,
        "recall": 0.9712505715592135,
        "f1-score": 0.9712110695136543,
        "support": 17496.0
    },
    "weighted avg": {
        "precision": 0.9715618657000731,
        "recall": 0.9712505715592136,
        "f1-score": 0.9712110695136542,
        "support": 17496.0
    }
}