{
    "10": {
        "precision": 0.3258426966292135,
        "recall": 0.35802469135802467,
        "f1-score": 0.3411764705882353,
        "support": 81.0
    },
    "11": {
        "precision": 1.0,
        "recall": 0.06172839506172839,
        "f1-score": 0.11627906976744186,
        "support": 81.0
    },
    "12": {
        "precision": 0.6666666666666666,
        "recall": 0.41975308641975306,
        "f1-score": 0.5151515151515151,
        "support": 81.0
    },
    "13": {
        "precision": 0.26666666666666666,
        "recall": 0.19753086419753085,
        "f1-score": 0.22695035460992907,
        "support": 81.0
    },
    "14": {
        "precision": 0.027777777777777776,
        "recall": 0.012345679012345678,
        "f1-score": 0.017094017094017096,
        "support": 81.0
    },
    "15": {
        "precision": 0.0,
        "recall": 0.0,
        "f1-score": 0.0,
        "support": 81.0
    },
    "16": {
        "precision": 0.0,
        "recall": 0.0,
        "f1-score": 0.0,
        "support": 81.0
    },
    "17": {
        "precision": 0.0,
        "recall": 0.0,
        "f1-score": 0.0,
        "support": 81.0
    },
    "18": {
        "precision": 0.0,
        "recall": 0.0,
        "f1-score": 0.0,
        "support": 81.0
    },
    "micro avg": {
        "precision": 0.22911051212938005,
        "recall": 0.11659807956104253,
        "f1-score": 0.15454545454545454,
        "support": 729.0
    },
    "macro avg": {
        "precision": 0.25410597863781387,
        "recall": 0.11659807956104253,
        "f1-score": 0.1351834919123487,
        "support": 729.0
    },
    "weighted avg": {
        "precision": 0.25410597863781387,
        "recall": 0.11659807956104253,
        "f1-score": 0.1351834919123487,
        "support": 729.0
    },
    "accuracy": 0.11659807956104253
}