{
    "1": {
        "precision": 0.9759036144578314,
        "recall": 1.0,
        "f1-score": 0.9878048780487805,
        "support": 81.0
    },
    "2": {
        "precision": 0.5673758865248227,
        "recall": 0.9876543209876543,
        "f1-score": 0.7207207207207207,
        "support": 162.0
    },
    "3": {
        "precision": 0.32142857142857145,
        "recall": 0.48148148148148145,
        "f1-score": 0.385502471169687,
        "support": 243.0
    },
    "4": {
        "precision": 0.16247139588100687,
        "recall": 0.2191358024691358,
        "f1-score": 0.18659658344283836,
        "support": 324.0
    },
    "5": {
        "precision": 0.07722007722007722,
        "recall": 0.09876543209876543,
        "f1-score": 0.0866738894907909,
        "support": 405.0
    },
    "6": {
        "precision": 0.02626641651031895,
        "recall": 0.02880658436213992,
        "f1-score": 0.02747791952894995,
        "support": 486.0
    },
    "7": {
        "precision": 0.07163323782234957,
        "recall": 0.08818342151675485,
        "f1-score": 0.07905138339920949,
        "support": 567.0
    },
    "8": {
        "precision": 0.0,
        "recall": 0.0,
        "f1-score": 0.0,
        "support": 648.0
    },
    "9": {
        "precision": 0.0,
        "recall": 0.0,
        "f1-score": 0.0,
        "support": 729.0
    },
    "accuracy": 0.14622770919067216,
    "macro avg": {
        "precision": 0.24469991109388645,
        "recall": 0.3226696714351035,
        "f1-score": 0.274869760644553,
        "support": 3645.0
    },
    "weighted avg": {
        "precision": 0.10599907189413256,
        "recall": 0.14622770919067216,
        "f1-score": 0.12186081589317238,
        "support": 3645.0
    }
}