{
    "1": {
        "precision": 0.994655264564404,
        "recall": 0.9989264626945786,
        "f1-score": 0.9967862881628281,
        "support": 5589.0
    },
    "2": {
        "precision": 0.8517040221062327,
        "recall": 0.9926641617462874,
        "f1-score": 0.9167974882260597,
        "support": 5589.0
    },
    "3": {
        "precision": 0.8094468390804598,
        "recall": 0.8064054392556808,
        "f1-score": 0.8079232768665412,
        "support": 5589.0
    },
    "4": {
        "precision": 0.6963759320270505,
        "recall": 0.7185543030953659,
        "f1-score": 0.7072912997534343,
        "support": 5589.0
    },
    "5": {
        "precision": 0.44154407698263465,
        "recall": 0.7142601538736805,
        "f1-score": 0.5457279562542721,
        "support": 5589.0
    },
    "6": {
        "precision": 0.30221470316825594,
        "recall": 0.3515834675254965,
        "f1-score": 0.3250351501116533,
        "support": 5589.0
    },
    "7": {
        "precision": 0.33036020583190395,
        "recall": 0.1723027375201288,
        "f1-score": 0.22648165569143933,
        "support": 5589.0
    },
    "8": {
        "precision": 0.4394409937888199,
        "recall": 0.15190552871712293,
        "f1-score": 0.22576785001994415,
        "support": 5589.0
    },
    "9": {
        "precision": 0.0,
        "recall": 0.0,
        "f1-score": 0.0,
        "support": 5589.0
    },
    "micro avg": {
        "precision": 0.6253392014229358,
        "recall": 0.5451780282698158,
        "f1-score": 0.5825137540624934,
        "support": 50301.0
    },
    "macro avg": {
        "precision": 0.5406380041721958,
        "recall": 0.5451780282698158,
        "f1-score": 0.5279789961206858,
        "support": 50301.0
    },
    "weighted avg": {
        "precision": 0.5406380041721957,
        "recall": 0.5451780282698158,
        "f1-score": 0.5279789961206858,
        "support": 50301.0
    },
    "accuracy": 0.5451780282698158
}