{
    "1": {
        "precision": 1.0,
        "recall": 0.9629629629629629,
        "f1-score": 0.9811320754716981,
        "support": 81.0
    },
    "2": {
        "precision": 0.9634146341463414,
        "recall": 0.9753086419753086,
        "f1-score": 0.9693251533742331,
        "support": 81.0
    },
    "3": {
        "precision": 1.0,
        "recall": 0.9012345679012346,
        "f1-score": 0.948051948051948,
        "support": 81.0
    },
    "4": {
        "precision": 0.8783783783783784,
        "recall": 0.8024691358024691,
        "f1-score": 0.8387096774193549,
        "support": 81.0
    },
    "5": {
        "precision": 0.8125,
        "recall": 0.8024691358024691,
        "f1-score": 0.8074534161490683,
        "support": 81.0
    },
    "6": {
        "precision": 0.7631578947368421,
        "recall": 0.7160493827160493,
        "f1-score": 0.7388535031847133,
        "support": 81.0
    },
    "7": {
        "precision": 0.7272727272727273,
        "recall": 0.691358024691358,
        "f1-score": 0.7088607594936709,
        "support": 81.0
    },
    "8": {
        "precision": 0.7049180327868853,
        "recall": 0.5308641975308642,
        "f1-score": 0.6056338028169014,
        "support": 81.0
    },
    "9": {
        "precision": 0.5081967213114754,
        "recall": 0.38271604938271603,
        "f1-score": 0.43661971830985913,
        "support": 81.0
    },
    "micro avg": {
        "precision": 0.8277945619335347,
        "recall": 0.7517146776406035,
        "f1-score": 0.787922358015816,
        "support": 729.0
    },
    "macro avg": {
        "precision": 0.8175375987369611,
        "recall": 0.7517146776406036,
        "f1-score": 0.7816266726968274,
        "support": 729.0
    },
    "weighted avg": {
        "precision": 0.8175375987369611,
        "recall": 0.7517146776406035,
        "f1-score": 0.7816266726968275,
        "support": 729.0
    },
    "accuracy": 0.7517146776406035
}