{
    "1": {
        "precision": 1.0,
        "recall": 0.7901234567901234,
        "f1-score": 0.8827586206896552,
        "support": 81.0
    },
    "2": {
        "precision": 0.7976190476190477,
        "recall": 0.8271604938271605,
        "f1-score": 0.8121212121212121,
        "support": 81.0
    },
    "3": {
        "precision": 0.8769230769230769,
        "recall": 0.7037037037037037,
        "f1-score": 0.7808219178082192,
        "support": 81.0
    },
    "4": {
        "precision": 0.75,
        "recall": 0.7777777777777778,
        "f1-score": 0.7636363636363637,
        "support": 81.0
    },
    "5": {
        "precision": 0.7582417582417582,
        "recall": 0.8518518518518519,
        "f1-score": 0.8023255813953488,
        "support": 81.0
    },
    "6": {
        "precision": 0.8131868131868132,
        "recall": 0.9135802469135802,
        "f1-score": 0.8604651162790697,
        "support": 81.0
    },
    "7": {
        "precision": 0.9393939393939394,
        "recall": 0.7654320987654321,
        "f1-score": 0.8435374149659864,
        "support": 81.0
    },
    "8": {
        "precision": 0.6938775510204082,
        "recall": 0.8395061728395061,
        "f1-score": 0.7597765363128491,
        "support": 81.0
    },
    "9": {
        "precision": 0.8604651162790697,
        "recall": 0.9135802469135802,
        "f1-score": 0.8862275449101796,
        "support": 81.0
    },
    "accuracy": 0.8203017832647462,
    "macro avg": {
        "precision": 0.8321897002960126,
        "recall": 0.8203017832647462,
        "f1-score": 0.8212967009020982,
        "support": 729.0
    },
    "weighted avg": {
        "precision": 0.8321897002960126,
        "recall": 0.8203017832647462,
        "f1-score": 0.8212967009020983,
        "support": 729.0
    }
}