{
    "10": {
        "precision": 0.4148936170212766,
        "recall": 0.48148148148148145,
        "f1-score": 0.44571428571428573,
        "support": 81.0
    },
    "11": {
        "precision": 1.0,
        "recall": 0.012345679012345678,
        "f1-score": 0.024390243902439025,
        "support": 81.0
    },
    "12": {
        "precision": 0.6292134831460674,
        "recall": 0.691358024691358,
        "f1-score": 0.6588235294117647,
        "support": 81.0
    },
    "13": {
        "precision": 0.39285714285714285,
        "recall": 0.13580246913580246,
        "f1-score": 0.2018348623853211,
        "support": 81.0
    },
    "14": {
        "precision": 0.06818181818181818,
        "recall": 0.037037037037037035,
        "f1-score": 0.048,
        "support": 81.0
    },
    "15": {
        "precision": 0.1721311475409836,
        "recall": 0.25925925925925924,
        "f1-score": 0.20689655172413793,
        "support": 81.0
    },
    "16": {
        "precision": 0.3333333333333333,
        "recall": 0.9876543209876543,
        "f1-score": 0.4984423676012461,
        "support": 81.0
    },
    "17": {
        "precision": 0.0,
        "recall": 0.0,
        "f1-score": 0.0,
        "support": 81.0
    },
    "18": {
        "precision": 0.8,
        "recall": 0.04938271604938271,
        "f1-score": 0.09302325581395349,
        "support": 81.0
    },
    "micro avg": {
        "precision": 0.34455128205128205,
        "recall": 0.29492455418381347,
        "f1-score": 0.3178122690317812,
        "support": 729.0
    },
    "macro avg": {
        "precision": 0.4234011713422913,
        "recall": 0.29492455418381347,
        "f1-score": 0.24190278850590538,
        "support": 729.0
    },
    "weighted avg": {
        "precision": 0.4234011713422913,
        "recall": 0.29492455418381347,
        "f1-score": 0.24190278850590533,
        "support": 729.0
    },
    "accuracy": 0.29492455418381347
}