{
    "10": {
        "precision": 0.12658227848101267,
        "recall": 0.12345679012345678,
        "f1-score": 0.125,
        "support": 81.0
    },
    "11": {
        "precision": 0.5454545454545454,
        "recall": 0.07407407407407407,
        "f1-score": 0.13043478260869565,
        "support": 81.0
    },
    "12": {
        "precision": 0.7710843373493976,
        "recall": 0.7901234567901234,
        "f1-score": 0.7804878048780488,
        "support": 81.0
    },
    "13": {
        "precision": 0.7777777777777778,
        "recall": 0.25925925925925924,
        "f1-score": 0.3888888888888889,
        "support": 81.0
    },
    "14": {
        "precision": 0.0975609756097561,
        "recall": 0.04938271604938271,
        "f1-score": 0.06557377049180328,
        "support": 81.0
    },
    "15": {
        "precision": 0.367816091954023,
        "recall": 0.7901234567901234,
        "f1-score": 0.5019607843137255,
        "support": 81.0
    },
    "16": {
        "precision": 0.5612244897959183,
        "recall": 0.6790123456790124,
        "f1-score": 0.6145251396648045,
        "support": 81.0
    },
    "17": {
        "precision": 0.6818181818181818,
        "recall": 0.5555555555555556,
        "f1-score": 0.6122448979591837,
        "support": 81.0
    },
    "18": {
        "precision": 1.0,
        "recall": 0.024691358024691357,
        "f1-score": 0.04819277108433735,
        "support": 81.0
    },
    "micro avg": {
        "precision": 0.4664371772805508,
        "recall": 0.3717421124828532,
        "f1-score": 0.41374045801526715,
        "support": 729.0
    },
    "macro avg": {
        "precision": 0.5477020753600681,
        "recall": 0.37174211248285327,
        "f1-score": 0.3630343155432764,
        "support": 729.0
    },
    "weighted avg": {
        "precision": 0.5477020753600681,
        "recall": 0.3717421124828532,
        "f1-score": 0.3630343155432764,
        "support": 729.0
    },
    "accuracy": 0.3717421124828532
}