{
    "1": {
        "precision": 1.0,
        "recall": 1.0,
        "f1-score": 1.0,
        "support": 81.0
    },
    "2": {
        "precision": 1.0,
        "recall": 1.0,
        "f1-score": 1.0,
        "support": 81.0
    },
    "3": {
        "precision": 0.7064220183486238,
        "recall": 0.9506172839506173,
        "f1-score": 0.8105263157894737,
        "support": 81.0
    },
    "4": {
        "precision": 0.45544554455445546,
        "recall": 0.5679012345679012,
        "f1-score": 0.5054945054945055,
        "support": 81.0
    },
    "5": {
        "precision": 0.30434782608695654,
        "recall": 0.345679012345679,
        "f1-score": 0.3236994219653179,
        "support": 81.0
    },
    "6": {
        "precision": 0.45652173913043476,
        "recall": 0.25925925925925924,
        "f1-score": 0.33070866141732286,
        "support": 81.0
    },
    "7": {
        "precision": 0.5925925925925926,
        "recall": 0.19753086419753085,
        "f1-score": 0.2962962962962963,
        "support": 81.0
    },
    "8": {
        "precision": 0.4423076923076923,
        "recall": 0.2839506172839506,
        "f1-score": 0.3458646616541353,
        "support": 81.0
    },
    "9": {
        "precision": 0.4642857142857143,
        "recall": 0.16049382716049382,
        "f1-score": 0.23853211009174313,
        "support": 81.0
    },
    "micro avg": {
        "precision": 0.6256077795786061,
        "recall": 0.5294924554183813,
        "f1-score": 0.5735512630014858,
        "support": 729.0
    },
    "macro avg": {
        "precision": 0.6024359030340523,
        "recall": 0.5294924554183813,
        "f1-score": 0.5390135525231994,
        "support": 729.0
    },
    "weighted avg": {
        "precision": 0.6024359030340523,
        "recall": 0.5294924554183813,
        "f1-score": 0.5390135525231994,
        "support": 729.0
    },
    "accuracy": 0.5294924554183813
}