{
    "1": {
        "precision": 1.0,
        "recall": 1.0,
        "f1-score": 1.0,
        "support": 81.0
    },
    "2": {
        "precision": 1.0,
        "recall": 1.0,
        "f1-score": 1.0,
        "support": 81.0
    },
    "3": {
        "precision": 0.961038961038961,
        "recall": 0.9135802469135802,
        "f1-score": 0.9367088607594937,
        "support": 81.0
    },
    "4": {
        "precision": 0.8727272727272727,
        "recall": 0.5925925925925926,
        "f1-score": 0.7058823529411765,
        "support": 81.0
    },
    "5": {
        "precision": 0.63,
        "recall": 0.7777777777777778,
        "f1-score": 0.6961325966850829,
        "support": 81.0
    },
    "6": {
        "precision": 0.6164383561643836,
        "recall": 0.5555555555555556,
        "f1-score": 0.5844155844155844,
        "support": 81.0
    },
    "7": {
        "precision": 0.4457831325301205,
        "recall": 0.4567901234567901,
        "f1-score": 0.45121951219512196,
        "support": 81.0
    },
    "8": {
        "precision": 0.3865546218487395,
        "recall": 0.5679012345679012,
        "f1-score": 0.46,
        "support": 81.0
    },
    "9": {
        "precision": 0.6,
        "recall": 0.25925925925925924,
        "f1-score": 0.3620689655172414,
        "support": 81.0
    },
    "micro avg": {
        "precision": 0.7045454545454546,
        "recall": 0.6803840877914952,
        "f1-score": 0.6922540125610607,
        "support": 729.0
    },
    "macro avg": {
        "precision": 0.7236158160343863,
        "recall": 0.6803840877914953,
        "f1-score": 0.6884919858348556,
        "support": 729.0
    },
    "weighted avg": {
        "precision": 0.7236158160343864,
        "recall": 0.6803840877914952,
        "f1-score": 0.6884919858348557,
        "support": 729.0
    },
    "accuracy": 0.6803840877914952
}