{
    "1": {
        "precision": 1.0,
        "recall": 1.0,
        "f1-score": 1.0,
        "support": 81.0
    },
    "2": {
        "precision": 0.9759036144578314,
        "recall": 1.0,
        "f1-score": 0.9878048780487805,
        "support": 81.0
    },
    "3": {
        "precision": 0.8404255319148937,
        "recall": 0.9753086419753086,
        "f1-score": 0.9028571428571428,
        "support": 81.0
    },
    "4": {
        "precision": 0.4625,
        "recall": 0.9135802469135802,
        "f1-score": 0.6141078838174274,
        "support": 81.0
    },
    "5": {
        "precision": 0.6090909090909091,
        "recall": 0.8271604938271605,
        "f1-score": 0.7015706806282722,
        "support": 81.0
    },
    "6": {
        "precision": 0.463768115942029,
        "recall": 0.3950617283950617,
        "f1-score": 0.4266666666666667,
        "support": 81.0
    },
    "7": {
        "precision": 0.44680851063829785,
        "recall": 0.25925925925925924,
        "f1-score": 0.328125,
        "support": 81.0
    },
    "8": {
        "precision": 0.5116279069767442,
        "recall": 0.2716049382716049,
        "f1-score": 0.3548387096774194,
        "support": 81.0
    },
    "9": {
        "precision": 0.6,
        "recall": 0.14814814814814814,
        "f1-score": 0.2376237623762376,
        "support": 81.0
    },
    "micro avg": {
        "precision": 0.6633663366336634,
        "recall": 0.6433470507544582,
        "f1-score": 0.6532033426183844,
        "support": 729.0
    },
    "macro avg": {
        "precision": 0.6566805098911894,
        "recall": 0.6433470507544582,
        "f1-score": 0.6170660804524386,
        "support": 729.0
    },
    "weighted avg": {
        "precision": 0.6566805098911895,
        "recall": 0.6433470507544582,
        "f1-score": 0.6170660804524385,
        "support": 729.0
    },
    "accuracy": 0.6433470507544582
}