{
    "10": {
        "precision": 0.3452914798206278,
        "recall": 0.9506172839506173,
        "f1-score": 0.506578947368421,
        "support": 81.0
    },
    "11": {
        "precision": 0.07075471698113207,
        "recall": 0.18518518518518517,
        "f1-score": 0.10238907849829351,
        "support": 81.0
    },
    "12": {
        "precision": 0.16363636363636364,
        "recall": 0.1111111111111111,
        "f1-score": 0.1323529411764706,
        "support": 81.0
    },
    "13": {
        "precision": 0.10236220472440945,
        "recall": 0.16049382716049382,
        "f1-score": 0.125,
        "support": 81.0
    },
    "14": {
        "precision": 0.0,
        "recall": 0.0,
        "f1-score": 0.0,
        "support": 81.0
    },
    "15": {
        "precision": 0.07692307692307693,
        "recall": 0.012345679012345678,
        "f1-score": 0.02127659574468085,
        "support": 81.0
    },
    "16": {
        "precision": 0.06666666666666667,
        "recall": 0.037037037037037035,
        "f1-score": 0.047619047619047616,
        "support": 81.0
    },
    "17": {
        "precision": 0.0,
        "recall": 0.0,
        "f1-score": 0.0,
        "support": 81.0
    },
    "18": {
        "precision": 1.0,
        "recall": 0.07407407407407407,
        "f1-score": 0.13793103448275862,
        "support": 81.0
    },
    "micro avg": {
        "precision": 0.17222222222222222,
        "recall": 0.1700960219478738,
        "f1-score": 0.17115251897860592,
        "support": 729.0
    },
    "macro avg": {
        "precision": 0.20284827875025294,
        "recall": 0.17009602194787382,
        "f1-score": 0.11923862720996357,
        "support": 729.0
    },
    "weighted avg": {
        "precision": 0.20284827875025296,
        "recall": 0.1700960219478738,
        "f1-score": 0.11923862720996355,
        "support": 729.0
    },
    "accuracy": 0.1700960219478738
}