{
    "1": {
        "precision": 0.3333333333333333,
        "recall": 1.0,
        "f1-score": 0.5,
        "support": 81.0
    },
    "2": {
        "precision": 0.0,
        "recall": 0.0,
        "f1-score": 0.0,
        "support": 162.0
    },
    "3": {
        "precision": 0.019230769230769232,
        "recall": 0.024691358024691357,
        "f1-score": 0.021621621621621623,
        "support": 243.0
    },
    "4": {
        "precision": 0.04986149584487535,
        "recall": 0.05555555555555555,
        "f1-score": 0.052554744525547446,
        "support": 324.0
    },
    "5": {
        "precision": 0.13135593220338984,
        "recall": 0.15308641975308643,
        "f1-score": 0.14139110604332952,
        "support": 405.0
    },
    "6": {
        "precision": 0.12096774193548387,
        "recall": 0.15432098765432098,
        "f1-score": 0.13562386980108498,
        "support": 486.0
    },
    "7": {
        "precision": 0.03308270676691729,
        "recall": 0.03880070546737213,
        "f1-score": 0.03571428571428571,
        "support": 567.0
    },
    "8": {
        "precision": 0.00816326530612245,
        "recall": 0.009259259259259259,
        "f1-score": 0.008676789587852495,
        "support": 648.0
    },
    "9": {
        "precision": 0.0,
        "recall": 0.0,
        "f1-score": 0.0,
        "support": 729.0
    },
    "accuracy": 0.07407407407407407,
    "macro avg": {
        "precision": 0.07733280495787681,
        "recall": 0.1595238095238095,
        "f1-score": 0.09950915747708018,
        "support": 3645.0
    },
    "weighted avg": {
        "precision": 0.05044317348560879,
        "recall": 0.07407407407407407,
        "f1-score": 0.05811548685984517,
        "support": 3645.0
    }
}