{
    "1": {
        "precision": 1.0,
        "recall": 1.0,
        "f1-score": 1.0,
        "support": 81.0
    },
    "2": {
        "precision": 1.0,
        "recall": 1.0,
        "f1-score": 1.0,
        "support": 81.0
    },
    "3": {
        "precision": 0.9759036144578314,
        "recall": 1.0,
        "f1-score": 0.9878048780487805,
        "support": 81.0
    },
    "4": {
        "precision": 0.9753086419753086,
        "recall": 0.9753086419753086,
        "f1-score": 0.9753086419753086,
        "support": 81.0
    },
    "5": {
        "precision": 0.8586956521739131,
        "recall": 0.9753086419753086,
        "f1-score": 0.9132947976878613,
        "support": 81.0
    },
    "6": {
        "precision": 0.7816091954022989,
        "recall": 0.8395061728395061,
        "f1-score": 0.8095238095238095,
        "support": 81.0
    },
    "7": {
        "precision": 0.7209302325581395,
        "recall": 0.7654320987654321,
        "f1-score": 0.7425149700598802,
        "support": 81.0
    },
    "8": {
        "precision": 0.7702702702702703,
        "recall": 0.7037037037037037,
        "f1-score": 0.7354838709677419,
        "support": 81.0
    },
    "9": {
        "precision": 1.0,
        "recall": 0.7901234567901234,
        "f1-score": 0.8827586206896552,
        "support": 81.0
    },
    "accuracy": 0.8943758573388203,
    "macro avg": {
        "precision": 0.8980797340930846,
        "recall": 0.8943758573388203,
        "f1-score": 0.8940766209947818,
        "support": 729.0
    },
    "weighted avg": {
        "precision": 0.8980797340930846,
        "recall": 0.8943758573388203,
        "f1-score": 0.8940766209947819,
        "support": 729.0
    }
}