{
    "10": {
        "precision": 0.17894736842105263,
        "recall": 0.20987654320987653,
        "f1-score": 0.19318181818181818,
        "support": 81.0
    },
    "11": {
        "precision": 0.16666666666666666,
        "recall": 0.024691358024691357,
        "f1-score": 0.043010752688172046,
        "support": 81.0
    },
    "12": {
        "precision": 0.7127659574468085,
        "recall": 0.8271604938271605,
        "f1-score": 0.7657142857142857,
        "support": 81.0
    },
    "13": {
        "precision": 0.8979591836734694,
        "recall": 0.5432098765432098,
        "f1-score": 0.676923076923077,
        "support": 81.0
    },
    "14": {
        "precision": 0.7213114754098361,
        "recall": 0.5432098765432098,
        "f1-score": 0.6197183098591549,
        "support": 81.0
    },
    "15": {
        "precision": 0.5925925925925926,
        "recall": 0.7901234567901234,
        "f1-score": 0.6772486772486772,
        "support": 81.0
    },
    "16": {
        "precision": 0.0,
        "recall": 0.0,
        "f1-score": 0.0,
        "support": 81.0
    },
    "17": {
        "precision": 0.0,
        "recall": 0.0,
        "f1-score": 0.0,
        "support": 81.0
    },
    "18": {
        "precision": 0.0,
        "recall": 0.0,
        "f1-score": 0.0,
        "support": 81.0
    },
    "micro avg": {
        "precision": 0.5140388768898488,
        "recall": 0.32647462277091904,
        "f1-score": 0.39932885906040266,
        "support": 729.0
    },
    "macro avg": {
        "precision": 0.3633603604678251,
        "recall": 0.32647462277091904,
        "f1-score": 0.33064410229057617,
        "support": 729.0
    },
    "weighted avg": {
        "precision": 0.3633603604678251,
        "recall": 0.32647462277091904,
        "f1-score": 0.3306441022905761,
        "support": 729.0
    },
    "accuracy": 0.32647462277091904
}