{
    "1": {
        "precision": 1.0,
        "recall": 1.0,
        "f1-score": 1.0,
        "support": 81.0
    },
    "2": {
        "precision": 1.0,
        "recall": 1.0,
        "f1-score": 1.0,
        "support": 81.0
    },
    "3": {
        "precision": 1.0,
        "recall": 1.0,
        "f1-score": 1.0,
        "support": 81.0
    },
    "4": {
        "precision": 1.0,
        "recall": 1.0,
        "f1-score": 1.0,
        "support": 81.0
    },
    "5": {
        "precision": 1.0,
        "recall": 0.9753086419753086,
        "f1-score": 0.9875,
        "support": 81.0
    },
    "6": {
        "precision": 0.9759036144578314,
        "recall": 1.0,
        "f1-score": 0.9878048780487805,
        "support": 81.0
    },
    "7": {
        "precision": 1.0,
        "recall": 0.8271604938271605,
        "f1-score": 0.9054054054054054,
        "support": 81.0
    },
    "8": {
        "precision": 0.8602150537634409,
        "recall": 0.9876543209876543,
        "f1-score": 0.9195402298850575,
        "support": 81.0
    },
    "9": {
        "precision": 0.9759036144578314,
        "recall": 1.0,
        "f1-score": 0.9878048780487805,
        "support": 81.0
    },
    "accuracy": 0.9766803840877915,
    "macro avg": {
        "precision": 0.9791135869643449,
        "recall": 0.9766803840877915,
        "f1-score": 0.9764505990431138,
        "support": 729.0
    },
    "weighted avg": {
        "precision": 0.979113586964345,
        "recall": 0.9766803840877915,
        "f1-score": 0.9764505990431138,
        "support": 729.0
    }
}