{
    "10": {
        "precision": 0.2028985507246377,
        "recall": 0.5185185185185185,
        "f1-score": 0.2916666666666667,
        "support": 81.0
    },
    "11": {
        "precision": 0.0,
        "recall": 0.0,
        "f1-score": 0.0,
        "support": 81.0
    },
    "12": {
        "precision": 0.17575757575757575,
        "recall": 0.35802469135802467,
        "f1-score": 0.23577235772357724,
        "support": 81.0
    },
    "13": {
        "precision": 0.2,
        "recall": 0.024691358024691357,
        "f1-score": 0.04395604395604396,
        "support": 81.0
    },
    "14": {
        "precision": 0.09795918367346938,
        "recall": 0.2962962962962963,
        "f1-score": 0.147239263803681,
        "support": 81.0
    },
    "15": {
        "precision": 0.14545454545454545,
        "recall": 0.09876543209876543,
        "f1-score": 0.11764705882352941,
        "support": 81.0
    },
    "16": {
        "precision": 0.0,
        "recall": 0.0,
        "f1-score": 0.0,
        "support": 81.0
    },
    "17": {
        "precision": 0.0,
        "recall": 0.0,
        "f1-score": 0.0,
        "support": 81.0
    },
    "18": {
        "precision": 0.0,
        "recall": 0.0,
        "f1-score": 0.0,
        "support": 81.0
    },
    "micro avg": {
        "precision": 0.15395894428152493,
        "recall": 0.1440329218106996,
        "f1-score": 0.148830616583983,
        "support": 729.0
    },
    "macro avg": {
        "precision": 0.09134109506780314,
        "recall": 0.1440329218106996,
        "f1-score": 0.09292015455261092,
        "support": 729.0
    },
    "weighted avg": {
        "precision": 0.09134109506780314,
        "recall": 0.1440329218106996,
        "f1-score": 0.09292015455261092,
        "support": 729.0
    },
    "accuracy": 0.1440329218106996
}