{
    "1": {
        "precision": 0.9989276139410188,
        "recall": 1.0,
        "f1-score": 0.9994635193133047,
        "support": 5589.0
    },
    "2": {
        "precision": 0.9937700249199003,
        "recall": 0.9989264626945786,
        "f1-score": 0.996341572231641,
        "support": 5589.0
    },
    "3": {
        "precision": 0.9974883387154646,
        "recall": 0.9948112363571301,
        "f1-score": 0.996147988891875,
        "support": 5589.0
    },
    "4": {
        "precision": 0.99695885509839,
        "recall": 0.9971372338522096,
        "f1-score": 0.9970480364970034,
        "support": 5589.0
    },
    "5": {
        "precision": 0.9935805991440799,
        "recall": 0.9969583109679728,
        "f1-score": 0.9952665892649817,
        "support": 5589.0
    },
    "6": {
        "precision": 0.9944444444444445,
        "recall": 0.9928430846305243,
        "f1-score": 0.9936431193481959,
        "support": 5589.0
    },
    "7": {
        "precision": 0.9903760470504367,
        "recall": 0.9942744677044194,
        "f1-score": 0.9923214285714286,
        "support": 5589.0
    },
    "8": {
        "precision": 0.9869828815977175,
        "recall": 0.9903381642512077,
        "f1-score": 0.9886576761632581,
        "support": 5589.0
    },
    "9": {
        "precision": 0.998911860718172,
        "recall": 0.9855072463768116,
        "f1-score": 0.9921642799243447,
        "support": 5589.0
    },
    "micro avg": {
        "precision": 0.9945922303073681,
        "recall": 0.9945329118705394,
        "f1-score": 0.9945625702044751,
        "support": 50301.0
    },
    "macro avg": {
        "precision": 0.9946045184032916,
        "recall": 0.9945329118705395,
        "f1-score": 0.9945615789117814,
        "support": 50301.0
    },
    "weighted avg": {
        "precision": 0.9946045184032914,
        "recall": 0.9945329118705394,
        "f1-score": 0.9945615789117814,
        "support": 50301.0
    },
    "accuracy": 0.9945329118705394
}