{
    "10": {
        "precision": 0.36619718309859156,
        "recall": 0.32098765432098764,
        "f1-score": 0.34210526315789475,
        "support": 81.0
    },
    "11": {
        "precision": 1.0,
        "recall": 0.07407407407407407,
        "f1-score": 0.13793103448275862,
        "support": 81.0
    },
    "12": {
        "precision": 0.34782608695652173,
        "recall": 0.19753086419753085,
        "f1-score": 0.25196850393700787,
        "support": 81.0
    },
    "13": {
        "precision": 0.09230769230769231,
        "recall": 0.07407407407407407,
        "f1-score": 0.0821917808219178,
        "support": 81.0
    },
    "14": {
        "precision": 0.0,
        "recall": 0.0,
        "f1-score": 0.0,
        "support": 81.0
    },
    "15": {
        "precision": 0.0,
        "recall": 0.0,
        "f1-score": 0.0,
        "support": 81.0
    },
    "16": {
        "precision": 0.0,
        "recall": 0.0,
        "f1-score": 0.0,
        "support": 81.0
    },
    "17": {
        "precision": 0.0,
        "recall": 0.0,
        "f1-score": 0.0,
        "support": 81.0
    },
    "18": {
        "precision": 0.0,
        "recall": 0.0,
        "f1-score": 0.0,
        "support": 81.0
    },
    "micro avg": {
        "precision": 0.15428571428571428,
        "recall": 0.07407407407407407,
        "f1-score": 0.10009267840593142,
        "support": 729.0
    },
    "macro avg": {
        "precision": 0.20070344026253395,
        "recall": 0.07407407407407407,
        "f1-score": 0.09046628693328657,
        "support": 729.0
    },
    "weighted avg": {
        "precision": 0.20070344026253395,
        "recall": 0.07407407407407407,
        "f1-score": 0.09046628693328657,
        "support": 729.0
    },
    "accuracy": 0.07407407407407407
}