{
    "10": {
        "precision": 0.096,
        "recall": 0.14814814814814814,
        "f1-score": 0.11650485436893204,
        "support": 81.0
    },
    "11": {
        "precision": 0.0,
        "recall": 0.0,
        "f1-score": 0.0,
        "support": 81.0
    },
    "12": {
        "precision": 0.24489795918367346,
        "recall": 0.4444444444444444,
        "f1-score": 0.3157894736842105,
        "support": 81.0
    },
    "13": {
        "precision": 0.0,
        "recall": 0.0,
        "f1-score": 0.0,
        "support": 81.0
    },
    "14": {
        "precision": 0.38095238095238093,
        "recall": 0.09876543209876543,
        "f1-score": 0.1568627450980392,
        "support": 81.0
    },
    "15": {
        "precision": 0.26582278481012656,
        "recall": 0.7777777777777778,
        "f1-score": 0.39622641509433965,
        "support": 81.0
    },
    "16": {
        "precision": 0.0,
        "recall": 0.0,
        "f1-score": 0.0,
        "support": 81.0
    },
    "17": {
        "precision": 0.5,
        "recall": 0.13580246913580246,
        "f1-score": 0.21359223300970873,
        "support": 81.0
    },
    "18": {
        "precision": 0.0,
        "recall": 0.0,
        "f1-score": 0.0,
        "support": 81.0
    },
    "micro avg": {
        "precision": 0.2313167259786477,
        "recall": 0.17832647462277093,
        "f1-score": 0.2013942680092951,
        "support": 729.0
    },
    "macro avg": {
        "precision": 0.165297013882909,
        "recall": 0.17832647462277093,
        "f1-score": 0.13321952458391445,
        "support": 729.0
    },
    "weighted avg": {
        "precision": 0.165297013882909,
        "recall": 0.17832647462277093,
        "f1-score": 0.13321952458391448,
        "support": 729.0
    },
    "accuracy": 0.17832647462277093
}