{
    "1": {
        "precision": 0.3333333333333333,
        "recall": 1.0,
        "f1-score": 0.5,
        "support": 81.0
    },
    "2": {
        "precision": 0.0,
        "recall": 0.0,
        "f1-score": 0.0,
        "support": 162.0
    },
    "3": {
        "precision": 0.01557632398753894,
        "recall": 0.0205761316872428,
        "f1-score": 0.01773049645390071,
        "support": 243.0
    },
    "4": {
        "precision": 0.02168021680216802,
        "recall": 0.024691358024691357,
        "f1-score": 0.023088023088023088,
        "support": 324.0
    },
    "5": {
        "precision": 0.10138248847926268,
        "recall": 0.10864197530864197,
        "f1-score": 0.10488676996424315,
        "support": 405.0
    },
    "6": {
        "precision": 0.1500789889415482,
        "recall": 0.19547325102880658,
        "f1-score": 0.16979445933869527,
        "support": 486.0
    },
    "7": {
        "precision": 0.04393939393939394,
        "recall": 0.05114638447971781,
        "f1-score": 0.04726976365118175,
        "support": 567.0
    },
    "8": {
        "precision": 0.024096385542168676,
        "recall": 0.027777777777777776,
        "f1-score": 0.025806451612903226,
        "support": 648.0
    },
    "9": {
        "precision": 0.0,
        "recall": 0.0,
        "f1-score": 0.0,
        "support": 729.0
    },
    "accuracy": 0.07681755829903979,
    "macro avg": {
        "precision": 0.07667634789171264,
        "recall": 0.1587007642563198,
        "f1-score": 0.09873066267877191,
        "support": 3645.0
    },
    "weighted avg": {
        "precision": 0.05276703089918515,
        "recall": 0.07681755829903979,
        "f1-score": 0.06057964768952622,
        "support": 3645.0
    }
}