{
    "1": {
        "precision": 1.0,
        "recall": 1.0,
        "f1-score": 1.0,
        "support": 81.0
    },
    "2": {
        "precision": 0.9878048780487805,
        "recall": 1.0,
        "f1-score": 0.9938650306748467,
        "support": 81.0
    },
    "3": {
        "precision": 0.9634146341463414,
        "recall": 0.9753086419753086,
        "f1-score": 0.9693251533742331,
        "support": 81.0
    },
    "4": {
        "precision": 0.8974358974358975,
        "recall": 0.8641975308641975,
        "f1-score": 0.8805031446540881,
        "support": 81.0
    },
    "5": {
        "precision": 0.75,
        "recall": 0.7777777777777778,
        "f1-score": 0.7636363636363637,
        "support": 81.0
    },
    "6": {
        "precision": 0.6470588235294118,
        "recall": 0.5432098765432098,
        "f1-score": 0.5906040268456376,
        "support": 81.0
    },
    "7": {
        "precision": 0.5161290322580645,
        "recall": 0.3950617283950617,
        "f1-score": 0.44755244755244755,
        "support": 81.0
    },
    "8": {
        "precision": 0.5,
        "recall": 0.3333333333333333,
        "f1-score": 0.4,
        "support": 81.0
    },
    "9": {
        "precision": 0.4418604651162791,
        "recall": 0.2345679012345679,
        "f1-score": 0.3064516129032258,
        "support": 81.0
    },
    "micro avg": {
        "precision": 0.7823343848580442,
        "recall": 0.6803840877914952,
        "f1-score": 0.7278063096111519,
        "support": 729.0
    },
    "macro avg": {
        "precision": 0.7448559700594193,
        "recall": 0.6803840877914953,
        "f1-score": 0.7057708644045381,
        "support": 729.0
    },
    "weighted avg": {
        "precision": 0.7448559700594195,
        "recall": 0.6803840877914952,
        "f1-score": 0.705770864404538,
        "support": 729.0
    },
    "accuracy": 0.6803840877914952
}