{
    "10": {
        "precision": 0.08247422680412371,
        "recall": 0.09876543209876543,
        "f1-score": 0.0898876404494382,
        "support": 81.0
    },
    "11": {
        "precision": 0.0,
        "recall": 0.0,
        "f1-score": 0.0,
        "support": 81.0
    },
    "12": {
        "precision": 0.5660377358490566,
        "recall": 0.7407407407407407,
        "f1-score": 0.6417112299465241,
        "support": 81.0
    },
    "13": {
        "precision": 0.68,
        "recall": 0.41975308641975306,
        "f1-score": 0.5190839694656488,
        "support": 81.0
    },
    "14": {
        "precision": 0.8837209302325582,
        "recall": 0.4691358024691358,
        "f1-score": 0.6129032258064516,
        "support": 81.0
    },
    "15": {
        "precision": 0.4935897435897436,
        "recall": 0.9506172839506173,
        "f1-score": 0.6497890295358649,
        "support": 81.0
    },
    "16": {
        "precision": 0.0,
        "recall": 0.0,
        "f1-score": 0.0,
        "support": 81.0
    },
    "17": {
        "precision": 0.2,
        "recall": 0.07407407407407407,
        "f1-score": 0.10810810810810811,
        "support": 81.0
    },
    "18": {
        "precision": 0.0,
        "recall": 0.0,
        "f1-score": 0.0,
        "support": 81.0
    },
    "micro avg": {
        "precision": 0.45233265720081134,
        "recall": 0.3058984910836763,
        "f1-score": 0.3649754500818331,
        "support": 729.0
    },
    "macro avg": {
        "precision": 0.3228691818306091,
        "recall": 0.3058984910836762,
        "f1-score": 0.2912759114791151,
        "support": 729.0
    },
    "weighted avg": {
        "precision": 0.32286918183060914,
        "recall": 0.3058984910836763,
        "f1-score": 0.2912759114791151,
        "support": 729.0
    },
    "accuracy": 0.3058984910836763
}