{
    "1": {
        "precision": 1.0,
        "recall": 0.9979423868312757,
        "f1-score": 0.9989701338825953,
        "support": 1944.0
    },
    "2": {
        "precision": 0.998972250770812,
        "recall": 1.0,
        "f1-score": 0.9994858611825193,
        "support": 1944.0
    },
    "3": {
        "precision": 0.9994858611825193,
        "recall": 1.0,
        "f1-score": 0.999742864489586,
        "support": 1944.0
    },
    "4": {
        "precision": 1.0,
        "recall": 1.0,
        "f1-score": 1.0,
        "support": 1944.0
    },
    "5": {
        "precision": 0.9994858611825193,
        "recall": 1.0,
        "f1-score": 0.999742864489586,
        "support": 1944.0
    },
    "6": {
        "precision": 1.0,
        "recall": 0.9994855967078189,
        "f1-score": 0.9997427321842037,
        "support": 1944.0
    },
    "7": {
        "precision": 1.0,
        "recall": 1.0,
        "f1-score": 1.0,
        "support": 1944.0
    },
    "8": {
        "precision": 0.9984591679506933,
        "recall": 1.0,
        "f1-score": 0.9992289899768697,
        "support": 1944.0
    },
    "9": {
        "precision": 1.0,
        "recall": 0.9984567901234568,
        "f1-score": 0.9992277992277993,
        "support": 1944.0
    },
    "micro avg": {
        "precision": 0.9995998856816233,
        "recall": 0.9995427526291724,
        "f1-score": 0.9995713183390015,
        "support": 17496.0
    },
    "macro avg": {
        "precision": 0.999600349009616,
        "recall": 0.9995427526291724,
        "f1-score": 0.9995712494925733,
        "support": 17496.0
    },
    "weighted avg": {
        "precision": 0.999600349009616,
        "recall": 0.9995427526291724,
        "f1-score": 0.9995712494925733,
        "support": 17496.0
    },
    "accuracy": 0.9995427526291724
}