{
    "1": {
        "precision": 1.0,
        "recall": 1.0,
        "f1-score": 1.0,
        "support": 81.0
    },
    "2": {
        "precision": 1.0,
        "recall": 1.0,
        "f1-score": 1.0,
        "support": 81.0
    },
    "3": {
        "precision": 0.9878048780487805,
        "recall": 1.0,
        "f1-score": 0.9938650306748467,
        "support": 81.0
    },
    "4": {
        "precision": 0.9411764705882353,
        "recall": 0.9876543209876543,
        "f1-score": 0.963855421686747,
        "support": 81.0
    },
    "5": {
        "precision": 0.8735632183908046,
        "recall": 0.9382716049382716,
        "f1-score": 0.9047619047619048,
        "support": 81.0
    },
    "6": {
        "precision": 0.8433734939759037,
        "recall": 0.8641975308641975,
        "f1-score": 0.8536585365853658,
        "support": 81.0
    },
    "7": {
        "precision": 0.7906976744186046,
        "recall": 0.8395061728395061,
        "f1-score": 0.8143712574850299,
        "support": 81.0
    },
    "8": {
        "precision": 0.8181818181818182,
        "recall": 0.7777777777777778,
        "f1-score": 0.7974683544303798,
        "support": 81.0
    },
    "9": {
        "precision": 1.0,
        "recall": 0.8271604938271605,
        "f1-score": 0.9054054054054054,
        "support": 81.0
    },
    "accuracy": 0.9149519890260631,
    "macro avg": {
        "precision": 0.9171997281782384,
        "recall": 0.9149519890260631,
        "f1-score": 0.9148206567810756,
        "support": 729.0
    },
    "weighted avg": {
        "precision": 0.9171997281782386,
        "recall": 0.9149519890260631,
        "f1-score": 0.9148206567810754,
        "support": 729.0
    }
}