{
    "10": {
        "precision": 0.16470588235294117,
        "recall": 0.345679012345679,
        "f1-score": 0.22310756972111553,
        "support": 81.0
    },
    "11": {
        "precision": 0.0,
        "recall": 0.0,
        "f1-score": 0.0,
        "support": 81.0
    },
    "12": {
        "precision": 0.22794117647058823,
        "recall": 0.38271604938271603,
        "f1-score": 0.2857142857142857,
        "support": 81.0
    },
    "13": {
        "precision": 0.2,
        "recall": 0.08641975308641975,
        "f1-score": 0.1206896551724138,
        "support": 81.0
    },
    "14": {
        "precision": 0.5,
        "recall": 0.012345679012345678,
        "f1-score": 0.024096385542168676,
        "support": 81.0
    },
    "15": {
        "precision": 0.23166023166023167,
        "recall": 0.7407407407407407,
        "f1-score": 0.35294117647058826,
        "support": 81.0
    },
    "16": {
        "precision": 0.0,
        "recall": 0.0,
        "f1-score": 0.0,
        "support": 81.0
    },
    "17": {
        "precision": 0.0,
        "recall": 0.0,
        "f1-score": 0.0,
        "support": 81.0
    },
    "18": {
        "precision": 0.0,
        "recall": 0.0,
        "f1-score": 0.0,
        "support": 81.0
    },
    "micro avg": {
        "precision": 0.21096345514950166,
        "recall": 0.17421124828532236,
        "f1-score": 0.19083395942900075,
        "support": 729.0
    },
    "macro avg": {
        "precision": 0.14714525449819568,
        "recall": 0.17421124828532233,
        "f1-score": 0.11183878584673021,
        "support": 729.0
    },
    "weighted avg": {
        "precision": 0.14714525449819568,
        "recall": 0.17421124828532236,
        "f1-score": 0.11183878584673022,
        "support": 729.0
    },
    "accuracy": 0.17421124828532236
}