{
    "10": {
        "precision": 0.4482758620689655,
        "recall": 0.6419753086419753,
        "f1-score": 0.5279187817258884,
        "support": 81.0
    },
    "11": {
        "precision": 0.0,
        "recall": 0.0,
        "f1-score": 0.0,
        "support": 81.0
    },
    "12": {
        "precision": 0.75,
        "recall": 0.8888888888888888,
        "f1-score": 0.8135593220338984,
        "support": 81.0
    },
    "13": {
        "precision": 0.8285714285714286,
        "recall": 0.7160493827160493,
        "f1-score": 0.7682119205298014,
        "support": 81.0
    },
    "14": {
        "precision": 0.6829268292682927,
        "recall": 0.345679012345679,
        "f1-score": 0.45901639344262296,
        "support": 81.0
    },
    "15": {
        "precision": 0.5271317829457365,
        "recall": 0.8395061728395061,
        "f1-score": 0.6476190476190476,
        "support": 81.0
    },
    "16": {
        "precision": 0.7142857142857143,
        "recall": 0.24691358024691357,
        "f1-score": 0.3669724770642202,
        "support": 81.0
    },
    "17": {
        "precision": 0.0,
        "recall": 0.0,
        "f1-score": 0.0,
        "support": 81.0
    },
    "18": {
        "precision": 0.0,
        "recall": 0.0,
        "f1-score": 0.0,
        "support": 81.0
    },
    "micro avg": {
        "precision": 0.6195426195426196,
        "recall": 0.40877914951989025,
        "f1-score": 0.4925619834710744,
        "support": 729.0
    },
    "macro avg": {
        "precision": 0.4390212907933487,
        "recall": 0.4087791495198903,
        "f1-score": 0.39814421582394205,
        "support": 729.0
    },
    "weighted avg": {
        "precision": 0.4390212907933487,
        "recall": 0.40877914951989025,
        "f1-score": 0.39814421582394205,
        "support": 729.0
    },
    "accuracy": 0.40877914951989025
}