{
    "10": {
        "precision": 0.2616279069767442,
        "recall": 0.5555555555555556,
        "f1-score": 0.3557312252964427,
        "support": 81.0
    },
    "11": {
        "precision": 0.0,
        "recall": 0.0,
        "f1-score": 0.0,
        "support": 81.0
    },
    "12": {
        "precision": 0.375,
        "recall": 0.2222222222222222,
        "f1-score": 0.27906976744186046,
        "support": 81.0
    },
    "13": {
        "precision": 0.25,
        "recall": 0.5061728395061729,
        "f1-score": 0.3346938775510204,
        "support": 81.0
    },
    "14": {
        "precision": 0.0,
        "recall": 0.0,
        "f1-score": 0.0,
        "support": 81.0
    },
    "15": {
        "precision": 0.25757575757575757,
        "recall": 0.41975308641975306,
        "f1-score": 0.3192488262910798,
        "support": 81.0
    },
    "16": {
        "precision": 0.15789473684210525,
        "recall": 0.037037037037037035,
        "f1-score": 0.06,
        "support": 81.0
    },
    "17": {
        "precision": 0.5,
        "recall": 0.012345679012345678,
        "f1-score": 0.024096385542168676,
        "support": 81.0
    },
    "18": {
        "precision": 0.0,
        "recall": 0.0,
        "f1-score": 0.0,
        "support": 81.0
    },
    "micro avg": {
        "precision": 0.2634508348794063,
        "recall": 0.19478737997256515,
        "f1-score": 0.22397476340694006,
        "support": 729.0
    },
    "macro avg": {
        "precision": 0.2002331557105119,
        "recall": 0.19478737997256512,
        "f1-score": 0.152537786902508,
        "support": 729.0
    },
    "weighted avg": {
        "precision": 0.20023315571051192,
        "recall": 0.19478737997256515,
        "f1-score": 0.15253778690250802,
        "support": 729.0
    },
    "accuracy": 0.19478737997256515
}