{
    "1": {
        "precision": 1.0,
        "recall": 1.0,
        "f1-score": 1.0,
        "support": 81.0
    },
    "2": {
        "precision": 1.0,
        "recall": 0.9876543209876543,
        "f1-score": 0.9937888198757764,
        "support": 81.0
    },
    "3": {
        "precision": 0.9696969696969697,
        "recall": 0.7901234567901234,
        "f1-score": 0.8707482993197279,
        "support": 81.0
    },
    "4": {
        "precision": 0.7424242424242424,
        "recall": 0.6049382716049383,
        "f1-score": 0.6666666666666666,
        "support": 81.0
    },
    "5": {
        "precision": 0.6464646464646465,
        "recall": 0.7901234567901234,
        "f1-score": 0.7111111111111111,
        "support": 81.0
    },
    "6": {
        "precision": 0.6901408450704225,
        "recall": 0.6049382716049383,
        "f1-score": 0.6447368421052632,
        "support": 81.0
    },
    "7": {
        "precision": 0.5955056179775281,
        "recall": 0.654320987654321,
        "f1-score": 0.6235294117647059,
        "support": 81.0
    },
    "8": {
        "precision": 0.5555555555555556,
        "recall": 0.6790123456790124,
        "f1-score": 0.6111111111111112,
        "support": 81.0
    },
    "9": {
        "precision": 0.7083333333333334,
        "recall": 0.41975308641975306,
        "f1-score": 0.5271317829457365,
        "support": 81.0
    },
    "micro avg": {
        "precision": 0.7567954220314735,
        "recall": 0.7256515775034293,
        "f1-score": 0.7408963585434174,
        "support": 729.0
    },
    "macro avg": {
        "precision": 0.767569023391411,
        "recall": 0.7256515775034293,
        "f1-score": 0.738758227211122,
        "support": 729.0
    },
    "weighted avg": {
        "precision": 0.767569023391411,
        "recall": 0.7256515775034293,
        "f1-score": 0.7387582272111222,
        "support": 729.0
    },
    "accuracy": 0.7256515775034293
}