{
    "10": {
        "precision": 0.46938775510204084,
        "recall": 0.5679012345679012,
        "f1-score": 0.5139664804469274,
        "support": 81.0
    },
    "11": {
        "precision": 0.0,
        "recall": 0.0,
        "f1-score": 0.0,
        "support": 81.0
    },
    "12": {
        "precision": 0.65625,
        "recall": 0.7777777777777778,
        "f1-score": 0.711864406779661,
        "support": 81.0
    },
    "13": {
        "precision": 0.17647058823529413,
        "recall": 0.037037037037037035,
        "f1-score": 0.061224489795918366,
        "support": 81.0
    },
    "14": {
        "precision": 0.0,
        "recall": 0.0,
        "f1-score": 0.0,
        "support": 81.0
    },
    "15": {
        "precision": 0.2746478873239437,
        "recall": 0.48148148148148145,
        "f1-score": 0.34977578475336324,
        "support": 81.0
    },
    "16": {
        "precision": 0.39086294416243655,
        "recall": 0.9506172839506173,
        "f1-score": 0.5539568345323741,
        "support": 81.0
    },
    "17": {
        "precision": 0.2714285714285714,
        "recall": 0.2345679012345679,
        "f1-score": 0.25165562913907286,
        "support": 81.0
    },
    "18": {
        "precision": 1.0,
        "recall": 0.012345679012345678,
        "f1-score": 0.024390243902439025,
        "support": 81.0
    },
    "micro avg": {
        "precision": 0.36470588235294116,
        "recall": 0.3401920438957476,
        "f1-score": 0.3520227111426544,
        "support": 729.0
    },
    "macro avg": {
        "precision": 0.35989419402803186,
        "recall": 0.3401920438957476,
        "f1-score": 0.2740926521499729,
        "support": 729.0
    },
    "weighted avg": {
        "precision": 0.3598941940280319,
        "recall": 0.3401920438957476,
        "f1-score": 0.2740926521499729,
        "support": 729.0
    },
    "accuracy": 0.3401920438957476
}