{
    "10": {
        "precision": 1.0,
        "recall": 1.0,
        "f1-score": 1.0,
        "support": 81.0
    },
    "11": {
        "precision": 1.0,
        "recall": 1.0,
        "f1-score": 1.0,
        "support": 81.0
    },
    "12": {
        "precision": 1.0,
        "recall": 1.0,
        "f1-score": 1.0,
        "support": 81.0
    },
    "13": {
        "precision": 1.0,
        "recall": 1.0,
        "f1-score": 1.0,
        "support": 81.0
    },
    "14": {
        "precision": 0.9876543209876543,
        "recall": 0.9876543209876543,
        "f1-score": 0.9876543209876543,
        "support": 81.0
    },
    "15": {
        "precision": 0.9512195121951219,
        "recall": 0.9629629629629629,
        "f1-score": 0.9570552147239264,
        "support": 81.0
    },
    "16": {
        "precision": 0.9615384615384616,
        "recall": 0.9259259259259259,
        "f1-score": 0.9433962264150944,
        "support": 81.0
    },
    "17": {
        "precision": 0.926829268292683,
        "recall": 0.9382716049382716,
        "f1-score": 0.9325153374233128,
        "support": 81.0
    },
    "18": {
        "precision": 0.948051948051948,
        "recall": 0.9012345679012346,
        "f1-score": 0.9240506329113924,
        "support": 81.0
    },
    "micro avg": {
        "precision": 0.9751381215469613,
        "recall": 0.9684499314128944,
        "f1-score": 0.9717825189263593,
        "support": 729.0
    },
    "macro avg": {
        "precision": 0.9750326123406521,
        "recall": 0.9684499314128944,
        "f1-score": 0.9716301924957089,
        "support": 729.0
    },
    "weighted avg": {
        "precision": 0.9750326123406521,
        "recall": 0.9684499314128944,
        "f1-score": 0.9716301924957089,
        "support": 729.0
    },
    "accuracy": 0.9684499314128944
}