{
    "1": {
        "precision": 0.9878048780487805,
        "recall": 1.0,
        "f1-score": 0.9938650306748467,
        "support": 81.0
    },
    "2": {
        "precision": 1.0,
        "recall": 0.9753086419753086,
        "f1-score": 0.9875,
        "support": 81.0
    },
    "3": {
        "precision": 0.7333333333333333,
        "recall": 0.8148148148148148,
        "f1-score": 0.7719298245614035,
        "support": 81.0
    },
    "4": {
        "precision": 0.4235294117647059,
        "recall": 0.4444444444444444,
        "f1-score": 0.43373493975903615,
        "support": 81.0
    },
    "5": {
        "precision": 0.4142857142857143,
        "recall": 0.35802469135802467,
        "f1-score": 0.3841059602649007,
        "support": 81.0
    },
    "6": {
        "precision": 0.2463768115942029,
        "recall": 0.20987654320987653,
        "f1-score": 0.22666666666666666,
        "support": 81.0
    },
    "7": {
        "precision": 0.2916666666666667,
        "recall": 0.08641975308641975,
        "f1-score": 0.13333333333333333,
        "support": 81.0
    },
    "8": {
        "precision": 0.2857142857142857,
        "recall": 0.14814814814814814,
        "f1-score": 0.1951219512195122,
        "support": 81.0
    },
    "9": {
        "precision": 0.3333333333333333,
        "recall": 0.13580246913580246,
        "f1-score": 0.19298245614035087,
        "support": 81.0
    },
    "micro avg": {
        "precision": 0.5888501742160279,
        "recall": 0.46364883401920437,
        "f1-score": 0.5188027628549501,
        "support": 729.0
    },
    "macro avg": {
        "precision": 0.5240049371934469,
        "recall": 0.46364883401920426,
        "f1-score": 0.47991557362445003,
        "support": 729.0
    },
    "weighted avg": {
        "precision": 0.5240049371934469,
        "recall": 0.46364883401920437,
        "f1-score": 0.47991557362445,
        "support": 729.0
    },
    "accuracy": 0.46364883401920437
}