{
    "10": {
        "precision": 0.028985507246376812,
        "recall": 0.024691358024691357,
        "f1-score": 0.02666666666666667,
        "support": 81.0
    },
    "11": {
        "precision": 0.021505376344086023,
        "recall": 0.024691358024691357,
        "f1-score": 0.022988505747126436,
        "support": 81.0
    },
    "12": {
        "precision": 0.00909090909090909,
        "recall": 0.012345679012345678,
        "f1-score": 0.010471204188481676,
        "support": 81.0
    },
    "13": {
        "precision": 0.0,
        "recall": 0.0,
        "f1-score": 0.0,
        "support": 81.0
    },
    "14": {
        "precision": 0.0273972602739726,
        "recall": 0.04938271604938271,
        "f1-score": 0.03524229074889868,
        "support": 81.0
    },
    "15": {
        "precision": 0.028037383177570093,
        "recall": 0.037037037037037035,
        "f1-score": 0.031914893617021274,
        "support": 81.0
    },
    "16": {
        "precision": 0.0,
        "recall": 0.0,
        "f1-score": 0.0,
        "support": 81.0
    },
    "17": {
        "precision": 0.0,
        "recall": 0.0,
        "f1-score": 0.0,
        "support": 81.0
    },
    "18": {
        "precision": 0.0,
        "recall": 0.0,
        "f1-score": 0.0,
        "support": 81.0
    },
    "micro avg": {
        "precision": 0.02112676056338028,
        "recall": 0.01646090534979424,
        "f1-score": 0.018504240555127217,
        "support": 729.0
    },
    "macro avg": {
        "precision": 0.01277960401476829,
        "recall": 0.016460905349794237,
        "f1-score": 0.014142617885354971,
        "support": 729.0
    },
    "weighted avg": {
        "precision": 0.01277960401476829,
        "recall": 0.01646090534979424,
        "f1-score": 0.01414261788535497,
        "support": 729.0
    },
    "accuracy": 0.01646090534979424
}