{
    "10": {
        "precision": 0.9832214765100671,
        "recall": 0.301440329218107,
        "f1-score": 0.46141732283464565,
        "support": 1944.0
    },
    "11": {
        "precision": 0.0,
        "recall": 0.0,
        "f1-score": 0.0,
        "support": 1944.0
    },
    "12": {
        "precision": 0.0,
        "recall": 0.0,
        "f1-score": 0.0,
        "support": 1944.0
    },
    "13": {
        "precision": 0.08791208791208792,
        "recall": 0.00411522633744856,
        "f1-score": 0.007862407862407862,
        "support": 1944.0
    },
    "14": {
        "precision": 0.0,
        "recall": 0.0,
        "f1-score": 0.0,
        "support": 1944.0
    },
    "15": {
        "precision": 0.00819672131147541,
        "recall": 0.00051440329218107,
        "f1-score": 0.000968054211035818,
        "support": 1944.0
    },
    "16": {
        "precision": 0.0,
        "recall": 0.0,
        "f1-score": 0.0,
        "support": 1944.0
    },
    "17": {
        "precision": 0.0,
        "recall": 0.0,
        "f1-score": 0.0,
        "support": 1944.0
    },
    "18": {
        "precision": 0.0,
        "recall": 0.0,
        "f1-score": 0.0,
        "support": 1944.0
    },
    "micro avg": {
        "precision": 0.7354758961681088,
        "recall": 0.03400777320530407,
        "f1-score": 0.06500956022944551,
        "support": 17496.0
    },
    "macro avg": {
        "precision": 0.11992558730373669,
        "recall": 0.034007773205304064,
        "f1-score": 0.05224975387867659,
        "support": 17496.0
    },
    "weighted avg": {
        "precision": 0.11992558730373669,
        "recall": 0.03400777320530407,
        "f1-score": 0.05224975387867659,
        "support": 17496.0
    },
    "accuracy": 0.03400777320530407
}