{
    "10": {
        "precision": 0.30434782608695654,
        "recall": 0.6049382716049383,
        "f1-score": 0.4049586776859504,
        "support": 81.0
    },
    "11": {
        "precision": 0.0,
        "recall": 0.0,
        "f1-score": 0.0,
        "support": 81.0
    },
    "12": {
        "precision": 0.3148148148148148,
        "recall": 0.20987654320987653,
        "f1-score": 0.2518518518518518,
        "support": 81.0
    },
    "13": {
        "precision": 0.2711864406779661,
        "recall": 0.3950617283950617,
        "f1-score": 0.32160804020100503,
        "support": 81.0
    },
    "14": {
        "precision": 0.0,
        "recall": 0.0,
        "f1-score": 0.0,
        "support": 81.0
    },
    "15": {
        "precision": 0.2792207792207792,
        "recall": 0.5308641975308642,
        "f1-score": 0.3659574468085106,
        "support": 81.0
    },
    "16": {
        "precision": 0.4,
        "recall": 0.07407407407407407,
        "f1-score": 0.125,
        "support": 81.0
    },
    "17": {
        "precision": 0.1875,
        "recall": 0.037037037037037035,
        "f1-score": 0.061855670103092786,
        "support": 81.0
    },
    "18": {
        "precision": 0.3333333333333333,
        "recall": 0.012345679012345678,
        "f1-score": 0.023809523809523808,
        "support": 81.0
    },
    "micro avg": {
        "precision": 0.2887189292543021,
        "recall": 0.20713305898491083,
        "f1-score": 0.24121405750798722,
        "support": 729.0
    },
    "macro avg": {
        "precision": 0.23226702157042778,
        "recall": 0.20713305898491086,
        "f1-score": 0.1727823567177705,
        "support": 729.0
    },
    "weighted avg": {
        "precision": 0.23226702157042778,
        "recall": 0.20713305898491083,
        "f1-score": 0.17278235671777048,
        "support": 729.0
    },
    "accuracy": 0.20713305898491083
}