{
    "1": {
        "precision": 1.0,
        "recall": 0.9994632313472893,
        "f1-score": 0.9997315436241611,
        "support": 5589.0
    },
    "2": {
        "precision": 0.9850692570606224,
        "recall": 0.9797817140812309,
        "f1-score": 0.9824183710082526,
        "support": 5589.0
    },
    "3": {
        "precision": 0.9304821945817005,
        "recall": 0.9770978708176776,
        "f1-score": 0.9532204573223948,
        "support": 5589.0
    },
    "4": {
        "precision": 0.8801757647456482,
        "recall": 0.9318303811057435,
        "f1-score": 0.9052668173127064,
        "support": 5589.0
    },
    "5": {
        "precision": 0.7075854082223509,
        "recall": 0.8745750581499374,
        "f1-score": 0.7822677442586221,
        "support": 5589.0
    },
    "6": {
        "precision": 0.5313679930293349,
        "recall": 0.6546788334227948,
        "f1-score": 0.5866132264529058,
        "support": 5589.0
    },
    "7": {
        "precision": 0.49481972648155825,
        "recall": 0.42726784755770264,
        "f1-score": 0.4585693710993759,
        "support": 5589.0
    },
    "8": {
        "precision": 0.5167410714285714,
        "recall": 0.49704777241009124,
        "f1-score": 0.506703146374829,
        "support": 5589.0
    },
    "9": {
        "precision": 0.876717032967033,
        "recall": 0.4567901234567901,
        "f1-score": 0.6006352193859545,
        "support": 5589.0
    },
    "micro avg": {
        "precision": 0.7623949116154016,
        "recall": 0.7553925369276953,
        "f1-score": 0.75887757140004,
        "support": 50301.0
    },
    "macro avg": {
        "precision": 0.7692176053907578,
        "recall": 0.7553925369276954,
        "f1-score": 0.7528250996488002,
        "support": 50301.0
    },
    "weighted avg": {
        "precision": 0.7692176053907577,
        "recall": 0.7553925369276953,
        "f1-score": 0.7528250996488003,
        "support": 50301.0
    },
    "accuracy": 0.7553925369276953
}