{
    "1": {
        "precision": 0.9529411764705882,
        "recall": 1.0,
        "f1-score": 0.9759036144578314,
        "support": 81.0
    },
    "2": {
        "precision": 0.927710843373494,
        "recall": 0.9506172839506173,
        "f1-score": 0.9390243902439024,
        "support": 81.0
    },
    "3": {
        "precision": 0.6493506493506493,
        "recall": 0.6172839506172839,
        "f1-score": 0.6329113924050633,
        "support": 81.0
    },
    "4": {
        "precision": 0.2784090909090909,
        "recall": 0.6049382716049383,
        "f1-score": 0.38132295719844356,
        "support": 81.0
    },
    "5": {
        "precision": 0.13793103448275862,
        "recall": 0.04938271604938271,
        "f1-score": 0.07272727272727272,
        "support": 81.0
    },
    "6": {
        "precision": 0.288135593220339,
        "recall": 0.20987654320987653,
        "f1-score": 0.24285714285714285,
        "support": 81.0
    },
    "7": {
        "precision": 0.0,
        "recall": 0.0,
        "f1-score": 0.0,
        "support": 81.0
    },
    "8": {
        "precision": 0.4117647058823529,
        "recall": 0.08641975308641975,
        "f1-score": 0.14285714285714285,
        "support": 81.0
    },
    "9": {
        "precision": 0.15789473684210525,
        "recall": 0.037037037037037035,
        "f1-score": 0.06,
        "support": 81.0
    },
    "micro avg": {
        "precision": 0.5245901639344263,
        "recall": 0.3950617283950617,
        "f1-score": 0.4507042253521127,
        "support": 729.0
    },
    "macro avg": {
        "precision": 0.4226819811701531,
        "recall": 0.3950617283950617,
        "f1-score": 0.38306710141631106,
        "support": 729.0
    },
    "weighted avg": {
        "precision": 0.42268198117015315,
        "recall": 0.3950617283950617,
        "f1-score": 0.38306710141631106,
        "support": 729.0
    },
    "accuracy": 0.3950617283950617
}