{
    "10": {
        "precision": 0.6101694915254238,
        "recall": 0.8888888888888888,
        "f1-score": 0.7236180904522613,
        "support": 81.0
    },
    "11": {
        "precision": 0.0,
        "recall": 0.0,
        "f1-score": 0.0,
        "support": 81.0
    },
    "12": {
        "precision": 0.39473684210526316,
        "recall": 0.37037037037037035,
        "f1-score": 0.3821656050955414,
        "support": 81.0
    },
    "13": {
        "precision": 0.4016393442622951,
        "recall": 0.6049382716049383,
        "f1-score": 0.4827586206896552,
        "support": 81.0
    },
    "14": {
        "precision": 0.0,
        "recall": 0.0,
        "f1-score": 0.0,
        "support": 81.0
    },
    "15": {
        "precision": 0.3170731707317073,
        "recall": 0.48148148148148145,
        "f1-score": 0.38235294117647056,
        "support": 81.0
    },
    "16": {
        "precision": 0.2962962962962963,
        "recall": 0.09876543209876543,
        "f1-score": 0.14814814814814814,
        "support": 81.0
    },
    "17": {
        "precision": 0.4,
        "recall": 0.024691358024691357,
        "f1-score": 0.046511627906976744,
        "support": 81.0
    },
    "18": {
        "precision": 0.0,
        "recall": 0.0,
        "f1-score": 0.0,
        "support": 81.0
    },
    "micro avg": {
        "precision": 0.423728813559322,
        "recall": 0.27434842249657065,
        "f1-score": 0.33305578684429643,
        "support": 729.0
    },
    "macro avg": {
        "precision": 0.2688794605467762,
        "recall": 0.27434842249657065,
        "f1-score": 0.2406172259410059,
        "support": 729.0
    },
    "weighted avg": {
        "precision": 0.26887946054677614,
        "recall": 0.27434842249657065,
        "f1-score": 0.24061722594100593,
        "support": 729.0
    },
    "accuracy": 0.27434842249657065
}