{
    "1": {
        "precision": 1.0,
        "recall": 1.0,
        "f1-score": 1.0,
        "support": 81.0
    },
    "2": {
        "precision": 1.0,
        "recall": 1.0,
        "f1-score": 1.0,
        "support": 81.0
    },
    "3": {
        "precision": 0.9878048780487805,
        "recall": 1.0,
        "f1-score": 0.9938650306748467,
        "support": 81.0
    },
    "4": {
        "precision": 0.9411764705882353,
        "recall": 0.9876543209876543,
        "f1-score": 0.963855421686747,
        "support": 81.0
    },
    "5": {
        "precision": 0.8260869565217391,
        "recall": 0.9382716049382716,
        "f1-score": 0.8786127167630058,
        "support": 81.0
    },
    "6": {
        "precision": 0.7222222222222222,
        "recall": 0.8024691358024691,
        "f1-score": 0.7602339181286549,
        "support": 81.0
    },
    "7": {
        "precision": 0.6363636363636364,
        "recall": 0.691358024691358,
        "f1-score": 0.6627218934911243,
        "support": 81.0
    },
    "8": {
        "precision": 0.5975609756097561,
        "recall": 0.6049382716049383,
        "f1-score": 0.6012269938650306,
        "support": 81.0
    },
    "9": {
        "precision": 1.0,
        "recall": 0.5925925925925926,
        "f1-score": 0.7441860465116279,
        "support": 81.0
    },
    "accuracy": 0.8463648834019204,
    "macro avg": {
        "precision": 0.8568016821504855,
        "recall": 0.8463648834019204,
        "f1-score": 0.8449668912356708,
        "support": 729.0
    },
    "weighted avg": {
        "precision": 0.8568016821504855,
        "recall": 0.8463648834019204,
        "f1-score": 0.8449668912356709,
        "support": 729.0
    }
}