{
    "10": {
        "precision": 0.11688311688311688,
        "recall": 0.1111111111111111,
        "f1-score": 0.11392405063291139,
        "support": 81.0
    },
    "11": {
        "precision": 0.0,
        "recall": 0.0,
        "f1-score": 0.0,
        "support": 81.0
    },
    "12": {
        "precision": 0.75,
        "recall": 0.5185185185185185,
        "f1-score": 0.6131386861313869,
        "support": 81.0
    },
    "13": {
        "precision": 0.3559322033898305,
        "recall": 0.25925925925925924,
        "f1-score": 0.3,
        "support": 81.0
    },
    "14": {
        "precision": 0.02564102564102564,
        "recall": 0.012345679012345678,
        "f1-score": 0.016666666666666666,
        "support": 81.0
    },
    "15": {
        "precision": 0.0,
        "recall": 0.0,
        "f1-score": 0.0,
        "support": 81.0
    },
    "16": {
        "precision": 0.0,
        "recall": 0.0,
        "f1-score": 0.0,
        "support": 81.0
    },
    "17": {
        "precision": 0.0,
        "recall": 0.0,
        "f1-score": 0.0,
        "support": 81.0
    },
    "18": {
        "precision": 0.0,
        "recall": 0.0,
        "f1-score": 0.0,
        "support": 81.0
    },
    "micro avg": {
        "precision": 0.1972972972972973,
        "recall": 0.10013717421124829,
        "f1-score": 0.13284804367606914,
        "support": 729.0
    },
    "macro avg": {
        "precision": 0.1387173717682192,
        "recall": 0.10013717421124829,
        "f1-score": 0.11596993371455164,
        "support": 729.0
    },
    "weighted avg": {
        "precision": 0.13871737176821924,
        "recall": 0.10013717421124829,
        "f1-score": 0.11596993371455165,
        "support": 729.0
    },
    "accuracy": 0.10013717421124829
}