{
    "1": {
        "precision": 1.0,
        "recall": 1.0,
        "f1-score": 1.0,
        "support": 81.0
    },
    "2": {
        "precision": 1.0,
        "recall": 1.0,
        "f1-score": 1.0,
        "support": 81.0
    },
    "3": {
        "precision": 1.0,
        "recall": 1.0,
        "f1-score": 1.0,
        "support": 81.0
    },
    "4": {
        "precision": 1.0,
        "recall": 1.0,
        "f1-score": 1.0,
        "support": 81.0
    },
    "5": {
        "precision": 0.9759036144578314,
        "recall": 1.0,
        "f1-score": 0.9878048780487805,
        "support": 81.0
    },
    "6": {
        "precision": 0.8977272727272727,
        "recall": 0.9753086419753086,
        "f1-score": 0.9349112426035503,
        "support": 81.0
    },
    "7": {
        "precision": 0.8674698795180723,
        "recall": 0.8888888888888888,
        "f1-score": 0.8780487804878049,
        "support": 81.0
    },
    "8": {
        "precision": 0.9090909090909091,
        "recall": 0.8641975308641975,
        "f1-score": 0.8860759493670886,
        "support": 81.0
    },
    "9": {
        "precision": 1.0,
        "recall": 0.9135802469135802,
        "f1-score": 0.9548387096774194,
        "support": 81.0
    },
    "accuracy": 0.9602194787379973,
    "macro avg": {
        "precision": 0.961132408421565,
        "recall": 0.9602194787379972,
        "f1-score": 0.9601866177982937,
        "support": 729.0
    },
    "weighted avg": {
        "precision": 0.961132408421565,
        "recall": 0.9602194787379973,
        "f1-score": 0.9601866177982937,
        "support": 729.0
    }
}