{
    "1": {
        "precision": 1.0,
        "recall": 1.0,
        "f1-score": 1.0,
        "support": 81.0
    },
    "2": {
        "precision": 1.0,
        "recall": 1.0,
        "f1-score": 1.0,
        "support": 81.0
    },
    "3": {
        "precision": 1.0,
        "recall": 1.0,
        "f1-score": 1.0,
        "support": 81.0
    },
    "4": {
        "precision": 1.0,
        "recall": 1.0,
        "f1-score": 1.0,
        "support": 81.0
    },
    "5": {
        "precision": 1.0,
        "recall": 1.0,
        "f1-score": 1.0,
        "support": 81.0
    },
    "6": {
        "precision": 0.9878048780487805,
        "recall": 1.0,
        "f1-score": 0.9938650306748467,
        "support": 81.0
    },
    "7": {
        "precision": 1.0,
        "recall": 0.9876543209876543,
        "f1-score": 0.9937888198757764,
        "support": 81.0
    },
    "8": {
        "precision": 1.0,
        "recall": 1.0,
        "f1-score": 1.0,
        "support": 81.0
    },
    "9": {
        "precision": 1.0,
        "recall": 0.9876543209876543,
        "f1-score": 0.9937888198757764,
        "support": 81.0
    },
    "micro avg": {
        "precision": 0.9986263736263736,
        "recall": 0.9972565157750343,
        "f1-score": 0.9979409746053535,
        "support": 729.0
    },
    "macro avg": {
        "precision": 0.9986449864498645,
        "recall": 0.9972565157750343,
        "f1-score": 0.9979380744918223,
        "support": 729.0
    },
    "weighted avg": {
        "precision": 0.9986449864498644,
        "recall": 0.9972565157750343,
        "f1-score": 0.9979380744918221,
        "support": 729.0
    },
    "accuracy": 0.9972565157750343
}