{
    "10": {
        "precision": 0.2549019607843137,
        "recall": 0.32098765432098764,
        "f1-score": 0.28415300546448086,
        "support": 81.0
    },
    "11": {
        "precision": 0.0,
        "recall": 0.0,
        "f1-score": 0.0,
        "support": 81.0
    },
    "12": {
        "precision": 0.8241758241758241,
        "recall": 0.9259259259259259,
        "f1-score": 0.872093023255814,
        "support": 81.0
    },
    "13": {
        "precision": 0.7362637362637363,
        "recall": 0.8271604938271605,
        "f1-score": 0.7790697674418605,
        "support": 81.0
    },
    "14": {
        "precision": 0.8409090909090909,
        "recall": 0.4567901234567901,
        "f1-score": 0.592,
        "support": 81.0
    },
    "15": {
        "precision": 0.6853932584269663,
        "recall": 0.7530864197530864,
        "f1-score": 0.7176470588235294,
        "support": 81.0
    },
    "16": {
        "precision": 0.6444444444444445,
        "recall": 0.35802469135802467,
        "f1-score": 0.4603174603174603,
        "support": 81.0
    },
    "17": {
        "precision": 0.0,
        "recall": 0.0,
        "f1-score": 0.0,
        "support": 81.0
    },
    "18": {
        "precision": 0.0,
        "recall": 0.0,
        "f1-score": 0.0,
        "support": 81.0
    },
    "micro avg": {
        "precision": 0.6371490280777538,
        "recall": 0.4046639231824417,
        "f1-score": 0.4949664429530201,
        "support": 729.0
    },
    "macro avg": {
        "precision": 0.4428987016671529,
        "recall": 0.4046639231824417,
        "f1-score": 0.41169781281146056,
        "support": 729.0
    },
    "weighted avg": {
        "precision": 0.44289870166715284,
        "recall": 0.4046639231824417,
        "f1-score": 0.41169781281146056,
        "support": 729.0
    },
    "accuracy": 0.4046639231824417
}