{
    "10": {
        "precision": 0.631578947368421,
        "recall": 0.7407407407407407,
        "f1-score": 0.6818181818181818,
        "support": 81.0
    },
    "11": {
        "precision": 0.6862745098039216,
        "recall": 0.43209876543209874,
        "f1-score": 0.5303030303030303,
        "support": 81.0
    },
    "12": {
        "precision": 0.7457627118644068,
        "recall": 0.5432098765432098,
        "f1-score": 0.6285714285714286,
        "support": 81.0
    },
    "13": {
        "precision": 0.7111111111111111,
        "recall": 0.7901234567901234,
        "f1-score": 0.7485380116959064,
        "support": 81.0
    },
    "14": {
        "precision": 0.7571428571428571,
        "recall": 0.654320987654321,
        "f1-score": 0.7019867549668874,
        "support": 81.0
    },
    "15": {
        "precision": 0.6428571428571429,
        "recall": 0.7777777777777778,
        "f1-score": 0.7039106145251397,
        "support": 81.0
    },
    "16": {
        "precision": 0.625,
        "recall": 0.06172839506172839,
        "f1-score": 0.11235955056179775,
        "support": 81.0
    },
    "17": {
        "precision": 0.4013605442176871,
        "recall": 0.7283950617283951,
        "f1-score": 0.5175438596491229,
        "support": 81.0
    },
    "18": {
        "precision": 0.7083333333333334,
        "recall": 0.20987654320987653,
        "f1-score": 0.3238095238095238,
        "support": 81.0
    },
    "micro avg": {
        "precision": 0.6230529595015576,
        "recall": 0.5486968449931413,
        "f1-score": 0.5835156819839533,
        "support": 729.0
    },
    "macro avg": {
        "precision": 0.6566023508554312,
        "recall": 0.5486968449931413,
        "f1-score": 0.5498712173223353,
        "support": 729.0
    },
    "weighted avg": {
        "precision": 0.6566023508554312,
        "recall": 0.5486968449931413,
        "f1-score": 0.5498712173223353,
        "support": 729.0
    },
    "accuracy": 0.5486968449931413
}