{
    "1": {
        "precision": 1.0,
        "recall": 0.9753086419753086,
        "f1-score": 0.9875,
        "support": 81.0
    },
    "2": {
        "precision": 0.9759036144578314,
        "recall": 1.0,
        "f1-score": 0.9878048780487805,
        "support": 81.0
    },
    "3": {
        "precision": 0.9310344827586207,
        "recall": 1.0,
        "f1-score": 0.9642857142857143,
        "support": 81.0
    },
    "4": {
        "precision": 0.8426966292134831,
        "recall": 0.9259259259259259,
        "f1-score": 0.8823529411764706,
        "support": 81.0
    },
    "5": {
        "precision": 0.7528089887640449,
        "recall": 0.8271604938271605,
        "f1-score": 0.788235294117647,
        "support": 81.0
    },
    "6": {
        "precision": 0.7051282051282052,
        "recall": 0.6790123456790124,
        "f1-score": 0.6918238993710691,
        "support": 81.0
    },
    "7": {
        "precision": 0.6,
        "recall": 0.6666666666666666,
        "f1-score": 0.631578947368421,
        "support": 81.0
    },
    "8": {
        "precision": 0.5783132530120482,
        "recall": 0.5925925925925926,
        "f1-score": 0.5853658536585366,
        "support": 81.0
    },
    "9": {
        "precision": 0.7692307692307693,
        "recall": 0.24691358024691357,
        "f1-score": 0.37383177570093457,
        "support": 81.0
    },
    "micro avg": {
        "precision": 0.7954545454545454,
        "recall": 0.7681755829903978,
        "f1-score": 0.7815771109560363,
        "support": 729.0
    },
    "macro avg": {
        "precision": 0.7950128825072225,
        "recall": 0.7681755829903978,
        "f1-score": 0.7658643670808415,
        "support": 729.0
    },
    "weighted avg": {
        "precision": 0.7950128825072225,
        "recall": 0.7681755829903978,
        "f1-score": 0.7658643670808415,
        "support": 729.0
    },
    "accuracy": 0.7681755829903978
}