{
    "1": {
        "precision": 1.0,
        "recall": 1.0,
        "f1-score": 1.0,
        "support": 81.0
    },
    "2": {
        "precision": 0.726457399103139,
        "recall": 1.0,
        "f1-score": 0.8415584415584415,
        "support": 162.0
    },
    "3": {
        "precision": 0.40625,
        "recall": 0.7489711934156379,
        "f1-score": 0.5267727930535456,
        "support": 243.0
    },
    "4": {
        "precision": 0.13615023474178403,
        "recall": 0.17901234567901234,
        "f1-score": 0.15466666666666667,
        "support": 324.0
    },
    "5": {
        "precision": 0.072265625,
        "recall": 0.09135802469135802,
        "f1-score": 0.0806979280261723,
        "support": 405.0
    },
    "6": {
        "precision": 0.01950354609929078,
        "recall": 0.02263374485596708,
        "f1-score": 0.02095238095238095,
        "support": 486.0
    },
    "7": {
        "precision": 0.021212121212121213,
        "recall": 0.024691358024691357,
        "f1-score": 0.022819885900570498,
        "support": 567.0
    },
    "8": {
        "precision": 0.0027359781121751026,
        "recall": 0.0030864197530864196,
        "f1-score": 0.0029006526468455403,
        "support": 648.0
    },
    "9": {
        "precision": 0.0,
        "recall": 0.0,
        "f1-score": 0.0,
        "support": 729.0
    },
    "accuracy": 0.15006858710562415,
    "macro avg": {
        "precision": 0.26495276714094557,
        "recall": 0.34108367626886144,
        "f1-score": 0.294485416533847,
        "support": 3645.0
    },
    "weighted avg": {
        "precision": 0.1081108402700313,
        "recall": 0.15006858710562415,
        "f1-score": 0.1243166728281798,
        "support": 3645.0
    }
}