{
    "1": {
        "precision": 0.9938650306748467,
        "recall": 1.0,
        "f1-score": 0.9969230769230769,
        "support": 1944.0
    },
    "2": {
        "precision": 0.688577011902647,
        "recall": 0.9969135802469136,
        "f1-score": 0.8145423978144373,
        "support": 3888.0
    },
    "3": {
        "precision": 0.37747547658708125,
        "recall": 0.6994170096021948,
        "f1-score": 0.4903233561726169,
        "support": 5832.0
    },
    "4": {
        "precision": 0.10543773243542065,
        "recall": 0.1349022633744856,
        "f1-score": 0.1183638928067701,
        "support": 7776.0
    },
    "5": {
        "precision": 0.06749526710017285,
        "recall": 0.08436213991769548,
        "f1-score": 0.07499199780511226,
        "support": 9720.0
    },
    "6": {
        "precision": 0.024540326715991503,
        "recall": 0.02872085048010974,
        "f1-score": 0.02646652182500494,
        "support": 11664.0
    },
    "7": {
        "precision": 0.01850443599493029,
        "recall": 0.021457965902410347,
        "f1-score": 0.019872056621750376,
        "support": 13608.0
    },
    "8": {
        "precision": 0.0036446469248291574,
        "recall": 0.00411522633744856,
        "f1-score": 0.003865668035757429,
        "support": 15552.0
    },
    "9": {
        "precision": 0.0,
        "recall": 0.0,
        "f1-score": 0.0,
        "support": 17496.0
    },
    "accuracy": 0.14242112482853223,
    "macro avg": {
        "precision": 0.25328221425954656,
        "recall": 0.3299876706512509,
        "f1-score": 0.28281655200050293,
        "support": 87480.0
    },
    "weighted avg": {
        "precision": 0.10152450971428946,
        "recall": 0.14242112482853223,
        "f1-score": 0.11720494162023969,
        "support": 87480.0
    }
}