{
    "1": {
        "precision": 1.0,
        "recall": 1.0,
        "f1-score": 1.0,
        "support": 81.0
    },
    "2": {
        "precision": 1.0,
        "recall": 1.0,
        "f1-score": 1.0,
        "support": 81.0
    },
    "3": {
        "precision": 1.0,
        "recall": 1.0,
        "f1-score": 1.0,
        "support": 81.0
    },
    "4": {
        "precision": 0.9876543209876543,
        "recall": 0.9876543209876543,
        "f1-score": 0.9876543209876543,
        "support": 81.0
    },
    "5": {
        "precision": 0.8977272727272727,
        "recall": 0.9753086419753086,
        "f1-score": 0.9349112426035503,
        "support": 81.0
    },
    "6": {
        "precision": 0.8157894736842105,
        "recall": 0.7654320987654321,
        "f1-score": 0.7898089171974523,
        "support": 81.0
    },
    "7": {
        "precision": 0.6451612903225806,
        "recall": 0.7407407407407407,
        "f1-score": 0.6896551724137931,
        "support": 81.0
    },
    "8": {
        "precision": 0.6375,
        "recall": 0.6296296296296297,
        "f1-score": 0.6335403726708074,
        "support": 81.0
    },
    "9": {
        "precision": 0.8676470588235294,
        "recall": 0.7283950617283951,
        "f1-score": 0.7919463087248322,
        "support": 81.0
    },
    "accuracy": 0.869684499314129,
    "macro avg": {
        "precision": 0.8723866018383608,
        "recall": 0.8696844993141288,
        "f1-score": 0.8697240371775654,
        "support": 729.0
    },
    "weighted avg": {
        "precision": 0.8723866018383607,
        "recall": 0.869684499314129,
        "f1-score": 0.8697240371775655,
        "support": 729.0
    }
}