{
    "1": {
        "precision": 1.0,
        "recall": 1.0,
        "f1-score": 1.0,
        "support": 81.0
    },
    "2": {
        "precision": 1.0,
        "recall": 1.0,
        "f1-score": 1.0,
        "support": 81.0
    },
    "3": {
        "precision": 1.0,
        "recall": 1.0,
        "f1-score": 1.0,
        "support": 81.0
    },
    "4": {
        "precision": 1.0,
        "recall": 1.0,
        "f1-score": 1.0,
        "support": 81.0
    },
    "5": {
        "precision": 1.0,
        "recall": 1.0,
        "f1-score": 1.0,
        "support": 81.0
    },
    "6": {
        "precision": 0.9642857142857143,
        "recall": 1.0,
        "f1-score": 0.9818181818181818,
        "support": 81.0
    },
    "7": {
        "precision": 0.9873417721518988,
        "recall": 0.9629629629629629,
        "f1-score": 0.975,
        "support": 81.0
    },
    "8": {
        "precision": 0.975609756097561,
        "recall": 0.9876543209876543,
        "f1-score": 0.9815950920245399,
        "support": 81.0
    },
    "9": {
        "precision": 1.0,
        "recall": 0.9753086419753086,
        "f1-score": 0.9875,
        "support": 81.0
    },
    "accuracy": 0.9917695473251029,
    "macro avg": {
        "precision": 0.9919152491705749,
        "recall": 0.9917695473251028,
        "f1-score": 0.9917681415380802,
        "support": 729.0
    },
    "weighted avg": {
        "precision": 0.9919152491705749,
        "recall": 0.9917695473251029,
        "f1-score": 0.9917681415380801,
        "support": 729.0
    }
}