{
    "1": {
        "precision": 0.3347107438016529,
        "recall": 1.0,
        "f1-score": 0.5015479876160991,
        "support": 81.0
    },
    "2": {
        "precision": 0.00411522633744856,
        "recall": 0.006172839506172839,
        "f1-score": 0.0049382716049382715,
        "support": 162.0
    },
    "3": {
        "precision": 0.0030959752321981426,
        "recall": 0.00411522633744856,
        "f1-score": 0.0035335689045936395,
        "support": 243.0
    },
    "4": {
        "precision": 0.00546448087431694,
        "recall": 0.006172839506172839,
        "f1-score": 0.005797101449275362,
        "support": 324.0
    },
    "5": {
        "precision": 0.09669811320754718,
        "recall": 0.10123456790123457,
        "f1-score": 0.09891435464414958,
        "support": 405.0
    },
    "6": {
        "precision": 0.15692307692307692,
        "recall": 0.20987654320987653,
        "f1-score": 0.1795774647887324,
        "support": 486.0
    },
    "7": {
        "precision": 0.02909647779479326,
        "recall": 0.03350970017636684,
        "f1-score": 0.03114754098360656,
        "support": 567.0
    },
    "8": {
        "precision": 0.020161290322580645,
        "recall": 0.023148148148148147,
        "f1-score": 0.021551724137931036,
        "support": 648.0
    },
    "9": {
        "precision": 0.0,
        "recall": 0.0,
        "f1-score": 0.0,
        "support": 729.0
    },
    "accuracy": 0.07187928669410151,
    "macro avg": {
        "precision": 0.0722517093881794,
        "recall": 0.15380331830949115,
        "f1-score": 0.09411200156992511,
        "support": 3645.0
    },
    "weighted avg": {
        "precision": 0.048090705342017946,
        "recall": 0.07187928669410151,
        "f1-score": 0.055726595228415436,
        "support": 3645.0
    }
}