{
    "10": {
        "precision": 0.98,
        "recall": 0.6049382716049383,
        "f1-score": 0.7480916030534351,
        "support": 81.0
    },
    "11": {
        "precision": 0.9375,
        "recall": 0.5555555555555556,
        "f1-score": 0.6976744186046512,
        "support": 81.0
    },
    "12": {
        "precision": 0.6195652173913043,
        "recall": 0.7037037037037037,
        "f1-score": 0.6589595375722543,
        "support": 81.0
    },
    "13": {
        "precision": 0.6521739130434783,
        "recall": 0.5555555555555556,
        "f1-score": 0.6,
        "support": 81.0
    },
    "14": {
        "precision": 0.0,
        "recall": 0.0,
        "f1-score": 0.0,
        "support": 81.0
    },
    "15": {
        "precision": 0.00980392156862745,
        "recall": 0.012345679012345678,
        "f1-score": 0.01092896174863388,
        "support": 81.0
    },
    "16": {
        "precision": 0.03296703296703297,
        "recall": 0.037037037037037035,
        "f1-score": 0.03488372093023256,
        "support": 81.0
    },
    "17": {
        "precision": 0.0,
        "recall": 0.0,
        "f1-score": 0.0,
        "support": 81.0
    },
    "18": {
        "precision": 0.0,
        "recall": 0.0,
        "f1-score": 0.0,
        "support": 81.0
    },
    "micro avg": {
        "precision": 0.42643923240938164,
        "recall": 0.27434842249657065,
        "f1-score": 0.333889816360601,
        "support": 729.0
    },
    "macro avg": {
        "precision": 0.3591122316633826,
        "recall": 0.27434842249657065,
        "f1-score": 0.3056153602121341,
        "support": 729.0
    },
    "weighted avg": {
        "precision": 0.3591122316633825,
        "recall": 0.27434842249657065,
        "f1-score": 0.30561536021213415,
        "support": 729.0
    },
    "accuracy": 0.27434842249657065
}