{
    "10": {
        "precision": 0.9767441860465116,
        "recall": 0.5185185185185185,
        "f1-score": 0.6774193548387096,
        "support": 81.0
    },
    "11": {
        "precision": 0.9464285714285714,
        "recall": 0.654320987654321,
        "f1-score": 0.7737226277372263,
        "support": 81.0
    },
    "12": {
        "precision": 0.7127659574468085,
        "recall": 0.8271604938271605,
        "f1-score": 0.7657142857142857,
        "support": 81.0
    },
    "13": {
        "precision": 0.8,
        "recall": 0.691358024691358,
        "f1-score": 0.7417218543046358,
        "support": 81.0
    },
    "14": {
        "precision": 0.0,
        "recall": 0.0,
        "f1-score": 0.0,
        "support": 81.0
    },
    "15": {
        "precision": 0.021052631578947368,
        "recall": 0.024691358024691357,
        "f1-score": 0.022727272727272728,
        "support": 81.0
    },
    "16": {
        "precision": 0.05319148936170213,
        "recall": 0.06172839506172839,
        "f1-score": 0.05714285714285714,
        "support": 81.0
    },
    "17": {
        "precision": 0.0,
        "recall": 0.0,
        "f1-score": 0.0,
        "support": 81.0
    },
    "18": {
        "precision": 0.0,
        "recall": 0.0,
        "f1-score": 0.0,
        "support": 81.0
    },
    "micro avg": {
        "precision": 0.47974413646055436,
        "recall": 0.30864197530864196,
        "f1-score": 0.3756260434056761,
        "support": 729.0
    },
    "macro avg": {
        "precision": 0.3900203150958379,
        "recall": 0.30864197530864196,
        "f1-score": 0.3376053613849986,
        "support": 729.0
    },
    "weighted avg": {
        "precision": 0.39002031509583784,
        "recall": 0.30864197530864196,
        "f1-score": 0.3376053613849986,
        "support": 729.0
    },
    "accuracy": 0.30864197530864196
}