{
    "1": {
        "precision": 0.9878048780487805,
        "recall": 1.0,
        "f1-score": 0.9938650306748467,
        "support": 81.0
    },
    "2": {
        "precision": 0.6313725490196078,
        "recall": 0.9938271604938271,
        "f1-score": 0.7721822541966427,
        "support": 162.0
    },
    "3": {
        "precision": 0.3425287356321839,
        "recall": 0.6131687242798354,
        "f1-score": 0.43952802359882004,
        "support": 243.0
    },
    "4": {
        "precision": 0.09090909090909091,
        "recall": 0.11728395061728394,
        "f1-score": 0.10242587601078167,
        "support": 324.0
    },
    "5": {
        "precision": 0.04930966469428008,
        "recall": 0.06172839506172839,
        "f1-score": 0.05482456140350877,
        "support": 405.0
    },
    "6": {
        "precision": 0.0070921985815602835,
        "recall": 0.00823045267489712,
        "f1-score": 0.007619047619047619,
        "support": 486.0
    },
    "7": {
        "precision": 0.010703363914373088,
        "recall": 0.012345679012345678,
        "f1-score": 0.011466011466011465,
        "support": 567.0
    },
    "8": {
        "precision": 0.0013698630136986301,
        "recall": 0.0015432098765432098,
        "f1-score": 0.001451378809869376,
        "support": 648.0
    },
    "9": {
        "precision": 0.0,
        "recall": 0.0,
        "f1-score": 0.0,
        "support": 729.0
    },
    "accuracy": 0.12784636488340193,
    "macro avg": {
        "precision": 0.23567670486817505,
        "recall": 0.3120141746684956,
        "f1-score": 0.2648180204199476,
        "support": 3645.0
    },
    "weighted avg": {
        "precision": 0.0892612558464861,
        "recall": 0.12784636488340193,
        "f1-score": 0.10396060705290186,
        "support": 3645.0
    }
}