{
    "1": {
        "precision": 1.0,
        "recall": 1.0,
        "f1-score": 1.0,
        "support": 81.0
    },
    "2": {
        "precision": 1.0,
        "recall": 1.0,
        "f1-score": 1.0,
        "support": 81.0
    },
    "3": {
        "precision": 1.0,
        "recall": 1.0,
        "f1-score": 1.0,
        "support": 81.0
    },
    "4": {
        "precision": 1.0,
        "recall": 1.0,
        "f1-score": 1.0,
        "support": 81.0
    },
    "5": {
        "precision": 1.0,
        "recall": 0.9506172839506173,
        "f1-score": 0.9746835443037974,
        "support": 81.0
    },
    "6": {
        "precision": 0.95,
        "recall": 0.9382716049382716,
        "f1-score": 0.9440993788819876,
        "support": 81.0
    },
    "7": {
        "precision": 0.9367088607594937,
        "recall": 0.9135802469135802,
        "f1-score": 0.925,
        "support": 81.0
    },
    "8": {
        "precision": 0.9204545454545454,
        "recall": 1.0,
        "f1-score": 0.9585798816568047,
        "support": 81.0
    },
    "9": {
        "precision": 1.0,
        "recall": 1.0,
        "f1-score": 1.0,
        "support": 81.0
    },
    "accuracy": 0.9780521262002744,
    "macro avg": {
        "precision": 0.9785737118015599,
        "recall": 0.9780521262002743,
        "f1-score": 0.9780403116491766,
        "support": 729.0
    },
    "weighted avg": {
        "precision": 0.9785737118015599,
        "recall": 0.9780521262002744,
        "f1-score": 0.9780403116491766,
        "support": 729.0
    }
}