{
    "10": {
        "precision": 0.34101382488479265,
        "recall": 0.9135802469135802,
        "f1-score": 0.4966442953020134,
        "support": 81.0
    },
    "11": {
        "precision": 0.07109004739336493,
        "recall": 0.18518518518518517,
        "f1-score": 0.10273972602739725,
        "support": 81.0
    },
    "12": {
        "precision": 0.18461538461538463,
        "recall": 0.14814814814814814,
        "f1-score": 0.1643835616438356,
        "support": 81.0
    },
    "13": {
        "precision": 0.09482758620689655,
        "recall": 0.13580246913580246,
        "f1-score": 0.1116751269035533,
        "support": 81.0
    },
    "14": {
        "precision": 0.0,
        "recall": 0.0,
        "f1-score": 0.0,
        "support": 81.0
    },
    "15": {
        "precision": 0.11764705882352941,
        "recall": 0.024691358024691357,
        "f1-score": 0.04081632653061224,
        "support": 81.0
    },
    "16": {
        "precision": 0.057692307692307696,
        "recall": 0.037037037037037035,
        "f1-score": 0.045112781954887216,
        "support": 81.0
    },
    "17": {
        "precision": 0.0,
        "recall": 0.0,
        "f1-score": 0.0,
        "support": 81.0
    },
    "18": {
        "precision": 1.0,
        "recall": 0.07407407407407407,
        "f1-score": 0.13793103448275862,
        "support": 81.0
    },
    "micro avg": {
        "precision": 0.1717877094972067,
        "recall": 0.16872427983539096,
        "f1-score": 0.17024221453287197,
        "support": 729.0
    },
    "macro avg": {
        "precision": 0.2074318010684751,
        "recall": 0.16872427983539096,
        "f1-score": 0.12214476142722863,
        "support": 729.0
    },
    "weighted avg": {
        "precision": 0.20743180106847509,
        "recall": 0.16872427983539096,
        "f1-score": 0.12214476142722863,
        "support": 729.0
    },
    "accuracy": 0.16872427983539096
}