{
    "10": {
        "precision": 0.9565217391304348,
        "recall": 0.2716049382716049,
        "f1-score": 0.4230769230769231,
        "support": 81.0
    },
    "11": {
        "precision": 0.0,
        "recall": 0.0,
        "f1-score": 0.0,
        "support": 81.0
    },
    "12": {
        "precision": 0.0,
        "recall": 0.0,
        "f1-score": 0.0,
        "support": 81.0
    },
    "13": {
        "precision": 0.0,
        "recall": 0.0,
        "f1-score": 0.0,
        "support": 81.0
    },
    "14": {
        "precision": 0.0,
        "recall": 0.0,
        "f1-score": 0.0,
        "support": 81.0
    },
    "15": {
        "precision": 0.0,
        "recall": 0.0,
        "f1-score": 0.0,
        "support": 81.0
    },
    "16": {
        "precision": 0.0,
        "recall": 0.0,
        "f1-score": 0.0,
        "support": 81.0
    },
    "17": {
        "precision": 0.0,
        "recall": 0.0,
        "f1-score": 0.0,
        "support": 81.0
    },
    "18": {
        "precision": 0.0,
        "recall": 0.0,
        "f1-score": 0.0,
        "support": 81.0
    },
    "micro avg": {
        "precision": 0.9166666666666666,
        "recall": 0.03017832647462277,
        "f1-score": 0.05843293492695883,
        "support": 729.0
    },
    "macro avg": {
        "precision": 0.10628019323671498,
        "recall": 0.03017832647462277,
        "f1-score": 0.04700854700854701,
        "support": 729.0
    },
    "weighted avg": {
        "precision": 0.10628019323671498,
        "recall": 0.03017832647462277,
        "f1-score": 0.04700854700854701,
        "support": 729.0
    },
    "accuracy": 0.03017832647462277
}