{
    "1": {
        "precision": 1.0,
        "recall": 1.0,
        "f1-score": 1.0,
        "support": 81.0
    },
    "2": {
        "precision": 1.0,
        "recall": 1.0,
        "f1-score": 1.0,
        "support": 81.0
    },
    "3": {
        "precision": 0.9878048780487805,
        "recall": 1.0,
        "f1-score": 0.9938650306748467,
        "support": 81.0
    },
    "4": {
        "precision": 0.9523809523809523,
        "recall": 0.9876543209876543,
        "f1-score": 0.9696969696969697,
        "support": 81.0
    },
    "5": {
        "precision": 0.8850574712643678,
        "recall": 0.9506172839506173,
        "f1-score": 0.9166666666666666,
        "support": 81.0
    },
    "6": {
        "precision": 0.797752808988764,
        "recall": 0.8765432098765432,
        "f1-score": 0.8352941176470589,
        "support": 81.0
    },
    "7": {
        "precision": 0.7777777777777778,
        "recall": 0.7777777777777778,
        "f1-score": 0.7777777777777778,
        "support": 81.0
    },
    "8": {
        "precision": 0.8181818181818182,
        "recall": 0.7777777777777778,
        "f1-score": 0.7974683544303798,
        "support": 81.0
    },
    "9": {
        "precision": 1.0,
        "recall": 0.8271604938271605,
        "f1-score": 0.9054054054054054,
        "support": 81.0
    },
    "accuracy": 0.9108367626886146,
    "macro avg": {
        "precision": 0.9132173007380513,
        "recall": 0.9108367626886145,
        "f1-score": 0.9106860358110117,
        "support": 729.0
    },
    "weighted avg": {
        "precision": 0.9132173007380512,
        "recall": 0.9108367626886146,
        "f1-score": 0.9106860358110117,
        "support": 729.0
    }
}