{
    "1": {
        "precision": 0.9923430321592649,
        "recall": 1.0,
        "f1-score": 0.9961568024596464,
        "support": 1944.0
    },
    "2": {
        "precision": 0.9911642411642412,
        "recall": 0.9809670781893004,
        "f1-score": 0.9860392967942089,
        "support": 1944.0
    },
    "3": {
        "precision": 0.6839400428265524,
        "recall": 0.8215020576131687,
        "f1-score": 0.7464360831970086,
        "support": 1944.0
    },
    "4": {
        "precision": 0.3452746502900034,
        "recall": 0.5205761316872428,
        "f1-score": 0.41517948717948716,
        "support": 1944.0
    },
    "5": {
        "precision": 0.26960533059969244,
        "recall": 0.2705761316872428,
        "f1-score": 0.27008985879332476,
        "support": 1944.0
    },
    "6": {
        "precision": 0.290846877673225,
        "recall": 0.1748971193415638,
        "f1-score": 0.2184388050112432,
        "support": 1944.0
    },
    "7": {
        "precision": 0.4467005076142132,
        "recall": 0.09053497942386832,
        "f1-score": 0.15055603079555174,
        "support": 1944.0
    },
    "8": {
        "precision": 0.3348467650397276,
        "recall": 0.15174897119341563,
        "f1-score": 0.2088495575221239,
        "support": 1944.0
    },
    "9": {
        "precision": 0.3115264797507788,
        "recall": 0.102880658436214,
        "f1-score": 0.15467904098994587,
        "support": 1944.0
    },
    "micro avg": {
        "precision": 0.563724799097702,
        "recall": 0.4570759030635574,
        "f1-score": 0.5048292405782463,
        "support": 17496.0
    },
    "macro avg": {
        "precision": 0.5184719919019665,
        "recall": 0.45707590306355744,
        "f1-score": 0.4607138847491712,
        "support": 17496.0
    },
    "weighted avg": {
        "precision": 0.5184719919019666,
        "recall": 0.4570759030635574,
        "f1-score": 0.4607138847491712,
        "support": 17496.0
    },
    "accuracy": 0.4570759030635574
}