{
    "1": {
        "precision": 0.9913074330317545,
        "recall": 0.9998210771157631,
        "f1-score": 0.99554605380367,
        "support": 5589.0
    },
    "2": {
        "precision": 0.9120698172237773,
        "recall": 0.9910538557881553,
        "f1-score": 0.9499228262733664,
        "support": 5589.0
    },
    "3": {
        "precision": 0.8882417182380778,
        "recall": 0.8731436750760422,
        "f1-score": 0.8806279888116936,
        "support": 5589.0
    },
    "4": {
        "precision": 0.8158614402917046,
        "recall": 0.8006799069601002,
        "f1-score": 0.8081993859490699,
        "support": 5589.0
    },
    "5": {
        "precision": 0.6259269823160296,
        "recall": 0.7852925389157274,
        "f1-score": 0.6966113800492024,
        "support": 5589.0
    },
    "6": {
        "precision": 0.5271407358521696,
        "recall": 0.571658615136876,
        "f1-score": 0.5484978540772533,
        "support": 5589.0
    },
    "7": {
        "precision": 0.483627746660922,
        "recall": 0.4016818751118268,
        "f1-score": 0.4388622813019255,
        "support": 5589.0
    },
    "8": {
        "precision": 0.5326805385556915,
        "recall": 0.3893361960994811,
        "f1-score": 0.44986561918544554,
        "support": 5589.0
    },
    "9": {
        "precision": 0.2857142857142857,
        "recall": 0.0003578457684737878,
        "f1-score": 0.0007147962830593281,
        "support": 5589.0
    },
    "micro avg": {
        "precision": 0.7301555195972672,
        "recall": 0.6458917317747163,
        "f1-score": 0.6854436321824531,
        "support": 50301.0
    },
    "macro avg": {
        "precision": 0.6736189664316014,
        "recall": 0.6458917317747163,
        "f1-score": 0.6409831317482985,
        "support": 50301.0
    },
    "weighted avg": {
        "precision": 0.6736189664316015,
        "recall": 0.6458917317747163,
        "f1-score": 0.6409831317482986,
        "support": 50301.0
    },
    "accuracy": 0.6458917317747163
}