{
    "10": {
        "precision": 0.1276595744680851,
        "recall": 0.14814814814814814,
        "f1-score": 0.13714285714285715,
        "support": 81.0
    },
    "11": {
        "precision": 0.21428571428571427,
        "recall": 0.037037037037037035,
        "f1-score": 0.06315789473684211,
        "support": 81.0
    },
    "12": {
        "precision": 0.5818181818181818,
        "recall": 0.7901234567901234,
        "f1-score": 0.6701570680628273,
        "support": 81.0
    },
    "13": {
        "precision": 0.7941176470588235,
        "recall": 0.3333333333333333,
        "f1-score": 0.46956521739130436,
        "support": 81.0
    },
    "14": {
        "precision": 0.7971014492753623,
        "recall": 0.6790123456790124,
        "f1-score": 0.7333333333333333,
        "support": 81.0
    },
    "15": {
        "precision": 0.5882352941176471,
        "recall": 0.8641975308641975,
        "f1-score": 0.7,
        "support": 81.0
    },
    "16": {
        "precision": 0.0,
        "recall": 0.0,
        "f1-score": 0.0,
        "support": 81.0
    },
    "17": {
        "precision": 0.06896551724137931,
        "recall": 0.024691358024691357,
        "f1-score": 0.03636363636363636,
        "support": 81.0
    },
    "18": {
        "precision": 0.0,
        "recall": 0.0,
        "f1-score": 0.0,
        "support": 81.0
    },
    "micro avg": {
        "precision": 0.4613861386138614,
        "recall": 0.3196159122085048,
        "f1-score": 0.37763371150729336,
        "support": 729.0
    },
    "macro avg": {
        "precision": 0.35246481980724376,
        "recall": 0.3196159122085047,
        "f1-score": 0.31219111189231114,
        "support": 729.0
    },
    "weighted avg": {
        "precision": 0.3524648198072437,
        "recall": 0.3196159122085048,
        "f1-score": 0.31219111189231114,
        "support": 729.0
    },
    "accuracy": 0.3196159122085048
}