{
    "1": {
        "precision": 0.9642857142857143,
        "recall": 1.0,
        "f1-score": 0.9818181818181818,
        "support": 81.0
    },
    "2": {
        "precision": 0.4274193548387097,
        "recall": 0.9814814814814815,
        "f1-score": 0.5955056179775281,
        "support": 162.0
    },
    "3": {
        "precision": 0.0847457627118644,
        "recall": 0.12345679012345678,
        "f1-score": 0.10050251256281408,
        "support": 243.0
    },
    "4": {
        "precision": 0.0,
        "recall": 0.0,
        "f1-score": 0.0,
        "support": 324.0
    },
    "5": {
        "precision": 0.0,
        "recall": 0.0,
        "f1-score": 0.0,
        "support": 405.0
    },
    "6": {
        "precision": 0.0,
        "recall": 0.0,
        "f1-score": 0.0,
        "support": 486.0
    },
    "7": {
        "precision": 0.0,
        "recall": 0.0,
        "f1-score": 0.0,
        "support": 567.0
    },
    "8": {
        "precision": 0.0,
        "recall": 0.0,
        "f1-score": 0.0,
        "support": 648.0
    },
    "9": {
        "precision": 0.0,
        "recall": 0.0,
        "f1-score": 0.0,
        "support": 729.0
    },
    "accuracy": 0.07407407407407407,
    "macro avg": {
        "precision": 0.16405009242625426,
        "recall": 0.23388203017832648,
        "f1-score": 0.18642514581761377,
        "support": 3645.0
    },
    "weighted avg": {
        "precision": 0.04607470471330505,
        "recall": 0.07407407407407407,
        "f1-score": 0.05498526567692623,
        "support": 3645.0
    }
}