{
    "10": {
        "precision": 0.030456852791878174,
        "recall": 0.14814814814814814,
        "f1-score": 0.05052631578947368,
        "support": 81.0
    },
    "11": {
        "precision": 0.0,
        "recall": 0.0,
        "f1-score": 0.0,
        "support": 81.0
    },
    "12": {
        "precision": 0.0,
        "recall": 0.0,
        "f1-score": 0.0,
        "support": 81.0
    },
    "13": {
        "precision": 0.0,
        "recall": 0.0,
        "f1-score": 0.0,
        "support": 81.0
    },
    "14": {
        "precision": 0.0,
        "recall": 0.0,
        "f1-score": 0.0,
        "support": 81.0
    },
    "15": {
        "precision": 0.07627118644067797,
        "recall": 0.1111111111111111,
        "f1-score": 0.09045226130653267,
        "support": 81.0
    },
    "16": {
        "precision": 0.0,
        "recall": 0.0,
        "f1-score": 0.0,
        "support": 81.0
    },
    "17": {
        "precision": 0.0,
        "recall": 0.0,
        "f1-score": 0.0,
        "support": 81.0
    },
    "18": {
        "precision": 0.0,
        "recall": 0.0,
        "f1-score": 0.0,
        "support": 81.0
    },
    "micro avg": {
        "precision": 0.03403565640194489,
        "recall": 0.02880658436213992,
        "f1-score": 0.031203566121842496,
        "support": 729.0
    },
    "macro avg": {
        "precision": 0.011858671025839571,
        "recall": 0.028806584362139915,
        "f1-score": 0.015664286344000706,
        "support": 729.0
    },
    "weighted avg": {
        "precision": 0.01185867102583957,
        "recall": 0.02880658436213992,
        "f1-score": 0.015664286344000706,
        "support": 729.0
    },
    "accuracy": 0.02880658436213992
}