{
    "1": {
        "precision": 0.9996422822393132,
        "recall": 1.0,
        "f1-score": 0.9998211091234347,
        "support": 5589.0
    },
    "2": {
        "precision": 0.967948717948718,
        "recall": 0.9996421542315262,
        "f1-score": 0.9835401813220667,
        "support": 5589.0
    },
    "3": {
        "precision": 0.9176290760869565,
        "recall": 0.9667203435319377,
        "f1-score": 0.9415352444018472,
        "support": 5589.0
    },
    "4": {
        "precision": 0.9196363636363636,
        "recall": 0.9049919484702094,
        "f1-score": 0.9122553882225629,
        "support": 5589.0
    },
    "5": {
        "precision": 0.8781653975562246,
        "recall": 0.8872785829307569,
        "f1-score": 0.8826984692061232,
        "support": 5589.0
    },
    "6": {
        "precision": 0.7758620689655172,
        "recall": 0.8454106280193237,
        "f1-score": 0.8091446185461084,
        "support": 5589.0
    },
    "7": {
        "precision": 0.7942157953281423,
        "recall": 0.6387546967257112,
        "f1-score": 0.7080523601745339,
        "support": 5589.0
    },
    "8": {
        "precision": 0.6900023975065931,
        "recall": 0.5149400608337806,
        "f1-score": 0.5897540983606557,
        "support": 5589.0
    },
    "9": {
        "precision": 0.6978767325272781,
        "recall": 0.8468420110932188,
        "f1-score": 0.7651766227467465,
        "support": 5589.0
    },
    "micro avg": {
        "precision": 0.8511294456904838,
        "recall": 0.844953380648496,
        "f1-score": 0.8480301685006535,
        "support": 50301.0
    },
    "macro avg": {
        "precision": 0.848997647977234,
        "recall": 0.844953380648496,
        "f1-score": 0.8435531213448978,
        "support": 50301.0
    },
    "weighted avg": {
        "precision": 0.8489976479772341,
        "recall": 0.844953380648496,
        "f1-score": 0.8435531213448977,
        "support": 50301.0
    },
    "accuracy": 0.844953380648496
}