{
    "1": {
        "precision": 1.0,
        "recall": 1.0,
        "f1-score": 1.0,
        "support": 81.0
    },
    "2": {
        "precision": 1.0,
        "recall": 1.0,
        "f1-score": 1.0,
        "support": 81.0
    },
    "3": {
        "precision": 0.9512195121951219,
        "recall": 0.9629629629629629,
        "f1-score": 0.9570552147239264,
        "support": 81.0
    },
    "4": {
        "precision": 0.9230769230769231,
        "recall": 0.7407407407407407,
        "f1-score": 0.821917808219178,
        "support": 81.0
    },
    "5": {
        "precision": 0.5748031496062992,
        "recall": 0.9012345679012346,
        "f1-score": 0.7019230769230769,
        "support": 81.0
    },
    "6": {
        "precision": 0.6176470588235294,
        "recall": 0.5185185185185185,
        "f1-score": 0.5637583892617449,
        "support": 81.0
    },
    "7": {
        "precision": 0.5268817204301075,
        "recall": 0.6049382716049383,
        "f1-score": 0.5632183908045977,
        "support": 81.0
    },
    "8": {
        "precision": 0.4948453608247423,
        "recall": 0.5925925925925926,
        "f1-score": 0.5393258426966292,
        "support": 81.0
    },
    "9": {
        "precision": 0.9444444444444444,
        "recall": 0.20987654320987653,
        "f1-score": 0.3434343434343434,
        "support": 81.0
    },
    "micro avg": {
        "precision": 0.7429775280898876,
        "recall": 0.7256515775034293,
        "f1-score": 0.7342123525329632,
        "support": 729.0
    },
    "macro avg": {
        "precision": 0.7814353521556854,
        "recall": 0.7256515775034293,
        "f1-score": 0.7211814517848328,
        "support": 729.0
    },
    "weighted avg": {
        "precision": 0.7814353521556854,
        "recall": 0.7256515775034293,
        "f1-score": 0.721181451784833,
        "support": 729.0
    },
    "accuracy": 0.7256515775034293
}