{
    "10": {
        "precision": 0.6346153846153846,
        "recall": 0.8148148148148148,
        "f1-score": 0.7135135135135136,
        "support": 81.0
    },
    "11": {
        "precision": 1.0,
        "recall": 0.2716049382716049,
        "f1-score": 0.42718446601941745,
        "support": 81.0
    },
    "12": {
        "precision": 0.09090909090909091,
        "recall": 0.012345679012345678,
        "f1-score": 0.021739130434782608,
        "support": 81.0
    },
    "13": {
        "precision": 0.0,
        "recall": 0.0,
        "f1-score": 0.0,
        "support": 81.0
    },
    "14": {
        "precision": 0.0,
        "recall": 0.0,
        "f1-score": 0.0,
        "support": 81.0
    },
    "15": {
        "precision": 0.0,
        "recall": 0.0,
        "f1-score": 0.0,
        "support": 81.0
    },
    "16": {
        "precision": 0.0,
        "recall": 0.0,
        "f1-score": 0.0,
        "support": 81.0
    },
    "17": {
        "precision": 0.0,
        "recall": 0.0,
        "f1-score": 0.0,
        "support": 81.0
    },
    "18": {
        "precision": 0.0,
        "recall": 0.0,
        "f1-score": 0.0,
        "support": 81.0
    },
    "micro avg": {
        "precision": 0.1765873015873016,
        "recall": 0.12208504801097393,
        "f1-score": 0.14436334144363341,
        "support": 729.0
    },
    "macro avg": {
        "precision": 0.1917249417249417,
        "recall": 0.12208504801097393,
        "f1-score": 0.12915967888530153,
        "support": 729.0
    },
    "weighted avg": {
        "precision": 0.19172494172494176,
        "recall": 0.12208504801097393,
        "f1-score": 0.12915967888530153,
        "support": 729.0
    },
    "accuracy": 0.12208504801097393
}