{
    "10": {
        "precision": 0.5777777777777777,
        "recall": 0.9629629629629629,
        "f1-score": 0.7222222222222222,
        "support": 81.0
    },
    "11": {
        "precision": 0.22727272727272727,
        "recall": 0.49382716049382713,
        "f1-score": 0.311284046692607,
        "support": 81.0
    },
    "12": {
        "precision": 0.20754716981132076,
        "recall": 0.13580246913580246,
        "f1-score": 0.16417910447761194,
        "support": 81.0
    },
    "13": {
        "precision": 0.16560509554140126,
        "recall": 0.32098765432098764,
        "f1-score": 0.2184873949579832,
        "support": 81.0
    },
    "14": {
        "precision": 0.01639344262295082,
        "recall": 0.012345679012345678,
        "f1-score": 0.014084507042253521,
        "support": 81.0
    },
    "15": {
        "precision": 0.08333333333333333,
        "recall": 0.037037037037037035,
        "f1-score": 0.05128205128205128,
        "support": 81.0
    },
    "16": {
        "precision": 0.08045977011494253,
        "recall": 0.08641975308641975,
        "f1-score": 0.08333333333333333,
        "support": 81.0
    },
    "17": {
        "precision": 0.0,
        "recall": 0.0,
        "f1-score": 0.0,
        "support": 81.0
    },
    "18": {
        "precision": 0.9230769230769231,
        "recall": 0.14814814814814814,
        "f1-score": 0.2553191489361702,
        "support": 81.0
    },
    "micro avg": {
        "precision": 0.24585635359116023,
        "recall": 0.24417009602194786,
        "f1-score": 0.24501032346868548,
        "support": 729.0
    },
    "macro avg": {
        "precision": 0.25349624883904187,
        "recall": 0.24417009602194786,
        "f1-score": 0.20224353432713693,
        "support": 729.0
    },
    "weighted avg": {
        "precision": 0.25349624883904187,
        "recall": 0.24417009602194786,
        "f1-score": 0.20224353432713696,
        "support": 729.0
    },
    "accuracy": 0.24417009602194786
}