{
    "1": {
        "precision": 1.0,
        "recall": 0.7654320987654321,
        "f1-score": 0.8671328671328671,
        "support": 81.0
    },
    "2": {
        "precision": 0.7912087912087912,
        "recall": 0.8888888888888888,
        "f1-score": 0.8372093023255814,
        "support": 81.0
    },
    "3": {
        "precision": 0.9571428571428572,
        "recall": 0.8271604938271605,
        "f1-score": 0.8874172185430463,
        "support": 81.0
    },
    "4": {
        "precision": 0.7831325301204819,
        "recall": 0.8024691358024691,
        "f1-score": 0.7926829268292683,
        "support": 81.0
    },
    "5": {
        "precision": 0.8148148148148148,
        "recall": 0.8148148148148148,
        "f1-score": 0.8148148148148148,
        "support": 81.0
    },
    "6": {
        "precision": 0.8076923076923077,
        "recall": 0.7777777777777778,
        "f1-score": 0.7924528301886793,
        "support": 81.0
    },
    "7": {
        "precision": 0.7777777777777778,
        "recall": 0.691358024691358,
        "f1-score": 0.7320261437908496,
        "support": 81.0
    },
    "8": {
        "precision": 0.6933333333333334,
        "recall": 0.6419753086419753,
        "f1-score": 0.6666666666666666,
        "support": 81.0
    },
    "9": {
        "precision": 0.6333333333333333,
        "recall": 0.4691358024691358,
        "f1-score": 0.5390070921985816,
        "support": 81.0
    },
    "micro avg": {
        "precision": 0.8050595238095238,
        "recall": 0.7421124828532236,
        "f1-score": 0.7723054960742327,
        "support": 729.0
    },
    "macro avg": {
        "precision": 0.8064928606026329,
        "recall": 0.7421124828532236,
        "f1-score": 0.7699344291655951,
        "support": 729.0
    },
    "weighted avg": {
        "precision": 0.8064928606026329,
        "recall": 0.7421124828532236,
        "f1-score": 0.769934429165595,
        "support": 729.0
    },
    "accuracy": 0.7421124828532236
}