{
    "1": {
        "precision": 1.0,
        "recall": 1.0,
        "f1-score": 1.0,
        "support": 81.0
    },
    "2": {
        "precision": 1.0,
        "recall": 1.0,
        "f1-score": 1.0,
        "support": 81.0
    },
    "3": {
        "precision": 1.0,
        "recall": 1.0,
        "f1-score": 1.0,
        "support": 81.0
    },
    "4": {
        "precision": 1.0,
        "recall": 1.0,
        "f1-score": 1.0,
        "support": 81.0
    },
    "5": {
        "precision": 0.9642857142857143,
        "recall": 1.0,
        "f1-score": 0.9818181818181818,
        "support": 81.0
    },
    "6": {
        "precision": 0.9512195121951219,
        "recall": 0.9629629629629629,
        "f1-score": 0.9570552147239264,
        "support": 81.0
    },
    "7": {
        "precision": 0.9166666666666666,
        "recall": 0.9506172839506173,
        "f1-score": 0.9333333333333333,
        "support": 81.0
    },
    "8": {
        "precision": 0.9487179487179487,
        "recall": 0.9135802469135802,
        "f1-score": 0.9308176100628931,
        "support": 81.0
    },
    "9": {
        "precision": 1.0,
        "recall": 0.9506172839506173,
        "f1-score": 0.9746835443037974,
        "support": 81.0
    },
    "accuracy": 0.9753086419753086,
    "macro avg": {
        "precision": 0.9756544268739391,
        "recall": 0.9753086419753085,
        "f1-score": 0.9753008760269035,
        "support": 729.0
    },
    "weighted avg": {
        "precision": 0.975654426873939,
        "recall": 0.9753086419753086,
        "f1-score": 0.9753008760269035,
        "support": 729.0
    }
}