{
    "10": {
        "precision": 0.8953488372093024,
        "recall": 0.9506172839506173,
        "f1-score": 0.9221556886227545,
        "support": 81.0
    },
    "11": {
        "precision": 0.9230769230769231,
        "recall": 0.8888888888888888,
        "f1-score": 0.9056603773584906,
        "support": 81.0
    },
    "12": {
        "precision": 0.7425742574257426,
        "recall": 0.9259259259259259,
        "f1-score": 0.8241758241758241,
        "support": 81.0
    },
    "13": {
        "precision": 0.5742574257425742,
        "recall": 0.7160493827160493,
        "f1-score": 0.6373626373626373,
        "support": 81.0
    },
    "14": {
        "precision": 0.43,
        "recall": 0.5308641975308642,
        "f1-score": 0.47513812154696133,
        "support": 81.0
    },
    "15": {
        "precision": 0.6666666666666666,
        "recall": 0.4691358024691358,
        "f1-score": 0.5507246376811594,
        "support": 81.0
    },
    "16": {
        "precision": 0.7051282051282052,
        "recall": 0.6790123456790124,
        "f1-score": 0.6918238993710691,
        "support": 81.0
    },
    "17": {
        "precision": 0.8,
        "recall": 0.49382716049382713,
        "f1-score": 0.6106870229007634,
        "support": 81.0
    },
    "18": {
        "precision": 0.7777777777777778,
        "recall": 0.5185185185185185,
        "f1-score": 0.6222222222222222,
        "support": 81.0
    },
    "micro avg": {
        "precision": 0.7092198581560284,
        "recall": 0.6858710562414266,
        "f1-score": 0.697350069735007,
        "support": 729.0
    },
    "macro avg": {
        "precision": 0.7238700103363547,
        "recall": 0.6858710562414266,
        "f1-score": 0.6933278256935425,
        "support": 729.0
    },
    "weighted avg": {
        "precision": 0.7238700103363548,
        "recall": 0.6858710562414266,
        "f1-score": 0.6933278256935425,
        "support": 729.0
    },
    "accuracy": 0.6858710562414266
}