{
    "10": {
        "precision": 0.28,
        "recall": 0.25925925925925924,
        "f1-score": 0.2692307692307692,
        "support": 81.0
    },
    "11": {
        "precision": 1.0,
        "recall": 0.12345679012345678,
        "f1-score": 0.21978021978021978,
        "support": 81.0
    },
    "12": {
        "precision": 0.7313432835820896,
        "recall": 0.6049382716049383,
        "f1-score": 0.6621621621621622,
        "support": 81.0
    },
    "13": {
        "precision": 0.39215686274509803,
        "recall": 0.24691358024691357,
        "f1-score": 0.30303030303030304,
        "support": 81.0
    },
    "14": {
        "precision": 0.05405405405405406,
        "recall": 0.024691358024691357,
        "f1-score": 0.03389830508474576,
        "support": 81.0
    },
    "15": {
        "precision": 0.0,
        "recall": 0.0,
        "f1-score": 0.0,
        "support": 81.0
    },
    "16": {
        "precision": 0.0,
        "recall": 0.0,
        "f1-score": 0.0,
        "support": 81.0
    },
    "17": {
        "precision": 0.0,
        "recall": 0.0,
        "f1-score": 0.0,
        "support": 81.0
    },
    "18": {
        "precision": 0.0,
        "recall": 0.0,
        "f1-score": 0.0,
        "support": 81.0
    },
    "micro avg": {
        "precision": 0.2786885245901639,
        "recall": 0.13991769547325103,
        "f1-score": 0.1863013698630137,
        "support": 729.0
    },
    "macro avg": {
        "precision": 0.27306157782013796,
        "recall": 0.139917695473251,
        "f1-score": 0.1653446399209111,
        "support": 729.0
    },
    "weighted avg": {
        "precision": 0.27306157782013796,
        "recall": 0.13991769547325103,
        "f1-score": 0.1653446399209111,
        "support": 729.0
    },
    "accuracy": 0.13991769547325103
}