{
    "1": {
        "precision": 1.0,
        "recall": 1.0,
        "f1-score": 1.0,
        "support": 81.0
    },
    "2": {
        "precision": 1.0,
        "recall": 0.9876543209876543,
        "f1-score": 0.9937888198757764,
        "support": 81.0
    },
    "3": {
        "precision": 0.6454545454545455,
        "recall": 0.8765432098765432,
        "f1-score": 0.743455497382199,
        "support": 81.0
    },
    "4": {
        "precision": 0.2815533980582524,
        "recall": 0.35802469135802467,
        "f1-score": 0.31521739130434784,
        "support": 81.0
    },
    "5": {
        "precision": 0.3194444444444444,
        "recall": 0.2839506172839506,
        "f1-score": 0.3006535947712418,
        "support": 81.0
    },
    "6": {
        "precision": 0.2807017543859649,
        "recall": 0.19753086419753085,
        "f1-score": 0.2318840579710145,
        "support": 81.0
    },
    "7": {
        "precision": 0.4583333333333333,
        "recall": 0.13580246913580246,
        "f1-score": 0.20952380952380953,
        "support": 81.0
    },
    "8": {
        "precision": 0.2926829268292683,
        "recall": 0.14814814814814814,
        "f1-score": 0.19672131147540983,
        "support": 81.0
    },
    "9": {
        "precision": 0.19444444444444445,
        "recall": 0.08641975308641975,
        "f1-score": 0.11965811965811966,
        "support": 81.0
    },
    "micro avg": {
        "precision": 0.5463576158940397,
        "recall": 0.45267489711934156,
        "f1-score": 0.4951237809452363,
        "support": 729.0
    },
    "macro avg": {
        "precision": 0.4969572052166948,
        "recall": 0.4526748971193416,
        "f1-score": 0.45676695577354653,
        "support": 729.0
    },
    "weighted avg": {
        "precision": 0.4969572052166948,
        "recall": 0.45267489711934156,
        "f1-score": 0.45676695577354653,
        "support": 729.0
    },
    "accuracy": 0.45267489711934156
}