{
    "1": {
        "precision": 1.0,
        "recall": 1.0,
        "f1-score": 1.0,
        "support": 81.0
    },
    "2": {
        "precision": 1.0,
        "recall": 1.0,
        "f1-score": 1.0,
        "support": 81.0
    },
    "3": {
        "precision": 0.9878048780487805,
        "recall": 1.0,
        "f1-score": 0.9938650306748467,
        "support": 81.0
    },
    "4": {
        "precision": 0.6956521739130435,
        "recall": 0.9876543209876543,
        "f1-score": 0.8163265306122449,
        "support": 81.0
    },
    "5": {
        "precision": 0.4742268041237113,
        "recall": 0.5679012345679012,
        "f1-score": 0.5168539325842697,
        "support": 81.0
    },
    "6": {
        "precision": 0.3191489361702128,
        "recall": 0.37037037037037035,
        "f1-score": 0.34285714285714286,
        "support": 81.0
    },
    "7": {
        "precision": 0.21686746987951808,
        "recall": 0.2222222222222222,
        "f1-score": 0.21951219512195122,
        "support": 81.0
    },
    "8": {
        "precision": 0.19540229885057472,
        "recall": 0.20987654320987653,
        "f1-score": 0.20238095238095238,
        "support": 81.0
    },
    "9": {
        "precision": 0.875,
        "recall": 0.08641975308641975,
        "f1-score": 0.15730337078651685,
        "support": 81.0
    },
    "micro avg": {
        "precision": 0.6057692307692307,
        "recall": 0.6049382716049383,
        "f1-score": 0.605353466026081,
        "support": 729.0
    },
    "macro avg": {
        "precision": 0.6404558401095378,
        "recall": 0.6049382716049383,
        "f1-score": 0.5832332394464361,
        "support": 729.0
    },
    "weighted avg": {
        "precision": 0.6404558401095378,
        "recall": 0.6049382716049383,
        "f1-score": 0.5832332394464361,
        "support": 729.0
    },
    "accuracy": 0.6049382716049383
}