{
    "10": {
        "precision": 0.5966386554621849,
        "recall": 0.8765432098765432,
        "f1-score": 0.71,
        "support": 81.0
    },
    "11": {
        "precision": 0.0,
        "recall": 0.0,
        "f1-score": 0.0,
        "support": 81.0
    },
    "12": {
        "precision": 0.358974358974359,
        "recall": 0.1728395061728395,
        "f1-score": 0.23333333333333334,
        "support": 81.0
    },
    "13": {
        "precision": 0.3435114503816794,
        "recall": 0.5555555555555556,
        "f1-score": 0.42452830188679247,
        "support": 81.0
    },
    "14": {
        "precision": 0.3333333333333333,
        "recall": 0.012345679012345678,
        "f1-score": 0.023809523809523808,
        "support": 81.0
    },
    "15": {
        "precision": 0.2037037037037037,
        "recall": 0.2716049382716049,
        "f1-score": 0.2328042328042328,
        "support": 81.0
    },
    "16": {
        "precision": 0.1875,
        "recall": 0.07407407407407407,
        "f1-score": 0.10619469026548672,
        "support": 81.0
    },
    "17": {
        "precision": 0.16666666666666666,
        "recall": 0.06172839506172839,
        "f1-score": 0.09009009009009009,
        "support": 81.0
    },
    "18": {
        "precision": 1.0,
        "recall": 0.012345679012345678,
        "f1-score": 0.024390243902439025,
        "support": 81.0
    },
    "micro avg": {
        "precision": 0.3563714902807775,
        "recall": 0.22633744855967078,
        "f1-score": 0.27684563758389263,
        "support": 729.0
    },
    "macro avg": {
        "precision": 0.35448090761354745,
        "recall": 0.2263374485596708,
        "f1-score": 0.2050167128990998,
        "support": 729.0
    },
    "weighted avg": {
        "precision": 0.35448090761354745,
        "recall": 0.22633744855967078,
        "f1-score": 0.20501671289909978,
        "support": 729.0
    },
    "accuracy": 0.22633744855967078
}