{
    "1": {
        "precision": 0.9927149964463398,
        "recall": 0.9996421542315262,
        "f1-score": 0.9961665329410716,
        "support": 5589.0
    },
    "2": {
        "precision": 0.8454017720745494,
        "recall": 0.9901592413669709,
        "f1-score": 0.9120725175113309,
        "support": 5589.0
    },
    "3": {
        "precision": 0.8161925601750547,
        "recall": 0.8008588298443371,
        "f1-score": 0.8084529937686263,
        "support": 5589.0
    },
    "4": {
        "precision": 0.7052083333333333,
        "recall": 0.726784755770263,
        "f1-score": 0.7158339941845097,
        "support": 5589.0
    },
    "5": {
        "precision": 0.4552799271734183,
        "recall": 0.7158704598318125,
        "f1-score": 0.5565834318703484,
        "support": 5589.0
    },
    "6": {
        "precision": 0.3231688630095005,
        "recall": 0.37734836285560924,
        "f1-score": 0.3481634337598019,
        "support": 5589.0
    },
    "7": {
        "precision": 0.352442996742671,
        "recall": 0.1935945607443192,
        "f1-score": 0.24991338491742696,
        "support": 5589.0
    },
    "8": {
        "precision": 0.45581171950048033,
        "recall": 0.1697978171408123,
        "f1-score": 0.2474253682701082,
        "support": 5589.0
    },
    "9": {
        "precision": 0.0,
        "recall": 0.0,
        "f1-score": 0.0,
        "support": 5589.0
    },
    "micro avg": {
        "precision": 0.6334738521134784,
        "recall": 0.5526729090872945,
        "f1-score": 0.5903212791710021,
        "support": 50301.0
    },
    "macro avg": {
        "precision": 0.5495801298283719,
        "recall": 0.5526729090872945,
        "f1-score": 0.5371790730248027,
        "support": 50301.0
    },
    "weighted avg": {
        "precision": 0.549580129828372,
        "recall": 0.5526729090872945,
        "f1-score": 0.5371790730248026,
        "support": 50301.0
    },
    "accuracy": 0.5526729090872945
}