{
    "1": {
        "precision": 1.0,
        "recall": 1.0,
        "f1-score": 1.0,
        "support": 81.0
    },
    "2": {
        "precision": 1.0,
        "recall": 1.0,
        "f1-score": 1.0,
        "support": 81.0
    },
    "3": {
        "precision": 0.9418604651162791,
        "recall": 1.0,
        "f1-score": 0.9700598802395209,
        "support": 81.0
    },
    "4": {
        "precision": 0.8636363636363636,
        "recall": 0.9382716049382716,
        "f1-score": 0.8994082840236687,
        "support": 81.0
    },
    "5": {
        "precision": 0.75,
        "recall": 0.8518518518518519,
        "f1-score": 0.7976878612716763,
        "support": 81.0
    },
    "6": {
        "precision": 0.7647058823529411,
        "recall": 0.6419753086419753,
        "f1-score": 0.697986577181208,
        "support": 81.0
    },
    "7": {
        "precision": 0.6444444444444445,
        "recall": 0.7160493827160493,
        "f1-score": 0.6783625730994152,
        "support": 81.0
    },
    "8": {
        "precision": 0.6790123456790124,
        "recall": 0.6790123456790124,
        "f1-score": 0.6790123456790124,
        "support": 81.0
    },
    "9": {
        "precision": 0.875,
        "recall": 0.1728395061728395,
        "f1-score": 0.28865979381443296,
        "support": 81.0
    },
    "micro avg": {
        "precision": 0.8301610541727672,
        "recall": 0.7777777777777778,
        "f1-score": 0.8031161473087819,
        "support": 729.0
    },
    "macro avg": {
        "precision": 0.8354066112476711,
        "recall": 0.7777777777777777,
        "f1-score": 0.7790197017009928,
        "support": 729.0
    },
    "weighted avg": {
        "precision": 0.8354066112476711,
        "recall": 0.7777777777777778,
        "f1-score": 0.7790197017009928,
        "support": 729.0
    },
    "accuracy": 0.7777777777777778
}