{
    "1": {
        "precision": 1.0,
        "recall": 1.0,
        "f1-score": 1.0,
        "support": 81.0
    },
    "2": {
        "precision": 1.0,
        "recall": 1.0,
        "f1-score": 1.0,
        "support": 81.0
    },
    "3": {
        "precision": 1.0,
        "recall": 1.0,
        "f1-score": 1.0,
        "support": 81.0
    },
    "4": {
        "precision": 0.9759036144578314,
        "recall": 1.0,
        "f1-score": 0.9878048780487805,
        "support": 81.0
    },
    "5": {
        "precision": 0.9518072289156626,
        "recall": 0.9753086419753086,
        "f1-score": 0.9634146341463414,
        "support": 81.0
    },
    "6": {
        "precision": 0.8651685393258427,
        "recall": 0.9506172839506173,
        "f1-score": 0.9058823529411765,
        "support": 81.0
    },
    "7": {
        "precision": 0.8395061728395061,
        "recall": 0.8395061728395061,
        "f1-score": 0.8395061728395061,
        "support": 81.0
    },
    "8": {
        "precision": 0.8607594936708861,
        "recall": 0.8395061728395061,
        "f1-score": 0.85,
        "support": 81.0
    },
    "9": {
        "precision": 1.0,
        "recall": 0.8641975308641975,
        "f1-score": 0.9271523178807947,
        "support": 81.0
    },
    "micro avg": {
        "precision": 0.9423076923076923,
        "recall": 0.9410150891632373,
        "f1-score": 0.9416609471516816,
        "support": 729.0
    },
    "macro avg": {
        "precision": 0.9436827832455256,
        "recall": 0.9410150891632374,
        "f1-score": 0.9415289284285111,
        "support": 729.0
    },
    "weighted avg": {
        "precision": 0.9436827832455255,
        "recall": 0.9410150891632373,
        "f1-score": 0.941528928428511,
        "support": 729.0
    },
    "accuracy": 0.9410150891632373
}