{
    "1": {
        "precision": 0.9865819209039548,
        "recall": 0.9998210771157631,
        "f1-score": 0.9931573802541545,
        "support": 5589.0
    },
    "2": {
        "precision": 0.8604433343740243,
        "recall": 0.9862229379137591,
        "f1-score": 0.9190496040016674,
        "support": 5589.0
    },
    "3": {
        "precision": 0.8361167186639751,
        "recall": 0.8151726605832886,
        "f1-score": 0.8255118680920457,
        "support": 5589.0
    },
    "4": {
        "precision": 0.7422589725545391,
        "recall": 0.7548756485954553,
        "f1-score": 0.7485141488512375,
        "support": 5589.0
    },
    "5": {
        "precision": 0.5206101096684734,
        "recall": 0.7389515118983718,
        "f1-score": 0.6108563821919835,
        "support": 5589.0
    },
    "6": {
        "precision": 0.3916105806855533,
        "recall": 0.4476650563607085,
        "f1-score": 0.4177659041576223,
        "support": 5589.0
    },
    "7": {
        "precision": 0.38639876352395675,
        "recall": 0.2683843263553409,
        "f1-score": 0.31675641431738993,
        "support": 5589.0
    },
    "8": {
        "precision": 0.48119723714504986,
        "recall": 0.22436929683306495,
        "f1-score": 0.30604026845637583,
        "support": 5589.0
    },
    "9": {
        "precision": 0.0,
        "recall": 0.0,
        "f1-score": 0.0,
        "support": 5589.0
    },
    "micro avg": {
        "precision": 0.6648111964374972,
        "recall": 0.5817180572950836,
        "f1-score": 0.6204951492339501,
        "support": 50301.0
    },
    "macro avg": {
        "precision": 0.5783575152799474,
        "recall": 0.5817180572950835,
        "f1-score": 0.5708502189247197,
        "support": 50301.0
    },
    "weighted avg": {
        "precision": 0.5783575152799474,
        "recall": 0.5817180572950836,
        "f1-score": 0.5708502189247197,
        "support": 50301.0
    },
    "accuracy": 0.5817180572950836
}