{
    "1": {
        "precision": 1.0,
        "recall": 0.9506172839506173,
        "f1-score": 0.9746835443037974,
        "support": 81.0
    },
    "2": {
        "precision": 0.9518072289156626,
        "recall": 0.9753086419753086,
        "f1-score": 0.9634146341463414,
        "support": 81.0
    },
    "3": {
        "precision": 1.0,
        "recall": 0.9629629629629629,
        "f1-score": 0.9811320754716981,
        "support": 81.0
    },
    "4": {
        "precision": 0.9375,
        "recall": 0.9259259259259259,
        "f1-score": 0.9316770186335404,
        "support": 81.0
    },
    "5": {
        "precision": 0.9302325581395349,
        "recall": 0.9876543209876543,
        "f1-score": 0.9580838323353293,
        "support": 81.0
    },
    "6": {
        "precision": 0.9090909090909091,
        "recall": 0.9876543209876543,
        "f1-score": 0.9467455621301775,
        "support": 81.0
    },
    "7": {
        "precision": 0.9722222222222222,
        "recall": 0.8641975308641975,
        "f1-score": 0.9150326797385621,
        "support": 81.0
    },
    "8": {
        "precision": 0.8333333333333334,
        "recall": 0.9259259259259259,
        "f1-score": 0.8771929824561403,
        "support": 81.0
    },
    "9": {
        "precision": 0.9444444444444444,
        "recall": 0.8395061728395061,
        "f1-score": 0.8888888888888888,
        "support": 81.0
    },
    "micro avg": {
        "precision": 0.9393939393939394,
        "recall": 0.9355281207133059,
        "f1-score": 0.9374570446735395,
        "support": 729.0
    },
    "macro avg": {
        "precision": 0.9420700773495674,
        "recall": 0.9355281207133059,
        "f1-score": 0.9374279131227196,
        "support": 729.0
    },
    "weighted avg": {
        "precision": 0.9420700773495675,
        "recall": 0.9355281207133059,
        "f1-score": 0.9374279131227194,
        "support": 729.0
    },
    "accuracy": 0.9355281207133059
}