{
    "1": {
        "precision": 0.9878048780487805,
        "recall": 1.0,
        "f1-score": 0.9938650306748467,
        "support": 81.0
    },
    "2": {
        "precision": 1.0,
        "recall": 0.9753086419753086,
        "f1-score": 0.9875,
        "support": 81.0
    },
    "3": {
        "precision": 0.7676767676767676,
        "recall": 0.9382716049382716,
        "f1-score": 0.8444444444444444,
        "support": 81.0
    },
    "4": {
        "precision": 0.47058823529411764,
        "recall": 0.5925925925925926,
        "f1-score": 0.5245901639344263,
        "support": 81.0
    },
    "5": {
        "precision": 0.2764227642276423,
        "recall": 0.41975308641975306,
        "f1-score": 0.3333333333333333,
        "support": 81.0
    },
    "6": {
        "precision": 0.17857142857142858,
        "recall": 0.06172839506172839,
        "f1-score": 0.09174311926605505,
        "support": 81.0
    },
    "7": {
        "precision": 0.46153846153846156,
        "recall": 0.07407407407407407,
        "f1-score": 0.1276595744680851,
        "support": 81.0
    },
    "8": {
        "precision": 0.2727272727272727,
        "recall": 0.14814814814814814,
        "f1-score": 0.192,
        "support": 81.0
    },
    "9": {
        "precision": 0.2857142857142857,
        "recall": 0.07407407407407407,
        "f1-score": 0.11764705882352941,
        "support": 81.0
    },
    "micro avg": {
        "precision": 0.5871404399323181,
        "recall": 0.47599451303155005,
        "f1-score": 0.5257575757575758,
        "support": 729.0
    },
    "macro avg": {
        "precision": 0.5223382326443063,
        "recall": 0.4759945130315501,
        "f1-score": 0.46808696943830225,
        "support": 729.0
    },
    "weighted avg": {
        "precision": 0.5223382326443063,
        "recall": 0.47599451303155005,
        "f1-score": 0.4680869694383022,
        "support": 729.0
    },
    "accuracy": 0.47599451303155005
}