{
    "10": {
        "precision": 0.39267015706806285,
        "recall": 0.9259259259259259,
        "f1-score": 0.5514705882352942,
        "support": 81.0
    },
    "11": {
        "precision": 0.1201923076923077,
        "recall": 0.30864197530864196,
        "f1-score": 0.17301038062283736,
        "support": 81.0
    },
    "12": {
        "precision": 0.18840579710144928,
        "recall": 0.16049382716049382,
        "f1-score": 0.17333333333333334,
        "support": 81.0
    },
    "13": {
        "precision": 0.10655737704918032,
        "recall": 0.16049382716049382,
        "f1-score": 0.12807881773399016,
        "support": 81.0
    },
    "14": {
        "precision": 0.0,
        "recall": 0.0,
        "f1-score": 0.0,
        "support": 81.0
    },
    "15": {
        "precision": 0.10526315789473684,
        "recall": 0.024691358024691357,
        "f1-score": 0.04,
        "support": 81.0
    },
    "16": {
        "precision": 0.06,
        "recall": 0.037037037037037035,
        "f1-score": 0.04580152671755725,
        "support": 81.0
    },
    "17": {
        "precision": 0.14285714285714285,
        "recall": 0.012345679012345678,
        "f1-score": 0.022727272727272728,
        "support": 81.0
    },
    "18": {
        "precision": 0.8333333333333334,
        "recall": 0.06172839506172839,
        "f1-score": 0.11494252873563218,
        "support": 81.0
    },
    "micro avg": {
        "precision": 0.1900138696255201,
        "recall": 0.18792866941015088,
        "f1-score": 0.1889655172413793,
        "support": 729.0
    },
    "macro avg": {
        "precision": 0.21658658588846816,
        "recall": 0.18792866941015085,
        "f1-score": 0.1388182720117686,
        "support": 729.0
    },
    "weighted avg": {
        "precision": 0.21658658588846813,
        "recall": 0.18792866941015088,
        "f1-score": 0.13881827201176858,
        "support": 729.0
    },
    "accuracy": 0.18792866941015088
}