{
    "1": {
        "precision": 1.0,
        "recall": 0.8024691358024691,
        "f1-score": 0.8904109589041096,
        "support": 81.0
    },
    "2": {
        "precision": 0.8181818181818182,
        "recall": 0.8888888888888888,
        "f1-score": 0.8520710059171598,
        "support": 81.0
    },
    "3": {
        "precision": 0.9583333333333334,
        "recall": 0.8518518518518519,
        "f1-score": 0.9019607843137255,
        "support": 81.0
    },
    "4": {
        "precision": 0.8313253012048193,
        "recall": 0.8518518518518519,
        "f1-score": 0.8414634146341463,
        "support": 81.0
    },
    "5": {
        "precision": 0.8481012658227848,
        "recall": 0.8271604938271605,
        "f1-score": 0.8375,
        "support": 81.0
    },
    "6": {
        "precision": 0.8536585365853658,
        "recall": 0.8641975308641975,
        "f1-score": 0.8588957055214724,
        "support": 81.0
    },
    "7": {
        "precision": 0.8208955223880597,
        "recall": 0.6790123456790124,
        "f1-score": 0.7432432432432432,
        "support": 81.0
    },
    "8": {
        "precision": 0.68,
        "recall": 0.6296296296296297,
        "f1-score": 0.6538461538461539,
        "support": 81.0
    },
    "9": {
        "precision": 0.5970149253731343,
        "recall": 0.49382716049382713,
        "f1-score": 0.5405405405405406,
        "support": 81.0
    },
    "micro avg": {
        "precision": 0.8230088495575221,
        "recall": 0.7654320987654321,
        "f1-score": 0.7931769722814499,
        "support": 729.0
    },
    "macro avg": {
        "precision": 0.8230567447654795,
        "recall": 0.7654320987654322,
        "f1-score": 0.7911035341022834,
        "support": 729.0
    },
    "weighted avg": {
        "precision": 0.8230567447654795,
        "recall": 0.7654320987654321,
        "f1-score": 0.7911035341022836,
        "support": 729.0
    },
    "accuracy": 0.7654320987654321
}