{
    "1": {
        "precision": 1.0,
        "recall": 0.9629629629629629,
        "f1-score": 0.9811320754716981,
        "support": 81.0
    },
    "2": {
        "precision": 0.9629629629629629,
        "recall": 0.9629629629629629,
        "f1-score": 0.9629629629629629,
        "support": 81.0
    },
    "3": {
        "precision": 0.9871794871794872,
        "recall": 0.9506172839506173,
        "f1-score": 0.9685534591194969,
        "support": 81.0
    },
    "4": {
        "precision": 0.8823529411764706,
        "recall": 0.5555555555555556,
        "f1-score": 0.6818181818181818,
        "support": 81.0
    },
    "5": {
        "precision": 0.6842105263157895,
        "recall": 0.9629629629629629,
        "f1-score": 0.8,
        "support": 81.0
    },
    "6": {
        "precision": 0.9058823529411765,
        "recall": 0.9506172839506173,
        "f1-score": 0.927710843373494,
        "support": 81.0
    },
    "7": {
        "precision": 0.9375,
        "recall": 0.5555555555555556,
        "f1-score": 0.6976744186046512,
        "support": 81.0
    },
    "8": {
        "precision": 0.6470588235294118,
        "recall": 0.8148148148148148,
        "f1-score": 0.7213114754098361,
        "support": 81.0
    },
    "9": {
        "precision": 0.8275862068965517,
        "recall": 0.8888888888888888,
        "f1-score": 0.8571428571428571,
        "support": 81.0
    },
    "micro avg": {
        "precision": 0.850828729281768,
        "recall": 0.8449931412894376,
        "f1-score": 0.8479008947006194,
        "support": 729.0
    },
    "macro avg": {
        "precision": 0.8705259223335388,
        "recall": 0.8449931412894376,
        "f1-score": 0.8442562526559086,
        "support": 729.0
    },
    "weighted avg": {
        "precision": 0.8705259223335389,
        "recall": 0.8449931412894376,
        "f1-score": 0.8442562526559086,
        "support": 729.0
    },
    "accuracy": 0.8449931412894376
}