{
    "1": {
        "precision": 1.0,
        "recall": 0.9382716049382716,
        "f1-score": 0.9681528662420382,
        "support": 81.0
    },
    "2": {
        "precision": 0.9390243902439024,
        "recall": 0.9506172839506173,
        "f1-score": 0.9447852760736196,
        "support": 81.0
    },
    "3": {
        "precision": 0.9861111111111112,
        "recall": 0.8765432098765432,
        "f1-score": 0.9281045751633987,
        "support": 81.0
    },
    "4": {
        "precision": 0.8571428571428571,
        "recall": 0.8148148148148148,
        "f1-score": 0.8354430379746836,
        "support": 81.0
    },
    "5": {
        "precision": 0.8181818181818182,
        "recall": 0.8888888888888888,
        "f1-score": 0.8520710059171598,
        "support": 81.0
    },
    "6": {
        "precision": 0.855072463768116,
        "recall": 0.7283950617283951,
        "f1-score": 0.7866666666666666,
        "support": 81.0
    },
    "7": {
        "precision": 0.704225352112676,
        "recall": 0.6172839506172839,
        "f1-score": 0.6578947368421053,
        "support": 81.0
    },
    "8": {
        "precision": 0.6865671641791045,
        "recall": 0.5679012345679012,
        "f1-score": 0.6216216216216216,
        "support": 81.0
    },
    "9": {
        "precision": 0.5084745762711864,
        "recall": 0.37037037037037035,
        "f1-score": 0.42857142857142855,
        "support": 81.0
    },
    "micro avg": {
        "precision": 0.8275340393343419,
        "recall": 0.7503429355281207,
        "f1-score": 0.7870503597122303,
        "support": 729.0
    },
    "macro avg": {
        "precision": 0.8171999703345302,
        "recall": 0.7503429355281207,
        "f1-score": 0.780367912785858,
        "support": 729.0
    },
    "weighted avg": {
        "precision": 0.8171999703345302,
        "recall": 0.7503429355281207,
        "f1-score": 0.7803679127858579,
        "support": 729.0
    },
    "accuracy": 0.7503429355281207
}